epoch,energy,energy_std,grad_amp_before,grad_phi_before,grad_amp_after,grad_phi_after,learning_rate
0,1.2463574,4.2748036,12.834562,12.503585,2.906534,3.799153,0.04
1,1.1268814,4.0623846,12.810111,11.445256,2.651495,3.5915642,0.04
2,0.83962685,4.216771,13.557204,14.86023,2.757336,3.7285223,0.04
3,0.4903648,4.1634283,14.341016,12.05232,2.6830091,3.7026312,0.04
4,0.07465686,4.1388965,13.516211,11.9322405,2.7024205,3.544711,0.04
5,-0.010152344,4.0242705,14.419308,11.610232,2.490061,3.5095665,0.04
6,-0.2525703,4.0248823,15.993399,12.498029,2.555109,3.4491384,0.04
7,-0.38564757,3.9963322,14.251372,14.576499,2.6575913,3.567581,0.04
8,-0.72063136,4.0005007,13.592964,9.282676,2.6092842,3.5299485,0.04
9,-0.85819036,3.8507833,13.914867,10.501107,2.365218,3.3184044,0.04
10,-1.1372168,3.8915527,12.727769,12.072628,2.638453,3.5133758,0.04
11,-1.2226121,3.9674225,14.478416,15.369313,2.524372,3.3764997,0.04
12,-1.5545912,3.9749556,18.822071,15.744473,2.528144,3.3277636,0.04
13,-1.6747706,3.828652,13.710526,9.694518,2.4853792,3.3404825,0.04
14,-1.8862163,3.9916904,14.793149,12.056723,2.6052003,3.3642535,0.04
15,-2.1304135,4.0259247,15.401271,11.468483,2.5934005,3.5205753,0.04
16,-2.3538814,3.9283798,14.562477,9.5866375,2.519905,3.4608626,0.04
17,-2.4243286,3.9492712,14.707924,10.606811,2.590302,3.4427066,0.04
18,-2.7099364,4.1061144,15.603506,11.767604,2.5324137,3.458724,0.04
19,-2.8172417,4.12296,18.000504,13.645705,2.5596955,3.4248414,0.04
20,-2.934288,3.9599857,13.804167,9.699512,2.5352156,3.4882064,0.04
21,-3.0841913,3.9127362,14.221082,11.667593,2.5599556,3.269916,0.04
22,-3.3464847,4.0555096,16.5722,12.199618,2.497978,3.389418,0.04
23,-3.46743,4.107175,15.3857,10.022942,2.7325413,3.6146042,0.04
24,-3.6555922,4.0733066,17.161032,10.904072,2.46841,3.3441727,0.04
25,-3.7976594,4.099375,16.17076,12.885244,2.508279,3.498785,0.04
26,-3.909402,4.0333486,15.674424,11.448762,2.5697165,3.50569,0.04
27,-4.148403,4.097293,16.61356,10.064998,2.6447034,3.539338,0.04
28,-4.381114,4.1893682,16.52327,11.371258,2.7099283,3.6859517,0.04
29,-4.491431,4.003448,16.205091,8.739743,2.5475416,3.499245,0.04
30,-4.738755,4.1662483,17.026339,11.243036,2.6033034,3.5376387,0.04
31,-4.8532257,4.457449,22.48925,17.634304,2.7924592,3.6902523,0.04
32,-5.022909,4.176232,18.100767,10.91245,2.770488,3.704194,0.04
33,-5.227665,4.398885,17.953926,11.701708,2.9055696,3.6936293,0.04
34,-5.4420786,4.3760877,20.825634,34.52213,2.7053378,3.7571518,0.04
35,-5.7254157,4.4217935,18.816843,13.803577,2.8820162,3.6924005,0.04
36,-5.813583,4.2644367,17.040174,11.176802,2.72253,3.7501712,0.04
37,-6.0751095,4.365364,17.942434,11.52616,2.8110368,3.682131,0.04
38,-6.028143,4.375871,18.13158,11.804014,2.8851018,3.8952515,0.04
39,-6.30537,4.5833645,21.055016,19.503317,2.8564768,3.6967323,0.04
40,-6.637418,4.4964356,19.445913,14.7063265,2.8713288,3.7055926,0.04
41,-6.775858,4.390723,16.940557,12.312841,2.7793727,3.8090966,0.04
42,-7.1330223,4.262688,18.499847,12.181061,2.7420356,3.6634479,0.04
43,-7.2065,4.4013066,18.296547,12.002256,2.8719475,3.7972918,0.04
44,-7.3939977,4.4697537,18.099958,13.057988,2.9018154,3.7608547,0.04
45,-7.5354667,4.5746927,21.295837,21.600904,2.8436916,3.9265256,0.04
46,-7.7001967,4.4923525,18.793747,13.210121,2.8735404,3.855974,0.04
47,-8.02645,4.4958878,17.585493,14.241774,2.9984136,3.9303358,0.04
48,-8.137478,4.484182,20.025091,16.175346,2.8724964,3.780038,0.04
49,-8.351137,4.534758,17.30626,13.607895,3.0497577,4.0759134,0.04
50,-8.548998,4.6350064,18.936295,12.27812,3.2004533,4.056071,0.04
51,-9.005455,4.680498,18.536043,13.906692,3.161693,4.0831223,0.04
52,-8.9586935,4.6354566,18.005987,12.361667,3.1179612,4.0349655,0.04
53,-9.318885,4.76205,19.51861,14.048495,3.2371793,4.085905,0.04
54,-9.4782095,4.624051,18.497833,12.263091,3.0697174,3.942465,0.04
55,-9.5306015,4.9079585,19.566376,13.89494,3.3507602,4.3043184,0.04
56,-9.877629,4.971338,19.594715,16.711285,3.499695,4.2659564,0.04
57,-10.199012,4.939743,20.204054,15.229104,3.4019032,4.3968115,0.04
58,-10.291701,4.7764664,20.301748,13.715854,3.3437214,4.256042,0.04
59,-10.591375,4.715326,18.1454,12.501159,3.2620254,4.1831064,0.04
60,-10.812638,4.9327035,20.028065,13.012301,3.4606776,4.3396807,0.04
61,-10.984408,4.990055,19.044352,15.786974,3.4598072,4.394612,0.04
62,-11.247053,5.253584,24.464985,20.526432,3.4378676,4.4816628,0.04
63,-11.413892,4.8933764,17.183138,13.317257,3.4668016,4.3351173,0.04
64,-11.736833,5.0291295,19.734406,14.198835,3.4840932,4.440713,0.04
65,-12.041267,5.1502304,18.708252,13.953452,3.5967793,4.635295,0.04
66,-12.362697,5.3836684,19.887192,19.485098,3.6932375,4.569488,0.04
67,-12.875561,5.720666,29.826344,25.929827,3.855914,4.7761173,0.04
68,-13.001824,6.097091,25.616539,29.610018,4.071111,4.924034,0.04
69,-13.57103,5.706195,19.686184,20.451994,4.165533,4.9548516,0.04
70,-13.99199,5.7488647,21.874434,23.661442,3.8513477,4.7388563,0.04
71,-14.521666,6.7946463,31.44831,42.662098,4.3211637,5.3357925,0.04
72,-14.98065,6.345124,19.218681,21.696129,4.7104254,5.582331,0.04
73,-15.744086,6.3509827,20.02695,25.16524,4.740484,5.5695696,0.04
74,-16.671522,6.642376,22.298288,28.746622,4.9066634,5.7693677,0.04
75,-17.358536,6.670189,23.089548,25.941988,4.8019834,5.53823,0.04
76,-18.19461,6.08925,17.534517,21.502546,4.617491,5.379425,0.04
77,-19.020247,5.7148805,16.845089,15.83454,4.3973393,5.108578,0.04
78,-19.407227,5.9586353,17.825022,15.148753,4.674811,5.4436083,0.04
79,-19.907074,5.5905166,18.409882,14.807694,4.351201,4.926753,0.04
80,-20.12137,5.178034,15.757396,10.710107,3.7513568,4.501768,0.04
81,-20.567427,4.9331594,14.633899,8.568312,3.6174152,4.3528647,0.04
82,-20.80988,4.961346,14.946859,7.10861,3.724653,4.1282263,0.04
83,-21.032986,4.898428,15.872169,8.626296,3.600805,4.1354704,0.04
84,-21.066593,4.5805264,13.85123,6.936891,3.193488,3.8513284,0.04
85,-21.29693,4.4413123,14.831649,8.45988,2.9775252,3.5437126,0.04
86,-21.455044,4.4181566,14.692232,6.52998,2.9780447,3.7090497,0.04
87,-21.482813,4.1418877,14.676685,6.3918085,2.5774636,3.244738,0.04
88,-21.733738,3.9685502,12.696041,5.1564407,2.4577625,2.9196177,0.04
89,-21.772196,4.0296216,13.649098,5.86827,2.5021257,3.0627935,0.04
90,-21.81004,3.8446271,14.666367,5.482568,2.36235,2.8419752,0.04
91,-21.968184,3.738814,13.015107,5.637809,2.1632335,2.5901868,0.04
92,-22.115137,3.6137207,13.838438,4.5153236,2.0560398,2.5011115,0.04
93,-22.159386,3.5788407,13.243435,4.216509,1.9954418,2.4546993,0.04
94,-22.31709,3.4264574,13.827779,3.8604085,1.868977,2.254492,0.04
95,-22.315664,3.4379997,12.160124,4.247371,1.8996707,2.2777975,0.04
96,-22.37751,3.4780455,12.685003,5.241641,1.9527779,2.234622,0.04
97,-22.456604,3.216331,11.878826,4.5638795,1.7129983,2.0708342,0.04
98,-22.526272,3.1364014,10.996404,3.5001416,1.6260546,1.978231,0.04
99,-22.661648,3.1640315,11.664829,3.8737829,1.6626455,1.9947007,0.04
100,-22.672913,3.100185,12.697573,3.7360995,1.5397342,1.8287199,0.04
101,-22.671658,2.940835,11.638819,3.9030921,1.5004247,1.6773342,0.04
102,-22.717955,2.997842,11.277448,3.3115144,1.435004,1.7337065,0.04
103,-22.780891,2.9022853,11.651741,3.5571342,1.3939768,1.7334268,0.04
104,-22.887367,2.9986787,12.299895,3.8520558,1.4499804,1.8125739,0.04
105,-22.87431,2.8602538,10.906801,2.967262,1.447214,1.6260229,0.04
106,-22.980223,2.9065654,10.369698,2.6168268,1.2477419,1.5224782,0.04
107,-23.000134,2.7482114,10.825505,3.0992484,1.2865195,1.52713,0.04
108,-23.147358,2.6577833,10.419289,2.9960792,1.2888567,1.4425368,0.04
109,-23.06852,2.6892495,10.993954,2.7620838,1.2794042,1.5361606,0.04
110,-23.055895,2.5387027,9.644206,3.082705,1.1999022,1.4406657,0.04
111,-23.125309,2.6530762,11.5598755,2.8401532,1.2109418,1.4402711,0.04
112,-23.155128,2.5290756,9.696165,1.8421896,1.2577577,1.3820798,0.04
113,-23.177904,2.477589,10.487634,2.6670473,1.1131527,1.3002505,0.04
114,-23.274473,2.410462,11.377593,3.1696103,1.0831463,1.2378907,0.04
115,-23.291227,2.5540566,10.412634,2.9008417,1.2122455,1.3615011,0.04
116,-23.284054,2.342161,9.340666,2.067791,1.0475551,1.1999325,0.04
117,-23.354918,2.3238137,9.657028,2.043657,0.98600394,1.1492655,0.04
118,-23.359016,2.2758205,8.700939,2.2048721,0.9481269,1.1282581,0.04
119,-23.51277,2.3366966,9.215601,2.2182205,1.0237012,1.1610863,0.04
120,-23.396614,2.1786702,8.555597,1.539653,0.94797474,1.0896848,0.04
121,-23.466192,2.2512238,9.678824,2.472296,0.9668463,1.0413421,0.04
122,-23.403164,2.1384292,7.8718824,1.6151816,0.897857,1.0028883,0.04
123,-23.457262,2.1447685,9.858561,2.3455212,0.89628875,0.9668093,0.04
124,-23.456081,2.193175,9.39758,2.2148008,0.959328,0.9948064,0.04
125,-23.498034,2.1850793,8.152721,2.1492708,0.9160128,0.9604124,0.04
126,-23.525171,2.1024349,8.689161,2.137066,0.8734836,0.9090058,0.04
127,-23.530134,2.085583,7.9620447,1.7116145,0.8505515,0.8910022,0.04
128,-23.610645,2.1760817,8.262856,2.128497,0.9719348,1.0622015,0.04
129,-23.542074,2.015641,8.704551,1.783718,0.84262574,0.86892736,0.04
130,-23.55779,1.9925919,8.578982,1.5459929,0.8007041,0.85744596,0.04
131,-23.615715,2.004203,7.9022098,1.3859814,0.89766824,0.88926977,0.04
132,-23.593437,2.0197294,9.159766,1.8977169,0.8343679,0.76157504,0.04
133,-23.632135,2.0148141,7.960562,1.6352196,0.881065,0.8195242,0.04
134,-23.652157,1.9161342,8.199529,1.4183981,0.7766383,0.76133496,0.04
135,-23.634315,1.8996537,6.702751,1.1040926,0.8236835,0.75658816,0.04
136,-23.623919,1.91522,7.955693,1.473394,0.82231957,0.74417925,0.04
137,-23.651072,1.8897264,6.518555,1.5174316,0.7881423,0.7254441,0.04
138,-23.676714,1.932317,7.709888,1.4125077,0.8105984,0.7370791,0.04
139,-23.622942,1.8263735,5.59239,1.377717,0.7818298,0.7148398,0.04
140,-23.705427,1.830586,6.1115775,1.3340541,0.744095,0.6707779,0.04
141,-23.790579,1.8711486,9.6791725,1.5099565,0.7316656,0.6540524,0.04
142,-23.750765,1.9083465,8.433708,1.26583,0.82407904,0.71594673,0.04
143,-23.765804,1.8387715,8.795619,0.972976,0.7221382,0.674211,0.04
144,-23.79467,1.8050876,7.325791,1.0797665,0.7582514,0.5840359,0.04
145,-23.847454,1.8124602,6.7697053,1.166552,0.75631565,0.60684055,0.04
146,-23.73908,1.7513269,8.619285,1.0169914,0.7125577,0.5829043,0.04
147,-23.801882,1.7795576,7.4064245,1.4378315,0.7743901,0.60988575,0.04
148,-23.785364,1.7308836,5.837378,0.97043735,0.69393265,0.53156763,0.04
149,-23.775082,1.7948477,8.013275,1.0336407,0.7582668,0.61332804,0.04
150,-23.877327,1.7499901,6.746466,1.0727341,0.7215345,0.60265815,0.04
151,-23.80021,1.775509,7.932461,0.7310651,0.7297605,0.5360112,0.04
152,-23.841614,1.750937,7.260061,1.0798467,0.73458564,0.56496143,0.04
153,-23.820726,1.6793405,6.9270496,1.0310789,0.6805495,0.5341185,0.04
154,-23.960176,1.765495,7.2211666,1.1029968,0.7607535,0.5712875,0.04
155,-23.868149,1.7154778,7.327225,1.0792897,0.7263786,0.49467248,0.04
156,-23.88159,1.7298481,7.2053347,1.0867969,0.69693166,0.5051713,0.04
157,-23.88721,1.6739671,6.6806116,1.0020776,0.6594669,0.49521863,0.04
158,-23.934208,1.729776,6.876163,0.8979658,0.7211911,0.5154237,0.04
159,-23.91283,1.6838645,6.955098,0.7080984,0.68232787,0.5025279,0.04
160,-23.883894,1.6573393,7.086513,0.7252199,0.6976863,0.4833969,0.04
161,-23.981077,1.6797739,7.4754305,0.784407,0.6789672,0.46103722,0.04
162,-23.898851,1.6599866,8.330402,1.0459375,0.6939683,0.45926896,0.04
163,-23.900114,1.6403116,5.418044,0.72462153,0.6517373,0.4171045,0.04
164,-23.896725,1.7150004,7.6565647,0.8542119,0.71259725,0.47212833,0.04
165,-23.958288,1.6558709,7.386621,0.966527,0.68360037,0.47269517,0.04
166,-23.880829,1.6923624,7.746456,0.86347914,0.6804348,0.44991308,0.04
167,-23.938496,1.5829146,6.582139,0.7275494,0.6442595,0.42097324,0.04
168,-23.971348,1.6602457,7.929003,1.2003856,0.6685186,0.40432802,0.04
169,-23.941347,1.6159581,4.9411125,0.8612297,0.697188,0.41661322,0.04
170,-23.944622,1.5606216,6.5003366,0.5856037,0.64568895,0.39901558,0.04
171,-23.911335,1.618643,8.06417,0.73818326,0.6656122,0.38466522,0.04
172,-23.953125,1.6318351,7.56881,0.5446159,0.653361,0.3775591,0.04
173,-23.944227,1.6335962,6.2859592,0.6706235,0.6569168,0.4006521,0.04
174,-24.007803,1.5629805,6.3150268,0.6939273,0.6369131,0.40082225,0.04
175,-23.97418,1.5696778,7.504964,0.8865796,0.6325833,0.38513148,0.04
176,-23.963852,1.6148429,6.6522064,0.5864943,0.67970216,0.40158156,0.04
177,-24.075077,1.615592,6.4935856,0.6051213,0.6726956,0.39375445,0.04
178,-23.923008,1.599325,8.481156,0.6084806,0.64202917,0.31143612,0.04
179,-24.00037,1.5872561,7.9295177,0.6566088,0.66029674,0.3304933,0.04
180,-24.04898,1.6367496,6.444501,0.6838874,0.66838044,0.3423257,0.04
181,-24.0147,1.5702275,5.1917915,0.36675984,0.6358494,0.34545234,0.04
182,-24.032269,1.5475833,8.142706,0.52328753,0.6256786,0.3719933,0.04
183,-24.061386,1.5838375,6.7581944,0.8298675,0.65432537,0.32867447,0.04
184,-23.98589,1.5565645,6.407499,0.6374215,0.64924073,0.3281045,0.04
185,-23.991297,1.581315,7.4024982,0.46069556,0.6391493,0.29414538,0.04
186,-23.991566,1.5436604,6.3081694,0.70886153,0.6310792,0.34647006,0.04
187,-24.04132,1.5649813,6.9211736,0.55915135,0.67088276,0.37084064,0.04
188,-24.049603,1.5319027,5.839893,0.42780334,0.6292639,0.34019002,0.04
189,-24.073994,1.5460052,7.1966124,0.56672496,0.64811164,0.28756583,0.04
190,-23.992142,1.5908813,6.7092137,0.39478773,0.64567447,0.2808623,0.04
191,-24.022448,1.5798914,6.8721566,0.49014017,0.65268147,0.29802758,0.04
192,-24.003231,1.4889008,5.1936884,0.41590104,0.6067143,0.280164,0.04
193,-24.038149,1.5572913,8.83996,0.48415145,0.6396921,0.27453226,0.04
194,-24.037922,1.5435354,7.945089,0.68962413,0.62606514,0.28162476,0.04
195,-24.024899,1.4665008,6.2306404,0.51830465,0.6000707,0.26427832,0.04
196,-24.068476,1.5293509,7.2958837,0.4116026,0.6161187,0.2514816,0.04
197,-24.029749,1.5308731,5.6336846,0.34873828,0.6210286,0.24734028,0.04
198,-24.079823,1.5447216,7.2851763,0.36131692,0.6391017,0.24895462,0.04
199,-24.009144,1.5080905,6.8516693,0.38575655,0.6095005,0.2505852,0.04
200,-24.044998,1.4818568,5.3586864,0.29941458,0.6132417,0.23213232,0.04
201,-24.098751,1.4829038,4.7579536,0.38071615,0.614496,0.23753469,0.04
202,-23.9961,1.4829264,6.2658534,0.31565425,0.6106702,0.25886142,0.04
203,-24.068386,1.5150732,6.3831706,0.37982932,0.6325469,0.2754779,0.04
204,-24.043734,1.5349156,6.2128086,0.36785954,0.6323158,0.21957682,0.04
205,-24.044611,1.520131,6.0423083,0.36781773,0.6276747,0.22205716,0.04
206,-24.04027,1.4925369,6.803733,0.36285084,0.6142139,0.23338869,0.04
207,-24.065853,1.5165442,6.9864783,0.35539535,0.6177635,0.23536053,0.04
208,-24.134527,1.5337613,6.064821,0.33625174,0.6292099,0.22282983,0.04
209,-24.020052,1.4909818,6.183802,0.30254078,0.6202037,0.24256802,0.04
210,-24.123793,1.4747491,8.024045,0.43645322,0.6128573,0.19602795,0.04
211,-24.067545,1.5101638,7.880929,0.3906432,0.6225451,0.22035632,0.04
212,-24.086458,1.4883509,8.717162,0.3710358,0.60504514,0.22557159,0.04
213,-24.071863,1.519407,7.2356772,0.2539247,0.61694527,0.18721165,0.04
214,-24.088875,1.4807854,6.98321,0.39402235,0.5979296,0.20674422,0.04
215,-24.086716,1.4984764,7.9758754,0.27197862,0.62408406,0.21873431,0.04
216,-24.093325,1.4336371,6.687152,0.26110658,0.58439475,0.19380248,0.04
217,-24.106796,1.4662865,6.095867,0.2500887,0.59519356,0.1846382,0.04
218,-24.088894,1.462044,5.964408,0.44013375,0.6192013,0.20557767,0.04
219,-24.15843,1.5014459,6.600979,0.23843537,0.62840927,0.18775718,0.04
220,-24.160618,1.4873614,8.607817,0.24879147,0.60541856,0.1791393,0.04
221,-24.12464,1.4725151,7.09095,0.34913644,0.6007339,0.19049244,0.04
222,-24.13745,1.4291474,5.9064436,0.24455133,0.59996283,0.17801794,0.04
223,-24.163355,1.4845909,7.0521593,0.30178514,0.6110883,0.21325855,0.04
224,-24.10952,1.470449,6.850426,0.40774474,0.60531205,0.21363384,0.04
225,-24.053442,1.405144,6.4947286,0.36561537,0.59342533,0.17792915,0.04
226,-24.146126,1.4744147,6.147361,0.28504622,0.61578053,0.20502912,0.04
227,-24.174555,1.4470122,6.000421,0.27514315,0.60283273,0.19189914,0.04
228,-24.131956,1.4321185,6.120905,0.3106458,0.59923756,0.18261325,0.04
229,-24.158192,1.4818727,6.7242165,0.22905746,0.6182363,0.18695791,0.04
230,-24.145403,1.4343015,5.7695503,0.24606849,0.5898603,0.16574913,0.04
231,-24.111082,1.4457679,5.4739623,0.19411069,0.6124659,0.17298327,0.04
232,-24.159542,1.4259073,7.8180966,0.27773732,0.58665156,0.1607591,0.04
233,-24.110586,1.4311937,6.117293,0.2442052,0.59307283,0.16855699,0.04
234,-24.109428,1.478854,5.8466415,0.30299512,0.61504376,0.20537485,0.04
235,-24.08454,1.4484397,6.2781286,0.22173628,0.5979149,0.15865216,0.04
236,-24.118998,1.4541574,6.330941,0.2677207,0.5962793,0.14627755,0.04
237,-24.126879,1.4786634,6.244302,0.26650825,0.61454576,0.14871328,0.04
238,-24.123405,1.4099003,6.2243395,0.26503122,0.58171254,0.17663549,0.04
239,-24.123884,1.4452466,7.291283,0.2624144,0.5914483,0.17007205,0.04
240,-24.144606,1.4293526,8.110985,0.24238174,0.5890211,0.15051694,0.04
241,-24.129963,1.4103303,6.119413,0.2423757,0.5884798,0.14322703,0.04
242,-24.093359,1.44823,7.3715425,0.27741513,0.58442235,0.15366502,0.04
243,-24.181555,1.4387915,6.6257844,0.2859779,0.59805644,0.15364411,0.04
244,-24.13054,1.4290643,5.4256635,0.30260882,0.598871,0.18702638,0.04
245,-24.199858,1.4400203,8.045299,0.20871824,0.5847446,0.14655325,0.04
246,-24.138098,1.4148535,8.257709,0.14574216,0.5822019,0.13462225,0.04
247,-24.150665,1.3710778,6.984011,0.25032216,0.5639373,0.1459595,0.04
248,-24.147264,1.4215461,6.378768,0.23381743,0.58729935,0.15703002,0.04
249,-24.133867,1.4132887,7.159886,0.19441362,0.5868144,0.15201434,0.04
250,-24.157764,1.4330834,6.5704226,0.22355165,0.5971893,0.1414596,0.04
251,-24.104876,1.4103999,7.700289,0.27774328,0.5860288,0.14273934,0.04
252,-24.09177,1.3613077,6.5079145,0.19628443,0.5718168,0.16250458,0.04
253,-24.181667,1.3983605,8.300947,0.27543896,0.57636714,0.17623064,0.04
254,-24.18336,1.4187374,7.466729,0.21056218,0.5874235,0.13339676,0.04
255,-24.118675,1.3919752,5.0256534,0.20603622,0.5797143,0.1341265,0.04
256,-24.140522,1.4404839,7.794644,0.24638397,0.5970087,0.14542048,0.04
257,-24.18816,1.4282764,6.629095,0.19079258,0.5848113,0.12520498,0.04
258,-24.148897,1.4015493,6.342437,0.23793557,0.5836861,0.12895846,0.04
259,-24.130919,1.3661773,7.3026586,0.17155415,0.5688288,0.15959688,0.04
260,-24.175974,1.3817565,7.6045437,0.2974142,0.5714796,0.13020067,0.04
261,-24.212835,1.3988622,7.5287733,0.2296738,0.582405,0.13266094,0.04
262,-24.114693,1.3993165,6.5017004,0.17013407,0.5842837,0.14672276,0.04
263,-24.181692,1.38185,7.0001054,0.1784181,0.5695297,0.12590612,0.04
264,-24.195902,1.3639866,5.645359,0.23563968,0.5721569,0.13549446,0.04
265,-24.162851,1.391018,6.4315624,0.17915632,0.5694042,0.129132,0.04
266,-24.14242,1.386912,5.2899675,0.20808199,0.5840754,0.12977272,0.04
267,-24.242422,1.3683143,5.4837813,0.20629914,0.5703737,0.12875439,0.04
268,-24.219961,1.3734305,6.2995563,0.12662971,0.56642365,0.12137802,0.04
269,-24.191689,1.3684615,7.128594,0.20799823,0.5742424,0.17492187,0.04
270,-24.17044,1.3886558,6.5088387,0.25733575,0.581198,0.12725289,0.04
271,-24.11939,1.3859748,6.073856,0.29663447,0.57508236,0.1476835,0.04
272,-24.191057,1.3569175,6.3011994,0.15181048,0.5657607,0.1455123,0.04
273,-24.198183,1.3875887,7.532068,0.31858242,0.57291716,0.12241813,0.04
274,-24.177746,1.3824949,7.050844,0.22566578,0.57942945,0.12962507,0.04
275,-24.181614,1.3638538,7.7858305,0.22425005,0.5672779,0.12903573,0.04
276,-24.20137,1.3743179,6.2388587,0.17906177,0.5749025,0.114462696,0.04
277,-24.176266,1.3234055,6.1323266,0.1882548,0.5563031,0.12219486,0.04
278,-24.212124,1.3375355,6.9212804,0.15057918,0.5636796,0.11646779,0.04
279,-24.185919,1.3531642,6.3838496,0.25351554,0.5580544,0.1608944,0.04
280,-24.248688,1.3812238,8.087309,0.21308431,0.5758482,0.11611921,0.04
281,-24.18253,1.3868641,7.8610063,0.22022505,0.5750244,0.13752696,0.04
282,-24.235785,1.309906,6.152835,0.17030054,0.54180866,0.10660601,0.04
283,-24.19009,1.3000078,5.772691,0.19762522,0.54573625,0.10394626,0.04
284,-24.167402,1.3474996,5.9789824,0.19171987,0.56818336,0.11166755,0.04
285,-24.1905,1.375157,5.844491,0.16824526,0.56831855,0.10806048,0.04
286,-24.224745,1.3225688,8.257036,0.15586847,0.54539776,0.11166479,0.04
287,-24.214327,1.3084145,6.837239,0.14173473,0.5513213,0.12757128,0.04
288,-24.193304,1.3342758,7.146983,0.23204823,0.5506502,0.144726,0.04
289,-24.170692,1.3173795,7.0787063,0.24732873,0.5402759,0.117875196,0.04
290,-24.1857,1.3746719,5.920736,0.16076933,0.5778981,0.10385755,0.04
291,-24.231644,1.3551387,7.030097,0.16230509,0.56934214,0.1235861,0.04
292,-24.224365,1.3719921,4.1804647,0.1934733,0.5711653,0.12926468,0.04
293,-24.215782,1.3470436,6.4771004,0.16026689,0.56236917,0.11692886,0.04
294,-24.193613,1.314496,6.464617,0.1674737,0.5586626,0.116889976,0.04
295,-24.25147,1.3199594,5.5896916,0.1929359,0.54991704,0.10153661,0.04
296,-24.195951,1.2956848,6.4598966,0.22265616,0.53693056,0.10876607,0.04
297,-24.23107,1.3180095,7.551975,0.20880057,0.5539856,0.123183765,0.04
298,-24.18918,1.2992256,7.504381,0.15598063,0.53304297,0.108016744,0.04
299,-24.24385,1.3066171,6.3383904,0.20145908,0.54403454,0.10147834,0.04
300,-24.175491,1.2932551,5.936482,0.15988272,0.55203253,0.11489777,0.04
301,-24.260708,1.2449949,5.5151772,0.20532882,0.5179176,0.113992594,0.04
302,-24.17756,1.311147,6.458295,0.1222693,0.54862416,0.1251453,0.04
303,-24.199373,1.3422766,6.9641213,0.2980726,0.5545286,0.10812887,0.04
304,-24.213581,1.2603403,6.4310865,0.15863357,0.5237475,0.09595025,0.04
305,-24.195011,1.2284493,7.2452846,0.17478812,0.50677645,0.10403697,0.04
306,-24.192995,1.2805896,7.7081923,0.19806598,0.53214175,0.08711764,0.04
307,-24.237097,1.2862947,7.524899,0.14688359,0.5339383,0.107446454,0.04
308,-24.217318,1.2740821,7.1018653,0.215496,0.5352619,0.1048684,0.04
309,-24.243021,1.2667462,6.5370455,0.18536395,0.5299884,0.13996345,0.04
310,-24.188965,1.2856758,6.7519345,0.14641224,0.5399397,0.100166224,0.04
311,-24.240433,1.2681962,6.852937,0.20767973,0.52926326,0.09541648,0.04
312,-24.24926,1.2756342,7.1522307,0.16149779,0.5380038,0.100116424,0.04
313,-24.191828,1.281574,5.7243624,0.25695595,0.53375804,0.09739404,0.04
314,-24.290548,1.2270128,5.6313963,0.14748016,0.51467264,0.102576874,0.04
315,-24.242792,1.2315578,7.341661,0.08368016,0.5166524,0.09639263,0.04
316,-24.23714,1.2542883,6.700838,0.20112467,0.5280597,0.09369619,0.04
317,-24.282167,1.2395488,7.0932035,0.12258545,0.5220049,0.106116414,0.04
318,-24.228235,1.2628999,6.883013,0.22439313,0.5236487,0.09780544,0.04
319,-24.245527,1.185598,6.4024014,0.263605,0.49010542,0.08859943,0.04
320,-24.25025,1.1903969,7.2902584,0.15683429,0.4884459,0.10320998,0.04
321,-24.28573,1.2277132,5.445511,0.11871217,0.5182822,0.09493873,0.04
322,-24.229399,1.2427193,7.57656,0.13456628,0.52117044,0.082211085,0.04
323,-24.255785,1.2449255,5.7954264,0.14396271,0.52149093,0.09866125,0.04
324,-24.17303,1.2208886,7.167259,0.11539022,0.5198741,0.08060053,0.04
325,-24.244942,1.2631879,7.5028973,0.17719015,0.52894473,0.08484434,0.04
326,-24.256456,1.2166054,7.2608776,0.17487666,0.5074255,0.09798624,0.04
327,-24.236357,1.2493719,6.1658406,0.13473018,0.5286653,0.095154524,0.04
328,-24.211445,1.2766293,7.6397424,0.20894308,0.5327583,0.09375361,0.04
329,-24.252167,1.1985937,6.453106,0.14108376,0.5070575,0.08815672,0.04
330,-24.237812,1.159547,6.312904,0.17271864,0.47433475,0.110711806,0.04
331,-24.2733,1.2218783,4.833734,0.14746429,0.52008635,0.09782615,0.04
332,-24.243605,1.1898614,6.9648123,0.15021147,0.49900547,0.08678733,0.04
333,-24.24564,1.1919689,6.2591934,0.12965223,0.49694213,0.08234707,0.04
334,-24.24691,1.2006644,6.703361,0.13566811,0.50290966,0.08877263,0.04
335,-24.236647,1.1599839,6.96834,0.16221738,0.49103656,0.098030776,0.04
336,-24.206123,1.1946831,8.074616,0.13859391,0.49467188,0.08865124,0.04
337,-24.277203,1.17145,5.9175205,0.16072732,0.50195247,0.088096954,0.04
338,-24.249743,1.2002012,6.8064117,0.13484281,0.50662184,0.09143077,0.04
339,-24.270063,1.2082977,5.9656587,0.13418822,0.5110433,0.0831301,0.04
340,-24.234512,1.176859,7.844765,0.16182029,0.49522725,0.08105071,0.04
341,-24.255032,1.1586,6.8580728,0.15028381,0.4932108,0.07612108,0.04
342,-24.260984,1.2016399,5.8449903,0.17437665,0.51632875,0.089218855,0.04
343,-24.22584,1.1792964,6.463291,0.09113196,0.4974574,0.078023426,0.04
344,-24.29649,1.1952903,6.436328,0.17471586,0.5106221,0.08088444,0.04
345,-24.258575,1.2134032,5.7113776,0.13422148,0.5068071,0.07815432,0.04
346,-24.264074,1.189068,6.428483,0.11151731,0.4889416,0.09854947,0.04
347,-24.257618,1.1799757,6.467725,0.11500182,0.49260265,0.0785761,0.04
348,-24.267248,1.2427784,6.560807,0.116915464,0.5162369,0.07830384,0.04
349,-24.271,1.2028705,6.2742705,0.18709876,0.50468,0.07877327,0.04
350,-24.269838,1.2042965,6.549739,0.108129814,0.5106918,0.09030179,0.04
351,-24.299168,1.2126802,5.7385144,0.11454144,0.5115397,0.06778557,0.04
352,-24.287703,1.168288,6.7857175,0.11110163,0.49145418,0.0906267,0.04
353,-24.287117,1.2074546,6.721163,0.10808372,0.50587875,0.10253127,0.04
354,-24.252367,1.1664741,6.3894353,0.13177255,0.49034077,0.07725005,0.04
355,-24.239851,1.1926061,7.552859,0.17469804,0.49953908,0.08826815,0.04
356,-24.269129,1.1523876,5.93787,0.08305751,0.4878372,0.081789315,0.04
357,-24.302706,1.1498566,5.623926,0.14010514,0.4875336,0.07818726,0.04
358,-24.258303,1.1509341,6.576698,0.12115592,0.48358235,0.08121509,0.04
359,-24.306913,1.1297084,6.413368,0.13112195,0.47536302,0.072399,0.04
360,-24.31647,1.1551601,5.765097,0.08256111,0.47620723,0.07307301,0.04
361,-24.287418,1.1409044,7.559024,0.14466995,0.47422275,0.07914531,0.04
362,-24.258974,1.1574602,7.060357,0.15070468,0.48405176,0.08077382,0.04
363,-24.32723,1.1505444,6.606048,0.13909239,0.48759148,0.07439653,0.04
364,-24.272966,1.099151,6.389558,0.13662317,0.46464285,0.06911179,0.04
365,-24.24442,1.1813141,7.188937,0.2065082,0.4982143,0.06963391,0.04
366,-24.294958,1.1320618,5.935821,0.14691196,0.4787368,0.07013022,0.04
367,-24.312157,1.1457436,5.624227,0.092421144,0.48299697,0.074219376,0.04
368,-24.266273,1.1428577,7.0631423,0.08483981,0.487176,0.08023092,0.04
369,-24.274702,1.1560346,5.8599687,0.16166641,0.4845068,0.083389066,0.04
370,-24.342972,1.1262896,4.904214,0.11437588,0.46800527,0.079922065,0.04
371,-24.285585,1.1280996,6.2011814,0.12600046,0.47723362,0.08566995,0.04
372,-24.249392,1.1059242,7.2487206,0.18200476,0.46257645,0.08299222,0.04
373,-24.27779,1.0926958,5.446124,0.110456735,0.45605007,0.07379794,0.04
374,-24.242996,1.1095502,6.8266115,0.09099313,0.4693111,0.084504984,0.04
375,-24.284214,1.1041248,5.250441,0.10391937,0.47178033,0.074336395,0.04
376,-24.270788,1.1261371,5.8478136,0.13244654,0.46940175,0.09649727,0.04
377,-24.259977,1.1045121,6.8043118,0.14571826,0.46846363,0.0811478,0.04
378,-24.318712,1.1088821,5.495306,0.21670185,0.4665801,0.07857795,0.04
379,-24.323978,1.1209075,5.175569,0.08781902,0.47626576,0.075800456,0.04
380,-24.318298,1.0657837,5.0666494,0.16532575,0.4531585,0.06708521,0.04
381,-24.278374,1.1054646,6.4142213,0.13430509,0.4570323,0.07206776,0.04
382,-24.28128,1.0980682,5.602305,0.16586238,0.46832743,0.086992085,0.04
383,-24.319551,1.1078736,6.160523,0.18578495,0.46707934,0.077123255,0.04
384,-24.277086,1.1275759,6.2167153,0.09934265,0.47786158,0.07680011,0.04
385,-24.270391,1.101559,6.2790575,0.1258078,0.4642765,0.07141822,0.04
386,-24.31384,1.0629529,5.669293,0.12694587,0.45633292,0.06957895,0.04
387,-24.269367,1.0948532,6.0559635,0.121381424,0.46670133,0.08060982,0.04
388,-24.287434,1.1061374,6.627508,0.09381038,0.46575108,0.09215668,0.04
389,-24.292664,1.0988679,6.496983,0.14295086,0.46668214,0.07902496,0.04
390,-24.279621,1.0908624,6.0028825,0.16697742,0.46770626,0.09124815,0.04
391,-24.281605,1.1085867,5.949739,0.15898255,0.4690331,0.0841863,0.04
392,-24.316942,1.0942625,5.1053534,0.10472659,0.46613023,0.07966349,0.04
393,-24.285563,1.1198593,6.3643312,0.08247428,0.48096856,0.0828692,0.04
394,-24.311977,1.0828162,6.2783713,0.10305818,0.45397016,0.07466876,0.04
395,-24.2895,1.0789878,5.848142,0.111154646,0.46507418,0.06847767,0.04
396,-24.30229,1.0855043,7.0691156,0.15286638,0.46463078,0.06530029,0.04
397,-24.290735,1.0561177,6.896491,0.08522628,0.44155964,0.06400433,0.04
398,-24.301176,1.0927353,6.3061104,0.0926523,0.46840045,0.07558462,0.04
399,-24.289082,1.0837044,6.8084645,0.10256534,0.4601294,0.06250302,0.04
400,-24.291634,1.0224729,6.1905293,0.08904614,0.43636218,0.064854205,0.04
401,-24.316576,1.1256295,6.542114,0.11862679,0.47659597,0.088203505,0.04
402,-24.249996,1.1002444,6.5289555,0.12799191,0.465581,0.063972645,0.04
403,-24.312616,1.0374613,5.9864125,0.112037964,0.44222817,0.060824737,0.04
404,-24.298117,1.0715976,6.059511,0.10454717,0.4503422,0.06625739,0.04
405,-24.288809,1.026241,5.459543,0.13040653,0.42978388,0.07349398,0.04
406,-24.307714,1.0737174,5.1096272,0.10194637,0.45488578,0.06627323,0.04
407,-24.344229,1.0829262,5.767079,0.1261907,0.46038726,0.05926166,0.04
408,-24.288145,1.0176709,6.690563,0.12661958,0.43382114,0.06423979,0.04
409,-24.271984,1.0205066,6.567517,0.15448257,0.4264867,0.07206613,0.04
410,-24.289543,1.066984,5.359853,0.09216611,0.45666364,0.067422405,0.04
411,-24.295397,1.0314553,6.2681117,0.095238216,0.4281431,0.05738354,0.04
412,-24.289938,1.030613,6.2987623,0.11681431,0.43843752,0.061679248,0.04
413,-24.307245,1.0303612,6.2457542,0.08875211,0.44410616,0.06273487,0.04
414,-24.31222,1.0007806,6.0805454,0.15249965,0.41768694,0.05850478,0.04
415,-24.295399,1.0347528,6.4898467,0.078356825,0.44053468,0.060569458,0.04
416,-24.31533,1.0540981,5.8261633,0.15053006,0.4489015,0.074679844,0.04
417,-24.308365,1.0228311,5.492881,0.063829295,0.43870234,0.06941642,0.04
418,-24.335526,1.0478606,4.4429965,0.077018104,0.43051633,0.061983943,0.04
419,-24.305325,1.0508462,5.7901874,0.1431064,0.4402973,0.062453285,0.04
420,-24.307817,1.0690267,6.668545,0.11041741,0.45159605,0.067882285,0.04
421,-24.28996,1.0380697,6.702983,0.12918209,0.43805107,0.09379489,0.04
422,-24.322392,1.0173281,6.0036798,0.13556784,0.42817503,0.07114797,0.04
423,-24.357489,1.0360873,5.209843,0.093605034,0.43528095,0.06630584,0.04
424,-24.304502,1.0256896,5.364337,0.092169516,0.42958722,0.054831285,0.04
425,-24.329363,1.0193708,5.399885,0.11312444,0.43772322,0.06631887,0.04
426,-24.304804,0.9917017,6.0825753,0.09103976,0.41802436,0.05378074,0.04
427,-24.319574,1.0269785,5.6921115,0.090859935,0.43266335,0.054380883,0.04
428,-24.301407,1.043868,6.291158,0.10439457,0.4502171,0.081867866,0.04
429,-24.314516,1.0441965,5.6213236,0.078903705,0.43879223,0.06001837,0.04
430,-24.340563,1.0419091,4.4940453,0.111690916,0.43880957,0.07635165,0.04
431,-24.32134,0.97826827,4.6040196,0.12316751,0.40757704,0.06941278,0.04
432,-24.330671,0.99978983,4.7196765,0.0951013,0.4242574,0.06752137,0.04
433,-24.328352,1.0152856,4.438306,0.114583805,0.4337275,0.065277316,0.04
434,-24.332176,0.9735099,5.462125,0.097114444,0.40419525,0.054201946,0.04
435,-24.33731,0.981874,5.8582363,0.12766671,0.42000526,0.054306366,0.04
436,-24.336927,0.9946168,5.3771653,0.16781136,0.41505715,0.07512532,0.04
437,-24.360622,0.99214983,5.7138953,0.09459993,0.42037112,0.067592025,0.04
438,-24.326199,0.9872084,6.825409,0.11608635,0.42244062,0.06630388,0.04
439,-24.293423,1.0180627,6.071884,0.09500897,0.42610475,0.06293008,0.04
440,-24.31773,1.0069265,6.360779,0.12106895,0.41767666,0.059359584,0.04
441,-24.323114,0.97866094,5.6893187,0.07162773,0.4132355,0.05492196,0.04
442,-24.306118,0.9842173,6.2706313,0.10234913,0.41378403,0.06136074,0.04
443,-24.334183,0.9847507,5.774682,0.08198584,0.41448227,0.056105994,0.04
444,-24.304386,0.92646414,5.572243,0.10104946,0.38985473,0.058529366,0.04
445,-24.30652,0.990816,6.7467117,0.10869155,0.4204944,0.06157918,0.04
446,-24.331793,0.9458069,5.443084,0.10393114,0.40294644,0.06283473,0.04
447,-24.289011,0.99563485,6.3592978,0.096240304,0.4161705,0.07103096,0.04
448,-24.308014,0.9904879,5.81805,0.10414925,0.41003993,0.05753983,0.04
449,-24.336597,0.9908583,4.722354,0.08457732,0.42267075,0.055344373,0.04
450,-24.333433,0.98228884,5.429158,0.08585364,0.40935346,0.05572547,0.04
451,-24.33709,0.94928944,5.6233344,0.102932684,0.40379402,0.0570635,0.04
452,-24.318993,0.96752846,5.944176,0.1189122,0.40617853,0.07540306,0.04
453,-24.341095,0.9689472,5.314524,0.10907705,0.40892494,0.05518229,0.04
454,-24.299868,0.9966261,5.9055147,0.08290827,0.41978553,0.053169094,0.04
455,-24.336512,0.9816972,5.546553,0.07010307,0.41264614,0.050390936,0.04
456,-24.316175,0.9598067,5.5716305,0.102506235,0.41596887,0.08249315,0.04
457,-24.346148,0.91352123,5.9822674,0.0911637,0.38608718,0.053065732,0.04
458,-24.34971,0.9591439,4.605593,0.104513,0.4120306,0.047161683,0.04
459,-24.30635,0.9499611,4.912431,0.06961101,0.39486328,0.060666654,0.04
460,-24.301466,0.9398736,5.7686725,0.07594912,0.397258,0.063994646,0.04
461,-24.36784,0.94634974,4.385403,0.10461976,0.39795348,0.054037306,0.04
462,-24.328989,0.92326206,4.9278183,0.10349517,0.39019847,0.060593106,0.04
463,-24.3172,0.9231658,6.4310513,0.10057153,0.39023793,0.07532227,0.04
464,-24.363361,0.9747463,4.6530275,0.1271489,0.4160761,0.06742505,0.04
465,-24.319637,0.97670114,5.862003,0.10487529,0.4143424,0.055033516,0.04
466,-24.358389,0.93842036,5.679874,0.0703614,0.40067723,0.06321351,0.04
467,-24.341036,0.9226666,5.8585463,0.08731536,0.39537913,0.051542208,0.04
468,-24.327625,0.92170566,5.7561336,0.090077825,0.3940935,0.053137857,0.04
469,-24.304073,0.9216975,5.5759954,0.090280645,0.39008468,0.05271887,0.04
470,-24.36087,0.9323942,5.080437,0.11988839,0.3969025,0.053340554,0.04
471,-24.372711,0.9403595,4.054098,0.076496854,0.39945218,0.055736206,0.04
472,-24.369709,0.93568474,4.979441,0.06317028,0.39193264,0.055314783,0.04
473,-24.320105,0.9217018,5.4978504,0.09132262,0.38982794,0.05243361,0.04
474,-24.30122,0.9448026,6.332044,0.09462446,0.39308035,0.06617852,0.04
475,-24.340202,0.94277006,4.940147,0.11153062,0.40267006,0.05605397,0.04
476,-24.366173,0.89403445,3.9154346,0.11892847,0.38026878,0.072542734,0.04
477,-24.401968,0.9366504,3.0028272,0.076077774,0.39722562,0.05865469,0.04
478,-24.302937,0.9658409,6.291202,0.07322207,0.40115497,0.058761913,0.04
479,-24.334782,0.914179,4.7233415,0.10282584,0.38677865,0.048781447,0.04
480,-24.347813,0.8995851,4.809756,0.06694073,0.3713532,0.054381255,0.04
481,-24.314083,0.93586236,6.270045,0.0834528,0.39598736,0.08099685,0.04
482,-24.310846,0.91254103,6.160357,0.10581175,0.38011754,0.05428693,0.04
483,-24.370302,0.9151887,4.633699,0.10172786,0.39788672,0.06544941,0.04
484,-24.35587,0.896042,5.181049,0.086733185,0.37694454,0.07036013,0.04
485,-24.362417,0.9511246,5.9761643,0.085673615,0.40013602,0.055195,0.04
486,-24.3571,0.87008214,5.4275756,0.09170477,0.37139514,0.053216714,0.04
487,-24.373144,0.8734791,5.1679482,0.14613672,0.36990064,0.091109425,0.04
488,-24.335869,0.9139181,5.8816123,0.11996572,0.3892745,0.053540487,0.04
489,-24.324562,0.8972151,5.527542,0.110043325,0.3810801,0.057246447,0.04
490,-24.395433,0.9287396,4.539244,0.082983464,0.39746726,0.06013828,0.04
491,-24.377842,0.8837892,4.8000097,0.09410428,0.37448105,0.060466375,0.04
492,-24.324833,0.91715705,5.49996,0.06952613,0.390637,0.05670754,0.04
493,-24.338829,0.9101608,6.057001,0.10136294,0.3912874,0.06465896,0.04
494,-24.347261,0.8994123,4.993181,0.09311971,0.37953818,0.048657693,0.04
495,-24.35984,0.9274387,4.268203,0.119187586,0.39160147,0.04729793,0.04
496,-24.370296,0.89151835,3.7499666,0.14287156,0.3796186,0.056162216,0.04
497,-24.321354,0.90181506,4.9281015,0.07320309,0.3783756,0.04898121,0.04
498,-24.348465,0.890229,4.2042437,0.10377031,0.3784157,0.060934566,0.04
499,-24.395552,0.8948497,3.6164172,0.08981339,0.38834095,0.055569172,0.04
500,-24.33827,0.9002824,5.495619,0.07965845,0.3792842,0.04573682,0.04
501,-24.322454,0.8720726,4.536636,0.10506878,0.37209538,0.049518064,0.04
502,-24.362976,0.87509876,4.32207,0.065009184,0.3702255,0.052000914,0.04
503,-24.35779,0.8604792,5.20141,0.07945292,0.36459273,0.056536987,0.04
504,-24.346066,0.91274554,4.710499,0.11418371,0.38759336,0.056503598,0.04
505,-24.351591,0.8961132,4.6251616,0.055642933,0.37786275,0.049328648,0.04
506,-24.355564,0.8896108,4.311151,0.0916081,0.3733018,0.047889356,0.04
507,-24.343378,0.8908666,4.833305,0.062152676,0.3771866,0.04644764,0.04
508,-24.36189,0.8574451,4.7171435,0.07754455,0.36733666,0.05142743,0.04
509,-24.383875,0.8894613,4.348826,0.07481091,0.37832135,0.06278519,0.04
510,-24.355158,0.85747916,4.6271315,0.06227495,0.36709517,0.051096715,0.04
511,-24.344715,0.8764645,5.444975,0.09257962,0.37577805,0.053936742,0.04
512,-24.359587,0.8956784,4.7161326,0.0777439,0.37851822,0.07012107,0.04
513,-24.342882,0.8669934,5.364584,0.087729655,0.36853325,0.053071134,0.04
514,-24.367582,0.8715729,5.3681517,0.10197023,0.3714025,0.055610657,0.04
515,-24.385233,0.85353214,4.421092,0.10414337,0.3625643,0.05006196,0.04
516,-24.382725,0.8764607,4.1066694,0.05549051,0.37248254,0.04853375,0.04
517,-24.363354,0.8876764,4.708518,0.11123679,0.37745404,0.05188667,0.04
518,-24.332148,0.8483745,5.0687633,0.118337505,0.35649657,0.06503667,0.04
519,-24.346485,0.8600821,5.6658163,0.10073377,0.36339033,0.048290648,0.04
520,-24.364674,0.854861,4.5546,0.09304058,0.35740742,0.05045813,0.04
521,-24.365707,0.83281046,4.6501336,0.079656675,0.35175562,0.052127548,0.04
522,-24.35938,0.8562441,4.690922,0.10041898,0.36771026,0.050547075,0.04
523,-24.371555,0.8562029,4.507658,0.082095504,0.36412108,0.04296784,0.04
524,-24.348642,0.856623,5.4700637,0.07544778,0.361487,0.05235214,0.04
525,-24.33029,0.8541305,5.4103813,0.062101264,0.35810387,0.05374678,0.04
526,-24.36229,0.8602725,4.2394314,0.1029176,0.36708826,0.05303027,0.04
527,-24.344643,0.86579794,5.445422,0.08784626,0.37382537,0.06246903,0.04
528,-24.329197,0.8806887,4.8362446,0.117335364,0.37228328,0.0442197,0.04
529,-24.380789,0.8473532,4.4234014,0.07836085,0.35870445,0.047250036,0.04
530,-24.375431,0.82514083,4.395954,0.07907659,0.3470738,0.055724718,0.04
531,-24.361876,0.80895823,4.4123173,0.071826465,0.3454786,0.04624534,0.04
532,-24.374191,0.8626529,4.594343,0.112850495,0.36784667,0.05284175,0.04
533,-24.364704,0.8668378,4.4919896,0.083800964,0.36747953,0.04899652,0.04
534,-24.35788,0.81514627,4.4276123,0.09766645,0.35167775,0.042016916,0.04
535,-24.353952,0.8349157,4.8437524,0.0543137,0.36041692,0.049907576,0.04
536,-24.348124,0.8514515,4.95263,0.104026355,0.3565419,0.049123466,0.04
537,-24.34297,0.83907866,4.2962008,0.09614145,0.34754512,0.049160972,0.04
538,-24.35532,0.85080624,5.2223845,0.067286946,0.36387858,0.048829865,0.04
539,-24.374136,0.8752548,5.1349077,0.10982899,0.36825335,0.058553696,0.04
540,-24.359121,0.8431351,4.53056,0.1057141,0.35830665,0.046234466,0.04
541,-24.376091,0.8431156,3.6026824,0.08213308,0.3549834,0.046219274,0.04
542,-24.386719,0.81782824,3.0626075,0.074869916,0.3479686,0.04173771,0.04
543,-24.344734,0.8147451,5.19511,0.06356575,0.345285,0.038687143,0.04
544,-24.398035,0.8485054,3.0403872,0.08196713,0.35658118,0.056632362,0.04
545,-24.355074,0.8457752,4.3728023,0.09642932,0.36030942,0.0653006,0.04
546,-24.358519,0.8317691,5.5156918,0.09294235,0.35613868,0.05503822,0.04
547,-24.352446,0.8645242,4.9946523,0.0833486,0.36237514,0.046734862,0.04
548,-24.37648,0.8389153,4.466127,0.09667799,0.35794777,0.049799062,0.04
549,-24.334856,0.8115472,5.2805047,0.15540686,0.3438141,0.053386167,0.04
550,-24.36437,0.81945026,4.628416,0.06955805,0.34899086,0.044613335,0.04
551,-24.399931,0.78969145,4.1250024,0.05884976,0.34142396,0.041016534,0.04
552,-24.355785,0.79223675,5.108609,0.10234321,0.3411183,0.048159517,0.04
553,-24.37684,0.7828855,4.578257,0.07287988,0.3395925,0.047035016,0.04
554,-24.365465,0.8123053,4.8601756,0.060616,0.34519255,0.040861588,0.04
555,-24.385067,0.8265944,3.333529,0.12091548,0.35702914,0.04001068,0.04
556,-24.363037,0.81625235,4.4591427,0.11296774,0.3494636,0.041979946,0.04
557,-24.35762,0.8032307,4.009848,0.07687952,0.33813408,0.0434954,0.04
558,-24.40015,0.79939073,4.0833926,0.10869959,0.33678028,0.038724825,0.04
559,-24.404333,0.8083612,3.5254552,0.06577046,0.3455355,0.046603423,0.04
560,-24.380312,0.78622884,4.138643,0.050582968,0.33885556,0.04253234,0.04
561,-24.358027,0.8234239,4.85647,0.0863896,0.34633267,0.04338516,0.04
562,-24.348707,0.8303888,4.846337,0.06570051,0.34781757,0.042653203,0.04
563,-24.346706,0.79134697,5.4097753,0.19059266,0.34408608,0.16451539,0.04
564,-24.37325,0.8266937,4.429628,0.14663434,0.35568804,0.05834055,0.04
565,-24.400484,0.7591285,3.5705733,0.11249385,0.32343513,0.048190236,0.04
566,-24.34394,0.8119991,4.6298327,0.066051476,0.3397862,0.046305533,0.04
567,-24.36866,0.7926718,4.538753,0.05973356,0.33562306,0.04375341,0.04
568,-24.375324,0.81415385,3.9832907,0.0809066,0.34758708,0.0468063,0.04
569,-24.332108,0.81823677,5.1032825,0.11606594,0.34613162,0.08497011,0.04
570,-24.346794,0.8188157,5.407226,0.07271161,0.34738508,0.051655967,0.04
571,-24.361763,0.7841446,4.245415,0.05873131,0.33011535,0.042311385,0.04
572,-24.364584,0.81849957,4.1727266,0.122331575,0.34430242,0.10179387,0.04
573,-24.400183,0.75898105,3.5123718,0.0941684,0.32144052,0.054151423,0.04
574,-24.39868,0.7813632,3.6869087,0.12315779,0.33205634,0.061303716,0.04
575,-24.376488,0.77288747,3.9524207,0.08174568,0.32544562,0.051527962,0.04
576,-24.32969,0.7904879,4.262622,0.11704424,0.33899993,0.043110125,0.04
577,-24.354929,0.77495724,4.7391114,0.056217693,0.32892722,0.03943017,0.04
578,-24.385891,0.783263,3.6478353,0.06586067,0.33284155,0.03888407,0.04
579,-24.382204,0.80607384,4.00729,0.08747723,0.34375402,0.045282483,0.04
580,-24.357492,0.7964761,4.3491554,0.10948987,0.33519217,0.052530866,0.04
581,-24.367336,0.77350324,3.6144567,0.09001399,0.3228176,0.041248765,0.04
582,-24.383211,0.76959646,4.2100987,0.1011205,0.33142647,0.045796145,0.04
583,-24.38871,0.7682538,3.8841991,0.05926959,0.32228565,0.0390263,0.04
584,-24.366852,0.77630585,3.9062247,0.04267222,0.3256094,0.04448144,0.04
585,-24.365685,0.7823214,4.5624924,0.07609133,0.3255399,0.049912143,0.04
586,-24.380913,0.76242137,4.247668,0.06779554,0.32685053,0.045387678,0.04
587,-24.379902,0.77414393,4.0521765,0.062889256,0.32584065,0.04538304,0.04
588,-24.39345,0.76775944,3.6470618,0.07268911,0.338586,0.04345421,0.04
589,-24.389973,0.7950208,3.8441288,0.074797995,0.34083706,0.03683229,0.04
590,-24.35266,0.77094334,3.5418956,0.057477,0.32774034,0.037434608,0.04
591,-24.36065,0.7536571,3.83296,0.065947674,0.32367146,0.041319713,0.04
592,-24.382334,0.76185125,3.5661194,0.06093641,0.32287702,0.045750935,0.04
593,-24.370201,0.77701485,4.340418,0.12117923,0.32938895,0.03704851,0.04
594,-24.395206,0.7810879,3.4096937,0.10976465,0.33396327,0.042316094,0.04
595,-24.351412,0.7759081,5.2871556,0.10646242,0.32794496,0.04787712,0.04
596,-24.374418,0.76502305,3.9291224,0.056423083,0.32367522,0.041760977,0.04
597,-24.373665,0.7861447,4.2231536,0.08552838,0.33070454,0.04324365,0.04
598,-24.410194,0.72564477,3.1309695,0.07343307,0.3091155,0.04365982,0.04
599,-24.410141,0.74536574,3.3495789,0.047011174,0.32210007,0.034578137,0.04
600,-24.357317,0.74366486,4.2327294,0.05347333,0.31291527,0.03743553,0.04
601,-24.388805,0.7934201,3.6504064,0.09332685,0.33642644,0.045525007,0.04
602,-24.364214,0.747634,3.2501097,0.08668964,0.3197748,0.036501072,0.04
603,-24.382156,0.74896175,3.885998,0.056734115,0.3170138,0.041401707,0.04
604,-24.398098,0.7320674,2.9912527,0.065868266,0.32162112,0.044766203,0.04
605,-24.39571,0.7447644,3.2126334,0.06505945,0.3318534,0.04122662,0.04
606,-24.367615,0.7365066,3.7862103,0.08763228,0.3149079,0.037320025,0.04
607,-24.358875,0.73283374,4.3354487,0.053201195,0.30462804,0.043112107,0.04
608,-24.392527,0.77425617,3.040332,0.0703216,0.32913598,0.05681,0.04
609,-24.376532,0.74505347,4.0080156,0.060849298,0.32038817,0.040157508,0.04
610,-24.377357,0.72866535,3.4983492,0.059978545,0.30909234,0.042220272,0.04
611,-24.347101,0.76418436,3.855,0.06337074,0.3270166,0.039285634,0.04
612,-24.374714,0.7369447,4.0925126,0.10830244,0.31913447,0.040244162,0.04
613,-24.374302,0.7573816,3.685855,0.060823534,0.32174966,0.037420563,0.04
614,-24.379692,0.7503417,3.994353,0.06032974,0.31797263,0.060390707,0.04
615,-24.41719,0.73490447,2.9797504,0.08939433,0.31738645,0.04216521,0.04
616,-24.369303,0.7096772,4.398441,0.05496925,0.3028252,0.038726233,0.04
617,-24.38465,0.74812764,3.529804,0.09636839,0.3128998,0.048247,0.04
618,-24.378092,0.7527278,3.8691108,0.07983047,0.3217124,0.04721713,0.04
619,-24.371222,0.74091417,3.9232886,0.047008555,0.31810108,0.03882849,0.04
620,-24.360624,0.7442883,4.67854,0.08204314,0.31374183,0.053313795,0.04
621,-24.372786,0.73330414,3.8452747,0.075522274,0.31211314,0.042512156,0.04
622,-24.376492,0.74667853,3.256714,0.09690636,0.32169518,0.039291322,0.04
623,-24.3773,0.7221434,3.2306366,0.03973031,0.30676982,0.036781117,0.04
624,-24.388153,0.74320406,3.4778087,0.06579719,0.3137979,0.03823764,0.04
625,-24.390265,0.74639624,3.9247072,0.07713094,0.31246534,0.035987508,0.04
626,-24.376207,0.72932464,4.178233,0.094069906,0.30915105,0.03973624,0.04
627,-24.404882,0.73524344,3.380468,0.07263051,0.31297752,0.03929407,0.04
628,-24.359789,0.7292914,4.6256795,0.07205107,0.30612928,0.04466334,0.04
629,-24.389553,0.71625143,3.910597,0.08168468,0.2979988,0.03760034,0.04
630,-24.383902,0.70620745,3.6507022,0.055334803,0.300013,0.04245478,0.04
631,-24.37865,0.71448356,3.9332001,0.07880416,0.30383205,0.035527036,0.04
632,-24.38181,0.71074206,4.308801,0.06346262,0.30074736,0.039504122,0.04
633,-24.363285,0.75098354,4.2314544,0.07821757,0.3161972,0.045181926,0.04
634,-24.394348,0.73536325,3.3835497,0.07000843,0.30977216,0.046870824,0.04
635,-24.381645,0.71333253,2.8027358,0.09380128,0.30523804,0.04062727,0.04
636,-24.369999,0.7184595,4.0412426,0.07869284,0.30565986,0.039901678,0.04
637,-24.378208,0.7194484,3.19574,0.076670125,0.30833697,0.042179838,0.04
638,-24.387383,0.72040945,3.8145726,0.081845134,0.3040384,0.04277364,0.04
639,-24.383598,0.7198374,3.6046295,0.06050265,0.29990265,0.03869922,0.04
640,-24.388268,0.69073,4.091385,0.047784854,0.2952157,0.034874186,0.04
641,-24.362629,0.70976037,5.138851,0.07055638,0.29857862,0.042443838,0.04
642,-24.390957,0.71613026,3.1546965,0.06604184,0.304709,0.04009778,0.04
643,-24.37177,0.69040537,4.279486,0.079619996,0.29523084,0.036919635,0.04
644,-24.396309,0.69444495,3.3221848,0.062081717,0.29076114,0.03612165,0.04
645,-24.406603,0.6908238,2.82017,0.048130147,0.29389128,0.036772173,0.04
646,-24.38739,0.74009824,3.3213568,0.061022684,0.3047468,0.033458892,0.04
647,-24.358164,0.7094365,4.0945754,0.040968087,0.3033049,0.039969794,0.04
648,-24.397758,0.6755955,3.0606275,0.053508516,0.28700277,0.037405077,0.04
649,-24.402405,0.685387,2.8384001,0.0875036,0.29517534,0.040931176,0.04
650,-24.393864,0.67743784,3.4387195,0.07207109,0.28321454,0.037266366,0.04
651,-24.368486,0.66953516,4.1947856,0.062043563,0.28676242,0.039147694,0.04
652,-24.398508,0.70996004,3.2701147,0.061369896,0.29473698,0.03863353,0.04
653,-24.38514,0.67266095,4.069291,0.08047062,0.28372967,0.03722747,0.04
654,-24.39041,0.6663126,3.2772217,0.055011984,0.28032517,0.036906328,0.04
655,-24.378983,0.6964725,4.601559,0.082340315,0.2928396,0.08515928,0.04
656,-24.4054,0.68450606,2.951153,0.063394494,0.29096884,0.0446889,0.04
657,-24.388407,0.6873488,3.4000578,0.05666955,0.29015237,0.03839558,0.04
658,-24.397556,0.68250436,3.151989,0.037299942,0.28870785,0.03628214,0.04
659,-24.3725,0.69146496,3.3014345,0.05740045,0.29205018,0.03806535,0.04
660,-24.406384,0.69219434,3.2443175,0.06322725,0.29053226,0.03407577,0.04
661,-24.38759,0.6781644,2.8921564,0.06036057,0.2837494,0.035530522,0.04
662,-24.387012,0.6928809,3.0826302,0.060017094,0.29774714,0.050389558,0.04
663,-24.391758,0.65953094,3.2160707,0.07037861,0.27755564,0.040950533,0.04
664,-24.37105,0.68625504,3.2970395,0.116742544,0.2915501,0.06691696,0.04
665,-24.387814,0.65106994,3.369154,0.05265202,0.27658793,0.04044641,0.04
666,-24.364286,0.67601097,4.407051,0.092370205,0.2836337,0.036927894,0.04
667,-24.421045,0.6793853,2.6951416,0.10813593,0.28582248,0.044964895,0.04
668,-24.360868,0.7113417,3.4867501,0.069318786,0.30200437,0.038230333,0.04
669,-24.36604,0.6711254,4.255652,0.06439564,0.28032842,0.040197387,0.04
670,-24.381247,0.68030363,3.555255,0.09007427,0.288832,0.035197444,0.04
671,-24.386158,0.6496501,4.0990973,0.054395344,0.5843249,0.03666016,0.04
672,-24.366497,0.6618113,4.123202,0.046490815,0.27759385,0.035263803,0.04
673,-24.377296,0.64766973,4.0161123,0.057662137,0.26852596,0.031952165,0.04
674,-24.389032,0.6408718,3.0034828,0.11772684,0.27383748,0.036037378,0.04
675,-24.408915,0.65703845,2.8410435,0.05697123,0.2775634,0.035957005,0.04
676,-24.404512,0.6645418,3.1199803,0.04779873,0.28566423,0.034050778,0.04
677,-24.40637,0.6751098,3.0075946,0.05344362,0.2853052,0.032756902,0.04
678,-24.38336,0.6875762,3.2608948,0.07633918,0.33413097,0.05283425,0.04
679,-24.393656,0.62735873,3.6266477,0.07507759,0.26656744,0.044808067,0.04
680,-24.402637,0.6670477,3.4240541,0.077007666,0.2857751,0.042846948,0.04
681,-24.401503,0.65654415,3.2938957,0.042814456,0.2774684,0.03647291,0.04
682,-24.372458,0.6641464,3.8336966,0.0543506,0.28078118,0.038587194,0.04
683,-24.417027,0.65217483,2.9575014,0.06102192,0.27505732,0.036816016,0.04
684,-24.376812,0.6532814,3.5357654,0.057194646,0.2757172,0.039655644,0.04
685,-24.371199,0.6571573,4.4492874,0.06362337,0.27728504,0.04316332,0.04
686,-24.405474,0.6487645,3.619911,0.06701238,0.27229288,0.03715379,0.04
687,-24.389318,0.6581757,3.6415198,0.05504516,0.27570966,0.034477826,0.04
688,-24.413294,0.6493985,2.6032846,0.120483644,0.27633205,0.035358895,0.04
689,-24.393322,0.6745414,2.5315137,0.05803561,0.28250256,0.040075697,0.04
690,-24.379622,0.64204144,3.4181244,0.04287967,0.26796636,0.03313507,0.04
691,-24.381134,0.6434686,3.4104664,0.0506101,0.26132238,0.03127255,0.04
692,-24.397692,0.6461358,2.9826639,0.056006722,0.28154743,0.03394386,0.04
693,-24.38909,0.6360407,3.3714592,0.07172653,0.27368313,0.037473556,0.04
694,-24.370544,0.65385145,3.5991373,0.06887478,0.27418524,0.052501414,0.04
695,-24.40359,0.657396,3.1094556,0.053169787,0.2761754,0.034448948,0.04
696,-24.386633,0.61754847,3.7023761,0.0917517,0.26023865,0.05095289,0.04
697,-24.399836,0.63706577,3.4222815,0.0501872,0.2665212,0.03468973,0.04
698,-24.372824,0.64113295,3.279486,0.04950662,0.27191892,0.036327206,0.04
699,-24.402082,0.65437794,2.8828533,0.0554492,0.27212644,0.035471972,0.04
700,-24.414356,0.634361,2.3466055,0.053017408,0.26755908,0.04390533,0.04
701,-24.411306,0.6295594,2.7616212,0.06917458,0.26541257,0.03619292,0.04
702,-24.385698,0.6535424,3.291288,0.07811307,0.27846965,0.07596006,0.04
703,-24.38843,0.59907484,3.4288776,0.08458225,0.24727282,0.047022417,0.04
704,-24.400974,0.65595067,2.9229867,0.06673084,0.26999965,0.038830742,0.04
705,-24.379507,0.61396486,3.8595426,0.056661483,0.25887728,0.03750656,0.04
706,-24.381426,0.62254965,3.7532294,0.07090163,0.26204747,0.03402322,0.04
707,-24.36605,0.62985456,4.24571,0.11485868,0.26291427,0.054796215,0.04
708,-24.387815,0.6366271,3.3924036,0.07692199,0.26867747,0.04113416,0.04
709,-24.389515,0.61356175,3.3143692,0.047692556,0.2554175,0.034147672,0.04
710,-24.412321,0.62348557,2.9490964,0.049698025,0.26553112,0.03182881,0.04
711,-24.38357,0.6245718,3.3936763,0.061211746,0.27030426,0.03326295,0.04
712,-24.371984,0.60273844,4.155961,0.07805539,0.25654408,0.034642737,0.04
713,-24.422234,0.62282526,1.8404518,0.11484394,0.26328403,0.033025905,0.04
714,-24.399519,0.6138702,2.726753,0.062242996,0.25512427,0.038051758,0.04
715,-24.386927,0.61131656,2.8282013,0.069861464,0.26000014,0.034292072,0.04
716,-24.388157,0.64480245,2.819973,0.05747105,0.27240977,0.039891366,0.04
717,-24.410006,0.6336709,2.1236112,0.05999778,0.26523566,0.03376176,0.04
718,-24.400051,0.6157492,2.6014173,0.04546146,0.26279902,0.037529673,0.04
719,-24.40805,0.6390222,2.2634428,0.06584154,0.2667203,0.03654691,0.04
720,-24.395037,0.62129515,2.9772515,0.06589935,0.26094648,0.03267925,0.04
721,-24.4103,0.64064085,1.9716241,0.05491155,0.2668886,0.037781652,0.04
722,-24.399378,0.6190191,3.1110568,0.07035611,0.25984907,0.036748532,0.04
723,-24.409523,0.62857187,2.8594441,0.055378277,0.26602018,0.038734846,0.04
724,-24.406729,0.6507526,2.9614763,0.06394181,0.2684873,0.03443045,0.04
725,-24.408934,0.63180894,2.5416594,0.049594138,0.26776475,0.032933775,0.04
726,-24.385082,0.6105261,4.0924125,0.036081173,0.2631979,0.037356332,0.04
727,-24.393414,0.6144419,3.0610042,0.04196125,0.261689,0.032860525,0.04
728,-24.385977,0.6129255,3.5064714,0.04500801,0.25731376,0.03358131,0.04
729,-24.392776,0.6456552,3.1131666,0.059625413,0.26961356,0.034474608,0.04
730,-24.407246,0.6186034,2.483525,0.0952644,0.25788024,0.03512559,0.04
731,-24.418669,0.6410394,2.1561668,0.049601085,0.26611906,0.03820504,0.04
732,-24.392065,0.6060175,3.407325,0.07249383,0.25602323,0.03644473,0.04
733,-24.363277,0.6101257,3.848458,0.08092022,0.2500531,0.06970425,0.04
734,-24.410078,0.5971052,2.3827736,0.06134153,0.25048417,0.031125305,0.04
735,-24.403105,0.62436277,2.2962117,0.06437131,0.260415,0.032954533,0.04
736,-24.416706,0.59545654,2.1884825,0.05775488,0.24892077,0.033788417,0.04
737,-24.39834,0.5957618,2.9032626,0.05080153,0.2503378,0.028941859,0.04
738,-24.391594,0.5795303,3.5170698,0.052343104,0.26000285,0.03460026,0.04
739,-24.390762,0.5996344,3.448186,0.0637001,0.25138342,0.03932106,0.04
740,-24.402237,0.5899202,2.797945,0.03616838,0.24680792,0.035480745,0.04
741,-24.379309,0.60510164,2.8630793,0.07660764,0.2520236,0.032328878,0.04
742,-24.41811,0.5910229,2.5614498,0.069722496,0.24463938,0.02796949,0.04
743,-24.411964,0.60420406,2.1835768,0.038713727,0.25668654,0.02873009,0.04
744,-24.403727,0.5781151,2.6448638,0.09097548,0.24891719,0.05877738,0.04
745,-24.38559,0.5944604,3.6815279,0.09694931,0.25054416,0.041829277,0.04
746,-24.423155,0.56949157,2.0588784,0.06487448,0.25277618,0.032399375,0.04
747,-24.397604,0.5656291,3.3456235,0.059172552,0.26457417,0.046950825,0.04
748,-24.416718,0.5838563,2.5304692,0.058712088,0.26979664,0.032876007,0.04
749,-24.409458,0.58292633,2.6162283,0.06969061,0.24471049,0.037759077,0.04
750,-24.39109,0.6122282,3.0837123,0.080441475,0.25768837,0.03385603,0.04
751,-24.395912,0.614329,3.2405531,0.059647568,0.29563606,0.030452637,0.04
752,-24.37737,0.59665924,3.034848,0.052968934,0.25003955,0.035446957,0.04
753,-24.403053,0.58974856,3.1283884,0.07865621,0.24404532,0.03445636,0.04
754,-24.40077,0.59703255,2.56493,0.053245336,0.25079286,0.034911916,0.04
755,-24.39846,0.60152227,2.937125,0.06333497,0.36582598,0.034311753,0.04
756,-24.430805,0.5921638,1.8382332,0.041147444,0.24500215,0.03350507,0.04
757,-24.381641,0.5813307,3.3620417,0.03719537,0.23512177,0.029505331,0.04
758,-24.400412,0.58854574,3.275666,0.05613331,0.24595563,0.033381447,0.04
759,-24.409168,0.58834577,2.217538,0.08205941,0.24678785,0.030636953,0.04
760,-24.409,0.58758473,2.4071567,0.068980195,0.24564327,0.032745477,0.04
761,-24.42976,0.5835179,1.6765517,0.07659669,0.24715105,0.032739066,0.04
762,-24.432344,0.57822716,2.2206256,0.050464746,0.24024066,0.032974716,0.04
763,-24.415617,0.58724266,2.1120305,0.060317952,0.25546935,0.030421909,0.04
764,-24.421272,0.56337893,1.6200411,0.052142862,0.23490709,0.032539282,0.04
765,-24.38396,0.59539074,3.2960694,0.044619266,0.29111317,0.02835247,0.04
766,-24.426556,0.5507539,1.7577523,0.050301857,0.26162887,0.042200115,0.04
767,-24.417793,0.58402175,2.4062202,0.045525063,0.26548812,0.031816807,0.04
768,-24.410011,0.5987113,2.5527658,0.05612883,0.2810631,0.040351164,0.04
769,-24.409876,0.56833744,2.4628184,0.06437354,0.41745308,0.03183641,0.04
770,-24.39757,0.56958675,3.1207201,0.04680289,0.55596626,0.033067513,0.04
771,-24.413567,0.57357764,2.5501142,0.076266564,0.23570159,0.028872687,0.04
772,-24.4022,0.58147,2.7718456,0.06862343,0.24991827,0.033173423,0.04
773,-24.393953,0.5695113,3.134794,0.047307424,0.24170846,0.032541886,0.04
774,-24.407408,0.5654164,1.8859912,0.056568887,0.23797566,0.035501417,0.04
775,-24.38226,0.5731377,3.3609834,0.07920329,0.23882817,0.038754698,0.04
776,-24.391764,0.58504134,2.7076504,0.054669555,0.24341339,0.030554058,0.04
777,-24.404324,0.5739695,3.1919875,0.053949878,0.241195,0.030206801,0.04
778,-24.41392,0.5553073,2.5380719,0.040485464,0.23147492,0.028828833,0.04
779,-24.405067,0.5894706,2.5657578,0.047621332,0.2471884,0.026243776,0.04
780,-24.424837,0.53356767,1.771857,0.080013566,0.23054902,0.034463495,0.04
781,-24.405775,0.54714847,2.4643147,0.052246533,0.22572608,0.030641086,0.04
782,-24.386927,0.56778085,2.9291306,0.042854253,0.23762774,0.029957216,0.04
783,-24.401989,0.5679945,2.6633868,0.067141846,0.23491243,0.039907694,0.04
784,-24.403458,0.55531794,2.4652104,0.051466066,0.46115637,0.031315852,0.04
785,-24.437515,0.5710952,1.4981354,0.07295312,0.24143426,0.031496175,0.04
786,-24.428452,0.58881265,2.256933,0.041315198,0.2495895,0.032112196,0.04
787,-24.403648,0.57705873,2.5733016,0.050302815,0.24365662,0.026975418,0.04
788,-24.40656,0.5368947,3.148277,0.06787245,0.23849452,0.035887692,0.04
789,-24.4263,0.5347321,1.9429023,0.053766485,0.5751085,0.03679122,0.04
790,-24.406727,0.56213546,2.8687341,0.03242013,0.27606097,0.031180091,0.04
791,-24.40502,0.5753716,2.6263344,0.04559301,0.23868442,0.029332621,0.04
792,-24.394419,0.56602204,2.6743968,0.041827496,0.23680978,0.036366265,0.04
793,-24.423258,0.56658876,1.7376019,0.08666848,0.44207326,0.03241357,0.04
794,-24.37706,0.5465421,3.628571,0.07123248,0.23034401,0.034009434,0.04
795,-24.433558,0.560074,1.5091815,0.049325153,0.23550566,0.061317943,0.04
796,-24.398087,0.5535458,2.8158317,0.06019798,0.22811522,0.034668323,0.04
797,-24.429605,0.54969627,1.8936076,0.048082937,0.2272537,0.033050586,0.04
798,-24.411304,0.558258,2.3440702,0.07531319,0.26354253,0.063465096,0.04
799,-24.386574,0.5673888,2.7555175,0.07029333,0.23782727,0.034471855,0.04
800,-24.40594,0.5817344,2.667709,0.06213067,0.24848163,0.03201518,0.04
801,-24.383375,0.56093204,3.3207676,0.051903877,0.23578909,0.031959083,0.04
802,-24.392822,0.51715136,2.4432828,0.05397863,0.21424954,0.033146173,0.04
803,-24.405474,0.54307437,3.1099498,0.050667226,0.23798269,0.033130642,0.04
804,-24.404255,0.55540013,1.9855984,0.0774611,0.23278347,0.03558577,0.04
805,-24.409468,0.5442858,2.6990879,0.046724606,0.22100514,0.031702843,0.04
806,-24.414698,0.5427443,2.0557082,0.059826028,0.22777094,0.031369273,0.04
807,-24.396816,0.54770106,2.767956,0.048738126,0.22876132,0.037319798,0.04
808,-24.384024,0.53453207,3.2951598,0.062608115,0.22663994,0.028660063,0.04
809,-24.42423,0.54303384,2.0262375,0.07607048,0.22904311,0.035393573,0.04
810,-24.395227,0.5518387,2.8369005,0.046890132,0.23007138,0.04099225,0.04
811,-24.39269,0.5240649,2.8574188,0.05128853,0.22174649,0.031372473,0.04
812,-24.395496,0.53781515,2.5614953,0.049779695,0.23286949,0.032315418,0.04
813,-24.396091,0.5540929,2.8430808,0.030478122,0.27273825,0.02982052,0.04
814,-24.422207,0.5496254,1.9094149,0.070858434,0.22746879,0.028335147,0.04
815,-24.417688,0.5301516,1.8920147,0.03842729,0.22172041,0.034392096,0.04
816,-24.411392,0.5510835,2.2345564,0.06226718,0.22958188,0.027171865,0.04
817,-24.400156,0.56012315,2.624708,0.058981456,0.23007272,0.02743772,0.04
818,-24.42674,0.54743946,1.7693741,0.068939775,0.35167792,0.029555911,0.04
819,-24.43652,0.53897595,2.0543897,0.05417058,0.41783997,0.031385325,0.04
820,-24.397558,0.54265547,2.4376807,0.071737885,0.22392236,0.030497326,0.04
821,-24.393137,0.54137397,3.0946057,0.08275681,0.22848363,0.030180383,0.04
822,-24.401499,0.5305514,2.9692144,0.055634964,0.94521034,0.027361954,0.04
823,-24.424433,0.5553034,1.7292966,0.04745234,0.23456243,0.028758142,0.04
824,-24.409555,0.5350378,2.0584083,0.05154314,0.22041723,0.028029343,0.04
825,-24.418114,0.5302099,1.980426,0.045258388,0.23283663,0.031897742,0.04
826,-24.405807,0.5390621,2.2853343,0.04928901,0.22961897,0.03404154,0.04
827,-24.430586,0.5802353,2.2592387,0.10248561,0.249075,0.030618532,0.04
828,-24.422771,0.536608,1.8866519,0.05178587,0.22152026,0.02851536,0.04
829,-24.397457,0.541155,2.8233523,0.07038089,0.22579142,0.027104488,0.04
830,-24.391443,0.5279262,3.0314825,0.038875505,0.22224863,0.03124395,0.04
831,-24.399591,0.56023455,2.1804821,0.07880788,0.23409493,0.06378518,0.04
832,-24.40337,0.51560575,2.2468839,0.0556863,0.5723921,0.040380288,0.04
833,-24.399345,0.53087986,2.4465187,0.069994956,0.22121255,0.034160666,0.04
834,-24.410408,0.5488973,2.5421014,0.07361588,0.23659465,0.026677355,0.04
835,-24.430738,0.55697584,1.5802748,0.08660423,0.23508878,0.04675642,0.04
836,-24.4085,0.5192786,2.5010028,0.07744617,0.21725413,0.034843564,0.04
837,-24.409712,0.53490174,2.5171282,0.062093217,0.24761872,0.03070038,0.04
838,-24.41184,0.5479053,2.715037,0.062486403,0.2360909,0.027695026,0.04
839,-24.397554,0.5537107,2.564273,0.062060118,0.23075056,0.035307217,0.04
840,-24.403465,0.5333001,2.1784418,0.049214717,0.21963862,0.030959424,0.04
841,-24.419567,0.52979815,2.0081582,0.06339553,0.22190516,0.030605303,0.04
842,-24.40805,0.51720357,2.280955,0.043275677,0.21307926,0.031366054,0.04
843,-24.397242,0.54525506,2.6927752,0.057001874,0.26913363,0.029655112,0.04
844,-24.414806,0.52915746,1.9164617,0.05259358,0.21922776,0.030952742,0.04
845,-24.40259,0.49464983,2.5468256,0.073334664,0.20780076,0.032321468,0.04
846,-24.421019,0.5200221,1.5982509,0.04435955,0.21780615,0.02811396,0.04
847,-24.415918,0.51952064,2.2702303,0.03865297,0.22315696,0.030349813,0.04
848,-24.385656,0.5395941,3.6669602,0.06213046,0.2767126,0.043861385,0.04
849,-24.385944,0.53332186,3.3422036,0.06512353,0.22120434,0.036720496,0.04
850,-24.40027,0.5057341,2.2096372,0.055202343,0.6803006,0.02864253,0.04
851,-24.396078,0.5196149,3.2124507,0.04785573,0.2884134,0.033750035,0.04
852,-24.41017,0.528128,2.340986,0.054678686,0.22215204,0.026127627,0.04
853,-24.416042,0.5267873,1.631054,0.04021804,0.23355582,0.029492076,0.04
854,-24.413746,0.5268811,2.3922722,0.041616954,0.21939237,0.028744766,0.04
855,-24.404491,0.5349309,2.151117,0.06866061,0.22411464,0.025179114,0.04
856,-24.421133,0.521125,2.2972152,0.08334376,0.21497197,0.03621391,0.04
857,-24.38878,0.5124346,2.9399836,0.07005593,0.48206797,0.033038035,0.04
858,-24.405596,0.5158701,2.055332,0.059248284,0.23957519,0.03346873,0.04
859,-24.413168,0.51877904,2.3486536,0.07714417,0.2173432,0.08152248,0.04
860,-24.4222,0.5083316,1.8736961,0.063441336,0.20994103,0.03434531,0.04
861,-24.431187,0.5317531,1.6950299,0.06574066,0.22405925,0.033430178,0.04
862,-24.391895,0.53990954,2.5988514,0.046768386,0.22159003,0.030699018,0.04
863,-24.423191,0.49372923,1.9635515,0.057895757,0.2022413,0.030446531,0.04
864,-24.416302,0.51603204,2.3157942,0.03977035,0.2057727,0.02851237,0.04
865,-24.425173,0.5149955,1.3797896,0.066912934,0.21434915,0.029596174,0.04
866,-24.402441,0.52346003,2.3921547,0.045048624,0.21904679,0.033978995,0.04
867,-24.423288,0.5215977,1.7255478,0.06300681,0.22717948,0.034240544,0.04
868,-24.399868,0.51357985,2.1695619,0.055328958,0.2234906,0.027602226,0.04
869,-24.392609,0.5059312,2.8797748,0.062009033,0.20809776,0.031249847,0.04
870,-24.408747,0.51567864,1.7308806,0.06263985,0.2157727,0.03942137,0.04
871,-24.398874,0.49567884,2.22518,0.05180653,0.20426822,0.032903664,0.04
872,-24.406448,0.5415239,2.1877031,0.04011151,0.22956388,0.02839346,0.04
873,-24.40905,0.5143181,2.5840077,0.043508265,0.21169615,0.032450143,0.04
874,-24.401268,0.51210916,2.098342,0.06522712,0.21760464,0.032039676,0.04
875,-24.405132,0.5299174,2.500702,0.04162968,0.24120471,0.02714678,0.04
876,-24.403292,0.5239275,2.0830321,0.048158925,0.31502363,0.024521124,0.04
877,-24.422445,0.5254219,1.7396601,0.061836325,0.21809115,0.027911097,0.04
878,-24.400055,0.49161357,1.8523475,0.056027338,0.82454413,0.026069049,0.04
879,-24.416243,0.5225847,2.0217733,0.05121495,0.32778046,0.030221226,0.04
880,-24.413065,0.50916916,1.8072778,0.045676347,0.2078912,0.029874919,0.04
881,-24.414173,0.5012102,1.8846412,0.06493561,0.20672214,0.028100384,0.04
882,-24.433043,0.5265551,1.939192,0.0341011,0.33767888,0.03298293,0.04
883,-24.438494,0.49662915,1.1056794,0.046963472,0.20397219,0.028865315,0.04
884,-24.401463,0.5077308,2.1821165,0.049382865,0.2581388,0.03039338,0.04
885,-24.413555,0.48008978,2.239407,0.0646638,0.25226295,0.030192323,0.04
886,-24.417028,0.5133552,2.0336242,0.07307684,0.5430363,0.03151817,0.04
887,-24.402918,0.49157608,2.1333795,0.07542717,0.20431195,0.033196103,0.04
888,-24.406736,0.49469042,2.388162,0.02959363,0.21005337,0.030721681,0.04
889,-24.405155,0.5146502,2.194257,0.046548367,0.66497105,0.029712047,0.04
890,-24.40475,0.49410573,1.7760911,0.067298375,0.20959324,0.029685868,0.04
891,-24.421236,0.5226447,1.6738974,0.053666398,0.35990235,0.03713145,0.04
892,-24.418062,0.50479406,2.1511464,0.049087886,0.21113431,0.045520976,0.04
893,-24.418655,0.5213012,1.7944747,0.050108973,0.35098794,0.03274801,0.04
894,-24.40146,0.5015416,2.5011873,0.042633727,0.21722282,0.025942206,0.04
895,-24.440117,0.5033995,1.447344,0.057079162,0.20859624,0.031672318,0.04
896,-24.420198,0.4931977,2.0391703,0.05177264,0.20542237,0.026692184,0.04
897,-24.388496,0.5288781,2.9904685,0.047741618,0.22433971,0.02812243,0.04
898,-24.412107,0.52598697,2.0639257,0.050355934,0.21989708,0.031077785,0.04
899,-24.421633,0.52958196,1.6856396,0.05442258,0.22839642,0.0345828,0.04
900,-24.435644,0.49987677,1.3509151,0.04503739,0.21008545,0.032092422,0.04
901,-24.417933,0.5119808,2.143246,0.05909549,0.21182764,0.025290783,0.04
902,-24.406075,0.4818303,1.9866068,0.044956967,0.21888706,0.023738205,0.04
903,-24.425312,0.4943916,1.6863875,0.060011614,0.21112594,0.028713236,0.04
904,-24.42454,0.5031027,1.8218467,0.06822587,0.20785266,0.040435843,0.04
905,-24.423061,0.5114255,1.6620996,0.04144076,0.21658099,0.029680036,0.04
906,-24.410328,0.4857715,2.326412,0.056359958,0.20221722,0.027761467,0.04
907,-24.412464,0.48954755,1.8315583,0.051605854,0.2079756,0.033068024,0.04
908,-24.40695,0.49448258,2.5227506,0.038500324,0.23763685,0.027067939,0.04
909,-24.394487,0.5253292,1.9616449,0.056801192,0.24895908,0.029289491,0.04
910,-24.424019,0.49537948,1.5074155,0.047596626,0.21034008,0.030303346,0.04
911,-24.39994,0.48906243,2.0080554,0.04753082,0.21102613,0.030474838,0.04
912,-24.413609,0.5032325,1.6924354,0.06346593,0.2314499,0.028824449,0.04
913,-24.417059,0.49129206,1.55885,0.04263666,0.21793815,0.025687907,0.04
914,-24.399656,0.50517607,2.2501812,0.04815801,0.22053258,0.035060424,0.04
915,-24.41156,0.4807067,1.9726422,0.051881544,0.19962147,0.030143753,0.04
916,-24.410273,0.48955265,2.0728111,0.070657894,0.22076003,0.031993974,0.04
917,-24.436941,0.4980228,1.3588523,0.047665093,0.20506458,0.028443499,0.04
918,-24.422949,0.5049389,1.854063,0.071864106,0.7266612,0.035009358,0.04
919,-24.414524,0.5082137,1.8159381,0.04542424,0.2090016,0.03101394,0.04
920,-24.437752,0.48998156,1.007491,0.038568765,0.20348267,0.027744953,0.04
921,-24.407646,0.5240367,1.5796274,0.061162606,0.21877855,0.027563645,0.04
922,-24.432804,0.47805807,1.3779906,0.037287846,0.19845062,0.028845724,0.04
923,-24.394194,0.5126226,2.2889135,0.08950145,0.23062335,0.029552791,0.04
924,-24.405067,0.4705406,2.043613,0.040050533,0.22954871,0.027548196,0.04
925,-24.416176,0.46314403,1.8547769,0.07695771,0.19080395,0.028075868,0.04
926,-24.406555,0.49302298,2.2007473,0.04922828,0.20294681,0.023813333,0.04
927,-24.394625,0.5067718,2.0863812,0.036207,0.20913485,0.029577417,0.04
928,-24.410145,0.5074913,2.1418495,0.043427765,0.21538189,0.024441762,0.04
929,-24.413803,0.5008867,1.6852832,0.033182345,0.23308557,0.025510842,0.04
930,-24.415668,0.46541107,1.6832842,0.04731724,0.19652699,0.025933105,0.04
931,-24.406752,0.49906877,2.241826,0.06425867,0.20310259,0.029669505,0.04
932,-24.415997,0.49541253,2.067429,0.046721894,0.20895056,0.027728373,0.04
933,-24.428316,0.48151076,1.0892138,0.052464556,0.25320542,0.029331686,0.04
934,-24.411278,0.47353142,1.8419645,0.057413157,0.19495687,0.027125256,0.04
935,-24.418907,0.5173702,1.5314622,0.04984289,0.38568223,0.0474863,0.04
936,-24.415762,0.48208383,1.5698485,0.06355848,0.20016852,0.035269443,0.04
937,-24.423817,0.49294445,1.2632194,0.050003372,0.21785188,0.03006805,0.04
938,-24.420229,0.48586643,1.6311443,0.040303998,0.2018737,0.02775109,0.04
939,-24.423399,0.48054916,1.9615531,0.053964473,0.20022665,0.031755753,0.04
940,-24.426796,0.49681357,1.5389398,0.04389978,0.21099646,0.02792456,0.04
941,-24.401466,0.46005076,2.420665,0.054204356,0.1922334,0.03247926,0.04
942,-24.426394,0.461401,1.6237562,0.046226613,0.19462915,0.031830046,0.04
943,-24.406725,0.49089357,2.3734238,0.047156252,0.20421514,0.028717877,0.04
944,-24.42839,0.49324358,1.345885,0.02612094,0.21340859,0.026699811,0.04
945,-24.419836,0.5070645,1.8224895,0.0583907,0.28683347,0.030051637,0.04
946,-24.420225,0.48227817,1.5314145,0.058604863,0.20390004,0.027364448,0.04
947,-24.40586,0.47640517,1.9437418,0.04071337,0.20042011,0.029892128,0.04
948,-24.409235,0.48245347,1.7473354,0.057235412,0.20282114,0.03446863,0.04
949,-24.42054,0.4974396,1.1022258,0.044306505,0.20916608,0.029771065,0.04
950,-24.406101,0.48784974,1.6623507,0.04565368,0.24008125,0.043840982,0.04
951,-24.421677,0.47952652,1.3499159,0.05808551,0.19995323,0.032702405,0.04
952,-24.426464,0.50607747,1.3876232,0.047540937,0.2149986,0.029318886,0.04
953,-24.411453,0.4819788,1.7370751,0.046992414,0.19815971,0.029925002,0.04
954,-24.418629,0.48129928,2.080503,0.05306358,0.1982636,0.031074816,0.04
955,-24.396883,0.47851902,2.1283476,0.071079895,0.19933955,0.028057208,0.04
956,-24.41891,0.494721,1.6428453,0.053286184,0.38839892,0.029455407,0.04
957,-24.418505,0.4940764,1.6571176,0.03037094,0.20452008,0.027293503,0.04
958,-24.402023,0.49592468,2.4259505,0.034069326,0.2051367,0.026118698,0.04
959,-24.415777,0.49293983,1.9290797,0.110734135,0.20225097,0.097602755,0.04
960,-24.416525,0.47346145,1.8718829,0.07516475,0.19925609,0.032715574,0.04
961,-24.401718,0.46911952,1.8368194,0.062305834,0.195082,0.030070884,0.04
962,-24.424606,0.4652523,1.5360583,0.0635665,0.1901235,0.029430881,0.04
963,-24.421112,0.48649043,1.4348615,0.079628535,0.20089492,0.07176946,0.04
964,-24.393808,0.4783247,2.5162392,0.057707697,0.21055055,0.030978242,0.04
965,-24.430319,0.48371348,1.2174352,0.06273822,0.2083792,0.028330032,0.04
966,-24.416773,0.47497568,1.29332,0.03635619,1.5748934,0.03393042,0.04
967,-24.421608,0.49365327,1.615682,0.03921619,0.21817379,0.026392149,0.04
968,-24.424805,0.4659111,1.2288066,0.05420531,0.2021187,0.028582595,0.04
969,-24.400043,0.47967857,2.3392024,0.045174994,0.19380815,0.024254018,0.04
970,-24.43498,0.4948157,1.6406202,0.05402609,0.20529066,0.026750673,0.04
971,-24.427315,0.49499106,1.4925636,0.046065856,0.20653069,0.026198808,0.04
972,-24.430807,0.49403897,1.3749633,0.041309763,0.27522278,0.028527405,0.04
973,-24.416992,0.4682009,2.248693,0.037956856,0.49964494,0.028692981,0.04
974,-24.412384,0.49171484,1.8175757,0.049694434,0.20809835,0.029970473,0.04
975,-24.417368,0.49292243,1.7797424,0.050028216,0.20576937,0.029416496,0.04
976,-24.419333,0.50044113,2.0085955,0.03698155,0.20076549,0.026203224,0.04
977,-24.412403,0.4818183,1.9665047,0.06397983,0.19886541,0.032587763,0.04
978,-24.417183,0.47255486,1.6062056,0.07122045,0.19775012,0.024787052,0.04
979,-24.408041,0.4812382,1.9366703,0.04611622,0.19901742,0.027393445,0.04
980,-24.411896,0.46985525,2.0089037,0.037088465,0.19593625,0.026429314,0.04
981,-24.43814,0.46760026,1.1508844,0.036529742,0.24057424,0.025627373,0.04
982,-24.440023,0.46170223,1.0193764,0.03281626,0.19744885,0.03638871,0.04
983,-24.428226,0.48377237,1.5848874,0.05654093,0.2080991,0.028385,0.04
984,-24.40231,0.46177357,2.2537792,0.05299499,1.2957011,0.031270836,0.04
985,-24.426407,0.49086404,1.4452484,0.04760574,0.207343,0.027238272,0.04
986,-24.407398,0.49704832,1.9768026,0.055886857,0.64844596,0.023978552,0.04
987,-24.39717,0.46841022,2.3876495,0.06460005,0.19177529,0.023305453,0.04
988,-24.427351,0.482086,1.1247768,0.061618786,0.22033678,0.036300857,0.04
989,-24.41157,0.4572779,2.031057,0.073690616,0.73827386,0.031066228,0.04
990,-24.426441,0.4667084,1.2835352,0.056445155,0.18974686,0.028441075,0.04
991,-24.408945,0.45938182,2.3895857,0.03894963,0.20520137,0.02479362,0.04
992,-24.416933,0.4682651,2.207008,0.03221853,0.19041303,0.027921366,0.04
993,-24.415524,0.443142,1.8785157,0.050787445,0.18172723,0.023841092,0.04
994,-24.409037,0.47382343,2.4712963,0.04285361,0.19360666,0.026355341,0.04
995,-24.429232,0.4761806,1.1316279,0.034007434,0.19899777,0.022675017,0.04
996,-24.415873,0.4677498,1.431657,0.047465626,0.21435337,0.027576605,0.04
997,-24.41984,0.45975348,1.8262019,0.04258465,0.19816008,0.027909894,0.04
998,-24.439352,0.470408,1.1427051,0.037054047,0.19696209,0.029061425,0.04
999,-24.424942,0.47512892,1.3617502,0.05322507,0.1907197,0.024058081,0.04
1000,-24.418154,0.4706558,1.3178945,0.055122927,0.19601084,0.025423737,0.04
1001,-24.428696,0.45431998,1.403085,0.061794743,0.18700561,0.028447522,0.04
1002,-24.416914,0.4691326,1.8016627,0.046516906,0.19727798,0.028527753,0.04
1003,-24.403933,0.4489344,2.1290307,0.03823331,0.18211912,0.025686182,0.04
1004,-24.42029,0.44917193,1.4019744,0.040546365,0.1850059,0.02793092,0.04
1005,-24.411596,0.44442835,1.8949778,0.037687264,0.18088228,0.02897548,0.04
1006,-24.409367,0.45349336,1.8113558,0.04168935,0.1969246,0.028766701,0.04
1007,-24.413754,0.4649024,1.750077,0.039713684,0.19042908,0.029953578,0.04
1008,-24.43429,0.45406657,1.1088555,0.06542761,0.19899294,0.032696918,0.04
1009,-24.413517,0.4530481,1.7579845,0.07192619,0.18251184,0.02939411,0.04
1010,-24.429785,0.45346904,1.0770023,0.063250184,0.68230855,0.028473346,0.04
1011,-24.42329,0.459604,1.7681689,0.04596585,0.2106908,0.0256399,0.04
1012,-24.416838,0.47666964,1.5683756,0.034120753,0.21342528,0.03738934,0.04
1013,-24.41487,0.4747849,1.8471354,0.0522957,0.19238544,0.02516065,0.04
1014,-24.419222,0.48046276,1.6692011,0.041745476,0.20065697,0.029146628,0.04
1015,-24.428059,0.46426857,1.3779346,0.06972957,0.21013728,0.027917424,0.04
1016,-24.41296,0.45738178,1.8667512,0.05905279,0.18669996,0.027524358,0.04
1017,-24.422077,0.4951979,1.4948775,0.04360053,0.19840857,0.027320636,0.04
1018,-24.406393,0.45784822,1.6642139,0.035952013,0.21249168,0.027273685,0.04
1019,-24.428558,0.4512295,1.2194835,0.0508496,0.18205033,0.03385431,0.04
1020,-24.41735,0.46073616,1.4521221,0.03608432,0.29375604,0.024131784,0.04
1021,-24.4146,0.4483922,1.3762984,0.0676953,0.18217249,0.031922583,0.04
1022,-24.430817,0.4467041,1.1371156,0.05077791,0.18216713,0.029801063,0.04
1023,-24.410103,0.45703092,1.6946533,0.044430472,0.19097163,0.02762436,0.04
1024,-24.417303,0.46332875,1.3654431,0.041960914,0.18811208,0.03242282,0.04
1025,-24.423403,0.47036996,1.1052154,0.052808512,0.19281873,0.029100278,0.04
1026,-24.422354,0.43995705,1.158708,0.05849702,0.2612828,0.027452782,0.04
1027,-24.417963,0.43515685,1.5950236,0.06164823,0.1764912,0.039197527,0.04
1028,-24.417906,0.43623936,1.6995864,0.055042874,0.18030913,0.032952443,0.04
1029,-24.413977,0.4568824,1.8017509,0.06489644,0.37031525,0.04363588,0.04
1030,-24.411669,0.43672755,1.8664793,0.0494984,0.1807285,0.028899815,0.04
1031,-24.411158,0.461687,1.8462486,0.048638355,0.21469094,0.02566857,0.04
1032,-24.407644,0.44616073,1.832365,0.052840084,0.19233862,0.025007047,0.04
1033,-24.414774,0.44264963,1.6445296,0.03949325,0.17607518,0.027045827,0.04
1034,-24.436707,0.44347927,0.92613506,0.028875569,0.18350726,0.026210776,0.04
1035,-24.397503,0.43944964,2.6169276,0.052495044,0.17722349,0.030304113,0.04
1036,-24.419199,0.46001044,1.7724417,0.028475871,0.18914638,0.02442118,0.04
1037,-24.40785,0.4293531,1.8120632,0.029908594,0.17572236,0.022636937,0.04
1038,-24.41595,0.44485846,1.8056267,0.047959715,0.18081288,0.027706737,0.04
1039,-24.417297,0.44494513,1.346563,0.030736448,0.17943266,0.022774108,0.04
1040,-24.41963,0.44414422,1.5115552,0.04278085,0.18318701,0.023612894,0.04
1041,-24.436087,0.45999607,1.2217144,0.041705556,0.45808968,0.023534289,0.04
1042,-24.425371,0.45601678,0.946509,0.039558038,0.18269642,0.030916085,0.04
1043,-24.4149,0.4615272,1.4674162,0.0610352,0.20845018,0.024098536,0.04
1044,-24.433517,0.45808944,1.2101394,0.06922261,0.18839665,0.046084583,0.04
1045,-24.403517,0.4440787,2.2685227,0.04914869,0.19754739,0.03249176,0.04
1046,-24.43236,0.46030763,1.0000349,0.04983967,0.26769343,0.027957976,0.04
1047,-24.421566,0.44180688,1.3733511,0.041671567,0.18270372,0.025889464,0.04
1048,-24.426981,0.44031376,1.2229103,0.043614827,0.17672953,0.0289823,0.04
1049,-24.42744,0.46799904,1.1435319,0.042285386,0.1901721,0.026114622,0.04
1050,-24.42175,0.44287568,1.5221753,0.048703168,0.18107773,0.025573086,0.04
1051,-24.414015,0.46566898,1.7786194,0.04437125,0.18683842,0.026675895,0.04
1052,-24.407015,0.47242144,2.055467,0.051069703,0.1933547,0.024742624,0.04
1053,-24.418283,0.45022666,1.7126565,0.041901655,0.18103348,0.023449028,0.04
1054,-24.41793,0.43885532,1.5426724,0.039867956,0.2587954,0.026268363,0.04
1055,-24.414635,0.43054822,1.5881616,0.048307814,0.20825301,0.02736712,0.04
1056,-24.414598,0.4367502,1.4941127,0.09534791,0.17599899,0.04222158,0.04
1057,-24.417236,0.4459615,1.4299324,0.037264243,0.18345428,0.023713084,0.04
1058,-24.425085,0.44458023,1.4842939,0.04052442,0.18414341,0.02441393,0.04
1059,-24.414623,0.45551026,1.3278178,0.061605446,0.1896073,0.02560071,0.04
1060,-24.427446,0.44586992,1.4049687,0.032854583,0.20565745,0.024550572,0.04
1061,-24.411993,0.44695395,1.7541314,0.037835933,0.32465553,0.028136265,0.04
1062,-24.411741,0.48106393,1.6034857,0.039372645,0.19576485,0.026189856,0.04
1063,-24.412676,0.445557,1.8158045,0.042911187,0.2987848,0.03890509,0.04
1064,-24.406801,0.44872978,2.2022367,0.04408936,0.17947526,0.027476046,0.04
1065,-24.42315,0.43140253,1.4363364,0.06356431,0.17194428,0.025777146,0.04
1066,-24.410065,0.4401048,1.5492384,0.033855632,0.17699443,0.029697027,0.04
1067,-24.442791,0.44600567,0.6645884,0.052656576,0.18100795,0.026169641,0.04
1068,-24.415375,0.43267232,1.702482,0.048201695,0.17719346,0.026628071,0.04
1069,-24.425789,0.42600712,1.2002853,0.06202427,0.26638842,0.027907183,0.04
1070,-24.4166,0.44575554,1.5192585,0.05358705,0.18354666,0.027857136,0.04
1071,-24.415508,0.445451,1.5264684,0.04412276,0.30094317,0.029769296,0.04
1072,-24.402514,0.46713457,1.7535639,0.06484549,0.1926048,0.02751329,0.04
1073,-24.420753,0.427798,1.155714,0.030131659,0.17166837,0.024732668,0.04
1074,-24.415674,0.43901557,1.4561181,0.031154864,0.18056826,0.022500832,0.04
1075,-24.416769,0.4325933,1.6329919,0.058366846,0.21160212,0.029190361,0.04
1076,-24.419825,0.45184913,1.5939071,0.052112248,0.22880031,0.027553335,0.04
1077,-24.421785,0.44356185,1.2923995,0.048938025,0.18275654,0.023106428,0.04
1078,-24.42428,0.4584618,1.4352276,0.06847529,0.18729278,0.027164312,0.04
1079,-24.420628,0.4368831,1.5735937,0.0366604,0.17957316,0.023111638,0.04
1080,-24.429182,0.4444603,0.9126496,0.05993046,0.18011953,0.042682346,0.04
1081,-24.409496,0.42866063,1.5078053,0.051868014,0.23939444,0.025072677,0.04
1082,-24.439415,0.45959195,0.7362396,0.046855528,0.18394971,0.029881276,0.04
1083,-24.393906,0.4369058,2.128358,0.056176063,0.18272385,0.032848556,0.04
1084,-24.421719,0.44928467,1.3619301,0.032699972,0.19492225,0.035156928,0.04
1085,-24.404491,0.44279045,2.096225,0.032389563,0.1830359,0.02129238,0.04
1086,-24.41414,0.42362025,1.5166467,0.031723615,0.17440234,0.023579683,0.04
1087,-24.411993,0.46086535,1.7146015,0.047135625,0.18835011,0.02706869,0.04
1088,-24.412422,0.4141195,1.8881623,0.035121933,0.16914989,0.029075665,0.04
1089,-24.421574,0.43656927,1.5309255,0.044758875,0.18027967,0.024333892,0.04
1090,-24.411345,0.41179582,1.5272243,0.034412056,0.1789417,0.024982652,0.04
1091,-24.412384,0.43099946,1.4999876,0.06575402,0.17678791,0.027184043,0.04
1092,-24.412447,0.45416299,1.9044961,0.055140264,0.1943104,0.025996247,0.04
1093,-24.422684,0.43387192,1.3602146,0.041287895,0.17560694,0.027079996,0.04
1094,-24.420137,0.4398833,1.1644827,0.031690322,0.17912821,0.02236662,0.04
1095,-24.443401,0.44895488,0.50905806,0.05780968,0.18323824,0.031971604,0.04
1096,-24.42372,0.4313111,1.051822,0.03513416,0.17565607,0.025858348,0.04
1097,-24.432432,0.44689167,0.7855946,0.035734262,0.18569829,0.025184168,0.04
1098,-24.420988,0.4584347,1.6575361,0.06699958,0.18737558,0.02963118,0.04
1099,-24.412601,0.45224276,1.7908995,0.060528558,0.1851064,0.050564196,0.04
1100,-24.427156,0.44717613,1.136973,0.058991656,0.18387263,0.028486678,0.04
1101,-24.404377,0.4632381,1.6283342,0.061633386,0.18930414,0.040921666,0.04
1102,-24.423553,0.444385,1.0058154,0.03264194,0.18905771,0.025458675,0.04
1103,-24.420496,0.4319008,1.0427489,0.063601986,0.32777303,0.027751472,0.04
1104,-24.424269,0.42233914,1.3631572,0.048462335,0.17609358,0.026559805,0.04
1105,-24.423473,0.42571485,1.360876,0.043717187,0.17573674,0.026446914,0.04
1106,-24.413618,0.46620068,1.7812209,0.044081844,0.19604306,0.022887537,0.04
1107,-24.426601,0.43707907,1.0524735,0.036416277,0.17884877,0.024853095,0.04
1108,-24.420341,0.4212877,1.0327855,0.044286575,0.17160718,0.02643837,0.04
1109,-24.419033,0.44751173,1.2371202,0.046974007,0.18594055,0.02736667,0.04
1110,-24.435598,0.4419416,0.9743836,0.047644015,0.17805423,0.026769582,0.04
1111,-24.412006,0.42915648,1.6818674,0.043176558,0.17874317,0.027642228,0.04
1112,-24.419413,0.43968254,1.5208834,0.06771292,0.22401454,0.028077286,0.04
1113,-24.42955,0.42662272,0.9219226,0.04081561,0.17571865,0.028164618,0.04
1114,-24.411942,0.45607117,1.5995989,0.08368589,0.58081,0.052946217,0.04
1115,-24.436949,0.4428756,0.62531155,0.065924786,0.55390716,0.029998165,0.04
1116,-24.417873,0.43532407,1.2750144,0.06049942,0.20342879,0.026455842,0.04
1117,-24.429026,0.43556243,0.8823175,0.11643529,0.19325435,0.08136094,0.04
1118,-24.422842,0.42758355,1.5205241,0.044938333,0.29245573,0.02669488,0.04
1119,-24.43353,0.43283194,0.7053452,0.036450718,0.17699154,0.030311784,0.04
1120,-24.41139,0.43828472,1.750619,0.053959142,0.18285877,0.027203223,0.04
1121,-24.410458,0.4488998,1.4243895,0.031973533,0.18446827,0.025691474,0.04
1122,-24.425674,0.44118455,1.0804334,0.043199804,0.19605508,0.024461105,0.04
0,-24.4257,0.4405569,1.0803398,0.03836927,0.17508745,0.023004066,0.04
1,-24.417536,0.43462056,1.3469992,0.036062215,0.17731391,0.020995835,0.04
2,-24.427303,0.42084867,1.0462093,0.032841418,0.1738371,0.022867167,0.04
3,-24.418337,0.424901,1.4928709,0.045753125,0.17235555,0.027956232,0.04
4,-24.416128,0.40939948,1.6252768,0.02962662,0.16931331,0.018465426,0.04
5,-24.421284,0.4351684,1.1164899,0.020284059,0.17936383,0.01659987,0.04
6,-24.421585,0.445453,1.5681016,0.029719552,0.18113218,0.022171246,0.04
7,-24.42984,0.43992406,1.3612747,0.034739207,0.17914031,0.020160854,0.04
8,-24.396679,0.42016166,1.8867698,0.028865092,0.17134465,0.022877468,0.04
9,-24.422676,0.4215889,1.1038747,0.022530429,0.1737933,0.020315316,0.04
10,-24.415148,0.42729986,1.2207905,0.040684722,0.17286026,0.019296166,0.04
11,-24.425713,0.42809027,1.1343983,0.042664256,0.1751079,0.021945966,0.04
12,-24.433708,0.45249936,0.82202846,0.034058023,0.18738237,0.019633228,0.04
13,-24.42891,0.4233699,0.93071455,0.026049504,0.17355962,0.020837946,0.04
14,-24.41618,0.44816324,1.2529204,0.027243359,0.18466337,0.021200737,0.04
15,-24.41316,0.43693432,1.3634884,0.030804373,0.17781575,0.019193126,0.04
16,-24.415493,0.41935602,1.3474816,0.022441745,0.16852473,0.01950801,0.04
17,-24.41479,0.4219055,1.2400807,0.042150766,0.17121081,0.022081582,0.04
18,-24.425953,0.4103204,1.2367222,0.037617303,0.16670042,0.021888178,0.04
19,-24.422216,0.42578703,1.3936793,0.035277583,0.17083229,0.021750282,0.04
20,-24.424377,0.4056533,1.3955112,0.042804737,0.16599216,0.020675663,0.04
21,-24.418987,0.42449465,1.3209065,0.03468257,0.17382786,0.019562688,0.04
22,-24.422718,0.42110765,0.96670216,0.055083103,0.17382184,0.020018496,0.04
23,-24.422289,0.4358778,1.302478,0.048082482,0.17841749,0.020766303,0.04
24,-24.432104,0.426648,0.7059925,0.033607136,0.17328805,0.019858819,0.04
25,-24.427902,0.41174573,1.0922053,0.04809869,0.16917624,0.02201417,0.04
26,-24.402058,0.40161815,1.678582,0.037060793,0.16306812,0.021613898,0.04
27,-24.410843,0.4437522,1.6187841,0.027586062,0.18126298,0.016664505,0.04
28,-24.419357,0.4338239,1.3504734,0.031464644,0.17671455,0.024084462,0.04
29,-24.4045,0.4353862,1.6646003,0.036066923,0.17829339,0.02168611,0.04
30,-24.41213,0.40608957,1.592252,0.033807606,0.1640509,0.019144086,0.04
31,-24.419683,0.42364958,1.4671937,0.0229745,0.1759248,0.027112633,0.04
32,-24.422497,0.43085966,1.3866357,0.023944912,0.17667085,0.020421589,0.04
33,-24.428808,0.40766743,0.8564066,0.04708943,0.16805716,0.025553118,0.04
34,-24.422966,0.43377474,0.94271517,0.038795922,0.17807215,0.022485,0.04
35,-24.432487,0.41640952,0.8953876,0.041565575,0.16754608,0.027807137,0.04
36,-24.422644,0.42745167,0.8865183,0.033719756,0.17325976,0.019002957,0.04
37,-24.419878,0.41085622,1.4756751,0.040881537,0.16708954,0.020166637,0.04
38,-24.415295,0.41825932,1.397199,0.03519746,0.16997388,0.018709654,0.04
39,-24.4118,0.4423609,1.4885134,0.048775762,0.18054713,0.020226752,0.04
40,-24.419016,0.41716227,1.1732789,0.027682232,0.17426726,0.019493252,0.04
41,-24.420815,0.4040176,1.2512527,0.017226676,0.16367388,0.018233934,0.04
42,-24.414995,0.4217861,1.2794814,0.05993811,0.1707927,0.023155805,0.04
43,-24.421001,0.43769324,1.483318,0.06850663,0.17379768,0.06762102,0.04
44,-24.422075,0.41277897,1.1638598,0.062195815,0.16858551,0.021779975,0.04
45,-24.412102,0.4306266,1.175075,0.033525027,0.17211255,0.02106405,0.04
46,-24.430954,0.4150063,0.8528574,0.036287367,0.1689897,0.023332331,0.04
47,-24.431982,0.40785572,0.9572243,0.024878832,0.16867761,0.017974714,0.04
48,-24.422106,0.41763702,1.3978692,0.04713225,0.16964634,0.025532514,0.04
49,-24.431715,0.42002487,0.8456839,0.035435904,0.17129429,0.018678393,0.04
50,-24.422617,0.4013305,0.9359869,0.025212174,0.16271263,0.02121775,0.04
51,-24.42649,0.41612008,0.864809,0.042244103,0.16837965,0.024973849,0.04
52,-24.435356,0.40510154,0.7904185,0.03505358,0.1648917,0.028062267,0.04
53,-24.410938,0.41630846,1.6648536,0.026288081,0.17156613,0.018616263,0.04
54,-24.416988,0.4341693,1.2294607,0.028358547,0.17791146,0.024518704,0.04
55,-24.409098,0.42583635,1.5892712,0.021405403,0.17692645,0.020505369,0.04
56,-24.409021,0.4275114,1.6524048,0.03500709,0.17346828,0.021909392,0.04
57,-24.409515,0.40562344,1.3034936,0.034288026,0.16550004,0.019841177,0.04
58,-24.424168,0.4164763,1.3091415,0.028806414,0.17043659,0.018325051,0.04
59,-24.426079,0.42548156,0.97327495,0.04925034,0.1717398,0.021487616,0.04
60,-24.413223,0.42142248,1.5776628,0.031956296,0.17128888,0.016167616,0.04
61,-24.413176,0.4348531,1.5336767,0.03636785,0.17774175,0.028440792,0.04
62,-24.438282,0.41820267,0.6695087,0.04310747,0.17313592,0.024876561,0.04
63,-24.422222,0.41930604,0.9782357,0.043002345,0.16801195,0.022090612,0.04
64,-24.422754,0.41425544,0.98215306,0.023872256,0.16739039,0.021978706,0.04
65,-24.421686,0.40254834,1.2291099,0.044190258,0.16374469,0.018018447,0.04
66,-24.403425,0.42628583,1.9130676,0.03290354,0.17272122,0.01861042,0.04
67,-24.414667,0.42843416,1.5520631,0.035255644,0.17653804,0.020731924,0.04
68,-24.420664,0.39619476,1.3162115,0.02833119,0.1628694,0.017216362,0.04
69,-24.402702,0.41347763,1.5844125,0.032919236,0.16741085,0.016961066,0.04
70,-24.405727,0.436048,2.086135,0.02507389,0.17865855,0.02149539,0.04
71,-24.417883,0.42403984,1.4276191,0.026284458,0.17134011,0.018313004,0.04
72,-24.423538,0.4141831,1.0297045,0.03223169,0.1662588,0.020714128,0.04
73,-24.422415,0.4218662,1.3649663,0.023678906,0.17348582,0.020636698,0.04
74,-24.429176,0.40515205,0.88661444,0.037629776,0.16358322,0.02021841,0.04
75,-24.427334,0.42475644,0.97130156,0.02916841,0.17106624,0.019312339,0.04
76,-24.440945,0.43387026,0.7031717,0.032574836,0.17717561,0.017129498,0.04
77,-24.414152,0.39773354,1.4174112,0.022945354,0.16300832,0.017734392,0.04
78,-24.417156,0.41782445,1.0847541,0.04368369,0.17070152,0.019934455,0.04
79,-24.42513,0.40275,1.4494897,0.026358118,0.16233625,0.019349668,0.04
80,-24.427425,0.4070775,0.96244365,0.032171734,0.16501608,0.021124177,0.04
81,-24.425594,0.4096442,1.0286188,0.043063577,0.1662839,0.02251332,0.04
82,-24.420576,0.42276314,1.4937141,0.033342578,0.17186595,0.02202089,0.04
83,-24.415676,0.4020159,1.3873222,0.04524505,0.16462496,0.022724112,0.04
84,-24.429455,0.42301762,0.90573436,0.030435158,0.16990346,0.023231981,0.04
85,-24.424297,0.41600442,1.1756824,0.029252024,0.17194137,0.018658653,0.04
86,-24.417875,0.40686536,1.2230926,0.03625051,0.16664019,0.018826637,0.04
87,-24.422688,0.4230592,0.9364852,0.041892804,0.17069685,0.02338951,0.04
88,-24.420477,0.3961248,1.2633116,0.01734373,0.15923922,0.017793607,0.04
89,-24.43295,0.4119604,1.0841494,0.024896009,0.16430718,0.019159414,0.04
90,-24.436136,0.4116242,0.6885655,0.027241055,0.16976383,0.018021928,0.04
91,-24.420513,0.42019656,1.0696056,0.024746526,0.17197107,0.017988324,0.04
92,-24.39393,0.4139796,1.9690732,0.042485695,0.1654631,0.02377149,0.04
93,-24.41864,0.41639823,1.3725762,0.032827087,0.16960828,0.021598559,0.04
94,-24.429708,0.41292349,0.9944751,0.054327473,0.16806643,0.020017233,0.04
95,-24.428509,0.40973875,1.1312219,0.030091567,0.16663213,0.024343962,0.04
96,-24.429024,0.42145127,1.0303069,0.052660502,0.17137773,0.021814566,0.04
97,-24.408379,0.409846,1.6008247,0.03587532,0.16663739,0.01812091,0.04
98,-24.40984,0.42171866,1.5793077,0.044646915,0.17371003,0.019845016,0.04
99,-24.426731,0.42196324,1.0002584,0.031209743,0.17236213,0.021347053,0.04
100,-24.413109,0.41717395,1.3404918,0.038604863,0.17024858,0.026295818,0.04
101,-24.406406,0.42618215,1.4930286,0.024926085,0.17305024,0.020362027,0.04
102,-24.407944,0.42386094,1.5510312,0.024774782,0.17234077,0.020590164,0.04
103,-24.435118,0.40166357,0.6217111,0.05323609,0.16407955,0.019212302,0.04
104,-24.423244,0.40845904,0.9915993,0.019683449,0.17042135,0.016942546,0.04
105,-24.426172,0.4227022,0.8419688,0.023119615,0.1725327,0.016360128,0.04
106,-24.416857,0.4048492,1.4174669,0.034093495,0.16654375,0.020495709,0.04
107,-24.430866,0.40762842,0.912422,0.025558796,0.1664908,0.017023481,0.04
108,-24.407413,0.41164395,1.589084,0.03855781,0.1685145,0.025268221,0.04
109,-24.416172,0.39583588,1.5181494,0.04592737,0.16126728,0.023329375,0.04
110,-24.42828,0.41841957,0.910952,0.031013438,0.16941576,0.018669955,0.04
111,-24.407944,0.423732,1.5912747,0.01808897,0.17392427,0.018996,0.04
112,-24.417067,0.4151697,1.2209481,0.030542174,0.1671985,0.020227825,0.04
113,-24.424376,0.41827875,1.0866148,0.048140254,0.16933253,0.019967465,0.04
114,-24.416859,0.42400485,1.2858752,0.031032072,0.17154653,0.028894769,0.04
115,-24.42409,0.4124191,1.2254347,0.025292734,0.16530414,0.023019873,0.04
116,-24.446602,0.42186275,0.61957616,0.027195228,0.17213179,0.018515633,0.04
117,-24.416243,0.4085125,1.3170764,0.029734109,0.16599785,0.017112719,0.04
118,-24.423403,0.414145,1.1488558,0.036830414,0.1664258,0.015655896,0.04
119,-24.42609,0.40843776,1.0767627,0.03363483,0.16452546,0.01662053,0.04
120,-24.413996,0.40856114,1.77632,0.027365135,0.16784072,0.021533413,0.04
121,-24.414135,0.4078778,1.4222858,0.044151463,0.16702318,0.019814538,0.04
122,-24.431414,0.4018737,0.90923923,0.036483124,0.16340299,0.01821874,0.04
123,-24.44184,0.41111994,0.5145904,0.04292387,0.16848323,0.017474165,0.04
124,-24.438301,0.40111595,0.6162885,0.03769863,0.16453153,0.017107403,0.04
125,-24.419342,0.39410457,1.4314537,0.03042258,0.16245216,0.020241082,0.04
126,-24.423153,0.41944927,1.1342618,0.03354285,0.17225054,0.018902138,0.04
127,-24.415108,0.39300075,1.3576324,0.025350949,0.16095145,0.018190889,0.04
128,-24.415062,0.4270934,1.2240264,0.027536979,0.17619972,0.015493764,0.04
129,-24.402584,0.40638953,1.6914836,0.03059158,0.16160375,0.019865341,0.04
130,-24.418438,0.40588367,1.2340112,0.048774473,0.1647544,0.019227123,0.04
131,-24.424671,0.38563398,1.1948973,0.02866027,0.1541687,0.01875908,0.04
132,-24.439632,0.4149945,0.7428018,0.04196224,0.16877142,0.019824881,0.04
133,-24.428036,0.39390892,1.0976413,0.03072442,0.16030973,0.019308574,0.04
134,-24.412813,0.42415357,1.4286426,0.028553395,0.17339614,0.02119932,0.04
135,-24.410027,0.41321054,1.6311156,0.031126007,0.16566406,0.021102099,0.04
136,-24.426254,0.41560963,0.82278967,0.025926195,0.16702238,0.019666908,0.04
137,-24.411324,0.40785617,1.4570819,0.030437263,0.16694634,0.017264487,0.04
138,-24.419306,0.39277035,1.201786,0.040330753,0.16037917,0.016892508,0.04
139,-24.418064,0.4114649,1.2151399,0.042573318,0.1668963,0.019540003,0.04
140,-24.42679,0.4015203,0.9000614,0.040467717,0.16055323,0.01692898,0.04
141,-24.407871,0.39697492,1.6170028,0.030003,0.16141127,0.029923646,0.04
142,-24.43456,0.3949091,0.9368981,0.019669741,0.16404271,0.020875726,0.04
143,-24.426655,0.40691262,0.85046,0.05118737,0.16583097,0.069245316,0.04
144,-24.42675,0.3870671,1.1635143,0.063644476,0.15853406,0.036909796,0.04
145,-24.421442,0.42624038,1.5069606,0.04993739,0.17678472,0.027643828,0.04
146,-24.423855,0.40016967,1.0534362,0.029065069,0.15900669,0.022254266,0.04
147,-24.416945,0.40322474,1.1484963,0.040213875,0.16450281,0.0180791,0.04
148,-24.409924,0.4049778,1.4293526,0.03469765,0.16543642,0.021813964,0.04
149,-24.433376,0.42008176,0.62353975,0.026269982,0.17448457,0.016462242,0.04
150,-24.422039,0.4209553,0.9203026,0.046998613,0.17043367,0.021776583,0.04
151,-24.434443,0.4126086,0.6714011,0.036137376,0.16849166,0.01888817,0.04
152,-24.422691,0.41134983,1.2384341,0.04213162,0.16951182,0.04043905,0.04
153,-24.42635,0.42085192,1.0713807,0.037518494,0.1683876,0.023702217,0.04
154,-24.421968,0.3964847,1.1551224,0.03490968,0.16053425,0.020645488,0.04
155,-24.43541,0.42803568,0.6861852,0.027469855,0.17682451,0.0196818,0.04
156,-24.4277,0.38479874,0.8721612,0.031010661,0.15796313,0.022100182,0.04
157,-24.4328,0.4084525,0.68088734,0.015804624,0.16587433,0.015566824,0.04
158,-24.420877,0.40946645,1.256777,0.024446502,0.16662513,0.019137274,0.04
159,-24.428352,0.3916253,0.7818242,0.018436696,0.15979941,0.017524214,0.04
160,-24.427536,0.41016623,0.9075179,0.017793685,0.17111649,0.016068485,0.04
161,-24.424704,0.39293566,0.8946422,0.03350562,0.15917625,0.022857431,0.04
162,-24.424664,0.41113418,0.8908609,0.040476993,0.1648532,0.021791505,0.04
163,-24.423504,0.3893121,1.1212099,0.031589534,0.15991686,0.018928496,0.04
164,-24.418102,0.41551882,1.2337676,0.024272589,0.16568333,0.017934043,0.04
165,-24.415646,0.40683088,1.3644983,0.032427132,0.16054423,0.018752862,0.04
166,-24.417522,0.39743242,1.3476105,0.038195968,0.15767035,0.01859924,0.04
167,-24.434982,0.40831622,0.53031045,0.03242747,0.16912156,0.021610357,0.04
168,-24.436886,0.42166063,0.51885504,0.047158893,0.1712797,0.01906529,0.04
169,-24.42152,0.40647376,0.93840325,0.043233432,0.16285083,0.02069784,0.04
170,-24.411833,0.39944944,1.3788905,0.03160193,0.1652762,0.01874377,0.04
171,-24.421515,0.38423637,1.1601082,0.024052612,0.15795322,0.018451273,0.04
172,-24.43929,0.398512,0.64471436,0.028175337,0.15900151,0.018081661,0.04
173,-24.426157,0.39842692,0.73100895,0.04711161,0.15893878,0.01686099,0.04
174,-24.435898,0.4074326,0.8045841,0.02363099,0.16452892,0.018420177,0.04
175,-24.428373,0.3902636,0.90917885,0.021071065,0.15991412,0.017437518,0.04
176,-24.423388,0.4083208,0.97052836,0.043764494,0.1637215,0.019154647,0.04
177,-24.4228,0.40544957,1.2536337,0.037052613,0.16579637,0.020276563,0.04
178,-24.425598,0.38648033,0.67481023,0.039800555,0.15813826,0.017768577,0.04
179,-24.413393,0.40490076,1.271471,0.018667672,0.16645408,0.020082137,0.04
180,-24.424938,0.395463,0.92707276,0.026426757,0.16372609,0.019215643,0.04
181,-24.417988,0.4134697,1.3697822,0.028275069,0.168411,0.022856882,0.04
182,-24.43959,0.4145523,0.5284922,0.026632253,0.17106454,0.01802472,0.04
183,-24.422293,0.39505485,0.82512194,0.026935726,0.15970773,0.017079635,0.04
184,-24.421724,0.40296835,1.1810908,0.025726072,0.16396792,0.016470896,0.04
185,-24.423262,0.39913672,1.2914709,0.027531054,0.16144124,0.01806458,0.04
186,-24.427004,0.40179253,0.73772293,0.01933014,0.16162103,0.015353636,0.04
187,-24.434288,0.40754274,0.6242243,0.024627909,0.16579193,0.017597597,0.04
188,-24.42043,0.3993971,1.2106024,0.02457359,0.16396709,0.015796037,0.04
189,-24.432344,0.40769172,0.5358754,0.023919996,0.16663405,0.0188785,0.04
190,-24.40771,0.43640715,1.5761507,0.022618556,0.18189414,0.016493546,0.04
191,-24.423187,0.41085202,0.9597622,0.04815337,0.16601633,0.019389095,0.04
192,-24.410086,0.38355684,1.443382,0.035710227,0.15357834,0.013956534,0.04
193,-24.408169,0.4001897,2.0448499,0.025020624,0.1615258,0.017648036,0.04
194,-24.428425,0.3865127,0.71248114,0.017987859,0.15908694,0.01824735,0.04
195,-24.404259,0.39247924,1.5513439,0.030557243,0.15728082,0.019281631,0.04
196,-24.418102,0.40120363,1.2368361,0.02646067,0.16051406,0.018842617,0.04
197,-24.430223,0.39603755,0.95803505,0.020549169,0.1596587,0.017525487,0.04
198,-24.42103,0.39656606,1.0084535,0.02924428,0.16195267,0.016531652,0.04
199,-24.419563,0.36983475,1.096694,0.028148271,0.15013815,0.018465312,0.04
200,-24.430088,0.42964092,0.61014867,0.025165653,0.17678334,0.017708715,0.04
201,-24.429668,0.39152384,0.98935646,0.032326955,0.16029134,0.016395504,0.04
202,-24.408846,0.39683923,1.4851813,0.039702624,0.1612513,0.02019529,0.04
203,-24.422445,0.41504645,1.0233912,0.023335513,0.16936769,0.017589344,0.04
204,-24.428947,0.3976644,0.8600986,0.027256984,0.16076799,0.021329634,0.04
205,-24.418863,0.39328873,1.2407454,0.03329161,0.16152458,0.016872386,0.04
206,-24.429976,0.42859918,1.0569731,0.022351377,0.17615293,0.015994946,0.04
207,-24.431349,0.41532683,0.6401147,0.025492089,0.1684736,0.019977555,0.04
208,-24.415892,0.3826554,1.3438038,0.031264823,0.15269804,0.017672595,0.04
209,-24.421844,0.41859177,0.85723275,0.02661096,0.17146541,0.016668417,0.04
210,-24.432808,0.39879522,0.62679046,0.025658615,0.16264358,0.016576756,0.04
211,-24.40424,0.42110887,1.6029363,0.03196796,0.16980867,0.016459934,0.04
212,-24.415632,0.4152154,1.4347969,0.025610512,0.16666935,0.015113093,0.04
213,-24.42154,0.40191486,1.2259442,0.032636505,0.16225083,0.01582297,0.04
214,-24.434305,0.398298,0.7358748,0.02617535,0.16007644,0.016518798,0.04
215,-24.417477,0.41101432,1.4385545,0.023943102,0.16705693,0.018628085,0.04
216,-24.424961,0.38877982,0.77747935,0.031317733,0.16015843,0.017027542,0.04
217,-24.435823,0.40802395,0.46389914,0.044426434,0.16406499,0.026822876,0.04
218,-24.420883,0.41460463,0.94958794,0.029728936,0.16955452,0.019987974,0.04
219,-24.437664,0.40396336,0.6958502,0.021829564,0.1639098,0.019237166,0.04
220,-24.426575,0.3892419,1.0498431,0.026937732,0.1546634,0.015888177,0.04
221,-24.421413,0.4243583,0.920155,0.050564677,0.16960242,0.018801495,0.04
222,-24.432985,0.39106885,0.5543436,0.031600744,0.15674807,0.017842878,0.04
223,-24.42713,0.39645177,0.8235874,0.040996898,0.16297226,0.016634492,0.04
224,-24.434895,0.38131338,0.52100855,0.029864354,0.15279981,0.016484309,0.04
225,-24.413664,0.3974447,1.6113455,0.023172699,0.16334017,0.014658071,0.04
226,-24.424273,0.40762728,0.587879,0.03296585,0.16883574,0.017428802,0.04
227,-24.423689,0.4105117,0.9612933,0.040471464,0.16348065,0.01908217,0.04
228,-24.412973,0.40850475,1.4264933,0.03669617,0.16740452,0.01931306,0.04
229,-24.395056,0.3970406,1.8589853,0.023016393,0.16028643,0.018188648,0.04
230,-24.427742,0.39655703,0.83363605,0.02306683,0.16382124,0.016398579,0.04
231,-24.416828,0.4199059,1.1733553,0.020491851,0.16990653,0.017214896,0.04
232,-24.426903,0.41263604,0.7354844,0.040192205,0.1671854,0.03140804,0.04
233,-24.43365,0.39190376,0.68802047,0.033406798,0.15745558,0.021652784,0.04
234,-24.431019,0.40556782,0.7414271,0.023769895,0.16154909,0.017822515,0.04
235,-24.418266,0.4119079,0.93542945,0.03442099,0.16559055,0.020213222,0.04
236,-24.433165,0.400084,0.63010824,0.030750897,0.16265173,0.017278945,0.04
237,-24.409582,0.37038147,1.7467793,0.035194747,0.15019456,0.01849221,0.04
238,-24.427328,0.39657485,1.1867183,0.030696476,0.16347097,0.016493056,0.04
239,-24.422308,0.3770475,1.0211344,0.029135458,0.1546396,0.015370991,0.04
240,-24.41672,0.39868227,1.2569011,0.039726235,0.16199514,0.01867746,0.04
241,-24.430445,0.38489702,0.9743458,0.02795613,0.15675975,0.017614845,0.04
242,-24.432777,0.3935963,0.63742644,0.029945113,0.15993538,0.017627455,0.04
243,-24.42575,0.40866655,0.83875585,0.030464409,0.16573153,0.01735044,0.04
244,-24.425825,0.41256782,0.89384395,0.018411873,0.16808031,0.01772912,0.04
245,-24.421644,0.38969702,1.030169,0.03307238,0.15933798,0.02176993,0.04
246,-24.433218,0.384009,0.64318854,0.061900977,0.15864193,0.036765818,0.04
247,-24.420736,0.40931424,0.9901807,0.04091318,0.16448854,0.023993637,0.04
248,-24.428555,0.40038127,0.76214975,0.023946937,0.16326396,0.018679773,0.04
249,-24.426462,0.4051921,0.8090541,0.02624254,0.1643854,0.016571209,0.04
250,-24.417156,0.38136107,0.94430584,0.021166803,0.15389429,0.017306173,0.04
251,-24.402508,0.4104527,1.2692423,0.032345638,0.16373533,0.015132484,0.04
252,-24.42532,0.3903678,0.8791279,0.02684983,0.1585976,0.018185323,0.04
253,-24.414446,0.39577508,1.2627212,0.033680923,0.15537997,0.015715849,0.04
254,-24.426329,0.38186428,0.64960855,0.027200092,0.1549842,0.016075201,0.04
255,-24.420422,0.41920674,0.90245414,0.023693006,0.16959931,0.019387078,0.04
256,-24.435385,0.375221,0.90424365,0.039345574,0.15136683,0.017721063,0.04
257,-24.414536,0.39913216,1.0956862,0.025767136,0.16098733,0.016200883,0.04
258,-24.434195,0.39586312,0.83179384,0.029396,0.15969078,0.016059792,0.04
259,-24.40638,0.4019043,1.4758976,0.034452416,0.16598861,0.017349366,0.04
260,-24.408054,0.3814113,1.6344966,0.019425606,0.1517908,0.016829442,0.04
261,-24.417965,0.40573624,1.2395827,0.023672359,0.16681431,0.01796661,0.04
262,-24.41256,0.39084697,1.2039346,0.024690645,0.16076699,0.015877174,0.04
263,-24.434145,0.38479993,0.7935559,0.028584115,0.1576791,0.016229246,0.04
264,-24.419817,0.3955346,0.96010405,0.02506149,0.16084823,0.015814882,0.04
265,-24.420563,0.4083976,1.0552998,0.032860618,0.16806617,0.016022,0.04
266,-24.433306,0.3973455,0.56571895,0.025272358,0.16431533,0.015122017,0.04
267,-24.430965,0.39505598,0.7085482,0.035761286,0.16301936,0.01777501,0.04
268,-24.43005,0.39027706,0.5420872,0.028399093,0.16025527,0.01749956,0.04
269,-24.414358,0.39383802,1.2503562,0.028403684,0.15692003,0.017743425,0.04
270,-24.437668,0.40594885,0.5833016,0.032362927,0.16936639,0.020074759,0.04
271,-24.424866,0.40449598,0.5870403,0.020437282,0.16356885,0.015173971,0.04
272,-24.423038,0.3947171,0.5505688,0.035762146,0.15778883,0.022072338,0.04
273,-24.41538,0.41313243,1.2413787,0.04251748,0.17173177,0.016306225,0.04
274,-24.428797,0.4008774,0.8294974,0.026804542,0.16499445,0.013982355,0.04
275,-24.423855,0.38299006,0.94158536,0.042988252,0.15510248,0.017140595,0.04
276,-24.425062,0.39287543,1.1072454,0.028375499,0.16142651,0.017508969,0.04
277,-24.403511,0.41013208,1.542359,0.035279848,0.16843575,0.01810979,0.04
278,-24.411686,0.40561295,1.3234154,0.031457517,0.1597719,0.018984428,0.04
279,-24.416542,0.3732634,1.029929,0.035306185,0.14954835,0.019390827,0.04
280,-24.405262,0.40690225,1.4628676,0.02667067,0.163657,0.015069475,0.04
281,-24.429739,0.41446942,0.7686603,0.07304672,0.1719158,0.08988535,0.04
282,-24.426329,0.40835655,0.85785407,0.062495485,0.16899915,0.033622183,0.04
283,-24.43284,0.38281828,0.846807,0.056676652,0.15570197,0.02813381,0.04
284,-24.41588,0.3877118,1.3308618,0.053302526,0.15217446,0.035122022,0.04
285,-24.420082,0.3926596,1.0092255,0.043748237,0.15642396,0.02295209,0.04
286,-24.414946,0.3810521,1.2197303,0.025907727,0.15860662,0.01663448,0.04
287,-24.425194,0.39808866,0.59851265,0.036278855,0.16153292,0.017597556,0.04
288,-24.435028,0.39885804,0.8304531,0.029479638,0.15767613,0.026559588,0.04
289,-24.434887,0.38235903,0.44670334,0.023019671,0.15458956,0.019857028,0.04
290,-24.425894,0.38351694,0.8792452,0.02505231,0.15819515,0.020169029,0.04
291,-24.424047,0.39088398,0.8137363,0.0312918,0.15739535,0.016168872,0.04
292,-24.42433,0.39680094,0.8087307,0.028342882,0.15958814,0.015024745,0.04
293,-24.419724,0.40351614,1.0351793,0.01809267,0.16413058,0.015612255,0.04
294,-24.428015,0.39735007,0.7571561,0.022363158,0.16025662,0.017960934,0.04
295,-24.419395,0.41244885,1.1897116,0.026302444,0.1681567,0.018227916,0.04
296,-24.437078,0.39552256,0.66991144,0.047378052,0.1627897,0.019439057,0.04
297,-24.42145,0.40160018,0.98527867,0.025749033,0.16143985,0.016917644,0.04
298,-24.420328,0.38586786,1.1311482,0.026810382,0.15830685,0.019012714,0.04
299,-24.428793,0.39109334,0.6612664,0.0338969,0.15738118,0.017269658,0.04
300,-24.421738,0.4062476,1.20703,0.044444676,0.162496,0.047140356,0.04
301,-24.429165,0.38333637,0.89168227,0.031189604,0.15825309,0.018066231,0.04
302,-24.421923,0.4017125,1.1096301,0.024339814,0.16564943,0.014405313,0.04
303,-24.41527,0.39701355,1.2298448,0.028670302,0.16493915,0.017199952,0.04
304,-24.435848,0.37401554,0.82834846,0.017373897,0.15015067,0.015093284,0.04
305,-24.419617,0.4043782,0.9358372,0.019608157,0.16878274,0.016751397,0.04
306,-24.422443,0.3779401,0.7827946,0.017850628,0.15034702,0.014291414,0.04
307,-24.43318,0.40699005,0.5834941,0.018522121,0.16260117,0.014224381,0.04
308,-24.420988,0.38192722,1.2420976,0.036477685,0.155746,0.0168083,0.04
309,-24.41732,0.4076317,1.0157777,0.03959688,0.1677085,0.027853943,0.04
310,-24.421724,0.3859544,0.80298346,0.03207382,0.1585566,0.018479967,0.04
311,-24.418148,0.41081694,0.94712454,0.025831748,0.16542423,0.016341249,0.04
312,-24.425474,0.40120882,1.2263024,0.036973167,0.16294432,0.01715261,0.04
313,-24.411968,0.3882172,1.2800108,0.02306407,0.16044995,0.016833013,0.04
314,-24.418003,0.364879,1.113939,0.020447092,0.1477357,0.019585935,0.04
315,-24.43566,0.3809603,0.6473678,0.030546576,0.15743366,0.017482735,0.04
316,-24.419802,0.38605547,1.1540102,0.017500421,0.15509929,0.015238252,0.04
317,-24.409012,0.3791587,1.1712816,0.035890523,0.1541879,0.016029155,0.04
318,-24.42593,0.40145716,0.7582074,0.02757117,0.16346402,0.0174777,0.04
319,-24.429964,0.37936667,0.6166477,0.035373855,0.15588078,0.014966424,0.04
320,-24.426239,0.40147677,0.6928558,0.02401326,0.1623115,0.018341139,0.04
321,-24.42637,0.3901314,0.77805036,0.030893583,0.15928963,0.016591897,0.04
322,-24.417646,0.37935415,1.2010084,0.03342604,0.15525821,0.0222022,0.04
323,-24.411423,0.383304,1.5093381,0.020531595,0.1549114,0.015850078,0.04
324,-24.439442,0.39204207,0.34849548,0.019611796,0.16080283,0.017450728,0.04
325,-24.407719,0.39847466,1.3083861,0.030870322,0.16148128,0.01680236,0.04
326,-24.428936,0.37673405,0.6386918,0.028944418,0.15199986,0.014307159,0.04
327,-24.414888,0.39568403,1.0910755,0.033681527,0.160443,0.018228112,0.04
328,-24.419777,0.3925122,1.0169836,0.030741455,0.15485772,0.014899189,0.04
329,-24.416582,0.37874958,1.2579336,0.02380729,0.15192269,0.01506405,0.04
330,-24.420094,0.38924283,1.0529039,0.02536645,0.1578725,0.017715765,0.04
331,-24.42009,0.3960798,1.0731426,0.056260545,0.16360816,0.050855793,0.04
332,-24.431927,0.3924739,0.58432686,0.040492643,0.15769798,0.02223845,0.04
333,-24.412783,0.40702078,1.2528306,0.03642048,0.1625437,0.018814484,0.04
334,-24.426485,0.38535085,0.59158367,0.03255922,0.15756893,0.016166573,0.04
335,-24.428268,0.38227066,0.6941616,0.02033271,0.15530467,0.01906228,0.04
336,-24.404371,0.3897898,2.0631945,0.040233288,0.15617861,0.01474669,0.04
337,-24.43945,0.38131064,0.5513646,0.027662905,0.15463689,0.016506046,0.04
338,-24.424347,0.3672153,0.8084415,0.03454181,0.14983577,0.014719502,0.04
339,-24.43097,0.40699503,0.7644775,0.03502026,0.16553831,0.022266991,0.04
340,-24.426205,0.36504254,0.78561884,0.017045198,0.14899762,0.017191002,0.04
341,-24.417227,0.3715885,0.9350792,0.027883984,0.148349,0.015278646,0.04
342,-24.427317,0.38802633,0.81757295,0.032225493,0.15942734,0.017317498,0.04
343,-24.426935,0.3920917,0.86969167,0.022388699,0.16128464,0.015275074,0.04
344,-24.422098,0.36393258,0.8730771,0.028650198,0.15032324,0.021793537,0.04
345,-24.42363,0.3726764,0.8174178,0.030236045,0.15308444,0.020019924,0.04
346,-24.425966,0.36531904,0.9065399,0.03726963,0.1458044,0.017271945,0.04
347,-24.433123,0.37404647,0.53713596,0.024501694,0.15607993,0.01633152,0.04
348,-24.417658,0.4142188,1.0073826,0.03853408,0.16683985,0.015042493,0.04
349,-24.419344,0.38965446,1.0843971,0.028381485,0.15506855,0.01816371,0.04
350,-24.426697,0.3965937,0.69808584,0.026159046,0.16205244,0.015433442,0.04
351,-24.40755,0.37486485,1.4558109,0.03345809,0.15421192,0.0150545435,0.04
352,-24.402094,0.37412855,1.6692855,0.038907558,0.14992693,0.016694395,0.04
353,-24.41817,0.3954173,1.1010162,0.028767547,0.16117294,0.014157513,0.04
354,-24.436333,0.39333826,0.7171145,0.030844422,0.15779029,0.01577315,0.04
355,-24.433218,0.3940565,0.5937383,0.030609319,0.1577797,0.01683946,0.04
356,-24.419317,0.3871972,1.0880661,0.036975026,0.15818168,0.021971714,0.04
357,-24.430067,0.39266685,0.48180273,0.025420109,0.15916926,0.014976421,0.04
358,-24.418797,0.38528422,0.9976231,0.026347436,0.15859185,0.017868571,0.04
359,-24.416021,0.38969067,1.0252991,0.015672164,0.15702017,0.015597645,0.04
360,-24.427233,0.39959732,0.6324806,0.018533604,0.16160364,0.015260142,0.04
361,-24.410273,0.39656863,1.4769154,0.03267001,0.16126983,0.018921865,0.04
362,-24.427723,0.39459586,0.8691767,0.022046898,0.15998998,0.017451718,0.04
363,-24.42458,0.39384505,0.8097359,0.035966065,0.1591103,0.031242253,0.04
364,-24.428352,0.37327635,1.1257803,0.03418188,0.15130667,0.015883546,0.04
365,-24.422083,0.38504234,0.96251655,0.02582682,0.155418,0.018302513,0.04
366,-24.423254,0.38730454,0.7942656,0.043710083,0.15716223,0.019091995,0.04
367,-24.434034,0.40203542,0.5343912,0.027383022,0.16335808,0.015088375,0.04
368,-24.414742,0.39118928,1.1380725,0.029421482,0.15730263,0.020971308,0.04
369,-24.430336,0.3741712,0.6319547,0.02014455,0.15242669,0.015806263,0.04
370,-24.408758,0.4047685,1.5378317,0.026218198,0.16442463,0.018081518,0.04
371,-24.425879,0.38579875,0.78024447,0.02792122,0.15538226,0.016181208,0.04
372,-24.423895,0.3876239,0.95402235,0.022261368,0.16006652,0.016808076,0.04
373,-24.426344,0.39324585,1.1462511,0.02488582,0.15980977,0.01534586,0.04
374,-24.425264,0.3868764,1.0495107,0.022882761,0.15792158,0.015124094,0.04
375,-24.437376,0.38452262,0.44430318,0.014469681,0.15657893,0.01369932,0.04
376,-24.421093,0.39376798,0.7106599,0.038920876,0.16090928,0.017076043,0.04
377,-24.414515,0.3845562,1.1101503,0.022851255,0.1553381,0.015142486,0.04
378,-24.410872,0.39162204,1.2621967,0.023599833,0.15937285,0.014926081,0.04
379,-24.422613,0.38773254,0.9100554,0.023392782,0.15680282,0.013493542,0.04
380,-24.427216,0.4076367,0.7980798,0.030023266,0.16321813,0.016278397,0.04
381,-24.432024,0.38805947,0.5350212,0.017482707,0.15717185,0.016424425,0.04
382,-24.424875,0.39135802,0.6969319,0.028696865,0.1589022,0.01939607,0.04
383,-24.420153,0.37064162,1.0376571,0.027673632,0.15197302,0.015992137,0.04
384,-24.428062,0.38772434,0.7765767,0.019368531,0.15612611,0.01656426,0.04
385,-24.436144,0.37952653,0.52071387,0.017061755,0.15363722,0.016260473,0.04
386,-24.42294,0.39662343,0.92547524,0.037807878,0.15736869,0.01870678,0.04
387,-24.422153,0.383167,1.1741453,0.029463412,0.15613227,0.018933194,0.04
388,-24.42154,0.39880523,0.8866258,0.029265128,0.16463323,0.017589033,0.04
389,-24.42006,0.36936438,1.0145727,0.047316212,0.15056412,0.018071305,0.04
390,-24.422915,0.39844868,0.9635953,0.030324599,0.16219206,0.017593231,0.04
391,-24.41886,0.3814282,0.85233796,0.02532814,0.15616329,0.015438089,0.04
392,-24.436937,0.3841883,0.52732253,0.016762385,0.1551587,0.01577473,0.04
393,-24.42759,0.38429123,0.6960748,0.02790212,0.15729733,0.014194491,0.04
394,-24.422188,0.38121444,1.1460153,0.029483076,0.1544979,0.017295452,0.04
395,-24.427078,0.3721148,0.6672906,0.030734703,0.15012932,0.015626663,0.04
396,-24.44609,0.3870896,0.4859675,0.02384708,0.15772249,0.013100559,0.04
397,-24.42438,0.37471816,0.8152671,0.027856622,0.15346074,0.016935114,0.04
398,-24.420996,0.39172667,0.931463,0.022176174,0.15941173,0.018506786,0.04
399,-24.427284,0.39430752,1.0100489,0.03365587,0.15912004,0.018125096,0.04
400,-24.41647,0.3763941,1.0931929,0.03105822,0.14756212,0.025210176,0.04
401,-24.399513,0.41150132,1.9429897,0.024695216,0.16188818,0.017845862,0.04
402,-24.421986,0.40699336,0.90582246,0.025733896,0.16458718,0.017354185,0.04
403,-24.446436,0.39122957,0.33190867,0.022403155,0.16229805,0.015291964,0.04
404,-24.416597,0.3882761,1.1303755,0.01726949,0.1535388,0.016643917,0.04
405,-24.4283,0.38965058,0.9572411,0.04282862,0.1589856,0.019777302,0.04
406,-24.421385,0.37339488,1.0053865,0.017815173,0.14926453,0.018054722,0.04
407,-24.419222,0.3929578,1.2441691,0.034903277,0.15751998,0.015765397,0.04
408,-24.429209,0.39356303,0.9442657,0.034228828,0.16123925,0.016069021,0.04
409,-24.414808,0.37650084,1.1220796,0.016820261,0.15389088,0.016282886,0.04
410,-24.428522,0.37646356,0.90576917,0.016826406,0.15321603,0.013406719,0.04
411,-24.427141,0.39186406,0.82779574,0.021503933,0.15997772,0.015349087,0.04
412,-24.423395,0.3910157,0.9077124,0.03630201,0.1584792,0.017188793,0.04
413,-24.43674,0.38547233,0.5142403,0.018378751,0.1588135,0.015910085,0.04
414,-24.424461,0.39230663,1.0480801,0.020552576,0.15633404,0.01699123,0.04
415,-24.417164,0.38531804,1.0795292,0.03414464,0.15795048,0.01753373,0.04
416,-24.416672,0.3878038,1.1465935,0.030082436,0.1568629,0.01765271,0.04
417,-24.43194,0.37474394,0.73535895,0.022677522,0.15117277,0.016328383,0.04
418,-24.433624,0.39120004,0.6537739,0.018824102,0.15886724,0.014327834,0.04
419,-24.442015,0.37168786,0.4312221,0.020089952,0.15078047,0.016170282,0.04
420,-24.401722,0.37574092,1.5211625,0.027119476,0.152111,0.0157458,0.04
421,-24.432327,0.36531934,0.65604967,0.02888821,0.14837484,0.015287173,0.04
422,-24.426779,0.37897995,0.8281291,0.061759423,0.15491118,0.09859687,0.04
423,-24.423895,0.3818085,0.8839287,0.019834902,0.15720083,0.017848978,0.04
424,-24.433867,0.3896424,0.5759469,0.03962971,0.15572408,0.01793187,0.04
425,-24.4368,0.37817198,0.3961465,0.032954834,0.15327437,0.0167842,0.04
426,-24.414248,0.3789056,1.273756,0.023819573,0.15076074,0.014362037,0.04
427,-24.40997,0.3741925,1.4274135,0.029860422,0.14874326,0.014127742,0.04
428,-24.42652,0.37916604,0.9622111,0.027339794,0.15079845,0.017571941,0.04
429,-24.413137,0.38549367,1.1210933,0.019980188,0.15838765,0.015586243,0.04
430,-24.417376,0.4016669,0.8954053,0.020533426,0.16059063,0.016536204,0.04
431,-24.435097,0.36785316,0.52979773,0.02895992,0.15200005,0.0154099045,0.04
432,-24.436382,0.37089905,0.5471726,0.024068462,0.150579,0.015849594,0.04
433,-24.434654,0.36476848,0.6740492,0.032464582,0.14814313,0.01546639,0.04
434,-24.443342,0.37066683,0.28938988,0.02005038,0.15076353,0.019082509,0.04
435,-24.4176,0.39100984,0.97554064,0.018296085,0.15551105,0.013101804,0.04
436,-24.425665,0.39224955,0.7787396,0.028640395,0.15678594,0.020239204,0.04
437,-24.423311,0.3875875,0.6050726,0.031213608,0.1556098,0.02374552,0.04
438,-24.4295,0.38797614,0.94424903,0.024319228,0.15922041,0.016382476,0.04
439,-24.432863,0.38678256,0.5278333,0.0399557,0.15833516,0.017469898,0.04
440,-24.426176,0.3884786,0.8830879,0.019064693,0.16054797,0.016258033,0.04
441,-24.413685,0.3847998,1.1077013,0.021628784,0.1553031,0.016074616,0.04
442,-24.428465,0.38327765,0.60455465,0.018590063,0.1562383,0.016739197,0.04
443,-24.431736,0.377673,0.38628036,0.02835667,0.15402368,0.016137294,0.04
444,-24.442137,0.37943903,0.42237312,0.020124072,0.15326628,0.0149803525,0.04
445,-24.414778,0.3820014,1.1899697,0.019326312,0.1526922,0.015330713,0.04
446,-24.43347,0.37476552,0.55710113,0.03136438,0.15630631,0.0183112,0.04
447,-24.436266,0.38026062,0.54392076,0.027490556,0.15462089,0.015257033,0.04
448,-24.424519,0.36815497,0.7774477,0.027130252,0.14969632,0.014114339,0.04
449,-24.424923,0.37667748,0.8330961,0.025788266,0.15429237,0.016369611,0.04
450,-24.412489,0.37937528,1.3000747,0.037068393,0.15522383,0.014128779,0.04
451,-24.433706,0.38342288,0.41524133,0.042534303,0.15260144,0.016006408,0.04
452,-24.431433,0.37830904,0.6770653,0.025793418,0.15292424,0.016267803,0.04
453,-24.43372,0.39376858,0.73359007,0.041409526,0.16121036,0.032777853,0.04
454,-24.437944,0.40151808,0.48502567,0.026075335,0.16152425,0.024624344,0.04
455,-24.431238,0.39490238,0.49531585,0.028432278,0.16029058,0.017872235,0.04
456,-24.421757,0.3936324,1.1171783,0.0298373,0.16101032,0.040756818,0.04
457,-24.43248,0.39951047,0.66066957,0.02264127,0.16589506,0.017268607,0.04
458,-24.434587,0.3692222,0.49887502,0.030986415,0.1508324,0.017589133,0.04
459,-24.426586,0.38200268,0.76863384,0.022185333,0.1558794,0.01638461,0.04
460,-24.422056,0.36731184,0.96600765,0.030621717,0.14824769,0.016603703,0.04
461,-24.426405,0.3935185,0.8362762,0.021478692,0.15841344,0.017670495,0.04
462,-24.421965,0.38330367,0.9745029,0.030098755,0.15822275,0.014647599,0.04
463,-24.434902,0.37954047,0.59954387,0.023431897,0.1538495,0.014343135,0.04
464,-24.42912,0.38638437,0.9277514,0.016215209,0.15573828,0.013277527,0.04
465,-24.426277,0.3688016,0.9004805,0.020224832,0.14854006,0.01582095,0.04
466,-24.395477,0.39692822,1.6475426,0.022411099,0.15774287,0.016382024,0.04
467,-24.437443,0.38196608,0.5438309,0.021821657,0.15363997,0.014358799,0.04
468,-24.416376,0.4034572,1.161532,0.023136241,0.16298386,0.01520185,0.04
469,-24.434277,0.3906779,0.6339489,0.029060505,0.15932879,0.016051613,0.04
470,-24.416851,0.39280856,0.94707996,0.013750647,0.15927587,0.012758053,0.04
471,-24.414322,0.39067334,1.5036063,0.03140217,0.15923977,0.0145497015,0.04
472,-24.432545,0.3646209,0.5818961,0.03490185,0.14603308,0.021346778,0.04
473,-24.437374,0.3687338,0.37385052,0.04160099,0.15153717,0.021134403,0.04
474,-24.411568,0.37873545,1.370952,0.035159748,0.15070465,0.01610307,0.04
475,-24.419096,0.36724257,0.72907364,0.025619183,0.14822637,0.014515769,0.04
476,-24.419903,0.36411455,1.0332512,0.018116603,0.1465284,0.013313858,0.04
477,-24.42408,0.37835172,0.90971327,0.028912028,0.15567657,0.014064719,0.04
478,-24.442492,0.37384278,0.543022,0.024845408,0.1518753,0.014654978,0.04
479,-24.423153,0.3896569,1.0247399,0.026751675,0.15748508,0.01887243,0.04
480,-24.432228,0.3690465,0.79059523,0.029351152,0.1498634,0.030852841,0.04
481,-24.429583,0.35504982,0.69156384,0.025831047,0.14276859,0.017498925,0.04
482,-24.419973,0.3779532,1.1950531,0.027960215,0.1541611,0.01824259,0.04
483,-24.423304,0.38268474,0.8912741,0.039864533,0.15377864,0.013591587,0.04
484,-24.435526,0.3720826,0.66903305,0.01675584,0.15089689,0.014999782,0.04
485,-24.42009,0.37085772,0.80151784,0.0324995,0.14736697,0.025544288,0.04
486,-24.437765,0.38339853,0.42962626,0.024920296,0.15732305,0.018257326,0.04
487,-24.415758,0.37284073,1.1648638,0.019739848,0.15353228,0.018286362,0.04
488,-24.432156,0.36703148,0.609002,0.02156352,0.14866996,0.017935798,0.04
489,-24.423042,0.38686436,1.1633146,0.037576806,0.15594131,0.015347789,0.04
490,-24.419277,0.37199298,1.15633,0.047680598,0.15127493,0.017140502,0.04
491,-24.422798,0.376626,1.0693548,0.026793499,0.15416461,0.014377692,0.04
492,-24.418293,0.39327288,1.0167552,0.023779416,0.1545982,0.014239417,0.04
493,-24.418814,0.37367424,1.3218733,0.024862856,0.14922284,0.014710839,0.04
494,-24.428738,0.37945262,0.51142484,0.04673698,0.15356061,0.019540384,0.04
495,-24.430197,0.377766,0.597383,0.029117942,0.155224,0.0142974835,0.04
496,-24.42113,0.38268885,0.9973065,0.025334274,0.15683392,0.01820529,0.04
497,-24.444387,0.3870064,0.32529205,0.03238578,0.15543027,0.015117471,0.04
498,-24.430412,0.36737373,0.6146368,0.025523119,0.1488879,0.015260301,0.04
499,-24.42486,0.37787136,0.845203,0.035112076,0.15319677,0.02081829,0.04
500,-24.415026,0.36390108,1.0288506,0.024964277,0.14530867,0.015840236,0.04
501,-24.433887,0.37913793,0.5983967,0.019450167,0.15578161,0.014822787,0.04
502,-24.412064,0.38391718,1.0585726,0.030743837,0.15712027,0.018444771,0.04
503,-24.427923,0.39213604,0.7426807,0.025928112,0.15954679,0.016467799,0.04
504,-24.424242,0.36685142,1.1263033,0.032392684,0.15032187,0.01661027,0.04
505,-24.438902,0.37614703,0.45441967,0.027574066,0.15155654,0.017370477,0.04
506,-24.420454,0.3715639,0.86999243,0.02102149,0.14886326,0.01872794,0.04
507,-24.421093,0.38428906,1.1611885,0.02893926,0.15270337,0.016066609,0.04
508,-24.406527,0.38193008,1.5179573,0.024169438,0.15604913,0.0126755005,0.04
509,-24.431618,0.38178352,0.7230003,0.029922044,0.15461957,0.013666263,0.04
510,-24.43486,0.3646733,0.6485682,0.027181797,0.14649807,0.015356356,0.04
511,-24.412819,0.38264695,1.170754,0.024633745,0.15659226,0.017852964,0.04
512,-24.423313,0.3616151,0.81361336,0.01260174,0.15057582,0.015193945,0.04
513,-24.439709,0.3783595,0.3680432,0.03883749,0.15189768,0.017052269,0.04
514,-24.422577,0.38291067,1.0371822,0.022241803,0.15334001,0.018793589,0.04
515,-24.421425,0.39054897,0.7563504,0.030329134,0.15394104,0.018985298,0.04
516,-24.427996,0.38348383,0.8711588,0.021721337,0.15707329,0.01778333,0.04
517,-24.413164,0.36878324,1.2062635,0.035090514,0.14928351,0.014093315,0.04
518,-24.405014,0.37989172,1.4742291,0.017012045,0.15466037,0.02007347,0.04
519,-24.434097,0.3742658,0.40055797,0.023358807,0.15241836,0.013197337,0.04
520,-24.422237,0.37379932,0.9787606,0.025966153,0.15317695,0.017257998,0.04
521,-24.436285,0.36033648,0.47384807,0.02555114,0.14838374,0.013084124,0.04
522,-24.417028,0.39026654,1.1074324,0.05733815,0.1565162,0.0377835,0.04
523,-24.437527,0.3769616,0.54897654,0.026549267,0.15335509,0.02263751,0.04
524,-24.435358,0.38414463,0.47299042,0.019546673,0.15684369,0.018044878,0.04
525,-24.439463,0.3793687,0.5661265,0.021991739,0.15514272,0.015648356,0.04
526,-24.433039,0.37614697,0.7404324,0.03367621,0.15208872,0.015192612,0.04
527,-24.431059,0.36560732,0.6156978,0.029259916,0.14868653,0.01549431,0.04
528,-24.427486,0.38454852,1.0073265,0.02928003,0.1553991,0.0139767965,0.04
529,-24.41802,0.3789247,0.8060986,0.019624425,0.15365772,0.015241206,0.04
530,-24.427366,0.35559395,0.6140973,0.021794515,0.1416859,0.023747792,0.04
531,-24.424809,0.39045563,0.74453914,0.026857305,0.15803581,0.018729236,0.04
532,-24.436115,0.36613214,0.56651634,0.016565887,0.15022048,0.012207735,0.04
533,-24.410686,0.38230994,1.0803697,0.01635388,0.15667063,0.0135387145,0.04
534,-24.435703,0.38127923,0.45424405,0.022778746,0.15591913,0.014412057,0.04
535,-24.41685,0.3780348,1.1309253,0.025044965,0.15220769,0.017065747,0.04
536,-24.425411,0.38670394,0.84182703,0.030399175,0.1583238,0.015106647,0.04
537,-24.43037,0.36209288,0.474967,0.027857099,0.14973296,0.026035026,0.04
538,-24.42638,0.37093252,0.75585526,0.039598886,0.1504658,0.01906468,0.04
539,-24.438461,0.35958385,0.5947108,0.020629542,0.14632925,0.02117151,0.04
540,-24.425453,0.36745796,0.8544,0.02240611,0.14677751,0.015290854,0.04
541,-24.429516,0.37051815,0.559197,0.022033885,0.14926186,0.01370434,0.04
542,-24.423199,0.38300446,0.8061468,0.031937692,0.15555368,0.017099533,0.04
543,-24.425476,0.36124942,0.8865014,0.035848323,0.1445778,0.016506318,0.04
544,-24.423819,0.38341847,0.7516624,0.025768334,0.15648869,0.014799779,0.04
545,-24.41504,0.39224178,1.2387733,0.025165146,0.1582622,0.013745033,0.04
546,-24.424387,0.3871017,0.7223792,0.034929913,0.15705456,0.0137525145,0.04
547,-24.40836,0.38035375,1.3512175,0.021520423,0.1549828,0.0144965965,0.04
548,-24.42423,0.35925242,0.932545,0.01807077,0.14377442,0.015827013,0.04
549,-24.431446,0.37640676,0.74868375,0.025168551,0.15377967,0.015457329,0.04
550,-24.415138,0.39279154,1.3549876,0.025913786,0.15980479,0.016714487,0.04
551,-24.414524,0.3867153,1.2878746,0.027691325,0.15918478,0.014626962,0.04
552,-24.425552,0.37115657,0.9302204,0.023108834,0.1519526,0.013843956,0.04
553,-24.423656,0.37264633,0.90965486,0.026243022,0.15195157,0.015711399,0.04
554,-24.432014,0.37680668,0.5623021,0.017900806,0.15235697,0.015670273,0.04
555,-24.42568,0.3666611,0.9082158,0.030665442,0.14900705,0.014490338,0.04
556,-24.43069,0.36321363,0.8374472,0.028167099,0.14805081,0.021033695,0.04
557,-24.42587,0.3965762,0.844664,0.015910834,0.16350554,0.013427621,0.04
558,-24.414398,0.35913533,1.0079936,0.028520368,0.1452851,0.012558106,0.04
559,-24.422289,0.3850292,0.7201117,0.03173176,0.15818238,0.014853888,0.04
560,-24.427183,0.3767146,0.74989456,0.029646993,0.15097176,0.013166473,0.04
561,-24.428867,0.35870454,0.9061557,0.026136508,0.14298521,0.014951273,0.04
562,-24.418465,0.38126326,0.8969463,0.019930692,0.1569039,0.017411914,0.04
563,-24.408598,0.36789495,1.4293425,0.041358985,0.14800246,0.017820677,0.04
564,-24.423954,0.3850803,0.85802424,0.028048443,0.15762608,0.015339041,0.04
565,-24.419868,0.36510178,1.2722462,0.021374295,0.14919579,0.013671148,0.04
566,-24.44303,0.39016294,0.7235263,0.033089194,0.16080952,0.012654856,0.04
567,-24.43163,0.38530758,0.7899841,0.018226286,0.15448229,0.014410477,0.04
568,-24.447874,0.37608927,0.2978686,0.024048503,0.15397245,0.016769417,0.04
569,-24.445215,0.38939655,0.49801546,0.029375123,0.1586054,0.016716138,0.04
570,-24.408306,0.36854348,1.474004,0.029068977,0.14731646,0.016219126,0.04
571,-24.422266,0.37748808,0.9855414,0.03309856,0.15474409,0.015977032,0.04
572,-24.41301,0.37870574,1.268471,0.024137136,0.15303992,0.0155577,0.04
573,-24.426931,0.37679607,0.9601755,0.018389601,0.15271315,0.019944504,0.04
574,-24.416178,0.37368375,1.2047485,0.020544598,0.1506495,0.015015977,0.04
575,-24.414312,0.35979787,1.0220143,0.0259291,0.14498506,0.012546174,0.04
576,-24.425518,0.36667612,0.8702752,0.031453658,0.14884372,0.013144921,0.04
577,-24.42964,0.3894623,0.95783126,0.03244881,0.1581583,0.015026757,0.04
578,-24.432606,0.39482152,0.574038,0.030463956,0.15784831,0.021456275,0.04
579,-24.415184,0.37615305,1.3147655,0.03104259,0.1531974,0.015596864,0.04
580,-24.408579,0.38389456,1.5367134,0.019350465,0.15876348,0.014000296,0.04
581,-24.426561,0.3809271,0.8499442,0.02369077,0.1580752,0.013797106,0.04
582,-24.421965,0.3657001,1.1711637,0.03384791,0.14857392,0.014615291,0.04
583,-24.433239,0.37361526,0.8174731,0.0137399845,0.14965919,0.014864365,0.04
584,-24.419167,0.3907815,1.2630929,0.030474612,0.1586695,0.014673271,0.04
585,-24.421644,0.37071863,0.944712,0.019120915,0.1499711,0.014495296,0.04
586,-24.419092,0.39588758,0.95095634,0.03152212,0.1577201,0.013299003,0.04
587,-24.421015,0.38046977,1.0640129,0.017390663,0.15166834,0.013130529,0.04
588,-24.434021,0.34978697,0.7026683,0.020469654,0.14083222,0.01435834,0.04
589,-24.41983,0.3729352,0.86916953,0.028388586,0.15051873,0.014929754,0.04
590,-24.420454,0.39377892,0.8039506,0.033003878,0.15829511,0.016063042,0.04
591,-24.42122,0.38110816,1.239156,0.018670913,0.15363488,0.013404838,0.04
592,-24.436403,0.3838004,0.45727232,0.017955443,0.15609732,0.014444213,0.04
593,-24.423191,0.37050253,1.0288602,0.033323057,0.14738896,0.016961774,0.04
594,-24.428484,0.37854263,0.6318107,0.027478762,0.1539802,0.015836857,0.04
595,-24.42592,0.390672,0.7833754,0.02230012,0.15488854,0.024541702,0.04
596,-24.423203,0.37855667,0.964112,0.013401309,0.1513584,0.013515867,0.04
597,-24.434267,0.376989,0.5826756,0.01864142,0.15112126,0.012679438,0.04
598,-24.40562,0.3736702,1.31773,0.03530899,0.15009713,0.019573104,0.04
599,-24.432524,0.38634294,0.61091244,0.024415106,0.15752481,0.013392006,0.04
600,-24.435102,0.37825695,0.55111164,0.02274731,0.15844516,0.014494592,0.04
601,-24.421692,0.38921887,1.4703858,0.025487302,0.15971021,0.015188019,0.04
602,-24.421179,0.37648147,1.09093,0.041556396,0.15060419,0.019308329,0.04
603,-24.4241,0.36256862,0.80354655,0.025516797,0.15008362,0.014805505,0.04
604,-24.438208,0.37473217,0.30129275,0.030930193,0.15403822,0.014765234,0.04
605,-24.430477,0.35299897,0.6779719,0.01850468,0.14170879,0.014912085,0.04
606,-24.431656,0.40665802,0.6358842,0.033699855,0.1651635,0.015457047,0.04
607,-24.423628,0.3506526,0.8903581,0.018725565,0.1404995,0.012530579,0.04
608,-24.432405,0.3706503,0.82662433,0.031053739,0.15148924,0.01346789,0.04
609,-24.4229,0.37418455,1.0620815,0.022922834,0.15461405,0.012392692,0.04
610,-24.424839,0.36114445,0.629228,0.017276172,0.14998734,0.015053585,0.04
611,-24.435875,0.38260368,0.6702836,0.027645499,0.1555387,0.014492004,0.04
612,-24.400558,0.37330607,1.56308,0.02861834,0.1514504,0.013791919,0.04
613,-24.4403,0.3674216,0.4348502,0.019016622,0.15436725,0.01454041,0.04
614,-24.420769,0.3846622,0.95201725,0.023048367,0.15379055,0.014378287,0.04
615,-24.42417,0.36339954,0.8696821,0.034117512,0.14905913,0.012536931,0.04
616,-24.436121,0.3684531,0.59176016,0.03147056,0.15328036,0.013660229,0.04
617,-24.424656,0.38959363,0.6594559,0.034217592,0.15555651,0.018118557,0.04
618,-24.40624,0.39313734,1.4069915,0.034966107,0.15944284,0.01525442,0.04
619,-24.413065,0.38179287,1.2690291,0.03741467,0.15850015,0.015797298,0.04
620,-24.42731,0.3755598,0.8248088,0.017636672,0.15320146,0.016575417,0.04
621,-24.431398,0.37074307,0.48880005,0.023248669,0.14950506,0.0146028735,0.04
622,-24.422375,0.35304445,1.1892903,0.016275076,0.14414164,0.013381158,0.04
623,-24.42857,0.38636044,0.87841076,0.019189946,0.15525839,0.014805728,0.04
624,-24.425629,0.36557105,0.9331073,0.020796483,0.15147027,0.013348788,0.04
625,-24.433922,0.36753312,0.49458715,0.025510851,0.14973393,0.014105956,0.04
626,-24.415705,0.35838273,1.4601221,0.02597371,0.1448781,0.012504816,0.04
627,-24.442003,0.36772346,0.6052284,0.0349954,0.15179433,0.02286938,0.04
628,-24.423811,0.37686726,0.9420126,0.019298462,0.15357196,0.015659632,0.04
629,-24.420275,0.3742786,1.0952622,0.023513801,0.15142314,0.014482977,0.04
630,-24.40539,0.36274177,1.2483304,0.016381143,0.1457341,0.015358651,0.04
631,-24.426085,0.3653231,0.76267135,0.030503854,0.14659761,0.014355848,0.04
632,-24.431725,0.3632381,0.7021427,0.01969836,0.14609645,0.013862869,0.04
633,-24.409714,0.36991775,1.7030674,0.021760885,0.14902799,0.012683659,0.04
634,-24.43585,0.38402387,0.4811207,0.024246255,0.15595172,0.013423141,0.04
635,-24.42041,0.3752651,1.1560506,0.02532022,0.15078363,0.012747389,0.04
636,-24.427027,0.3844614,0.5909594,0.018617325,0.15494734,0.015406672,0.04
637,-24.416765,0.36308056,0.99343866,0.020081023,0.14640959,0.011951671,0.04
638,-24.423626,0.3560887,0.7593647,0.019138305,0.14711508,0.0123631675,0.04
639,-24.420448,0.37828088,1.0495548,0.024277097,0.15350989,0.015006968,0.04
640,-24.41514,0.37053254,1.1197145,0.029060615,0.15456128,0.015800621,0.04
641,-24.413116,0.3646663,0.9704113,0.025573988,0.14951405,0.013709309,0.04
642,-24.422243,0.36293745,0.94493085,0.018352184,0.1469314,0.012610805,0.04
643,-24.440725,0.37657154,0.4173149,0.026932407,0.15368864,0.01806689,0.04
644,-24.420515,0.37174192,1.3118327,0.023434907,0.14920723,0.016429957,0.04
645,-24.419395,0.36083752,1.007082,0.019090017,0.14842315,0.013696636,0.04
646,-24.43182,0.36831558,0.64286625,0.027458783,0.14974925,0.016957192,0.04
647,-24.4242,0.3764444,0.8745406,0.024818856,0.15220521,0.013300542,0.04
648,-24.442108,0.37185857,0.58766097,0.018243322,0.15184997,0.015376737,0.04
649,-24.429707,0.37748924,0.70869166,0.018841371,0.15456456,0.015513593,0.04
650,-24.42268,0.36945045,0.9420874,0.029598668,0.14753689,0.015393895,0.04
651,-24.432055,0.3687448,0.541175,0.030033937,0.14744759,0.0138447145,0.04
652,-24.42328,0.37576383,0.90715903,0.02964318,0.15151224,0.014947445,0.04
653,-24.425047,0.3677947,0.9211843,0.020353975,0.14875913,0.01394547,0.04
654,-24.427809,0.3548748,0.7000471,0.018768843,0.14245275,0.012461379,0.04
655,-24.421463,0.37625232,1.2444448,0.052477654,0.15472466,0.033651344,0.04
656,-24.418617,0.38844767,1.0242277,0.05476108,0.15575106,0.01950945,0.04
657,-24.432383,0.36519527,0.43813667,0.03433005,0.15079692,0.013660451,0.04
658,-24.41555,0.3558872,1.1978428,0.03707075,0.14145337,0.016752344,0.04
659,-24.430046,0.36919236,0.6720462,0.029158304,0.14827079,0.013761137,0.04
660,-24.416023,0.36840138,1.5074563,0.037342854,0.14805302,0.018019699,0.04
661,-24.425495,0.3796329,1.1399924,0.012287582,0.15357597,0.012644852,0.04
662,-24.426218,0.36328056,0.88299257,0.029929139,0.14659931,0.014121101,0.04
663,-24.43267,0.3708806,0.84920806,0.022409325,0.15206079,0.0152612915,0.04
664,-24.420582,0.3821867,1.0009073,0.013815421,0.15476842,0.01285979,0.04
665,-24.42538,0.35870335,0.701341,0.017537331,0.14690384,0.0113781495,0.04
666,-24.428799,0.36798862,0.95937365,0.01247259,0.14950341,0.013137922,0.04
667,-24.406511,0.36661828,1.6784533,0.013656425,0.14640325,0.012857851,0.04
668,-24.426031,0.36167035,0.79317534,0.026630312,0.14699598,0.012460569,0.04
669,-24.417337,0.37914363,1.1273912,0.03355995,0.15300065,0.014580389,0.04
670,-24.43175,0.39417592,0.71078926,0.021185048,0.15895034,0.014093413,0.04
671,-24.42322,0.37462276,0.9124974,0.02564863,0.15505442,0.014501688,0.04
672,-24.424387,0.38256586,0.7916767,0.042160295,0.15545423,0.014804261,0.04
673,-24.416609,0.35768378,1.0743712,0.04310322,0.14401741,0.013292778,0.04
674,-24.417465,0.35825154,1.209617,0.02365468,0.1479353,0.011993504,0.04
675,-24.426823,0.36765936,1.1310673,0.017391646,0.14910953,0.011164195,0.04
676,-24.42595,0.3876082,0.7355902,0.044273067,0.15793777,0.012210627,0.04
677,-24.422571,0.37757963,0.88069284,0.021229926,0.15407677,0.011931155,0.04
678,-24.428764,0.36577335,0.98056966,0.031047996,0.15162975,0.015359241,0.04
679,-24.425777,0.36355147,0.8874437,0.030688332,0.14742921,0.016988328,0.04
680,-24.420444,0.36340892,1.085809,0.029515134,0.150083,0.014796109,0.04
681,-24.430761,0.36371133,0.6005628,0.018005755,0.14689593,0.010470453,0.04
682,-24.430035,0.35629335,0.6643681,0.01842951,0.14539409,0.014101537,0.04
683,-24.414722,0.3655114,1.1728115,0.034805253,0.1484468,0.012466533,0.04
684,-24.419027,0.36335546,0.9396707,0.026073486,0.14768712,0.013246368,0.04
685,-24.427763,0.37133965,0.92958945,0.022645816,0.15171123,0.014721434,0.04
686,-24.421278,0.358803,1.1345279,0.032196805,0.14835937,0.014517673,0.04
687,-24.430363,0.3503215,0.7920794,0.018488107,0.13994068,0.0138659375,0.04
688,-24.430721,0.383996,0.56034964,0.014345416,0.15341483,0.011610748,0.04
689,-24.425344,0.3643954,0.8977891,0.014934418,0.14898784,0.01248855,0.04
690,-24.426031,0.36709327,0.7095904,0.033710387,0.1487279,0.030028861,0.04
691,-24.42716,0.3902364,0.7648996,0.020620001,0.16068073,0.016148295,0.04
692,-24.425854,0.3605286,0.7201719,0.023394907,0.14744738,0.016439945,0.04
693,-24.42498,0.35247055,0.89240223,0.02607563,0.14195274,0.018013116,0.04
694,-24.417383,0.3796704,1.2089285,0.01606393,0.15379815,0.012554487,0.04
695,-24.414473,0.37397486,1.2176495,0.023081232,0.15421796,0.013001266,0.04
696,-24.421309,0.36795685,0.96638703,0.030852446,0.15063295,0.01466317,0.04
697,-24.419418,0.37525797,0.96402365,0.02057105,0.15226604,0.015103441,0.04
698,-24.417864,0.3579198,1.1744589,0.03739466,0.14791702,0.038402967,0.04
699,-24.41948,0.3690317,1.0463645,0.025117232,0.14796051,0.014811253,0.04
700,-24.408743,0.3474552,1.5968739,0.033284534,0.14089097,0.013228555,0.04
701,-24.435316,0.35212806,0.49802047,0.021292849,0.14233746,0.016242225,0.04
702,-24.434946,0.35262105,0.51950747,0.020521384,0.14551808,0.011912687,0.04
703,-24.408611,0.35065487,1.5100491,0.034350894,0.14000843,0.032524083,0.04
704,-24.440054,0.35973394,0.50786906,0.023856936,0.14919443,0.01766245,0.04
705,-24.422285,0.37452084,0.7784147,0.019450737,0.1522706,0.017973457,0.04
706,-24.416958,0.36274114,0.7822205,0.025962614,0.14741248,0.013179707,0.04
707,-24.42147,0.36239964,0.95970803,0.03970769,0.14940386,0.0138174305,0.04
708,-24.4212,0.37285522,0.8179812,0.02663211,0.1501228,0.013833035,0.04
709,-24.415258,0.36958852,1.3099133,0.016553795,0.14962915,0.014845054,0.04
710,-24.414772,0.36887565,1.2631788,0.03040227,0.15067296,0.017564818,0.04
711,-24.423573,0.37873167,0.8555038,0.028840166,0.15535983,0.013600038,0.04
712,-24.431906,0.35966468,0.68456364,0.028198943,0.14741914,0.023741042,0.04
713,-24.425392,0.36317325,0.84485024,0.027852153,0.14688209,0.014541121,0.04
714,-24.423222,0.37907997,1.0334303,0.0217296,0.1540154,0.015210402,0.04
715,-24.418512,0.35750428,1.1409223,0.018183066,0.14385362,0.01490933,0.04
716,-24.423504,0.37847582,0.9051139,0.01446987,0.15323623,0.016395248,0.04
717,-24.41789,0.37724304,0.9655,0.014890364,0.15093602,0.0143469935,0.04
718,-24.41909,0.3625339,1.0016938,0.022466,0.14817862,0.01416667,0.04
719,-24.440481,0.3737311,0.44408506,0.022316119,0.15061802,0.012611839,0.04
720,-24.435629,0.3715189,0.4569457,0.023835974,0.14945973,0.01437809,0.04
721,-24.424679,0.36092943,0.8042164,0.017706288,0.14706858,0.01456004,0.04
722,-24.423292,0.37802157,0.8141126,0.024965914,0.15554625,0.013047715,0.04
723,-24.430685,0.36031222,0.80899173,0.018203646,0.14827557,0.012173552,0.04
724,-24.427692,0.3789845,0.7548757,0.023252275,0.15357322,0.01346415,0.04
725,-24.426945,0.3647607,0.4951486,0.013407248,0.14744481,0.01227111,0.04
726,-24.421644,0.36349103,0.8694408,0.023022791,0.15008092,0.011534596,0.04
727,-24.430422,0.35529706,0.8602459,0.03872484,0.142663,0.013915178,0.04
728,-24.434105,0.3801968,0.7509314,0.025901405,0.15740964,0.014096819,0.04
729,-24.427925,0.36302108,0.7403385,0.022800004,0.14934677,0.015481226,0.04
730,-24.428663,0.35402468,1.0722466,0.016492087,0.14461674,0.015291234,0.04
731,-24.441912,0.3615145,0.44212547,0.03408595,0.1436423,0.016902152,0.04
732,-24.445839,0.36415836,0.43752235,0.022786114,0.14794712,0.016127957,0.04
733,-24.407564,0.38000098,1.4160528,0.036640782,0.15387182,0.017968878,0.04
734,-24.429323,0.37465897,0.79348874,0.0219143,0.15247345,0.014406062,0.04
735,-24.420027,0.35838127,1.1847622,0.019128827,0.14418487,0.012739082,0.04
736,-24.435974,0.37308556,0.48387116,0.020030586,0.15394107,0.013639356,0.04
737,-24.426086,0.35512653,1.1682619,0.0115833245,0.14446673,0.0123773655,0.04
738,-24.443016,0.35486114,0.3860389,0.022260398,0.1430937,0.012781844,0.04
739,-24.436136,0.3696683,0.5189892,0.023003604,0.15219846,0.014887061,0.04
740,-24.418245,0.3721501,1.2757758,0.02530647,0.15106529,0.014467639,0.04
741,-24.432682,0.38794678,0.56977665,0.018885126,0.1573987,0.013570591,0.04
742,-24.422802,0.3755833,1.1094867,0.026028324,0.15405974,0.015461544,0.04
743,-24.42881,0.3737395,0.66751087,0.01893382,0.1499415,0.016874906,0.04
744,-24.433777,0.39464644,0.7445715,0.013205418,0.15592612,0.012361087,0.04
745,-24.423761,0.3739926,0.82294965,0.033125866,0.15112315,0.0156198125,0.04
746,-24.442684,0.3615101,0.3432875,0.020510137,0.14538102,0.015194132,0.04
747,-24.43222,0.36260107,0.7910434,0.022769008,0.14769344,0.013904902,0.04
748,-24.41822,0.36894497,1.1593695,0.01639517,0.14972846,0.0141516905,0.04
749,-24.424744,0.37172815,0.9441642,0.028191919,0.15491836,0.01130504,0.04
750,-24.43664,0.36260432,0.58700943,0.029486302,0.14840867,0.014554392,0.04
751,-24.415117,0.3674549,1.4825484,0.017311364,0.14712586,0.011483164,0.04
752,-24.42236,0.3628799,0.927338,0.021621134,0.14603925,0.013449414,0.04
753,-24.421375,0.34917217,1.2286608,0.025147893,0.1423087,0.012417453,0.04
754,-24.425352,0.35249773,0.81522804,0.020208985,0.14464423,0.014575027,0.04
755,-24.429338,0.36180425,0.7547513,0.026950018,0.14638868,0.01751744,0.04
756,-24.428705,0.35837197,0.6737721,0.020109177,0.14653416,0.0147723,0.04
757,-24.429922,0.35384804,0.7007317,0.026889099,0.14450186,0.014223331,0.04
758,-24.427431,0.3598332,0.78918505,0.022853518,0.1454902,0.014909215,0.04
759,-24.4288,0.36722493,0.7630782,0.0360209,0.14872973,0.04950402,0.04
760,-24.435696,0.3671425,0.5360158,0.022914205,0.14692007,0.015344556,0.04
761,-24.423574,0.34367326,0.9500906,0.022596566,0.14055611,0.013196433,0.04
762,-24.424103,0.36764023,0.85745454,0.01657564,0.14650087,0.01500818,0.04
763,-24.426683,0.34885064,0.7505251,0.04172175,0.14136764,0.013621371,0.04
764,-24.433262,0.36493307,0.70589113,0.018567855,0.14920935,0.012805661,0.04
765,-24.419624,0.35127598,1.2979918,0.012386816,0.14126423,0.011886748,0.04
766,-24.428709,0.35809866,0.6789298,0.014897493,0.14544326,0.011377295,0.04
767,-24.440664,0.37641093,0.43339112,0.019186385,0.1517443,0.012330341,0.04
768,-24.430902,0.3677629,0.8029574,0.029885644,0.1495402,0.01466949,0.04
769,-24.429682,0.35290793,0.54020053,0.013302384,0.14415127,0.012028131,0.04
770,-24.421816,0.36665058,1.0325574,0.031856816,0.14935227,0.011621309,0.04
771,-24.431131,0.35195634,0.798528,0.019780286,0.14233449,0.010854892,0.04
772,-24.418758,0.36647335,1.2946218,0.023001356,0.14912283,0.012774343,0.04
773,-24.436676,0.35766146,0.46620855,0.015046207,0.14605664,0.012288397,0.04
774,-24.425894,0.34903094,0.65394914,0.024860475,0.14149271,0.010924989,0.04
775,-24.433352,0.3742944,0.84033346,0.020536788,0.15382214,0.0112087475,0.04
776,-24.417044,0.37338975,0.9742871,0.024224626,0.15084367,0.013915838,0.04
777,-24.419184,0.37718832,1.323011,0.025815753,0.15075055,0.014663585,0.04
778,-24.424623,0.37782514,1.1943644,0.019798674,0.15194301,0.012599139,0.04
779,-24.438663,0.37990645,0.50396156,0.02214248,0.15303554,0.013194055,0.04
780,-24.432344,0.36979598,0.63903636,0.020541443,0.15155783,0.015576392,0.04
781,-24.419283,0.3503736,1.2696694,0.024782432,0.13974226,0.014150241,0.04
782,-24.426645,0.35588124,0.95624256,0.042767506,0.14192499,0.031035038,0.04
783,-24.407583,0.34957737,1.4938428,0.023982799,0.14066017,0.018845687,0.04
784,-24.42189,0.3517466,0.76871467,0.048840165,0.14246769,0.032378886,0.04
785,-24.433292,0.34818566,0.7855735,0.030522877,0.14315094,0.017558264,0.04
786,-24.42911,0.36094558,0.7501041,0.029284127,0.14534001,0.016654603,0.04
787,-24.41387,0.364157,1.1706344,0.025171306,0.1476454,0.01350976,0.04
788,-24.415968,0.3553143,1.2289612,0.014727733,0.14538872,0.013065217,0.04
789,-24.425537,0.366771,0.9503734,0.014373068,0.15064998,0.012581296,0.04
790,-24.431871,0.36941174,0.6785508,0.016421635,0.14818607,0.013545756,0.04
791,-24.424625,0.3646999,0.76475817,0.012352582,0.15049839,0.011947526,0.04
792,-24.427822,0.35624066,0.74127704,0.023872413,0.14299774,0.01385071,0.04
793,-24.426981,0.35871872,0.97168237,0.021563413,0.14563231,0.014148352,0.04
794,-24.431593,0.37582305,0.9902929,0.026520293,0.14873075,0.013457736,0.04
795,-24.423445,0.3668109,0.96154606,0.016877891,0.1486773,0.011501299,0.04
796,-24.41574,0.3737504,0.90456855,0.017327175,0.1483841,0.01140516,0.04
