epoch,energy,energy_std,grad_amp_before,grad_phi_before,grad_amp_after,grad_phi_after,learning_rate
0,1.7777568,4.2520533,13.548306,15.225786,2.8035276,3.712563,0.04
1,1.3817089,4.1859765,13.2595625,12.0537405,2.8489938,3.8045354,0.04
2,1.1708281,4.1097026,13.708792,18.163858,2.773795,3.598775,0.04
3,0.85969824,4.1864543,13.0018215,12.645239,2.779787,3.6985114,0.04
4,0.40901527,4.154159,14.531747,12.972837,2.7762904,3.5825622,0.04
5,0.13175699,4.043301,14.617391,11.945478,2.6451805,3.5713353,0.04
6,-0.04994581,4.027427,15.525746,12.721309,2.5443335,3.3479137,0.04
7,-0.37188506,3.9506109,14.705353,15.820372,2.5279417,3.4297016,0.04
8,-0.5165248,3.8488348,14.199025,8.6542635,2.5135424,3.2496865,0.04
9,-0.714169,4.033776,16.280115,12.432568,2.5417295,3.3284442,0.04
10,-1.020321,3.9116013,13.433364,12.399383,2.5352,3.3715773,0.04
11,-1.0704551,3.8834643,14.710674,8.358404,2.5064106,3.3051271,0.04
12,-1.3866185,3.8055117,13.090857,9.470863,2.5760808,3.4423833,0.04
13,-1.6193936,3.9320977,13.912345,11.263054,2.6012428,3.3888817,0.04
14,-1.59377,3.8967423,15.010242,11.171681,2.400747,3.2674735,0.04
15,-1.7303264,3.8306367,15.624814,12.710253,2.434285,3.290408,0.04
16,-1.9611402,3.8913124,19.949043,22.266687,2.4113963,3.2954297,0.04
17,-2.1103241,3.9687226,21.319073,23.839872,2.5086522,3.341816,0.04
18,-2.1583292,3.8676538,15.152214,10.867342,2.3809085,3.3067288,0.04
19,-2.346014,3.9014637,15.691986,9.823331,2.4605205,3.3128147,0.04
20,-2.5198338,3.869454,14.854471,10.495906,2.5448072,3.3398786,0.04
21,-2.5970364,3.848822,14.694269,9.036774,2.412393,3.2555058,0.04
22,-2.9268985,3.9067123,15.297964,11.135609,2.5465176,3.265577,0.04
23,-2.7490566,3.9805624,15.743008,10.7048,2.4566503,3.3191028,0.04
24,-2.9941444,3.9242313,17.303448,11.965793,2.4761415,3.2557034,0.04
25,-3.188015,3.8173516,15.010211,9.383018,2.4708838,3.320635,0.04
26,-3.3680816,4.110699,24.564484,28.81233,2.4777584,3.3461316,0.04
27,-3.440005,4.179097,20.906515,29.151241,2.4469268,3.1768546,0.04
28,-3.6389346,3.8268707,15.69379,9.076048,2.4272041,3.2254999,0.04
29,-3.6156688,4.066965,17.382946,9.520234,2.434025,3.350713,0.04
30,-3.8735292,4.025123,15.976031,10.797801,2.5734098,3.3925927,0.04
31,-3.9628086,4.02085,16.596731,11.171009,2.565439,3.3587978,0.04
32,-4.1616406,4.0303035,15.818285,11.277079,2.6621997,3.4899302,0.04
33,-4.280603,3.9222167,16.035706,8.483009,2.6378145,3.446983,0.04
34,-4.5564938,3.9770737,16.128567,7.677291,2.595064,3.4315445,0.04
35,-4.6312885,3.8857825,16.363924,8.668439,2.519844,3.3507757,0.04
36,-4.7438693,3.9917789,18.339804,8.991332,2.503147,3.3350263,0.04
37,-4.763414,4.004023,15.848781,8.97702,2.599252,3.485577,0.04
38,-4.9309745,3.9726284,16.262201,8.684371,2.679752,3.5143416,0.04
39,-5.0686407,4.0993824,18.345444,12.573037,2.5902796,3.3710916,0.04
40,-5.120382,3.9886096,17.251532,8.388689,2.5458155,3.4631236,0.04
41,-5.374192,3.9696283,15.880263,8.765177,2.6072986,3.5049028,0.04
42,-5.475301,4.4648027,27.710562,25.089634,2.6929004,3.539403,0.04
43,-5.6298265,4.0462317,19.175947,10.184935,2.5805948,3.3869147,0.04
44,-5.6544175,4.0027657,17.052238,10.559141,2.688356,3.3520257,0.04
45,-5.8759418,4.087255,17.283752,9.299572,2.690385,3.505834,0.04
46,-6.066122,4.4079046,21.390074,14.174558,2.7975197,3.6938028,0.04
47,-6.149412,4.2021966,20.037563,11.633332,2.7250013,3.4959464,0.04
48,-6.1404953,4.3130307,21.878279,14.444313,2.7132838,3.5886002,0.04
49,-6.30265,4.212389,20.663532,14.746058,2.755695,3.539443,0.04
50,-6.6128364,4.1834064,20.554834,9.0488205,2.7384768,3.5545888,0.04
51,-6.7199845,4.2253685,20.45767,10.4341955,2.8544831,3.6229126,0.04
52,-6.791151,4.2450533,20.70315,10.233874,2.7162542,3.5369534,0.04
53,-6.9238105,4.175994,21.033163,10.241163,2.749461,3.5081394,0.04
54,-7.051267,4.241174,20.43557,9.068154,2.7771137,3.606024,0.04
55,-7.302712,4.3283086,22.031446,11.80047,2.8943348,3.709614,0.04
56,-7.460287,4.304612,20.966637,10.82679,2.8590705,3.6613195,0.04
57,-7.355666,4.3575053,25.410788,15.29412,2.9107053,3.6574051,0.04
58,-7.6950088,4.26894,20.812561,9.912526,2.889321,3.8012285,0.04
59,-7.805841,4.2872553,22.570444,9.536988,2.917675,3.729044,0.04
60,-8.032793,4.515959,32.4095,31.539904,2.937984,3.617851,0.04
61,-8.166409,4.256532,19.680214,9.908051,2.8545847,3.7452404,0.04
62,-8.247244,4.4362807,20.818308,11.472824,3.015508,3.891299,0.04
63,-8.42044,4.3418484,19.860552,11.030622,2.9277565,3.8003268,0.04
64,-8.443537,4.626294,23.574682,16.024984,3.0227175,3.6966014,0.04
65,-8.5494175,4.461355,21.046005,13.917448,3.0264692,3.813234,0.04
66,-8.845606,4.5847144,23.111181,14.223941,3.1966877,4.058405,0.04
67,-8.933006,4.310812,22.457497,13.364791,3.006086,3.7843893,0.04
68,-9.239011,4.317216,21.013823,11.213094,2.9503458,3.8862035,0.04
69,-9.32354,4.334144,22.44311,12.130754,2.9368834,3.7566724,0.04
70,-9.326691,4.3309565,21.843468,12.900218,2.8742502,3.7061746,0.04
71,-9.447744,4.3417287,21.470402,9.425321,2.9732313,3.8493125,0.04
72,-9.538729,4.5799727,25.280598,16.495127,3.049679,3.932948,0.04
73,-9.906228,4.3771625,22.101381,14.683402,3.0778315,3.8082798,0.04
74,-9.990106,4.6218805,23.412384,16.128208,3.1076632,3.8033044,0.04
75,-10.04522,4.4971986,23.209023,10.064263,3.131811,3.98457,0.04
76,-10.119011,4.548882,23.179531,8.591172,3.1281056,3.8227491,0.04
77,-10.323688,4.4391537,17.397552,10.47925,3.2571537,3.9714239,0.04
78,-10.3934965,4.5463147,20.686497,12.191381,3.1667998,3.9234025,0.04
79,-10.651636,4.432625,18.11241,11.135348,3.2754989,3.9228582,0.04
80,-10.742488,4.66174,19.81662,10.989062,3.2188387,4.043098,0.04
81,-10.977904,4.588622,24.36481,14.715419,3.2090955,3.8950624,0.04
82,-10.986196,4.369921,18.1419,11.426234,3.1258557,3.8268795,0.04
83,-11.246741,4.567876,21.40326,11.19074,3.1622894,3.8709042,0.04
84,-11.505274,4.3720627,19.052492,8.696739,3.1171865,3.9324086,0.04
85,-11.618748,4.564338,20.680244,10.865576,3.236992,3.930885,0.04
86,-11.701064,4.7921433,23.316694,15.216499,3.3138132,3.9297876,0.04
87,-11.909553,4.9575844,24.25856,15.847576,3.3449745,4.0163946,0.04
88,-12.134428,4.5913973,19.230576,12.071407,3.4804401,4.016821,0.04
89,-12.102111,4.6501136,20.093224,12.158917,3.3694174,4.0109496,0.04
90,-12.283356,4.8771114,22.567987,14.927108,3.4147534,4.1767387,0.04
91,-12.500693,4.8262987,21.380949,12.645324,3.4831696,4.215122,0.04
92,-12.576788,4.991213,22.674955,15.505942,3.4116826,4.207528,0.04
93,-12.706987,4.6851172,19.415165,13.270851,3.2954957,3.8598042,0.04
94,-12.846281,4.6702194,20.958445,11.911113,3.4534316,3.926561,0.04
95,-13.020977,4.8483505,20.460064,12.566594,3.5657563,4.2000575,0.04
96,-13.379338,4.656228,18.095781,13.014752,3.31708,3.9884348,0.04
97,-13.52054,4.6754394,18.75991,14.742852,3.380904,3.906906,0.04
98,-13.689431,4.710304,18.535671,10.116094,3.4604678,3.9480264,0.04
99,-13.832127,4.9320936,19.204227,17.866182,3.5967185,4.111397,0.04
100,-14.068093,4.9336643,20.494968,14.678867,3.4662192,4.001903,0.04
101,-14.215263,5.0195227,18.284649,16.007359,3.523026,4.2495184,0.04
102,-14.423334,4.868257,17.37093,15.312902,3.6396651,4.2101154,0.04
103,-14.661287,5.179456,17.871618,19.40517,3.8180711,4.4102774,0.04
104,-14.925364,4.931904,17.339622,17.435974,3.6718366,4.192678,0.04
105,-15.350004,4.9986224,16.711113,16.689482,3.6959987,4.087589,0.04
106,-15.487812,5.3508253,16.119583,20.821142,4.20347,4.6367183,0.04
107,-16.104685,5.409509,17.99396,17.048506,3.9607956,4.5124416,0.04
108,-16.629282,5.402642,15.9660225,19.508686,3.9845283,4.5441127,0.04
109,-17.15241,5.535277,18.178112,21.55915,4.218739,4.53539,0.04
110,-17.764202,5.8387156,18.180132,21.215485,4.533262,5.003673,0.04
111,-18.180368,5.3002253,15.98427,18.490736,4.149196,4.5149817,0.04
112,-18.923466,5.655535,21.475573,23.261608,4.235866,4.7351365,0.04
113,-19.32338,5.3683777,15.145404,16.12575,4.3859725,4.68851,0.04
114,-19.602438,5.104876,13.974022,15.151026,4.1284013,4.488491,0.04
115,-20.217644,4.915823,14.820723,12.805644,3.9246664,4.2178044,0.04
116,-20.635704,4.9542346,14.733142,11.79505,3.8322806,4.068933,0.04
117,-20.830969,5.083246,15.609098,12.661746,3.8355017,4.0528035,0.04
118,-21.239592,4.36249,13.321385,9.032196,3.2490947,3.493902,0.04
119,-21.349236,4.468497,13.670736,10.675583,3.301131,3.4182715,0.04
120,-21.650173,4.0453615,13.183094,7.775781,2.8496988,3.0604634,0.04
121,-21.862825,3.8980424,14.0779705,7.2014217,2.6156049,2.7528727,0.04
122,-22.047316,3.6890817,13.46155,6.376566,2.4314864,2.6128922,0.04
123,-22.094875,3.5993326,12.897649,5.6747217,2.2570488,2.386398,0.04
124,-22.333052,3.4595122,13.932523,5.2449093,2.0943027,2.1218903,0.04
125,-22.497845,3.1963964,12.3521595,4.1116285,1.8794138,1.9437231,0.04
126,-22.508371,3.2180579,11.986704,4.016574,2.0309782,2.0947406,0.04
127,-22.484884,2.9669318,11.498893,4.1814938,1.6296694,1.8280152,0.04
128,-22.711367,2.9615908,13.394804,3.9994202,1.4880486,1.6967689,0.04
129,-22.74209,2.9118116,13.549833,4.061204,1.4846468,1.6514359,0.04
130,-22.80031,2.7396066,12.023454,3.4828942,1.3651994,1.5627862,0.04
131,-22.95408,2.67921,13.586913,2.7238684,1.2476329,1.4921628,0.04
132,-22.98163,2.5937147,11.781666,3.4458284,1.3680253,1.4176193,0.04
133,-22.996614,2.6455336,12.059822,3.496914,1.4943379,1.5236005,0.04
134,-23.0768,2.5355196,12.326164,3.0456674,1.1198053,1.2076564,0.04
135,-23.148394,2.4058049,12.110562,2.4758189,1.1800168,1.182639,0.04
136,-23.1589,2.473042,13.095867,3.3332946,1.1759182,1.2961959,0.04
137,-23.180798,2.298889,10.763393,2.3122964,1.0498102,1.1499884,0.04
138,-23.278782,2.2800877,10.705301,2.4800346,1.0644869,1.0520025,0.04
139,-23.317629,2.2363617,11.78897,2.2284658,1.0406747,1.0346005,0.04
140,-23.293106,2.1970503,12.03012,2.2229066,0.9279615,1.0436801,0.04
141,-23.246183,2.153176,10.636878,2.1349547,0.9964036,0.998362,0.04
142,-23.377296,2.1090953,10.761834,2.1324902,0.96186,0.9097748,0.04
143,-23.459082,2.0737636,10.973888,2.1660688,0.8647145,0.85272557,0.04
144,-23.426914,2.07184,11.417738,2.3259742,0.8544345,0.8721994,0.04
145,-23.48181,1.9499137,8.80896,2.035061,0.89787745,0.8913501,0.04
146,-23.519424,1.9442397,9.982179,1.8008426,0.82906,0.7719386,0.04
147,-23.527813,1.9023798,9.435976,1.4410309,0.79230416,0.7859166,0.04
148,-23.585348,1.9419184,11.309051,1.8359473,0.8422594,0.7980301,0.04
149,-23.515217,1.8940346,9.639747,1.4130312,0.8658975,0.7441286,0.04
150,-23.586956,1.8418356,10.440777,1.4764235,0.7490526,0.7029487,0.04
151,-23.643847,1.8411857,8.677038,1.281711,0.7387772,0.6963377,0.04
152,-23.618496,1.8004764,11.297625,1.2225202,0.6949595,0.6288465,0.04
153,-23.631464,1.7815529,9.424047,1.2054273,0.7039067,0.66460633,0.04
154,-23.677826,1.7539808,8.901362,1.1983838,0.70201653,0.62959373,0.04
155,-23.70309,1.8218635,10.563439,1.4919863,0.6960533,0.6271563,0.04
156,-23.727623,1.7912382,9.1542225,1.1345253,0.7470639,0.64485556,0.04
157,-23.684294,1.7232381,9.062073,1.0512512,0.695551,0.5719117,0.04
158,-23.72402,1.6821972,9.523942,1.0998,0.6447985,0.5819972,0.04
159,-23.758068,1.6560509,8.710297,0.77400255,0.6453888,0.5376063,0.04
160,-23.792007,1.6047155,7.6249275,0.83806515,0.63383853,0.51087576,0.04
161,-23.787544,1.6216031,7.835158,0.9318096,0.6178091,0.4865663,0.04
162,-23.756859,1.6368755,8.646041,0.78793323,0.6157138,0.47598016,0.04
163,-23.809578,1.6427698,9.299343,0.9775763,0.6317667,0.51143306,0.04
164,-23.76953,1.6508319,9.628743,0.9022122,0.6531344,0.52352434,0.04
165,-23.819672,1.6664376,7.856959,0.731104,0.6588447,0.50560474,0.04
166,-23.804716,1.5773287,8.064504,0.9334339,0.60742587,0.4651819,0.04
167,-23.874702,1.592151,7.6615667,0.78678185,0.6148005,0.5122877,0.04
168,-23.854067,1.5923477,9.032385,0.8405894,0.611127,0.44850895,0.04
169,-23.886648,1.5408595,7.7145553,0.7877096,0.6105055,0.42875645,0.04
170,-23.866829,1.6014502,10.511634,0.62104505,0.6091032,0.42337635,0.04
171,-23.892166,1.5692422,7.3875484,0.7581517,0.6155187,0.4440309,0.04
172,-23.883438,1.5571586,7.0415235,0.6233474,0.5966424,0.4050866,0.04
173,-23.921972,1.5736188,8.903198,0.5622904,0.6166046,0.3829129,0.04
174,-23.881079,1.5162505,8.987733,0.59280264,0.59760606,0.39971417,0.04
175,-23.906944,1.5012902,8.946089,0.6080052,0.5789443,0.38168895,0.04
176,-23.864239,1.533621,8.005756,0.51320636,0.61315316,0.38121212,0.04
177,-23.850863,1.5374671,9.489493,0.55309653,0.61397856,0.4088893,0.04
178,-23.965519,1.5514374,10.475498,0.6254627,0.5954604,0.38830376,0.04
179,-23.949469,1.5544599,8.234767,0.38982025,0.6201368,0.36617717,0.04
180,-23.92493,1.5307539,8.679883,0.61262524,0.61976707,0.3732573,0.04
181,-23.92746,1.5067718,10.018038,0.56535655,0.6008495,0.37599722,0.04
182,-23.92832,1.519513,8.01397,0.39441037,0.6098804,0.33749518,0.04
183,-23.965439,1.4648724,7.8083973,0.53308165,0.58841306,0.32893077,0.04
184,-23.985886,1.5161866,8.343511,0.39314803,0.6106271,0.3415521,0.04
185,-23.95485,1.5347683,9.871059,0.42217192,0.61684394,0.31466275,0.04
186,-23.939188,1.5098253,7.5998917,0.48090065,0.6144031,0.3154699,0.04
187,-23.930887,1.5067524,8.518051,0.44143328,0.5972103,0.3088045,0.04
188,-23.960468,1.5218413,8.088142,0.33211827,0.6027938,0.3529498,0.04
189,-23.974426,1.4622967,8.0731535,0.33375677,0.5824387,0.33498028,0.04
190,-24.01801,1.4775416,6.261391,0.4594454,0.6043961,0.29794458,0.04
191,-24.04356,1.4986537,7.8753977,0.32765475,0.6042667,0.2918087,0.04
192,-23.997938,1.500841,7.979878,0.44252536,0.5859994,0.27961293,0.04
193,-23.994808,1.457522,9.307905,0.4442659,0.5840193,0.29840243,0.04
194,-24.012001,1.4940139,8.163965,0.4554058,0.5972048,0.29378843,0.04
195,-23.996838,1.4815491,6.527487,0.50512195,0.59094167,0.31187826,0.04
196,-23.9934,1.4988036,7.6767983,0.43082288,0.60809296,0.27935362,0.04
197,-24.037298,1.5098151,8.713687,0.44197693,0.60645163,0.30415177,0.04
198,-23.977026,1.5095644,9.411031,0.30439153,0.6044327,0.29022667,0.04
199,-24.000883,1.4865384,8.227503,0.32384452,0.60114044,0.26177645,0.04
200,-24.003044,1.4878023,9.625076,0.46121365,0.5993577,0.2876369,0.04
201,-23.989674,1.4903116,6.6439185,0.34728736,0.60941833,0.27773038,0.04
202,-24.031273,1.4813069,7.581588,0.28886867,0.60991114,0.2810966,0.04
203,-24.006344,1.5152667,7.449058,0.39244497,0.60879964,0.26402977,0.04
204,-24.029837,1.4798256,7.0435386,0.40500322,0.60091233,0.236934,0.04
205,-23.988125,1.4563798,9.119418,0.34026545,0.5725321,0.25322014,0.04
206,-24.003958,1.4603052,7.435462,0.310993,0.5922606,0.24446665,0.04
207,-24.057497,1.4911394,7.8761067,0.33460954,0.60748494,0.25462395,0.04
208,-24.049694,1.4642489,5.8408628,0.351212,0.6101643,0.27308002,0.04
209,-24.014294,1.4776803,9.290007,0.3344836,0.601569,0.2350667,0.04
210,-23.99124,1.4707521,7.613164,0.36254376,0.6012976,0.23194218,0.04
211,-24.032724,1.474316,7.895558,0.26748058,0.60777617,0.25413194,0.04
212,-24.02104,1.4379388,7.4848075,0.4097152,0.58479214,0.23978013,0.04
213,-24.050419,1.47555,7.728086,0.3372876,0.6058084,0.22097999,0.04
214,-24.023306,1.5004892,8.546324,0.28210223,0.6080127,0.20582156,0.04
215,-24.084759,1.453781,8.707436,0.4102199,0.5973005,0.23251255,0.04
216,-24.061062,1.4842889,8.688249,0.3498745,0.60187757,0.23722202,0.04
217,-24.082533,1.4707079,8.214441,0.42730615,0.611244,0.2392014,0.04
218,-24.04897,1.4244573,8.047731,0.21822669,0.5846813,0.22297108,0.04
219,-24.098894,1.4104065,7.99818,0.30343497,0.5757066,0.23233704,0.04
220,-24.066765,1.4245907,9.142163,0.3483467,0.5882172,0.20401068,0.04
221,-24.051996,1.4484619,8.951888,0.23710892,0.59232295,0.22403777,0.04
222,-24.090868,1.3893642,7.758835,0.31987745,0.5645469,0.22158423,0.04
223,-24.0465,1.4733702,7.6102095,0.33397767,0.5987624,0.2234506,0.04
224,-24.068369,1.4462533,7.710599,0.39313215,0.6000883,0.22340728,0.04
225,-24.048925,1.450928,8.418558,0.27304783,0.6022837,0.20645821,0.04
226,-24.08612,1.4314423,9.978958,0.34874472,0.5839973,0.20661679,0.04
227,-24.074171,1.4805632,9.900021,0.26903453,0.60275793,0.21265952,0.04
228,-24.06557,1.4270862,9.267241,0.25023288,0.58056325,0.20437434,0.04
229,-24.0763,1.3754855,7.1000423,0.27963495,0.56766903,0.20665848,0.04
230,-24.102188,1.3527446,7.726182,0.36363676,0.55735046,0.21463718,0.04
231,-24.099886,1.4177854,7.130476,0.3209686,0.5840439,0.2016442,0.04
232,-24.095207,1.4375376,7.399468,0.2472264,0.6002345,0.20350417,0.04
233,-24.116707,1.400244,8.556898,0.2587278,0.58008075,0.20773768,0.04
234,-24.108746,1.3952557,8.59953,0.31389487,0.5709606,0.21150881,0.04
235,-24.140879,1.4353924,6.5595913,0.3160705,0.6015179,0.1799316,0.04
236,-24.055935,1.4089514,7.656597,0.31442782,0.5728648,0.1972203,0.04
237,-24.128727,1.4263391,7.307597,0.2501312,0.5839499,0.19143301,0.04
238,-24.084435,1.4324911,8.231877,0.26163924,0.5919704,0.1956581,0.04
239,-24.159555,1.413385,7.737922,0.17419311,0.5835235,0.18329076,0.04
240,-24.188086,1.4783798,6.5431275,0.19996671,0.62384295,0.20562205,0.04
241,-24.113008,1.4153914,6.890769,0.36616614,0.58899134,0.2049209,0.04
242,-24.095438,1.4051548,7.2190886,0.24753492,0.5849498,0.21002832,0.04
243,-24.07228,1.4041224,6.237322,0.2227985,0.5805335,0.18557347,0.04
244,-24.136976,1.4295058,8.266064,0.19953716,0.59557784,0.19613576,0.04
245,-24.094036,1.3906566,8.140173,0.31101534,0.571125,0.18938531,0.04
246,-24.097511,1.3817385,6.857881,0.2263866,0.57799923,0.19583252,0.04
247,-24.152668,1.4109616,7.4728494,0.2970172,0.58643776,0.19012646,0.04
248,-24.159248,1.405288,7.051566,0.40337446,0.5858263,0.1904479,0.04
249,-24.148296,1.402772,8.464003,0.26326957,0.5892664,0.18558982,0.04
250,-24.162758,1.3995631,7.0368867,0.21733703,0.60513717,0.20089798,0.04
251,-24.098892,1.4298209,8.4944935,0.5025774,0.59245557,0.18036628,0.04
252,-24.11479,1.4494958,8.932404,0.26986846,0.5991229,0.2052253,0.04
253,-24.129295,1.373772,7.7953463,0.39451364,0.56220716,0.18387543,0.04
254,-24.12669,1.3988423,7.070981,0.37473902,0.5866233,0.20729677,0.04
255,-24.132156,1.4241738,7.9290648,0.26308036,0.5876588,0.18878956,0.04
256,-24.204536,1.3706677,8.466775,0.22287755,0.5654891,0.17251016,0.04
257,-24.154911,1.4041339,9.161199,0.3476537,0.57863444,0.1835504,0.04
258,-24.1681,1.356033,7.710447,0.30647722,0.5557003,0.18056235,0.04
259,-24.174517,1.3537283,8.87865,0.24311912,0.5632329,0.1664339,0.04
260,-24.100834,1.3844993,8.055578,0.30822507,0.57743704,0.17312546,0.04
261,-24.197187,1.3605533,7.6974654,0.22824243,0.55844104,0.1841331,0.04
262,-24.212557,1.3238516,6.413889,0.16528529,0.54329413,0.16458206,0.04
263,-24.181,1.4120749,8.444751,0.20630838,0.5873145,0.16449156,0.04
264,-24.141247,1.3345221,6.812133,0.3382016,0.54577696,0.1769144,0.04
265,-24.140684,1.3369706,8.475437,0.24527119,0.5654124,0.1772186,0.04
266,-24.121748,1.3695815,7.983598,0.25460553,0.5743273,0.16550675,0.04
267,-24.151712,1.3507922,7.90296,0.2215196,0.5563182,0.17231506,0.04
268,-24.126465,1.3351865,7.820123,0.17468585,0.55025375,0.16744038,0.04
269,-24.163147,1.359827,6.286133,0.24526997,0.5668327,0.15651375,0.04
270,-24.197418,1.3738189,7.668702,0.23010014,0.5699498,0.16273192,0.04
271,-24.171621,1.3887063,8.050468,0.21245864,0.5709265,0.16963187,0.04
272,-24.14493,1.3594222,7.752126,0.34681633,0.5681587,0.14160241,0.04
273,-24.163664,1.34949,7.8117476,0.36896217,0.5577308,0.17096269,0.04
274,-24.186438,1.372572,8.522362,0.30382988,0.5697056,0.14842007,0.04
275,-24.186047,1.3757942,6.6421776,0.2530306,0.56794035,0.16493376,0.04
276,-24.201485,1.341194,9.222478,0.26584712,0.56275934,0.161822,0.04
277,-24.17363,1.4039522,9.451336,0.21291135,0.58629507,0.15899467,0.04
278,-24.181871,1.3409442,7.8984737,0.26414984,0.55805314,0.16385248,0.04
279,-24.169884,1.303997,8.275047,0.24856094,0.5429073,0.1483737,0.04
280,-24.139317,1.309612,9.550716,0.23235098,0.54008126,0.15242408,0.04
281,-24.226414,1.3283912,8.80188,0.3027136,0.55388147,0.15240183,0.04
282,-24.186058,1.3389984,9.099624,0.19878592,0.54993707,0.14317158,0.04
283,-24.162907,1.29666,8.785458,0.21396983,0.5406766,0.16190058,0.04
284,-24.221111,1.3408241,7.571564,0.2713053,0.56171906,0.15118255,0.04
285,-24.19244,1.3123797,7.912348,0.24671406,0.5404511,0.15523517,0.04
286,-24.197435,1.3471663,8.534488,0.28301078,0.5627537,0.14662325,0.04
287,-24.187235,1.2898242,8.91509,0.22812311,0.5378717,0.15571024,0.04
288,-24.187494,1.3573307,9.095483,0.17677583,0.5669683,0.14937812,0.04
289,-24.223024,1.3132496,9.155647,0.2983631,0.5453697,0.14895856,0.04
290,-24.18621,1.3174021,8.539058,0.20309581,0.53551173,0.17128107,0.04
291,-24.249184,1.3066709,8.135088,0.24514253,0.5472162,0.15318063,0.04
292,-24.200207,1.2779232,8.081205,0.20368817,0.53009766,0.14615077,0.04
293,-24.186375,1.3454036,8.68583,0.24162778,0.5538703,0.15758143,0.04
294,-24.22316,1.3269851,8.503319,0.26525274,0.5571961,0.15682647,0.04
295,-24.217907,1.3013723,9.559377,0.15269446,0.5483437,0.135531,0.04
296,-24.222315,1.3442051,8.219151,0.19901742,0.55921704,0.16438568,0.04
297,-24.203993,1.295132,8.600669,0.18302552,0.5382095,0.14571963,0.04
298,-24.2327,1.2711242,8.418828,0.19301313,0.52964777,0.13522753,0.04
299,-24.273056,1.321536,7.4751883,0.25717208,0.5503973,0.15321332,0.04
300,-24.151825,1.3097626,9.274261,0.19120109,0.5415462,0.14356041,0.04
301,-24.21506,1.2771511,7.812211,0.19112007,0.5273876,0.1393336,0.04
302,-24.229166,1.2709448,9.220601,0.18674068,0.52771336,0.14751968,0.04
303,-24.304668,1.2486991,7.1884737,0.31495854,0.5250379,0.14546207,0.04
304,-24.175539,1.2837268,8.416056,0.26648104,0.5341544,0.13312778,0.04
305,-24.219496,1.2552673,8.09864,0.16265573,0.51986533,0.13791052,0.04
306,-24.19336,1.2518871,8.2943945,0.18814687,0.51586163,0.13431689,0.04
307,-24.205194,1.2967108,9.051589,0.23202905,0.5455201,0.1400328,0.04
308,-24.21334,1.2755526,8.988347,0.18870823,0.53360873,0.13739204,0.04
309,-24.211756,1.2465271,8.813593,0.20627746,0.52343076,0.14198281,0.04
310,-24.243753,1.2512616,7.876916,0.18279976,0.5221575,0.13400711,0.04
311,-24.271574,1.2568364,8.865562,0.2661197,0.5258715,0.14214316,0.04
312,-24.22464,1.2608747,8.503431,0.217499,0.5333168,0.15364574,0.04
313,-24.251719,1.2305915,7.973134,0.2178113,0.51103324,0.16130586,0.04
314,-24.20979,1.2354659,6.887126,0.258027,0.5208387,0.15230274,0.04
315,-24.211575,1.2371982,7.7266135,0.27952585,0.5119939,0.1348581,0.04
316,-24.228914,1.2742088,7.3670635,0.18133655,0.5246118,0.13809884,0.04
317,-24.18721,1.2571015,9.251362,0.29251602,0.5178742,0.13138205,0.04
318,-24.1691,1.2283098,9.07948,0.17440237,0.5073381,0.12657975,0.04
319,-24.252739,1.2323121,8.477864,0.1691473,0.5189605,0.1282651,0.04
320,-24.229261,1.2073902,8.402314,0.17303611,0.51621884,0.1262907,0.04
321,-24.200188,1.207637,7.989322,0.22430365,0.5096136,0.13473037,0.04
322,-24.17791,1.2357638,9.151259,0.24063969,0.5211902,0.1381958,0.04
323,-24.263731,1.2328413,8.819691,0.19842859,0.512207,0.14174066,0.04
324,-24.209105,1.241234,9.056947,0.23843266,0.5190139,0.13118725,0.04
325,-24.2963,1.2327859,8.562301,0.14902647,0.51328486,0.13688935,0.04
326,-24.28989,1.2368375,7.656355,0.21781592,0.51690906,0.12643684,0.04
327,-24.233208,1.2406807,8.770718,0.20734863,0.51554745,0.12414936,0.04
328,-24.247416,1.2042235,7.1816034,0.17190869,0.5144487,0.1139208,0.04
329,-24.237211,1.1710066,8.179817,0.20824552,0.49646106,0.1192089,0.04
330,-24.221441,1.2569203,8.445966,0.32375282,0.5166941,0.1344813,0.04
331,-24.237787,1.2826008,8.37608,0.17487673,0.53903705,0.13378455,0.04
332,-24.228453,1.2061785,9.0351,0.16539137,0.5075032,0.13315912,0.04
333,-24.256214,1.2204074,8.38619,0.17325163,0.51356465,0.124063626,0.04
334,-24.234941,1.2164958,7.64018,0.19452165,0.50578463,0.13702403,0.04
335,-24.28511,1.216248,7.475488,0.20604852,0.51201427,0.13215367,0.04
336,-24.27075,1.2370882,7.430232,0.13431233,0.5220892,0.13014324,0.04
337,-24.230883,1.1873612,7.8635488,0.1638398,0.496706,0.12260199,0.04
338,-24.26465,1.1961643,8.6959305,0.20221928,0.5044618,0.12700349,0.04
339,-24.235329,1.1974981,9.230967,0.186215,0.48959225,0.13229409,0.04
340,-24.222376,1.1760871,10.103752,0.20861581,0.4906961,0.12892129,0.04
341,-24.28002,1.199934,7.9181943,0.19406968,0.50760335,0.13228683,0.04
342,-24.256079,1.1631404,7.321355,0.2109888,0.48578104,0.14276896,0.04
343,-24.29263,1.1641792,8.237585,0.15385433,0.4857071,0.11343134,0.04
344,-24.25681,1.1502444,7.987951,0.15255493,0.47629678,0.114205554,0.04
345,-24.29941,1.1975733,8.010758,0.17346549,0.5070344,0.13250875,0.04
346,-24.249243,1.2146765,8.714688,0.17358416,0.50950444,0.13413851,0.04
347,-24.242199,1.1470522,9.577008,0.19883624,0.47735488,0.13129061,0.04
348,-24.30134,1.1935565,6.9447083,0.21926771,0.50681144,0.12682782,0.04
349,-24.270702,1.1702532,8.164926,0.1810947,0.48390546,0.12111345,0.04
350,-24.272755,1.1627202,8.394856,0.19248831,0.4916604,0.11568261,0.04
351,-24.296598,1.1361281,8.541216,0.1868598,0.47496736,0.11580953,0.04
352,-24.266184,1.1466686,7.4542646,0.22512157,0.48327357,0.11398892,0.04
353,-24.269716,1.1374218,8.182092,0.13815102,0.47544536,0.123628154,0.04
354,-24.302145,1.177235,7.4889884,0.15038161,0.49446478,0.108178325,0.04
355,-24.29207,1.1758631,7.624494,0.20697416,0.5039674,0.107430905,0.04
356,-24.270895,1.1310723,9.13206,0.20862192,0.4726683,0.10146991,0.04
357,-24.307713,1.1330061,7.964019,0.12067099,0.46871325,0.1182398,0.04
358,-24.311796,1.1476113,7.86663,0.15239339,0.48635697,0.106739715,0.04
359,-24.312439,1.1538417,7.3181624,0.17312409,0.4832588,0.111315794,0.04
360,-24.260166,1.1534494,7.7599726,0.15539283,0.48359218,0.122417584,0.04
361,-24.267778,1.1160735,8.686015,0.19961576,0.46146646,0.10924636,0.04
362,-24.264566,1.1591127,9.003128,0.15432757,0.4837356,0.1055092,0.04
363,-24.293669,1.1017647,7.7508235,0.2061084,0.46230802,0.10597646,0.04
364,-24.281052,1.1505494,8.403876,0.16006581,0.485384,0.10871804,0.04
365,-24.261765,1.1237607,7.550966,0.349132,0.477503,0.11121659,0.04
366,-24.312672,1.100714,7.829571,0.16649367,0.46464452,0.112571806,0.04
367,-24.250467,1.1454524,7.9924283,0.2064553,0.4872586,0.12259656,0.04
368,-24.266964,1.1561028,7.5533786,0.24659136,0.48344865,0.110731706,0.04
369,-24.230955,1.1097202,8.2346,0.14339931,0.47515053,0.114665926,0.04
370,-24.256374,1.1545317,9.258417,0.1804142,0.4778182,0.10777312,0.04
371,-24.242035,1.1701355,9.823984,0.14086817,0.4847451,0.11218534,0.04
372,-24.317717,1.145549,7.120078,0.111528665,0.4893843,0.13101684,0.04
373,-24.27289,1.116007,8.99189,0.13041426,0.47262254,0.10614455,0.04
374,-24.290535,1.1254394,8.146019,0.17284366,0.46894404,0.0891546,0.04
375,-24.233255,1.0985612,9.235919,0.16322361,0.45410353,0.10626101,0.04
376,-24.295637,1.1245084,7.5341964,0.23199347,0.47344744,0.097326726,0.04
377,-24.310059,1.0836022,6.4846544,0.33812243,0.4510937,0.12261766,0.04
378,-24.264307,1.120197,6.7936215,0.12482657,0.4738494,0.10115973,0.04
379,-24.311537,1.0817207,7.9038653,0.13428476,0.45283413,0.11427796,0.04
380,-24.300573,1.0843596,7.1451383,0.25674635,0.45430768,0.10129767,0.04
381,-24.24693,1.1051079,8.340622,0.14951186,0.47051916,0.10844417,0.04
382,-24.265244,1.0974635,7.710729,0.16900326,0.458567,0.10913201,0.04
383,-24.270115,1.085102,8.136466,0.15877698,0.45236108,0.10614728,0.04
384,-24.317728,1.0909652,7.1938205,0.10870121,0.46294495,0.10220569,0.04
385,-24.25378,1.0952408,7.3102336,0.11702406,0.45995808,0.102453515,0.04
386,-24.290813,1.0727495,7.9753585,0.18924044,0.44888726,0.09458764,0.04
387,-24.29089,1.1000053,8.138255,0.15154472,0.46086046,0.10265554,0.04
388,-24.287891,1.1362044,7.931742,0.1447431,0.4714859,0.100422114,0.04
389,-24.312258,1.0800285,6.607655,0.211954,0.4486396,0.09839956,0.04
390,-24.333887,1.0769429,6.381784,0.14098147,0.45113015,0.09878356,0.04
391,-24.328512,1.0726525,7.1308217,0.21184266,0.44819516,0.1055286,0.04
392,-24.297356,1.0409807,7.803773,0.11290102,0.43833107,0.10063792,0.04
393,-24.307735,1.0684882,8.3230295,0.11911337,0.44884324,0.088857576,0.04
394,-24.281761,1.0839577,7.6009,0.1656128,0.4628583,0.106973656,0.04
395,-24.306528,1.0455872,8.293216,0.13738483,0.44125962,0.09475203,0.04
396,-24.285152,1.096566,8.1229925,0.23256682,0.45685428,0.100599855,0.04
397,-24.27909,1.0545368,8.310954,0.13839453,0.44577822,0.08999495,0.04
398,-24.334122,1.0729516,7.3951454,0.14059745,0.44859454,0.09515701,0.04
399,-24.336828,1.0620944,6.731987,0.15485185,0.44441175,0.101141796,0.04
400,-24.301754,1.020698,7.8122573,0.11113899,0.42864758,0.09461809,0.04
401,-24.28718,1.0590192,6.9780416,0.13660301,0.44567695,0.09684161,0.04
402,-24.285295,1.0896266,7.2106266,0.178799,0.4592618,0.108083665,0.04
403,-24.29069,1.0488486,7.165381,0.18942706,0.44817373,0.09432415,0.04
404,-24.31336,1.0283196,7.577678,0.14893188,0.43342793,0.10331101,0.04
405,-24.31086,1.0508611,6.8472867,0.2134495,0.43894047,0.09154823,0.04
406,-24.313097,1.0163248,6.9574404,0.13869466,0.42977566,0.09405676,0.04
407,-24.295225,1.1085984,7.2132626,0.17150728,0.47026497,0.09950334,0.04
408,-24.350132,1.0413336,5.894375,0.17065774,0.44575402,0.11972391,0.04
409,-24.326582,1.0789605,5.53398,0.19406074,0.45509237,0.09669383,0.04
410,-24.258648,1.0580691,8.096768,0.1472334,0.44129854,0.0965577,0.04
411,-24.307894,1.0332888,6.5769663,0.15476297,0.4289259,0.08694868,0.04
412,-24.317072,1.0775586,6.808203,0.14356497,0.4516422,0.10863545,0.04
413,-24.29293,1.0609463,8.917611,0.1335745,0.44322017,0.109183766,0.04
414,-24.36925,1.0431641,6.1077814,0.13429551,0.43908432,0.0979531,0.04
415,-24.31563,1.0713832,7.1052356,0.12574828,0.44745848,0.09524743,0.04
416,-24.353966,1.0221055,6.9801254,0.112175904,0.43012437,0.09432158,0.04
417,-24.348116,1.0228719,5.64739,0.10798321,0.43835092,0.08867998,0.04
418,-24.288412,1.0606755,7.8995304,0.19459891,0.44268224,0.08438355,0.04
419,-24.325205,1.0692817,7.0808754,0.18671997,0.44845596,0.08586281,0.04
420,-24.32307,1.0494807,6.419628,0.12134359,0.43969807,0.08670966,0.04
421,-24.325426,0.998367,6.0799003,0.14869009,0.42293406,0.099205464,0.04
422,-24.320417,1.034643,6.9958034,0.11747968,0.4349535,0.09216846,0.04
423,-24.360144,1.0306902,5.6847863,0.15737313,0.4325406,0.089925736,0.04
424,-24.336433,1.0228235,8.053807,0.1436563,0.4368391,0.09553142,0.04
425,-24.335968,1.0364892,6.3022428,0.14620847,0.4315936,0.103753634,0.04
426,-24.331379,1.0316796,6.7721467,0.13981517,0.4307856,0.123586364,0.04
427,-24.301949,1.0627818,8.615616,0.15534739,0.44718117,0.09957568,0.04
428,-24.32146,1.0206263,6.202818,0.098483786,0.43141577,0.087752596,0.04
429,-24.275614,1.0054177,7.4241776,0.15373744,0.42361727,0.089483276,0.04
430,-24.332188,1.0200341,5.904005,0.2048298,0.43006814,0.08954331,0.04
431,-24.315632,1.016849,7.9919524,0.12018304,0.43033436,0.08214252,0.04
432,-24.330812,1.0330871,6.4657855,0.12381281,0.43871796,0.088638924,0.04
433,-24.344418,0.9936279,6.3666487,0.18586028,0.4221618,0.08882616,0.04
434,-24.36685,0.9934058,6.1006203,0.16490352,0.4213334,0.0905374,0.04
435,-24.325262,0.9988521,7.192412,0.15769418,0.42139596,0.095998995,0.04
436,-24.353088,0.99227995,6.4379983,0.11414873,0.4235838,0.08728916,0.04
437,-24.341759,0.9641093,5.9942164,0.14054061,0.4126941,0.086101785,0.04
438,-24.286943,1.0102502,7.7444468,0.10534786,0.4222819,0.08186721,0.04
439,-24.314926,0.99493957,7.9018807,0.20646526,0.41100428,0.09391281,0.04
440,-24.302727,1.003302,7.449941,0.17501856,0.4261699,0.08615562,0.04
441,-24.317501,0.9928457,6.086613,0.14262654,0.41878203,0.0777534,0.04
442,-24.30676,1.0044879,6.545085,0.12080788,0.41557637,0.09055871,0.04
443,-24.333519,1.0395174,5.9723825,0.1110957,0.44352275,0.09054053,0.04
444,-24.29816,0.9750116,5.7498317,0.18385324,0.4088731,0.09055903,0.04
445,-24.314495,1.0082538,6.3975096,0.12163229,0.42319563,0.08983214,0.04
446,-24.344894,1.0039911,6.488681,0.14607872,0.42288405,0.085155174,0.04
447,-24.315254,1.0064818,6.477755,0.15882231,0.42520788,0.08465671,0.04
448,-24.341719,0.9862811,7.098348,0.10257148,0.42051628,0.090114474,0.04
449,-24.333067,0.9582171,6.6778593,0.107241206,0.40591612,0.09397877,0.04
450,-24.326649,0.95091945,6.852324,0.2284353,0.40306816,0.091113135,0.04
451,-24.3411,0.9893596,5.4219437,0.10863132,0.4171904,0.08610869,0.04
452,-24.341423,0.9904916,6.0429025,0.09237062,0.4184202,0.09272277,0.04
453,-24.331944,0.9946328,6.834739,0.16779304,0.42315963,0.08450345,0.04
454,-24.352472,0.9897588,5.40385,0.17713845,0.41359416,0.08821507,0.04
455,-24.347626,0.9610744,5.479553,0.10881281,0.4080549,0.08300871,0.04
456,-24.344425,0.96349984,6.0110745,0.11617835,0.4132679,0.08212513,0.04
457,-24.344303,0.9843057,6.892573,0.15172452,0.41646373,0.07457055,0.04
458,-24.33621,0.9540313,6.0050416,0.115504466,0.40191105,0.07918645,0.04
459,-24.319511,0.98690844,6.566132,0.11226973,0.42251742,0.09389244,0.04
460,-24.347305,0.967609,6.063673,0.12344525,0.40801656,0.08242973,0.04
461,-24.33136,0.98181134,6.318487,0.12032206,0.40890914,0.09199872,0.04
462,-24.341763,0.979843,6.3544564,0.15338151,0.41971344,0.08437355,0.04
463,-24.36133,0.94972324,6.1354003,0.13244843,0.40808678,0.08245655,0.04
464,-24.328934,0.9570105,6.7323422,0.09588556,0.40052593,0.08261195,0.04
465,-24.33186,0.9471101,6.809847,0.113660835,0.39651355,0.08570158,0.04
466,-24.336859,0.9534533,6.9793963,0.06386104,0.40289134,0.0898241,0.04
467,-24.341824,0.9345122,7.134568,0.10554124,0.39864868,0.08138714,0.04
468,-24.322319,0.9675843,6.975118,0.14012614,0.41712332,0.07915496,0.04
469,-24.328394,0.9510229,6.930611,0.13463856,0.40668648,0.086734265,0.04
470,-24.340206,0.94114286,5.7386155,0.104515396,0.40127718,0.0775971,0.04
471,-24.33914,0.9425738,5.840758,0.13503553,0.40062755,0.08349339,0.04
472,-24.333094,0.9299792,7.0820556,0.0986758,0.39425012,0.08404272,0.04
473,-24.336735,0.9659166,6.84068,0.09336388,0.40724006,0.09006426,0.04
474,-24.32925,0.9236402,6.601279,0.114300564,0.3884866,0.08152885,0.04
475,-24.362963,0.9407815,4.4917626,0.10393756,0.4039879,0.091519564,0.04
476,-24.307941,0.94864076,6.4801283,0.11060341,0.39545473,0.07937016,0.04
477,-24.315292,0.96024436,6.7153096,0.13885318,0.40346724,0.08530848,0.04
478,-24.331585,0.9333336,6.4325457,0.13524123,0.39564565,0.07406177,0.04
479,-24.333403,0.9167514,5.8705735,0.08593783,0.3856073,0.08033884,0.04
480,-24.35634,0.929723,5.840926,0.10886785,0.39234513,0.081626855,0.04
481,-24.341007,0.9615205,7.0181274,0.13128385,0.40149143,0.07114226,0.04
482,-24.32591,0.9054327,6.756435,0.09361749,0.3855098,0.07563035,0.04
483,-24.334435,0.9398741,7.0576677,0.077898964,0.39010477,0.07713124,0.04
484,-24.33886,0.93838876,6.1632767,0.14829442,0.3890195,0.0772997,0.04
485,-24.345703,0.95408964,6.5793223,0.1112232,0.39906833,0.08764298,0.04
486,-24.326942,0.9420765,6.730953,0.12291739,0.3967783,0.08574299,0.04
487,-24.341385,0.919719,5.4733253,0.1403646,0.39062873,0.07516921,0.04
488,-24.351688,0.9026513,6.2405515,0.17487891,0.38074458,0.0664028,0.04
489,-24.3318,0.89883226,6.539633,0.091008484,0.3806364,0.072041444,0.04
490,-24.322657,0.895019,6.18562,0.15518913,0.37950972,0.08130597,0.04
491,-24.352215,0.8937673,6.2471757,0.0972918,0.3789104,0.07634862,0.04
492,-24.361172,0.92067534,5.799256,0.14171076,0.391534,0.085997574,0.04
493,-24.344957,0.87819624,5.3159585,0.08058406,0.37824124,0.074135564,0.04
494,-24.334402,0.90409124,6.428024,0.12366714,0.3851931,0.07970962,0.04
495,-24.348658,0.89601886,6.0709662,0.12959753,0.37866303,0.07568582,0.04
496,-24.370504,0.90941674,4.8944097,0.08306359,0.3801808,0.08118026,0.04
497,-24.329185,0.9040623,6.41414,0.10157801,0.38700965,0.07765189,0.04
498,-24.33207,0.8958476,6.36131,0.081809126,0.37747675,0.07499545,0.04
499,-24.345518,0.9087318,5.698862,0.13252284,0.38536543,0.09023438,0.04
500,-24.364515,0.9016052,5.85899,0.16685903,0.37760648,0.08446755,0.04
501,-24.34665,0.88583505,5.2867465,0.104622036,0.38009945,0.07499441,0.04
502,-24.378294,0.8861521,5.862599,0.13927451,0.36913872,0.0702366,0.04
503,-24.346554,0.8968,6.159261,0.14379856,0.37294596,0.06981728,0.04
504,-24.372402,0.90069103,5.952094,0.07403898,0.38335633,0.08220607,0.04
505,-24.370863,0.8857701,5.0733976,0.10845374,0.37399,0.07676755,0.04
506,-24.383343,0.8881715,5.492971,0.098699875,0.3747994,0.07109215,0.04
507,-24.355043,0.9056936,5.6420374,0.094349965,0.38089743,0.07161937,0.04
508,-24.383968,0.9089369,5.456077,0.09797654,0.3798837,0.078340344,0.04
509,-24.367004,0.9074664,5.447312,0.1100656,0.38885048,0.07109906,0.04
510,-24.334627,0.9031199,5.608506,0.12699054,0.38271847,0.077346735,0.04
511,-24.330786,0.8642786,6.183617,0.12300135,0.37257475,0.09225134,0.04
512,-24.375559,0.8502783,5.3045273,0.106474794,0.36079484,0.08001061,0.04
513,-24.334332,0.882469,6.008836,0.104499504,0.37195656,0.07683746,0.04
514,-24.352438,0.88765264,6.5038013,0.10248159,0.37001446,0.08107364,0.04
515,-24.388746,0.9038854,5.44921,0.081678465,0.38122845,0.08258544,0.04
516,-24.357567,0.87751687,5.2098055,0.11615089,0.3675334,0.07764329,0.04
517,-24.3767,0.87193114,5.040127,0.124342605,0.37091932,0.088054,0.04
518,-24.36678,0.8473032,5.3452396,0.08719434,0.3642327,0.07811094,0.04
519,-24.339436,0.89162946,5.9793744,0.1095034,0.3665369,0.08249474,0.04
520,-24.37014,0.84048134,5.5943966,0.13503422,0.35657525,0.07406066,0.04
521,-24.34765,0.86240786,5.700945,0.097468086,0.36189562,0.06798396,0.04
522,-24.342136,0.8341477,5.7963777,0.10873797,0.35209236,0.072295666,0.04
523,-24.35834,0.879476,6.5662537,0.2346907,0.36811042,0.071044184,0.04
524,-24.351406,0.85142606,6.2543344,0.08398275,0.35390478,0.0676062,0.04
525,-24.349546,0.8421113,6.0984287,0.08978885,0.35398057,0.072067425,0.04
526,-24.37275,0.8617939,4.8047338,0.106114574,0.36419314,0.07073524,0.04
527,-24.356668,0.86702096,5.6913824,0.06598015,0.36451194,0.06655016,0.04
528,-24.329456,0.84069467,6.2731867,0.16712694,0.35537285,0.07869525,0.04
529,-24.37359,0.88484645,4.7939067,0.096495464,0.3686732,0.072899014,0.04
530,-24.347075,0.8477449,5.543597,0.09695526,0.35490686,0.0832556,0.04
531,-24.359026,0.8362724,4.6434164,0.13457213,0.35397035,0.07089642,0.04
532,-24.36625,0.83563405,4.7889276,0.09590662,0.3501519,0.06907218,0.04
533,-24.37895,0.8340387,4.9181967,0.069701046,0.35092732,0.07404122,0.04
534,-24.350775,0.8695226,5.041265,0.108809635,0.368109,0.06508861,0.04
535,-24.342537,0.82531726,4.3482623,0.07918258,0.35142684,0.07169514,0.04
536,-24.357794,0.86561805,5.568782,0.12203848,0.36870584,0.070373215,0.04
537,-24.350214,0.8239078,5.3458624,0.0618115,0.34762105,0.06967318,0.04
538,-24.387243,0.8138773,4.8834333,0.08429652,0.34703788,0.07220033,0.04
539,-24.366188,0.83810294,5.794978,0.084345944,0.35518736,0.06964674,0.04
540,-24.370216,0.8338993,5.1279325,0.11660151,0.3516451,0.06922752,0.04
541,-24.411127,0.82227314,4.036079,0.14007702,0.35121858,0.07106546,0.04
542,-24.367783,0.8056546,5.382513,0.10217396,0.34091488,0.06669768,0.04
543,-24.366886,0.81909317,4.939724,0.08249416,0.34851116,0.066340774,0.04
544,-24.370024,0.8398544,4.4045067,0.08444391,0.3533759,0.06764237,0.04
545,-24.388325,0.79636467,4.431762,0.08774958,0.33588502,0.071018524,0.04
546,-24.3595,0.8182858,5.135082,0.098337784,0.34632996,0.07327968,0.04
547,-24.34424,0.80562073,6.497438,0.15674779,0.34516335,0.092597984,0.04
548,-24.390854,0.8153571,4.360715,0.10248557,0.34390503,0.09958383,0.04
549,-24.392921,0.79632705,4.4139066,0.17632335,0.33567762,0.08347761,0.04
550,-24.372314,0.8182678,5.4154863,0.1296534,0.35470822,0.075702354,0.04
551,-24.35807,0.82641405,5.4849596,0.14908054,0.34613112,0.06971639,0.04
552,-24.369827,0.78106266,4.7838798,0.116731495,0.3234318,0.063573144,0.04
553,-24.38301,0.8055894,4.4715223,0.092450656,0.34411693,0.07232002,0.04
554,-24.3901,0.79436177,3.9461794,0.107904665,0.33877963,0.0675665,0.04
555,-24.36987,0.80354106,5.0501356,0.1130063,0.34372225,0.059428297,0.04
556,-24.353685,0.7725867,5.69927,0.09151388,0.3287164,0.06387186,0.04
557,-24.35189,0.80840516,5.43551,0.1674577,0.3429102,0.06832118,0.04
558,-24.391445,0.819411,4.695521,0.10265257,0.34870568,0.06994572,0.04
559,-24.371347,0.76309305,4.578118,0.09032187,0.32610226,0.06447451,0.04
560,-24.347403,0.8150352,6.363788,0.10269459,0.34541434,0.07042409,0.04
561,-24.369852,0.82649285,4.549403,0.09179686,0.3519856,0.07463748,0.04
562,-24.407887,0.780709,4.279453,0.111520685,0.32450598,0.06257502,0.04
563,-24.353458,0.7933501,4.6105137,0.08235709,0.34329262,0.07064395,0.04
564,-24.395243,0.78370667,3.8451817,0.101106554,0.33322847,0.064731404,0.04
565,-24.389523,0.77099055,4.511675,0.063312136,0.32960907,0.06554845,0.04
566,-24.379208,0.7781158,5.333681,0.08837834,0.3289349,0.06966809,0.04
567,-24.360477,0.8117201,5.0299435,0.09204438,0.3397962,0.07185818,0.04
568,-24.363367,0.783311,4.661321,0.109120905,0.33288768,0.06546126,0.04
569,-24.374882,0.78609955,4.490326,0.13077964,0.33644524,0.07527191,0.04
570,-24.381956,0.77101505,4.6721187,0.09882269,0.32238868,0.06747611,0.04
571,-24.370808,0.78991807,3.58559,0.11857562,0.33744645,0.07260016,0.04
572,-24.381626,0.78633654,4.692988,0.08266519,0.3310785,0.07312981,0.04
573,-24.397915,0.767753,3.9605386,0.08409289,0.32270506,0.07524928,0.04
574,-24.366783,0.7636939,4.954106,0.0910365,0.32512018,0.07070443,0.04
575,-24.385466,0.76485014,4.112321,0.07143807,0.3240419,0.078617625,0.04
576,-24.357937,0.77914685,5.2011514,0.069639064,0.32993802,0.06792378,0.04
577,-24.368011,0.74611664,5.06919,0.09550265,0.31414798,0.071820594,0.04
578,-24.38831,0.77000815,4.3389125,0.13107754,0.32494834,0.06276165,0.04
579,-24.39855,0.7562412,4.141716,0.06517739,0.31576905,0.06634747,0.04
580,-24.358833,0.76918006,5.165937,0.14172703,0.32207432,0.060208354,0.04
581,-24.38823,0.7836272,4.830811,0.10958673,0.3304088,0.083328985,0.04
582,-24.401043,0.753593,4.0330763,0.12202234,0.32031828,0.07412181,0.04
583,-24.376495,0.7432826,4.415407,0.08122469,0.31533837,0.06934542,0.04
584,-24.397566,0.76698756,4.934969,0.07058071,0.32626942,0.06812453,0.04
585,-24.400402,0.74270403,4.329317,0.10169237,0.31364074,0.063782305,0.04
586,-24.364428,0.74307495,5.072771,0.12222354,0.31260544,0.06126888,0.04
587,-24.361261,0.76080817,4.980592,0.08317123,0.31979418,0.06703406,0.04
588,-24.373203,0.7607677,4.489976,0.119048305,0.32339916,0.060763497,0.04
589,-24.372442,0.71573967,4.65028,0.085787565,0.30027902,0.06459693,0.04
590,-24.393703,0.72067595,3.8131747,0.054063346,0.29998264,0.05918772,0.04
591,-24.389683,0.74128014,4.6346517,0.093755394,0.31200746,0.06262687,0.04
592,-24.373693,0.7562603,4.9976034,0.13588344,0.31762305,0.06148565,0.04
593,-24.390572,0.7438687,4.1129074,0.11437001,0.31574214,0.06690143,0.04
594,-24.357273,0.75075316,4.4717755,0.08006826,0.31633088,0.059431106,0.04
595,-24.36058,0.75615686,5.14234,0.11053906,0.32049626,0.073321685,0.04
596,-24.38915,0.74055856,4.8233237,0.07875033,0.30949032,0.06778105,0.04
597,-24.398893,0.7297319,3.8625138,0.08777973,0.30345425,0.06842258,0.04
598,-24.38373,0.71379685,4.7260528,0.064387284,0.30117965,0.054192066,0.04
599,-24.390047,0.7123463,4.1403255,0.093378305,0.30264062,0.07103783,0.04
600,-24.385773,0.71706903,4.036961,0.12902473,0.29927918,0.07365245,0.04
601,-24.36771,0.7335378,4.942844,0.071268484,0.3046721,0.0684573,0.04
602,-24.393848,0.7291693,4.186093,0.07320999,0.30590755,0.063758954,0.04
603,-24.366879,0.69424224,4.875291,0.07836735,0.29248044,0.05724084,0.04
604,-24.37764,0.7319856,4.9792657,0.0823868,0.30727085,0.06163608,0.04
605,-24.38095,0.7416187,4.4985027,0.1012874,0.3126802,0.06345023,0.04
606,-24.373247,0.69693893,4.213081,0.10281392,0.29463595,0.061348364,0.04
607,-24.398844,0.71268266,3.768399,0.12867509,0.30318087,0.057420045,0.04
608,-24.378336,0.69858885,5.1162243,0.111884154,0.29968885,0.0586898,0.04
609,-24.390905,0.71051216,3.208384,0.09010657,0.29900512,0.058100227,0.04
610,-24.367992,0.69625795,5.026737,0.07796012,0.28935435,0.06698905,0.04
611,-24.419731,0.6930993,2.9253821,0.10539812,0.29231355,0.06469527,0.04
612,-24.387356,0.69652456,3.9965534,0.10825509,0.29572973,0.061127815,0.04
613,-24.373102,0.70716244,5.1926484,0.08078607,0.3014449,0.063445255,0.04
614,-24.408796,0.6941402,3.5316625,0.07091245,0.29715407,0.062223215,0.04
615,-24.38239,0.66530585,4.990009,0.069261365,0.27751976,0.058199354,0.04
616,-24.385977,0.6846977,3.8168,0.18445578,0.2929795,0.09147193,0.04
617,-24.391226,0.6880033,3.6893659,0.1010681,0.28800702,0.06984617,0.04
618,-24.426516,0.6915135,2.707895,0.06986485,0.29055655,0.06691124,0.04
619,-24.397938,0.67713374,3.980614,0.09946382,0.28508794,0.06532869,0.04
620,-24.385324,0.6710401,4.774533,0.087360956,0.28199708,0.056934807,0.04
621,-24.38687,0.6742029,3.620742,0.05442461,0.28122795,0.062380377,0.04
622,-24.371597,0.6680822,4.6942163,0.09678362,0.27878088,0.06537654,0.04
623,-24.40689,0.6861578,4.2981687,0.059102193,0.29175696,0.061406404,0.04
624,-24.38128,0.6785585,4.1036234,0.11318529,0.2884535,0.06331935,0.04
625,-24.397638,0.68284476,3.4872487,0.069825016,0.28709736,0.06568034,0.04
626,-24.393906,0.66350883,3.9420943,0.067411475,0.27780348,0.055539854,0.04
627,-24.377699,0.6439592,4.91937,0.10818791,0.2747095,0.06384759,0.04
628,-24.384172,0.66286314,3.8437095,0.09923828,0.2759135,0.06770716,0.04
629,-24.397976,0.6734856,3.5222526,0.11636058,0.282226,0.0676144,0.04
630,-24.40072,0.66295075,3.853061,0.08069595,0.27804804,0.058216862,0.04
631,-24.38377,0.67577165,4.083284,0.10163229,0.28878945,0.06134855,0.04
632,-24.377676,0.65995884,4.8536444,0.07389473,0.2774638,0.056351885,0.04
633,-24.392046,0.6492808,4.235002,0.067830466,0.27030995,0.06252811,0.04
634,-24.37437,0.6713513,3.8498387,0.0646116,0.2820837,0.064703055,0.04
635,-24.398006,0.629812,3.4636784,0.09334126,0.26620838,0.05003361,0.04
636,-24.398703,0.6595738,3.4148283,0.08290715,0.27641106,0.06271258,0.04
637,-24.373684,0.66114134,4.567479,0.114920534,0.277312,0.05790385,0.04
638,-24.35509,0.658321,4.6441035,0.07147901,0.27828303,0.05803177,0.04
639,-24.370527,0.6428795,4.314924,0.08339363,0.2670859,0.058671672,0.04
640,-24.418451,0.63728154,2.705147,0.10017399,0.27364564,0.05437408,0.04
641,-24.396801,0.6468963,4.2670145,0.10636265,0.27540544,0.06559596,0.04
642,-24.380774,0.6272645,4.4366183,0.14735782,0.26339704,0.057920437,0.04
643,-24.391394,0.65021634,4.2154617,0.09578145,0.27926958,0.057947632,0.04
644,-24.409214,0.6590151,2.82698,0.13182352,0.27822444,0.06293731,0.04
645,-24.396654,0.62243867,3.4423933,0.10335406,0.26214176,0.05280376,0.04
646,-24.365574,0.6225716,4.9751787,0.07779379,0.2562074,0.05802338,0.04
647,-24.398674,0.64175755,3.8484082,0.08434105,0.2734421,0.053622086,0.04
648,-24.381266,0.6388309,4.318753,0.08163614,0.26462853,0.05760501,0.04
649,-24.382938,0.6596777,3.788693,0.12724431,0.2696,0.05618559,0.04
650,-24.38086,0.61655045,3.899392,0.07235159,0.25691563,0.057082344,0.04
651,-24.40376,0.63819224,3.4895108,0.10982465,0.265847,0.07432197,0.04
652,-24.394238,0.6170946,2.7807424,0.07736776,0.25673515,0.05605589,0.04
653,-24.37508,0.6409644,3.9157634,0.064334996,0.2642912,0.05762223,0.04
654,-24.383726,0.62841934,3.4027622,0.07985236,0.26269025,0.0534868,0.04
655,-24.397682,0.6301374,3.0633264,0.095909245,0.2608026,0.06178717,0.04
656,-24.402988,0.5964493,2.600192,0.05280744,0.2518101,0.055792898,0.04
657,-24.399794,0.6227163,3.6537893,0.07687292,0.25916338,0.057047047,0.04
658,-24.384096,0.6097709,4.2182055,0.08217716,0.25080338,0.057076678,0.04
659,-24.410515,0.60778946,2.8014681,0.07216703,0.25573483,0.057119284,0.04
660,-24.39095,0.62851304,3.6911213,0.0801339,0.26244026,0.059059735,0.04
661,-24.380295,0.599631,3.495128,0.052657146,0.2524668,0.056492545,0.04
662,-24.403015,0.59151304,3.0500615,0.082011916,0.24954297,0.056185998,0.04
663,-24.400517,0.598856,3.4640958,0.09815544,0.24882819,0.05188977,0.04
664,-24.391691,0.6159501,4.4607673,0.070582785,0.25767335,0.055927154,0.04
665,-24.397,0.5944383,3.2987933,0.1478815,0.24619152,0.053573493,0.04
666,-24.39839,0.6199849,3.7198758,0.08483336,0.2564622,0.05992245,0.04
667,-24.405125,0.59328765,2.884026,0.06564151,0.2504134,0.0603546,0.04
668,-24.418472,0.59107655,3.0276058,0.11413429,0.24032684,0.054709915,0.04
669,-24.399279,0.58739334,3.169284,0.092231944,0.24682708,0.055913217,0.04
670,-24.396078,0.5973867,3.5174367,0.08646548,0.25123003,0.05356725,0.04
671,-24.401989,0.6136811,3.1540754,0.07522843,0.2592945,0.051816914,0.04
672,-24.413773,0.57293403,2.7111247,0.07570841,0.23788905,0.056487683,0.04
673,-24.404606,0.5792599,3.1562514,0.0769914,0.2436884,0.052973025,0.04
674,-24.398697,0.5971482,3.0961978,0.113799565,0.2522475,0.05364042,0.04
675,-24.404387,0.61116487,2.7404835,0.12877071,0.25822476,0.05720521,0.04
676,-24.39345,0.59200114,3.9573214,0.07354013,0.23835678,0.058555193,0.04
677,-24.407383,0.5825087,2.5935876,0.05201701,0.2438824,0.05868554,0.04
678,-24.396746,0.5903506,3.5168931,0.048488673,0.24541274,0.057848226,0.04
679,-24.417223,0.560249,2.4251564,0.07082595,0.23138326,0.047684237,0.04
680,-24.394726,0.58127445,3.2297685,0.09310376,0.24669729,0.054449357,0.04
681,-24.423323,0.58162063,2.1898267,0.05190137,0.2455807,0.048730504,0.04
682,-24.40008,0.57320154,3.674143,0.055935685,0.23757969,0.04931184,0.04
683,-24.41517,0.5681493,2.7126985,0.09055198,0.23839092,0.05569062,0.04
684,-24.396027,0.5670356,3.898657,0.07803665,0.23633227,0.054835923,0.04
685,-24.388638,0.58458066,4.140743,0.0786053,0.24192661,0.052436594,0.04
686,-24.410194,0.5575892,3.6361053,0.07996277,0.23308629,0.04882887,0.04
687,-24.399336,0.5928584,2.9701018,0.06414731,0.24850087,0.059654646,0.04
688,-24.402071,0.5634612,3.1515174,0.067838274,0.2323187,0.05145592,0.04
689,-24.40291,0.5940216,3.410452,0.09758657,0.24944851,0.05620927,0.04
690,-24.400455,0.559809,3.02357,0.10836469,0.23369594,0.050086115,0.04
691,-24.411089,0.5697214,2.7691665,0.07523135,0.23969597,0.054739673,0.04
692,-24.3896,0.5671221,3.373377,0.08980382,0.23550195,0.049564123,0.04
693,-24.391916,0.5651674,3.2211246,0.08221329,0.23058903,0.051879678,0.04
694,-24.429508,0.5558347,1.7705,0.084630795,0.23153223,0.050944697,0.04
695,-24.418726,0.58788955,2.7302203,0.06357948,0.24582042,0.053145632,0.04
696,-24.392593,0.55713946,3.2121994,0.060021147,0.23252265,0.05419575,0.04
697,-24.393988,0.57795036,2.9218388,0.11613196,0.2465482,0.05656982,0.04
698,-24.391281,0.5555762,3.830936,0.06369666,0.23071808,0.05133109,0.04
699,-24.405684,0.55747736,3.3673816,0.12762572,0.22691478,0.057659462,0.04
700,-24.38847,0.55837876,2.97157,0.06449084,0.23230125,0.049059987,0.04
701,-24.389061,0.56527734,3.745504,0.048312705,0.23468457,0.051763587,0.04
702,-24.423212,0.55133,2.6594682,0.071314834,0.23209748,0.06742519,0.04
703,-24.426556,0.565813,2.4829917,0.07829999,0.23892157,0.054386765,0.04
704,-24.401852,0.56789523,2.6665254,0.04989639,0.23760816,0.052911334,0.04
705,-24.410316,0.53837335,3.593938,0.066270195,0.22489603,0.051062927,0.04
706,-24.402035,0.5580429,2.9368021,0.070496514,0.22788718,0.052632794,0.04
707,-24.423943,0.56739384,2.2403255,0.08220985,0.23504126,0.050130837,0.04
708,-24.40797,0.5679834,2.512066,0.06523474,0.23943532,0.051245768,0.04
709,-24.41061,0.53622717,2.8095405,0.06921004,0.22236566,0.046750877,0.04
710,-24.394657,0.5480848,2.786069,0.105270445,0.22601223,0.050347663,0.04
711,-24.429155,0.5596472,2.2669735,0.08411703,0.2325856,0.055985793,0.04
712,-24.41369,0.5317931,2.8226388,0.12912099,0.22319756,0.057256352,0.04
713,-24.383278,0.54131025,3.3919806,0.057700902,0.22468646,0.05090695,0.04
714,-24.419235,0.53995365,2.4912868,0.07010728,0.22542103,0.052425314,0.04
715,-24.420101,0.559964,2.0896153,0.08161229,0.2305483,0.05822963,0.04
716,-24.404001,0.53239894,2.5713751,0.076976456,0.22242703,0.053806555,0.04
717,-24.392902,0.52771676,3.3691833,0.06682745,0.22047597,0.051613413,0.04
718,-24.415203,0.5327868,2.358846,0.092317514,0.22103707,0.049047668,0.04
719,-24.41141,0.5410516,2.5744648,0.111668326,0.22333676,0.05487188,0.04
720,-24.406858,0.53566074,3.0334547,0.048013717,0.22092919,0.049840193,0.04
721,-24.395609,0.54936457,3.504462,0.08964094,0.22885023,0.052171107,0.04
722,-24.418036,0.5291374,2.524614,0.048865773,0.22046867,0.049787123,0.04
723,-24.408281,0.52127796,2.5801802,0.057324313,0.21682125,0.055759467,0.04
724,-24.412806,0.5217838,2.2393348,0.051867675,0.21617152,0.054940864,0.04
725,-24.415236,0.5355386,3.1186113,0.09237198,0.21879973,0.04953629,0.04
726,-24.409883,0.52981406,2.3614776,0.08454208,0.21983267,0.049254384,0.04
727,-24.413918,0.520309,2.8776014,0.10159788,0.2172035,0.053435568,0.04
728,-24.410692,0.5112269,2.408841,0.09895423,0.2139408,0.050385166,0.04
729,-24.415564,0.528138,2.0100293,0.06956155,0.21923614,0.049730867,0.04
730,-24.41249,0.519238,2.933834,0.09128242,0.21779504,0.052715346,0.04
731,-24.415121,0.53393745,2.2301538,0.08706111,0.22059812,0.05312304,0.04
732,-24.40587,0.530494,3.044672,0.11816607,0.21950893,0.0518747,0.04
733,-24.410692,0.522524,2.411889,0.107929274,0.21628425,0.056975607,0.04
734,-24.393246,0.5568411,3.468255,0.10010591,0.22580485,0.04556448,0.04
735,-24.424606,0.532251,2.4995105,0.07670735,0.21582797,0.04506736,0.04
736,-24.41475,0.52805215,2.2987144,0.06263568,0.21877103,0.049346767,0.04
737,-24.409475,0.5214378,2.983481,0.07562083,0.21545042,0.050877932,0.04
738,-24.391754,0.5236465,3.071225,0.10057456,0.21839005,0.049789578,0.04
739,-24.41626,0.5160877,2.170525,0.07223853,0.21130879,0.049383756,0.04
740,-24.419199,0.5201635,2.1605546,0.065944485,0.21617928,0.051109858,0.04
741,-24.423561,0.52183264,2.122671,0.045930665,0.21382196,0.052437734,0.04
742,-24.390852,0.51622665,2.6229193,0.051478863,0.21110229,0.04684126,0.04
743,-24.409468,0.52176344,2.2396343,0.07326155,0.21284215,0.052443054,0.04
744,-24.395552,0.4980732,3.177667,0.076839015,0.20551848,0.0497345,0.04
745,-24.392645,0.537096,2.882355,0.07408271,0.22032577,0.050629493,0.04
746,-24.397802,0.5017538,2.8803418,0.08623376,0.20467749,0.047537006,0.04
747,-24.418594,0.501905,2.0535598,0.05568504,0.20618278,0.047124323,0.04
748,-24.40891,0.49900463,2.9981358,0.09631756,0.20711367,0.055238012,0.04
749,-24.39303,0.50317836,2.717765,0.05503038,0.20462687,0.05359512,0.04
750,-24.407913,0.5142443,2.629625,0.06728746,0.20822325,0.057291884,0.04
751,-24.408092,0.50980335,2.1586187,0.11940633,0.21150722,0.05121397,0.04
752,-24.430344,0.50723916,1.7814841,0.07287215,0.20680816,0.048995215,0.04
753,-24.40852,0.5037789,2.4967394,0.04725848,0.21069348,0.047824427,0.04
754,-24.407164,0.48858708,2.4305933,0.09390005,0.19779919,0.05371016,0.04
755,-24.41685,0.5104817,2.2018502,0.08692304,0.21555181,0.055765714,0.04
756,-24.398563,0.5049144,2.631526,0.0625551,0.21121946,0.046072807,0.04
757,-24.418139,0.51194876,1.8182061,0.052213624,0.20936035,0.052018326,0.04
758,-24.424496,0.4835078,2.0641108,0.11610588,0.20058875,0.051276967,0.04
759,-24.395638,0.47541007,3.2542653,0.07447033,0.19348963,0.053459976,0.04
760,-24.414335,0.51012266,2.117718,0.08924339,0.21041662,0.047884215,0.04
761,-24.42839,0.5010729,2.040559,0.056104902,0.20519078,0.046087183,0.04
762,-24.430504,0.48796204,2.039658,0.061811063,0.20490119,0.05372888,0.04
763,-24.388206,0.52271295,3.1746066,0.09132635,0.21820273,0.04762686,0.04
764,-24.415188,0.47983795,1.9919783,0.096328355,0.19706301,0.046719436,0.04
765,-24.411144,0.5105315,2.412314,0.07530658,0.20937307,0.04619284,0.04
766,-24.414848,0.49474338,2.485302,0.09193733,0.20478985,0.049322255,0.04
767,-24.397661,0.4904395,2.4054136,0.083688624,0.20300132,0.048119985,0.04
768,-24.40883,0.5082895,2.0835016,0.086605616,0.2142184,0.043547984,0.04
769,-24.414576,0.4796522,2.5551682,0.060962796,0.200246,0.046733987,0.04
770,-24.409067,0.5136325,1.9713873,0.06389407,0.20778003,0.050925087,0.04
771,-24.414413,0.52094996,1.7218287,0.053736247,0.20969887,0.042324085,0.04
772,-24.429865,0.4762848,1.6023288,0.056536593,0.1951704,0.050961345,0.04
773,-24.414375,0.5063762,2.4385211,0.070293166,0.21070278,0.05154143,0.04
774,-24.40387,0.5341465,2.1313233,0.06570065,0.22303478,0.047137283,0.04
775,-24.397484,0.5062605,2.6360264,0.0629758,0.20444147,0.045140043,0.04
776,-24.42659,0.4978702,1.7165393,0.03693669,0.20641258,0.047124792,0.04
777,-24.415785,0.49628806,2.1861162,0.066230156,0.20541841,0.054994658,0.04
778,-24.406317,0.48505536,1.8336529,0.106710784,0.1991376,0.051493265,0.04
779,-24.42359,0.47754124,1.5228422,0.09580933,0.19352993,0.049011663,0.04
780,-24.413105,0.48131824,2.3712227,0.09434782,0.19903629,0.05116152,0.04
781,-24.417982,0.48460424,1.7345526,0.064144254,0.19995113,0.05364741,0.04
782,-24.408537,0.47370467,2.2479048,0.05194753,0.19763489,0.04846861,0.04
783,-24.40224,0.46639144,2.6216857,0.10482988,0.19278891,0.047686763,0.04
784,-24.39795,0.49651182,2.736123,0.05618458,0.20523724,0.04810199,0.04
785,-24.442888,0.49065256,1.2128844,0.05333566,0.20497605,0.047943775,0.04
786,-24.417246,0.48233366,1.9131114,0.09678093,0.19379121,0.054674886,0.04
787,-24.418266,0.48968908,1.6414757,0.10227589,0.20536721,0.04976695,0.04
788,-24.402897,0.5018102,2.331396,0.065250754,0.20612164,0.045331642,0.04
789,-24.41035,0.5043329,2.2090812,0.061873745,0.20545647,0.04888983,0.04
790,-24.407558,0.50088143,2.1984017,0.060598195,0.20392437,0.047851507,0.04
791,-24.40975,0.47199392,2.3175044,0.04122785,0.19278072,0.04257173,0.04
792,-24.4194,0.43895584,2.2475722,0.1050571,0.18185222,0.04775337,0.04
793,-24.439148,0.48103312,1.2139143,0.06830309,0.201053,0.041041724,0.04
794,-24.426735,0.4993625,2.1217906,0.06091546,0.20405872,0.056648277,0.04
795,-24.427649,0.46486259,1.7013987,0.0580881,0.19524193,0.04792942,0.04
796,-24.426125,0.47048697,1.8890864,0.084076926,0.19593973,0.04991042,0.04
797,-24.43398,0.47770715,1.6686933,0.05931908,0.19287458,0.04724004,0.04
798,-24.423378,0.4725816,1.8832206,0.04999045,0.19603601,0.0485718,0.04
799,-24.416769,0.4735414,1.86591,0.06577807,0.19084354,0.044594955,0.04
800,-24.425573,0.47521392,1.6527765,0.055951636,0.19414093,0.047202237,0.04
801,-24.401512,0.47123528,2.263021,0.06783594,0.19651385,0.06845357,0.04
802,-24.419813,0.46685687,2.053463,0.06904533,0.19333914,0.055860467,0.04
803,-24.433222,0.49233073,1.2604272,0.061431073,0.20288804,0.05009228,0.04
804,-24.397848,0.48706612,2.2325823,0.07088309,0.20228104,0.04560927,0.04
805,-24.420668,0.48544708,1.6989045,0.05933486,0.20196752,0.045828443,0.04
806,-24.4062,0.4873579,2.1815884,0.06873812,0.19724685,0.04927458,0.04
807,-24.42104,0.48669297,2.3178582,0.06920535,0.19971003,0.043062776,0.04
808,-24.411297,0.47383904,2.4309435,0.05900344,0.19591418,0.048056334,0.04
809,-24.408363,0.4756424,2.4514277,0.07532749,0.19657375,0.04821821,0.04
810,-24.41607,0.47868672,1.7739625,0.06200598,0.19789483,0.046335865,0.04
811,-24.400898,0.4755462,2.8233056,0.061973777,0.19544484,0.04862344,0.04
812,-24.414148,0.4516631,2.195829,0.04419833,0.18651249,0.04611823,0.04
813,-24.418085,0.48640162,1.737681,0.07344005,0.20240772,0.05245131,0.04
814,-24.416754,0.47407073,2.2014437,0.047075562,0.19724306,0.04454429,0.04
815,-24.434158,0.46396083,1.7265782,0.06522582,0.18932915,0.046357974,0.04
816,-24.40273,0.473574,2.6162968,0.054793477,0.19761828,0.049458552,0.04
817,-24.429636,0.45932913,1.6177801,0.082368925,0.18841556,0.04721739,0.04
818,-24.413511,0.47807428,1.9342898,0.080103055,0.1966063,0.04526245,0.04
819,-24.41213,0.45930445,2.2593074,0.04541322,0.18630797,0.042727776,0.04
820,-24.39897,0.4745263,2.5375707,0.048028443,0.19279842,0.044481874,0.04
821,-24.410967,0.4708574,2.1926503,0.09649036,0.1938332,0.045190405,0.04
822,-24.420832,0.47263435,1.729397,0.047400825,0.19526081,0.048548386,0.04
823,-24.407171,0.4743063,2.3741045,0.06415796,0.19563307,0.0491395,0.04
824,-24.41143,0.45420614,1.815749,0.08260641,0.18663955,0.04336916,0.04
825,-24.409876,0.4913606,2.3764222,0.06609485,0.20423427,0.04716741,0.04
826,-24.420486,0.45936415,1.3187782,0.07235474,0.18597691,0.044783767,0.04
827,-24.401901,0.46012104,2.1964,0.081560716,0.1891088,0.046060592,0.04
828,-24.408844,0.48386258,1.8355122,0.051133722,0.20145914,0.047832523,0.04
829,-24.423607,0.47045428,2.1286283,0.058883853,0.19259013,0.04967782,0.04
830,-24.41857,0.46636605,1.9664963,0.07171796,0.1920123,0.050456442,0.04
831,-24.419767,0.44958192,1.961005,0.081259675,0.18515815,0.043218754,0.04
832,-24.413836,0.4799052,1.906127,0.08148793,0.19763815,0.04930183,0.04
833,-24.426235,0.43802193,1.4286567,0.066904604,0.18008831,0.04423289,0.04
834,-24.424145,0.47388467,1.5436043,0.05449038,0.19639632,0.042174038,0.04
835,-24.427485,0.46518177,1.432404,0.078771316,0.19239123,0.043631542,0.04
836,-24.40309,0.45475826,2.3155782,0.045611333,0.18738464,0.043355647,0.04
837,-24.41212,0.46331352,1.2276005,0.054217104,0.19061528,0.04244262,0.04
838,-24.429209,0.46789968,1.4853215,0.06263553,0.19045751,0.046523217,0.04
839,-24.41502,0.45224515,1.7552519,0.06555959,0.18104386,0.048558608,0.04
840,-24.401361,0.47488636,2.416451,0.06751482,0.19620392,0.047804195,0.04
841,-24.422335,0.45028105,1.3597757,0.07897839,0.18501179,0.04498627,0.04
842,-24.429811,0.45812595,1.4014951,0.05102143,0.18681258,0.0419873,0.04
843,-24.42875,0.4347355,1.561067,0.044622872,0.17804757,0.044667635,0.04
844,-24.428883,0.4596071,1.24646,0.051007662,0.18661653,0.041668035,0.04
845,-24.430357,0.4851479,1.5848219,0.057390325,0.20300475,0.041535787,0.04
846,-24.404016,0.45293358,2.4738624,0.04756479,0.18619479,0.045140643,0.04
847,-24.424337,0.48264933,1.1287457,0.054877065,0.19828203,0.04374407,0.04
848,-24.426765,0.442568,1.6912497,0.048022926,0.18207885,0.04521679,0.04
849,-24.403187,0.48163548,2.5675077,0.05198449,0.18984331,0.045480747,0.04
850,-24.409636,0.463778,1.9742452,0.09052414,0.19059013,0.041746452,0.04
851,-24.42115,0.46836635,1.4215498,0.06565566,0.19113898,0.045105744,0.04
852,-24.41507,0.44218773,1.7008058,0.052751333,0.18223102,0.040175043,0.04
853,-24.423464,0.456596,1.4318618,0.06608908,0.18767549,0.044301145,0.04
854,-24.395779,0.45094356,2.682197,0.052626748,0.18533002,0.041547444,0.04
855,-24.410282,0.45331186,1.6486505,0.07119001,0.18605758,0.044853,0.04
856,-24.415226,0.44358048,2.0090806,0.091314174,0.18359514,0.043929372,0.04
857,-24.423777,0.4460664,1.3812729,0.055471,0.18267055,0.04494729,0.04
858,-24.4002,0.45661274,2.6845548,0.057222877,0.18832663,0.06157773,0.04
859,-24.424719,0.45426652,1.2824434,0.055844106,0.1846927,0.043211695,0.04
860,-24.430492,0.45022652,0.879047,0.047147825,0.18480138,0.04280426,0.04
861,-24.408234,0.46738178,1.9994601,0.057421204,0.18955316,0.040576197,0.04
862,-24.417955,0.45826855,1.5590643,0.057448782,0.18567045,0.045170452,0.04
863,-24.416157,0.43805772,1.5779104,0.05432209,0.17801337,0.039656855,0.04
864,-24.41654,0.46841195,1.9701729,0.074008115,0.18790208,0.04480344,0.04
865,-24.411623,0.45264566,1.6869577,0.060030732,0.18673074,0.04703035,0.04
866,-24.436895,0.4436123,1.2278314,0.060902245,0.18284942,0.045214,0.04
867,-24.423222,0.4413118,1.2301022,0.08303466,0.17493793,0.04562933,0.04
868,-24.429066,0.44611174,1.351993,0.06493585,0.18523912,0.038551718,0.04
869,-24.412184,0.45784283,2.288467,0.048805755,0.18660812,0.048247013,0.04
870,-24.415028,0.46352053,1.5254023,0.08385186,0.18936525,0.046974946,0.04
871,-24.441729,0.43942624,0.8677477,0.046971876,0.18074502,0.04493691,0.04
872,-24.421278,0.439028,1.4531896,0.06544437,0.1794693,0.052011337,0.04
873,-24.408867,0.45246658,1.6383607,0.049087893,0.17903014,0.045765966,0.04
874,-24.40971,0.46428898,2.2390778,0.08863191,0.18794738,0.05155052,0.04
875,-24.43447,0.46433598,1.0967429,0.05934461,0.18989278,0.046856537,0.04
876,-24.421926,0.47473422,1.5328951,0.06947529,0.19179936,0.049988944,0.04
877,-24.415236,0.42796326,1.5932281,0.060939614,0.17592035,0.047068372,0.04
878,-24.426743,0.44996172,1.3944489,0.094044186,0.18761775,0.039702747,0.04
879,-24.416231,0.44301516,1.4464785,0.071755424,0.1846235,0.04092752,0.04
880,-24.429941,0.4490831,1.4377542,0.071108826,0.18388878,0.043897297,0.04
881,-24.41013,0.44660026,1.5564975,0.06774597,0.18156508,0.044650298,0.04
882,-24.407518,0.43297234,2.1628284,0.07791253,0.17542249,0.040763088,0.04
883,-24.401665,0.45453417,1.6159055,0.06272786,0.18484338,0.042153914,0.04
884,-24.417614,0.45886657,1.9558811,0.06470753,0.18534969,0.045895625,0.04
885,-24.418337,0.425072,1.4765381,0.06982287,0.17365913,0.050049596,0.04
886,-24.428734,0.44898403,1.1671005,0.053781405,0.18508211,0.04228969,0.04
887,-24.407524,0.45086557,1.7058963,0.089083344,0.18585801,0.05354828,0.04
888,-24.423985,0.41712818,1.5964411,0.07462089,0.16927506,0.045194525,0.04
889,-24.414148,0.45314,1.6179073,0.06724475,0.18410352,0.03748208,0.04
890,-24.421732,0.4409205,1.4999236,0.033730313,0.18285221,0.042368647,0.04
891,-24.414434,0.43273473,1.7974608,0.08703981,0.17992602,0.0423323,0.04
892,-24.42249,0.44928738,1.4239728,0.0431372,0.18177895,0.035125427,0.04
893,-24.41901,0.44352448,1.4878033,0.08783737,0.18527417,0.040854976,0.04
894,-24.403816,0.4438022,1.8416371,0.04932618,0.18045865,0.043783676,0.04
895,-24.414845,0.45573547,2.0374088,0.072568946,0.18428577,0.03798602,0.04
896,-24.432352,0.43438408,1.3850933,0.07452879,0.17888322,0.040014602,0.04
897,-24.408674,0.43937507,2.3760612,0.093097985,0.18279879,0.042707972,0.04
898,-24.405579,0.42802772,1.9223021,0.10395414,0.17458206,0.06328576,0.04
899,-24.429852,0.4397029,0.850004,0.06528254,0.18090235,0.038876854,0.04
900,-24.4224,0.4368925,1.4691945,0.042392246,0.17930107,0.03866744,0.04
901,-24.417168,0.43632632,1.4533287,0.044906307,0.17890172,0.042951543,0.04
902,-24.41294,0.44080406,1.8268771,0.055651948,0.18146887,0.043264113,0.04
903,-24.426203,0.43411577,1.2928312,0.0732397,0.17715552,0.03982767,0.04
904,-24.42057,0.42639396,1.8589023,0.051409014,0.1752725,0.03614354,0.04
905,-24.417591,0.42281467,1.2666261,0.038967866,0.17393027,0.03885695,0.04
906,-24.411251,0.42582166,2.034621,0.055186305,0.17161117,0.04222575,0.04
907,-24.420752,0.44244838,1.4215448,0.04861059,0.17670624,0.042498324,0.04
908,-24.409798,0.43817905,1.9094996,0.08464284,0.17952771,0.03779596,0.04
909,-24.421154,0.42727497,1.4211055,0.07070351,0.17457342,0.04407513,0.04
910,-24.430185,0.44395614,1.3587736,0.079883635,0.1806706,0.04081179,0.04
911,-24.413582,0.4276023,1.5279473,0.04020251,0.17589137,0.04168083,0.04
912,-24.413641,0.4462295,1.6048871,0.066940516,0.18520448,0.04009272,0.04
913,-24.423676,0.42034495,1.4855106,0.04400409,0.17268157,0.040483408,0.04
914,-24.416636,0.44800153,1.7257195,0.065937474,0.18171634,0.0405405,0.04
915,-24.408728,0.4375137,2.0639522,0.065741606,0.18233474,0.04354662,0.04
916,-24.416512,0.41848534,1.419241,0.07589806,0.1689635,0.039842185,0.04
917,-24.408815,0.4266214,2.2076259,0.054503314,0.17633623,0.03752535,0.04
918,-24.433886,0.4327993,1.2703595,0.03676651,0.17195898,0.03764529,0.04
919,-24.434229,0.42584518,0.9828099,0.06498893,0.17325914,0.040188868,0.04
920,-24.42394,0.44963422,1.2895199,0.035436913,0.1865191,0.037739288,0.04
921,-24.415754,0.444214,1.711774,0.08917243,0.1800859,0.041901983,0.04
922,-24.428238,0.43471506,0.69793713,0.060935095,0.17868434,0.042827517,0.04
923,-24.412994,0.43333748,1.6496091,0.04601099,0.17776123,0.04278341,0.04
924,-24.41328,0.45464408,1.5004671,0.072746344,0.18101197,0.042951662,0.04
925,-24.425999,0.44527584,0.87115324,0.06400266,0.18190435,0.04607652,0.04
926,-24.402876,0.43431443,1.9437301,0.07232066,0.18074521,0.039402608,0.04
927,-24.434559,0.4416227,1.550413,0.070279635,0.17794484,0.0400662,0.04
928,-24.406876,0.43457028,1.7356261,0.04882305,0.17423895,0.04212709,0.04
929,-24.410852,0.4564391,1.4091786,0.045907564,0.18751822,0.040583417,0.04
930,-24.43057,0.41419867,1.1662261,0.043739464,0.17006691,0.039925195,0.04
931,-24.42442,0.43394908,1.4908566,0.06815117,0.17834866,0.041231632,0.04
932,-24.405268,0.44427687,1.9203427,0.064858824,0.1795079,0.043170888,0.04
933,-24.417511,0.40947628,1.2766552,0.043000422,0.16825332,0.04380793,0.04
934,-24.408195,0.42696136,1.493358,0.048807308,0.17679709,0.043458633,0.04
935,-24.437876,0.40781367,0.75149333,0.052435424,0.16413903,0.04163382,0.04
936,-24.391888,0.42480725,2.6993582,0.054141257,0.17125136,0.03844485,0.04
937,-24.416891,0.42848828,1.5674938,0.0914532,0.17392647,0.04290358,0.04
938,-24.41758,0.4209742,1.4604344,0.07009885,0.17177466,0.04526948,0.04
939,-24.421566,0.43014717,0.9878454,0.0823841,0.17716712,0.041348413,0.04
940,-24.419619,0.44470763,1.3369532,0.09670748,0.18413454,0.042086266,0.04
941,-24.413565,0.41817158,1.35973,0.067499086,0.16649872,0.04192317,0.04
942,-24.414167,0.41774142,2.0343125,0.03484487,0.16697869,0.040561043,0.04
943,-24.41961,0.44077376,1.399795,0.056001935,0.17983773,0.037785318,0.04
944,-24.40651,0.43950132,1.7082891,0.06754481,0.17804569,0.039810617,0.04
945,-24.411564,0.41636255,1.6938641,0.072311185,0.16989452,0.03646568,0.04
946,-24.41523,0.43695843,1.4304413,0.060677174,0.17420888,0.08269621,0.04
947,-24.429337,0.44616827,1.1048806,0.058419406,0.18133385,0.042284004,0.04
948,-24.395376,0.43892652,2.2942986,0.045563694,0.1756998,0.050508153,0.04
949,-24.431843,0.4402525,0.8789356,0.058899842,0.18597369,0.045861796,0.04
950,-24.406824,0.4201503,1.8422784,0.059416007,0.1742459,0.042016078,0.04
951,-24.41568,0.40509507,1.500522,0.07377069,0.16428217,0.042639837,0.04
952,-24.424711,0.4304125,1.0632588,0.053423673,0.17337553,0.042668466,0.04
953,-24.415747,0.43143585,1.5101328,0.06811755,0.17519364,0.041130718,0.04
954,-24.403074,0.4252365,2.2977772,0.08661238,0.17096382,0.044050824,0.04
955,-24.402649,0.42430618,2.160899,0.05612072,0.17228533,0.043442223,0.04
956,-24.406666,0.4251795,1.9013573,0.043969058,0.17641877,0.038034398,0.04
957,-24.421383,0.4461805,1.4919589,0.074711055,0.17839895,0.039440654,0.04
958,-24.442783,0.42971352,0.7728213,0.086849615,0.17993958,0.046772063,0.04
959,-24.420446,0.414008,1.4424931,0.043806553,0.16757713,0.045418244,0.04
960,-24.409664,0.42228702,1.521167,0.055266768,0.17297283,0.04034986,0.04
961,-24.421762,0.42477962,1.4184685,0.059894264,0.17143925,0.036557563,0.04
962,-24.41918,0.42479804,1.2863009,0.056274727,0.17620593,0.040279455,0.04
963,-24.427687,0.43273944,0.93470365,0.060182907,0.1773388,0.037271995,0.04
964,-24.409664,0.41253892,1.4397576,0.07112664,0.16848694,0.03909279,0.04
965,-24.430635,0.42327568,0.9606052,0.069889076,0.17429031,0.042261448,0.04
966,-24.409266,0.4248289,1.5617751,0.070058905,0.17584375,0.042774614,0.04
967,-24.42164,0.42803177,1.5056506,0.07771613,0.17285815,0.04502478,0.04
968,-24.407228,0.4280818,1.8570818,0.051330708,0.17746215,0.038465045,0.04
969,-24.406597,0.4322919,1.9837121,0.045231253,0.18046963,0.041441552,0.04
970,-24.424414,0.4236451,1.6403158,0.049187183,0.17385384,0.042172406,0.04
971,-24.438948,0.42509136,0.800277,0.03712891,0.17439409,0.038946994,0.04
972,-24.423973,0.43546832,0.91112757,0.083478145,0.17762248,0.0426322,0.04
973,-24.403503,0.42877853,1.7671643,0.08124075,0.17890073,0.043952223,0.04
974,-24.407034,0.43378034,1.8340226,0.062030375,0.17422986,0.034911335,0.04
975,-24.427347,0.42966792,1.1310642,0.0355798,0.17542045,0.038588572,0.04
976,-24.444706,0.4008026,0.4480579,0.072441496,0.16496927,0.038650174,0.04
977,-24.413242,0.43412548,1.1029282,0.048833396,0.17803171,0.03685462,0.04
978,-24.42322,0.44351682,1.1373523,0.055991404,0.18085445,0.03720608,0.04
979,-24.41456,0.41331166,1.5316589,0.056241762,0.16343795,0.03796125,0.04
980,-24.401274,0.4247649,2.0035148,0.05343859,0.1756996,0.0374915,0.04
981,-24.434227,0.39377397,0.7261224,0.077801794,0.16075116,0.0374295,0.04
982,-24.43063,0.41979244,1.2955221,0.036477745,0.16932516,0.039206542,0.04
983,-24.407095,0.41104376,2.1741493,0.060887896,0.1700893,0.039959338,0.04
984,-24.418308,0.40811035,1.4821792,0.046503354,0.16841315,0.03966835,0.04
985,-24.42502,0.4051013,0.8554695,0.04357973,0.16566141,0.03747802,0.04
986,-24.420458,0.41389087,1.1130329,0.083342515,0.16913335,0.036411252,0.04
987,-24.437422,0.42568326,0.6748571,0.044730384,0.1742954,0.03619939,0.04
988,-24.423223,0.41955632,1.4652077,0.07426999,0.17464975,0.043488506,0.04
989,-24.423824,0.4149512,1.1732162,0.04247459,0.16720493,0.0410347,0.04
990,-24.411715,0.41781545,1.6679658,0.058706377,0.16887102,0.04024675,0.04
991,-24.411055,0.42131683,1.7682252,0.05661296,0.17053437,0.04237699,0.04
992,-24.43228,0.428526,0.71174914,0.055922844,0.17659408,0.044278245,0.04
993,-24.42884,0.42867348,0.747011,0.06533979,0.17533715,0.040804237,0.04
994,-24.418934,0.42098784,1.4898309,0.050871465,0.17074761,0.04458677,0.04
995,-24.414913,0.40224573,1.5005491,0.04659863,0.16352747,0.03955973,0.04
996,-24.416924,0.4159293,1.4536865,0.045670785,0.17012314,0.03698096,0.04
997,-24.431278,0.4355862,1.0258821,0.057330772,0.18072784,0.034160886,0.04
998,-24.424849,0.4246913,0.9887523,0.04698997,0.17350154,0.04054332,0.04
999,-24.405556,0.41736206,1.8350503,0.06543195,0.1672931,0.03777944,0.04
1000,-24.432476,0.44342163,0.8915063,0.058596782,0.1781899,0.035733085,0.04
1001,-24.424503,0.40201664,0.8356594,0.06983396,0.16275531,0.03953868,0.04
1002,-24.406765,0.42067719,1.5408505,0.034906585,0.1710107,0.03733084,0.04
1003,-24.427917,0.41927907,1.2921214,0.055074982,0.16811274,0.040094025,0.04
1004,-24.415571,0.42520687,1.4114808,0.05102595,0.17321801,0.03378473,0.04
1005,-24.413134,0.41483587,1.4500079,0.06135642,0.16471381,0.037205316,0.04
1006,-24.421335,0.41777694,0.9452305,0.048538838,0.17080283,0.03595978,0.04
1007,-24.43512,0.42009985,0.5761768,0.07067044,0.16902062,0.038077753,0.04
1008,-24.426878,0.40165323,0.9775961,0.060828835,0.16314577,0.040178545,0.04
1009,-24.426481,0.41060475,1.0655705,0.04981077,0.16754916,0.04567203,0.04
1010,-24.431395,0.42578748,1.6332344,0.04267403,0.1699492,0.0454037,0.04
1011,-24.430008,0.39038455,1.0156801,0.03998874,0.1617508,0.03897384,0.04
1012,-24.419468,0.42506447,1.7766515,0.080042824,0.17479917,0.04094588,0.04
1013,-24.41855,0.42117742,1.5353779,0.039106593,0.17025363,0.03897072,0.04
1014,-24.418758,0.4012985,1.3174157,0.08487135,0.16246116,0.03928838,0.04
1015,-24.417452,0.41165262,1.2872157,0.07351908,0.166932,0.03641823,0.04
1016,-24.423546,0.41411066,1.2359489,0.069623604,0.16610694,0.038620867,0.04
1017,-24.430336,0.3956873,0.84869874,0.044222217,0.15933238,0.03602097,0.04
1018,-24.42718,0.41626114,1.0977113,0.06931218,0.16820025,0.040796395,0.04
1019,-24.413048,0.40303332,1.818489,0.071617305,0.16455671,0.03662329,0.04
1020,-24.422865,0.4142004,1.3559691,0.07256662,0.1684296,0.038456574,0.04
1021,-24.44133,0.41970187,0.9073034,0.060468614,0.16540681,0.036870852,0.04
1022,-24.40726,0.43317708,1.3015398,0.033623587,0.1762605,0.03820323,0.04
1023,-24.423918,0.40454867,1.4840366,0.04755156,0.16591954,0.04000036,0.04
1024,-24.438652,0.4085414,1.0450749,0.06572319,0.16298236,0.037266005,0.04
1025,-24.419863,0.3931572,1.1555905,0.060340922,0.15908906,0.034265958,0.04
1026,-24.420216,0.41599944,1.3661516,0.05790947,0.1688006,0.03806829,0.04
1027,-24.436562,0.417001,0.97716624,0.060656507,0.17017823,0.037660938,0.04
1028,-24.415632,0.41613647,1.4148961,0.066576265,0.17148633,0.034190197,0.04
1029,-24.421083,0.41491756,0.8742149,0.07170185,0.16903567,0.043975312,0.04
1030,-24.412262,0.40867758,1.460973,0.04587734,0.16076928,0.03986813,0.04
1031,-24.421066,0.4146384,1.5667418,0.050602324,0.17120947,0.037588257,0.04
1032,-24.41548,0.40356937,1.017257,0.071133,0.16414161,0.039949484,0.04
1033,-24.421904,0.41551054,1.8768235,0.049238924,0.16521217,0.038151648,0.04
1034,-24.411373,0.39749432,1.9228243,0.06360429,0.16418064,0.03699942,0.04
1035,-24.411985,0.41047096,1.6333991,0.03870383,0.16499487,0.04072588,0.04
1036,-24.41926,0.39901996,1.0765853,0.046855077,0.16205956,0.0360317,0.04
1037,-24.421375,0.4087495,1.5355468,0.03464655,0.16554588,0.03422421,0.04
1038,-24.409317,0.40068206,1.6171288,0.057656273,0.16447596,0.03810135,0.04
1039,-24.41234,0.40592548,1.3542907,0.03516806,0.16457893,0.03490226,0.04
1040,-24.421328,0.40206864,1.2160112,0.06329516,0.16324027,0.04172479,0.04
1041,-24.420284,0.39309564,1.5948724,0.04394949,0.15880565,0.03623573,0.04
1042,-24.425228,0.4197508,1.0873145,0.051070347,0.17347163,0.03787221,0.04
1043,-24.422316,0.40427613,0.9841443,0.048368715,0.1665947,0.03422408,0.04
1044,-24.417301,0.41659662,1.5886971,0.043894485,0.16547114,0.036111645,0.04
1045,-24.413698,0.41347376,1.4426153,0.03850081,0.1667652,0.041783668,0.04
1046,-24.409586,0.40777165,1.6139789,0.05122131,0.1694577,0.037253484,0.04
1047,-24.409275,0.4200251,1.669839,0.045137458,0.16869651,0.040259115,0.04
1048,-24.428354,0.3986792,1.0995241,0.041556586,0.15653788,0.037027583,0.04
1049,-24.415216,0.4029599,1.086768,0.0620638,0.16306886,0.04012036,0.04
1050,-24.424953,0.3936616,1.1937497,0.0523165,0.16368644,0.04945166,0.04
1051,-24.419817,0.39698392,0.8507148,0.076595195,0.16103144,0.03495655,0.04
1052,-24.42764,0.40610334,0.9896932,0.07925442,0.16567957,0.03675061,0.04
1053,-24.403742,0.4064887,1.6873323,0.037486516,0.16717523,0.03885024,0.04
1054,-24.426888,0.38702422,0.9538593,0.07278188,0.15563047,0.036501266,0.04
1055,-24.426453,0.41315785,0.89838046,0.04345465,0.16848499,0.03670604,0.04
1056,-24.41225,0.41014048,1.5676031,0.03946112,0.1691076,0.03988579,0.04
1057,-24.406755,0.43216974,1.7359266,0.0574903,0.17783517,0.036593664,0.04
1058,-24.41987,0.4015163,1.1851711,0.027285527,0.16173783,0.03532121,0.04
1059,-24.426254,0.42602453,0.9386057,0.060280353,0.17124888,0.035051517,0.04
1060,-24.425564,0.42163736,0.9247605,0.055179227,0.17392872,0.034358405,0.04
1061,-24.430954,0.42075282,0.78172463,0.042599447,0.17325798,0.03937277,0.04
1062,-24.414776,0.38603467,1.1415634,0.04116158,0.15622589,0.035961345,0.04
1063,-24.423008,0.3970599,0.74414045,0.0534184,0.16056551,0.040950824,0.04
1064,-24.421894,0.46876043,1.1423556,0.15070403,0.2037498,0.07381423,0.04
1065,-24.419218,0.43333048,1.224696,0.07443134,0.17235343,0.048982345,0.04
1066,-24.41633,0.40715808,1.1277587,0.05831833,0.16601293,0.038657274,0.04
1067,-24.414625,0.42766422,1.9447243,0.06844431,0.17523162,0.038998537,0.04
1068,-24.416515,0.41190645,1.3082597,0.04456449,0.16518354,0.037475064,0.04
1069,-24.412165,0.41554916,1.2712177,0.0603813,0.16682221,0.040159605,0.04
1070,-24.417538,0.39641535,1.5534085,0.052680872,0.16431548,0.03571692,0.04
1071,-24.416117,0.41398436,1.42344,0.053385668,0.17049043,0.037516925,0.04
1072,-24.40435,0.40387878,1.5347121,0.04144324,0.16122684,0.03393883,0.04
1073,-24.420439,0.40745953,0.938733,0.040039413,0.16423604,0.036051996,0.04
1074,-24.42394,0.41992646,1.2533569,0.08063634,0.16896407,0.041007314,0.04
1075,-24.424488,0.39199838,1.1690098,0.04169484,0.15686698,0.038761467,0.04
1076,-24.441622,0.39864346,0.43996632,0.033790354,0.16365449,0.032877013,0.04
1077,-24.406883,0.41968772,1.6691188,0.09772675,0.16817589,0.065896645,0.04
1078,-24.42262,0.42317817,1.0974526,0.050007764,0.17050141,0.04271983,0.04
1079,-24.436312,0.4219615,0.6356861,0.033745755,0.16420192,0.036846306,0.04
1080,-24.414856,0.40739977,1.2909043,0.08564837,0.16574197,0.04068167,0.04
1081,-24.42816,0.41775474,1.0090182,0.0795442,0.16627643,0.03796087,0.04
1082,-24.40986,0.41238746,1.2044283,0.05794745,0.16846552,0.036248088,0.04
1083,-24.424942,0.40828028,0.79397607,0.05643064,0.16765082,0.04038576,0.04
1084,-24.42311,0.39442438,0.98687935,0.06293988,0.16046907,0.040089555,0.04
1085,-24.42407,0.39205357,1.1528964,0.054272465,0.15545407,0.035631068,0.04
1086,-24.41248,0.41031864,1.4610506,0.07559317,0.17109673,0.058659427,0.04
1087,-24.413507,0.4034963,1.6325184,0.05071511,0.1608123,0.04079428,0.04
1088,-24.41188,0.40215415,1.4730365,0.04403648,0.16403678,0.038221307,0.04
1089,-24.414133,0.40319607,1.341446,0.06249348,0.16645832,0.035462752,0.04
1090,-24.426958,0.39114007,0.5962621,0.04756657,0.16241497,0.033495698,0.04
1091,-24.429918,0.40936187,0.507256,0.09520728,0.16554353,0.035769593,0.04
1092,-24.42612,0.40870506,1.0563368,0.041769255,0.16949558,0.036397833,0.04
1093,-24.418737,0.3967582,0.750744,0.0714572,0.16157264,0.033558622,0.04
1094,-24.415077,0.3993665,1.310452,0.041432757,0.16219568,0.036334477,0.04
1095,-24.404543,0.4033293,1.6736463,0.05097967,0.16297576,0.031189227,0.04
1096,-24.420202,0.41986498,0.97900236,0.049448896,0.17178406,0.035886016,0.04
1097,-24.42018,0.38014746,0.77861786,0.085617095,0.15805602,0.03656583,0.04
1098,-24.418089,0.39956027,1.2221986,0.036485855,0.16345546,0.042018875,0.04
1099,-24.423574,0.38883445,0.89104116,0.056891844,0.15925573,0.03631136,0.04
1100,-24.419554,0.38435236,0.9877187,0.03096915,0.15539132,0.030226123,0.04
1101,-24.422607,0.3970026,1.2087815,0.053852476,0.15729406,0.032186657,0.04
1102,-24.435919,0.3959688,0.40287364,0.057761893,0.16007103,0.031852424,0.04
1103,-24.421612,0.4001405,0.8904377,0.030942392,0.16363002,0.031759884,0.04
1104,-24.429947,0.4152535,1.0318432,0.03416203,0.16506769,0.037179038,0.04
1105,-24.436562,0.39429256,0.74001896,0.05867636,0.15804437,0.03366338,0.04
1106,-24.447746,0.3902972,0.4377583,0.06182504,0.15970437,0.0339952,0.04
1107,-24.406961,0.38806507,1.5490698,0.048325777,0.15635666,0.035891645,0.04
1108,-24.42625,0.40715048,1.0405518,0.037352208,0.16697115,0.0344689,0.04
1109,-24.410254,0.40585333,1.293092,0.02930048,0.165406,0.035485547,0.04
1110,-24.437664,0.39498428,0.5974887,0.041663665,0.15987216,0.04114078,0.04
1111,-24.426247,0.38611445,0.5752366,0.04019423,0.15658505,0.036297362,0.04
1112,-24.410757,0.3948274,1.3501502,0.08059952,0.15988763,0.03762264,0.04
1113,-24.430239,0.38492116,0.6783923,0.088828154,0.15927887,0.03515585,0.04
1114,-24.427027,0.38501814,0.82178,0.08018587,0.15528736,0.03665049,0.04
1115,-24.419313,0.39078495,1.25417,0.055489905,0.15908663,0.036810677,0.04
1116,-24.434418,0.39095432,0.66249764,0.045602545,0.15643565,0.03750693,0.04
1117,-24.431133,0.37813357,0.9221368,0.062069107,0.15328717,0.03421068,0.04
1118,-24.41921,0.38865238,1.1444582,0.07438833,0.15705001,0.04146781,0.04
1119,-24.423378,0.38962328,1.164532,0.03550246,0.15935075,0.037068795,0.04
1120,-24.43031,0.39158186,0.7211729,0.062704034,0.16061375,0.035003252,0.04
1121,-24.435638,0.38283968,0.4235132,0.06480648,0.15520585,0.03195308,0.04
1122,-24.417145,0.38912287,1.0797855,0.09729042,0.1575484,0.035407,0.04
1123,-24.420212,0.37535745,1.0772947,0.0630068,0.15471801,0.036658786,0.04
1124,-24.434671,0.40288758,0.8278755,0.049154174,0.16413805,0.03639931,0.04
1125,-24.426907,0.38154045,0.84160894,0.040221587,0.15912464,0.036781207,0.04
1126,-24.418036,0.38886964,1.0142171,0.060699597,0.15832551,0.03436366,0.04
1127,-24.422817,0.39282078,1.306447,0.046244785,0.16201626,0.032971844,0.04
1128,-24.426481,0.37882522,1.5143018,0.047932964,0.15546393,0.037893906,0.04
1129,-24.443882,0.38339815,0.8125469,0.05422735,0.1577208,0.03527681,0.04
1130,-24.422554,0.40691862,1.3960764,0.0530349,0.16463192,0.037294675,0.04
1131,-24.412542,0.38427016,1.241486,0.06856118,0.15327542,0.035978664,0.04
1132,-24.420742,0.38895085,1.3090917,0.03916349,0.15433714,0.037024997,0.04
1133,-24.393166,0.40835157,1.5715902,0.08691387,0.16397627,0.043574393,0.04
1134,-24.403837,0.4203661,1.6811254,0.06815761,0.1701466,0.03877177,0.04
1135,-24.4081,0.37846887,1.5197511,0.058575597,0.15477094,0.033113223,0.04
1136,-24.41511,0.38667953,1.2229311,0.058297027,0.15665987,0.03511934,0.04
1137,-24.427872,0.39964476,0.77661914,0.065736584,0.16248041,0.052152462,0.04
1138,-24.4175,0.40378168,0.84461266,0.08570413,0.1656414,0.060197912,0.04
1139,-24.428461,0.37982872,0.5629266,0.07095875,0.15562597,0.04194334,0.04
1140,-24.424347,0.40493405,1.1253773,0.091672346,0.16721201,0.039877057,0.04
1141,-24.443016,0.37888375,0.31613633,0.11155848,0.15478313,0.06708091,0.04
1142,-24.421629,0.38078532,1.008025,0.08967583,0.15659265,0.040912617,0.04
1143,-24.41698,0.3727185,1.4112501,0.05784705,0.15219437,0.037124187,0.04
1144,-24.430265,0.39286742,1.1739378,0.085513666,0.15887108,0.03626231,0.04
1145,-24.416136,0.36890206,1.0300283,0.025002921,0.15412466,0.03103499,0.04
1146,-24.424671,0.3891394,0.7725392,0.03593804,0.15777607,0.033802457,0.04
1147,-24.426556,0.36762667,0.9789487,0.04881925,0.14899428,0.031209042,0.04
1148,-24.421528,0.3815101,1.1072187,0.04845043,0.15748884,0.02979068,0.04
1149,-24.416222,0.37917367,1.2766812,0.032402463,0.15447038,0.0335063,0.04
1150,-24.41887,0.39707804,1.1824232,0.062286153,0.1604529,0.033510868,0.04
1151,-24.438978,0.35854593,0.31869996,0.045291483,0.14451054,0.0342129,0.04
1152,-24.422836,0.38881448,1.144791,0.08834714,0.1564806,0.031050825,0.04
1153,-24.413202,0.38045216,0.8923834,0.060102437,0.15475829,0.032416333,0.04
1154,-24.431288,0.38434556,1.0924631,0.060528275,0.15578063,0.039070595,0.04
1155,-24.418837,0.3800087,1.2222143,0.053117074,0.15169184,0.036177304,0.04
1156,-24.4187,0.3859179,0.67280453,0.06442271,0.15593715,0.052339815,0.04
1157,-24.420565,0.35810232,0.8129802,0.051274832,0.14523429,0.03462003,0.04
1158,-24.437977,0.37979043,0.43102837,0.061250772,0.15424447,0.035336338,0.04
1159,-24.424849,0.36606592,0.87600523,0.06423151,0.14831598,0.033299286,0.04
1160,-24.42568,0.37919194,0.83935845,0.044927333,0.15685667,0.032052685,0.04
1161,-24.411526,0.37202474,1.250522,0.05696565,0.15142517,0.03700319,0.04
1162,-24.419262,0.38196588,1.3716708,0.06684593,0.15516706,0.034970064,0.04
1163,-24.42075,0.37639135,1.0591557,0.075262345,0.1560226,0.033881225,0.04
1164,-24.42176,0.3840851,0.9389802,0.048676163,0.15952046,0.038878527,0.04
1165,-24.436163,0.39178032,0.42245245,0.05932939,0.16054687,0.033520702,0.04
1166,-24.412521,0.37782937,1.2657973,0.06824031,0.15409307,0.035082296,0.04
1167,-24.442266,0.35957152,0.36724138,0.03888506,0.14585175,0.03335913,0.04
1168,-24.420523,0.3991455,0.92871416,0.052792523,0.16330215,0.0357532,0.04
1169,-24.425835,0.36326182,1.0477718,0.059128407,0.14959733,0.034009956,0.04
1170,-24.427948,0.38903832,0.67357713,0.046085205,0.1597515,0.034517,0.04
1171,-24.422863,0.38068104,0.77867395,0.044030454,0.15285341,0.03475027,0.04
1172,-24.41424,0.38399845,0.7512523,0.06305928,0.15584174,0.035206247,0.04
1173,-24.431576,0.38664755,0.42224824,0.0390187,0.1581062,0.034642722,0.04
1174,-24.414528,0.35920945,1.2431027,0.049177483,0.14391316,0.03761177,0.04
1175,-24.426058,0.39947507,0.56676424,0.04557704,0.1615381,0.03709833,0.04
1176,-24.44027,0.379809,0.8507584,0.043427613,0.15354659,0.033633534,0.04
1177,-24.434921,0.37947205,0.5249471,0.04883508,0.1558256,0.026254581,0.04
1178,-24.424177,0.3766026,0.7234237,0.045618113,0.1503268,0.030149287,0.04
1179,-24.41925,0.3762052,0.7654508,0.040315565,0.15312327,0.034501772,0.04
1180,-24.4345,0.37386754,0.3726969,0.042895645,0.15214679,0.035663243,0.04
1181,-24.422266,0.37598145,0.6697718,0.066698134,0.1532677,0.030925082,0.04
1182,-24.422958,0.3731489,0.74145716,0.0707737,0.15131113,0.033150014,0.04
1183,-24.423922,0.36107796,1.0561619,0.049800787,0.14482412,0.033490352,0.04
1184,-24.415148,0.40469587,1.3964046,0.026018262,0.16636634,0.03158011,0.04
1185,-24.427198,0.38172624,1.3534421,0.11676049,0.15464535,0.03691068,0.04
1186,-24.418606,0.36437568,1.2024511,0.07228802,0.14284371,0.042373817,0.04
1187,-24.433079,0.3729019,0.68476665,0.04206975,0.15256207,0.034328375,0.04
1188,-24.420675,0.3742327,0.70744276,0.037057586,0.15235189,0.038552713,0.04
1189,-24.41623,0.3975077,1.0856097,0.04357775,0.16008829,0.0347467,0.04
1190,-24.429083,0.4024037,0.49845743,0.038735364,0.16215959,0.034926854,0.04
1191,-24.424713,0.37798235,0.49284792,0.057811137,0.15331453,0.03501884,0.04
1192,-24.445946,0.38615304,0.35685405,0.05869712,0.15886661,0.03679384,0.04
1193,-24.437447,0.35387546,0.5469535,0.03544288,0.14357458,0.031717766,0.04
1194,-24.44463,0.37308353,0.36578196,0.043486282,0.15060867,0.03434564,0.04
1195,-24.433674,0.36944094,0.5261031,0.050942007,0.15108791,0.03688369,0.04
1196,-24.422417,0.36273834,0.7479269,0.08556626,0.14862655,0.03537457,0.04
1197,-24.42367,0.38500845,1.1501201,0.04160451,0.15468962,0.03651217,0.04
1198,-24.416204,0.40094498,1.3932327,0.046877522,0.16141547,0.03416151,0.04
1199,-24.420874,0.38980544,1.1301486,0.056762364,0.15384363,0.034161303,0.04
1200,-24.429106,0.35310522,0.8709215,0.04996391,0.14423953,0.034313545,0.04
1201,-24.419483,0.36671644,1.1672065,0.06386375,0.14896224,0.035950776,0.04
1202,-24.438639,0.3674717,0.38176173,0.049473017,0.14891255,0.033616517,0.04
1203,-24.41316,0.39508012,1.4598316,0.09751302,0.1610457,0.05602031,0.04
1204,-24.4191,0.38940573,1.0649434,0.07103362,0.15633762,0.03759478,0.04
1205,-24.429636,0.38181806,0.6958277,0.045234125,0.15641902,0.033517208,0.04
1206,-24.435081,0.37479702,0.9139737,0.05148325,0.14978477,0.03518103,0.04
1207,-24.407722,0.37669066,1.2484556,0.029511344,0.14726855,0.032144967,0.04
1208,-24.419205,0.38172802,0.9841698,0.051003046,0.15210512,0.031233571,0.04
1209,-24.427235,0.390208,0.74153316,0.04039109,0.15793113,0.034493227,0.04
1210,-24.413942,0.3910445,0.99389255,0.04238002,0.15739727,0.027503831,0.04
1211,-24.429626,0.3709181,0.8107673,0.029049342,0.14656402,0.033907153,0.04
1212,-24.433292,0.37581187,0.85741216,0.033126596,0.15185422,0.03224057,0.04
1213,-24.431723,0.36754325,0.596737,0.045838982,0.14836435,0.03645492,0.04
1214,-24.431555,0.3632042,0.46457127,0.032976788,0.14513563,0.034407068,0.04
1215,-24.424217,0.37046403,0.6334052,0.031106465,0.14764433,0.030710768,0.04
1216,-24.436438,0.3646141,0.7350777,0.041975968,0.1465974,0.032584965,0.04
1217,-24.413631,0.3826507,1.0541333,0.030669501,0.1527378,0.03170706,0.04
1218,-24.433313,0.37220657,0.5525934,0.041326545,0.14918713,0.032832474,0.04
1219,-24.428972,0.3649067,0.83814114,0.04848211,0.14886214,0.033612445,0.04
1220,-24.415539,0.35374022,1.377291,0.050743677,0.14384551,0.03077375,0.04
1221,-24.42184,0.36553642,1.1818827,0.064512685,0.14764793,0.030552918,0.04
1222,-24.417019,0.37079972,1.1493517,0.05383049,0.15224898,0.034534805,0.04
1223,-24.421778,0.36420682,0.9931971,0.041737683,0.14748314,0.034681316,0.04
1224,-24.427479,0.3538229,0.88480395,0.034332793,0.1438062,0.034283526,0.04
1225,-24.413929,0.394636,1.3094084,0.02710892,0.15840395,0.03281514,0.04
1226,-24.415272,0.37377506,1.4092671,0.04766588,0.15189312,0.033215087,0.04
1227,-24.438677,0.3823319,0.49193418,0.04717193,0.15552577,0.032460175,0.04
1228,-24.429014,0.37155724,0.5074013,0.03603838,0.14897206,0.03339493,0.04
1229,-24.425003,0.36179957,0.8787583,0.058801252,0.14299157,0.03387587,0.04
1230,-24.424925,0.37588903,0.8040107,0.04845469,0.15126298,0.034393627,0.04
1231,-24.421766,0.37676814,0.74952906,0.032881435,0.1495937,0.033183295,0.04
1232,-24.424097,0.3575835,0.79089826,0.031118546,0.14604306,0.032578453,0.04
1233,-24.43347,0.36276963,0.8504492,0.04404001,0.14531747,0.029158337,0.04
1234,-24.417446,0.34716082,1.0401187,0.04455557,0.1418132,0.030665364,0.04
1235,-24.422802,0.3612319,1.144251,0.03800881,0.14686999,0.032376878,0.04
1236,-24.427462,0.37663653,0.77743334,0.037465163,0.15483712,0.032391142,0.04
1237,-24.440035,0.3728219,0.7704579,0.024030764,0.14754006,0.030365663,0.04
1238,-24.430723,0.3565981,0.69171274,0.043038115,0.1448975,0.032018565,0.04
1239,-24.42559,0.36117074,1.0125598,0.05654822,0.14695007,0.033700548,0.04
1240,-24.431797,0.35608482,0.5989949,0.032020837,0.14796232,0.03528152,0.04
1241,-24.422855,0.37224552,0.622047,0.04740718,0.15341271,0.02950041,0.04
1242,-24.426254,0.35419306,1.0653412,0.043315142,0.14353953,0.03566635,0.04
1243,-24.422316,0.34845135,1.1848953,0.056009818,0.1400728,0.031470194,0.04
1244,-24.411848,0.36501178,1.5787446,0.042192753,0.14955905,0.030672245,0.04
1245,-24.410511,0.36975494,1.2485067,0.052669927,0.15100172,0.034320656,0.04
1246,-24.435844,0.3496177,0.5853975,0.059048172,0.14300111,0.03407882,0.04
1247,-24.40961,0.3777622,1.4107227,0.040407937,0.15391976,0.0326189,0.04
1248,-24.426472,0.3478782,1.1353285,0.07184864,0.13921139,0.03316501,0.04
1249,-24.426168,0.3464726,0.69989264,0.03508177,0.1409604,0.033088367,0.04
1250,-24.421,0.34659633,0.8470873,0.036669362,0.14061292,0.034772027,0.04
1251,-24.42016,0.3527092,1.3357091,0.07323034,0.14027725,0.031794634,0.04
1252,-24.428911,0.38046104,0.78190273,0.044209108,0.15428327,0.029744448,0.04
1253,-24.429504,0.36570498,0.5764725,0.05369571,0.14849825,0.032581814,0.04
1254,-24.426563,0.36017153,0.62315685,0.03551897,0.14518744,0.028903835,0.04
1255,-24.410494,0.35527918,1.1477879,0.0437476,0.14145358,0.033304878,0.04
1256,-24.416029,0.35463607,0.9400736,0.042563185,0.14251636,0.029690966,0.04
1257,-24.425922,0.35021472,0.9685045,0.036968984,0.13836232,0.040499613,0.04
1258,-24.444138,0.37032762,0.26776955,0.036314998,0.15024021,0.030745752,0.04
1259,-24.439154,0.35098055,0.43203914,0.05000244,0.14233485,0.03461176,0.04
1260,-24.422668,0.3658673,0.98429006,0.07400154,0.15200222,0.031545922,0.04
1261,-24.410757,0.35715243,1.118215,0.06347199,0.14365274,0.032607812,0.04
1262,-24.429333,0.36153236,0.73930377,0.044216275,0.1473351,0.03195663,0.04
1263,-24.42289,0.35650137,1.0318193,0.06179303,0.14364938,0.03189122,0.04
1264,-24.430616,0.36536688,0.6329824,0.052910008,0.14814702,0.030425733,0.04
1265,-24.441885,0.34430632,0.31462944,0.046796486,0.13882011,0.03328066,0.04
1266,-24.42261,0.3671774,1.1476903,0.032305863,0.14941739,0.029389707,0.04
1267,-24.424084,0.36611563,1.0293256,0.024602577,0.15076596,0.03520388,0.04
1268,-24.429379,0.36247197,0.46451014,0.07019508,0.14801034,0.029489024,0.04
1269,-24.433498,0.35253808,0.7309821,0.03643809,0.14231852,0.03310166,0.04
1270,-24.420956,0.35976717,0.9915409,0.05951495,0.14687417,0.030576743,0.04
1271,-24.437914,0.36334023,0.38233107,0.041713227,0.14495209,0.03540528,0.04
1272,-24.420652,0.34419307,1.1127363,0.049174514,0.14079392,0.035470422,0.04
1273,-24.420237,0.34902266,1.0415933,0.059157923,0.13814992,0.034274943,0.04
1274,-24.422426,0.3667198,0.85826224,0.074694075,0.15193124,0.030877305,0.04
1275,-24.41454,0.36141378,1.0338495,0.085631795,0.14532071,0.033475917,0.04
1276,-24.410152,0.36507994,1.4131186,0.049305566,0.14832033,0.029909054,0.04
1277,-24.415434,0.36574727,1.1386796,0.062337756,0.14507219,0.04683286,0.04
1278,-24.4317,0.37190995,0.85416305,0.033162612,0.15000482,0.03343066,0.04
1279,-24.428764,0.3657544,0.8560237,0.038062833,0.14617272,0.034377187,0.04
1280,-24.418999,0.36104432,1.262408,0.049522493,0.14508133,0.030496212,0.04
1281,-24.437735,0.36595356,0.70953846,0.07463825,0.15110609,0.033108227,0.04
1282,-24.423084,0.34032,0.5919348,0.07002512,0.13247901,0.032963123,0.04
1283,-24.437466,0.35893935,0.44600123,0.046247955,0.14445855,0.03217332,0.04
1284,-24.427265,0.34289566,0.9376372,0.044939537,0.13857485,0.033764753,0.04
1285,-24.420647,0.35304666,0.98122454,0.041847657,0.1453104,0.029549187,0.04
1286,-24.425781,0.35817528,0.6656849,0.041316878,0.14592205,0.02988697,0.04
1287,-24.422848,0.34814334,1.0817946,0.049341056,0.14321315,0.03215271,0.04
1288,-24.426237,0.35504025,0.9382939,0.02506026,0.14441,0.031300876,0.04
1289,-24.430016,0.35807008,0.76801854,0.04953405,0.1474203,0.031084714,0.04
1290,-24.431261,0.3458652,0.5395262,0.048882645,0.14323798,0.03713802,0.04
1291,-24.426723,0.3600197,0.5523623,0.034892857,0.14760903,0.029281475,0.04
1292,-24.427156,0.34998456,0.58122915,0.051047593,0.14026102,0.031117689,0.04
1293,-24.420048,0.353602,0.9513427,0.047234572,0.14311792,0.03392075,0.04
1294,-24.425426,0.3627355,0.9013813,0.055466752,0.14581318,0.03650643,0.04
1295,-24.435223,0.33439025,0.41935194,0.03322691,0.13444705,0.033233985,0.04
1296,-24.417744,0.32996985,1.3944526,0.05456181,0.13516426,0.03631961,0.04
1297,-24.422941,0.36190596,1.2233179,0.06354516,0.1457389,0.035778746,0.04
1298,-24.436407,0.3436132,0.60544163,0.037130605,0.13691096,0.029717676,0.04
1299,-24.438738,0.35750884,0.3796897,0.053992644,0.14566551,0.033879597,0.04
1300,-24.428051,0.34249258,0.9004547,0.035888135,0.13883223,0.03022255,0.04
1301,-24.43119,0.34494078,0.54388416,0.04652476,0.13869488,0.032254416,0.04
1302,-24.418232,0.35436824,1.105913,0.048291378,0.14295985,0.037840314,0.04
1303,-24.435242,0.36315235,0.3691546,0.057024274,0.14401793,0.033868283,0.04
0,-24.435242,0.36315235,0.3691546,0.057024274,0.14401793,0.033868283,0.04
1,-24.429543,0.36461762,0.6418062,0.060124226,0.15061449,0.029950654,0.04
2,-24.431578,0.35080677,0.6156704,0.030225048,0.14245355,0.02959236,0.04
3,-24.438196,0.33816516,0.63265836,0.030246133,0.1359109,0.027659824,0.04
4,-24.40977,0.34234792,1.258109,0.06916359,0.14187503,0.030336432,0.04
5,-24.435171,0.35135332,0.4707636,0.035454895,0.14148818,0.030603234,0.04
6,-24.416594,0.35057625,0.9823977,0.06732357,0.13929155,0.038340155,0.04
7,-24.438446,0.3517126,0.32193413,0.047998678,0.140808,0.03293458,0.04
8,-24.42212,0.3562787,0.9395458,0.02913509,0.14360148,0.033853605,0.04
9,-24.411259,0.33948076,1.1451831,0.051311173,0.1363504,0.032907587,0.04
10,-24.417843,0.34754345,0.9430824,0.047653522,0.13868438,0.03293996,0.04
11,-24.425535,0.35158417,0.63143164,0.054877274,0.1448885,0.029605823,0.04
12,-24.415863,0.3531732,1.4874256,0.052357487,0.1423345,0.034618076,0.04
13,-24.409794,0.33793515,1.335932,0.03395267,0.13409586,0.032827776,0.04
14,-24.428968,0.3460513,0.58827955,0.05559157,0.13941091,0.03311204,0.04
15,-24.42659,0.37371027,0.5930465,0.050292216,0.15169963,0.029722512,0.04
16,-24.433836,0.34819105,0.67085993,0.038545456,0.14112963,0.03063723,0.04
17,-24.440016,0.3580035,0.3238295,0.040947482,0.14318779,0.028241277,0.04
18,-24.429316,0.3351074,0.75561035,0.06572479,0.13506168,0.037662424,0.04
19,-24.42926,0.3241779,0.66944987,0.044028394,0.13141225,0.031688884,0.04
20,-24.433035,0.33780098,0.45112252,0.030486869,0.13608462,0.029579042,0.04
21,-24.4253,0.33078822,1.3482847,0.036122695,0.13531482,0.032332316,0.04
22,-24.427757,0.34550914,0.77958596,0.042031307,0.14016254,0.028804237,0.04
23,-24.418932,0.34229156,0.85350335,0.03316436,0.13806908,0.03353321,0.04
24,-24.417274,0.32983264,1.0597278,0.035139814,0.13192128,0.031424906,0.04
25,-24.427313,0.35508114,0.70990396,0.04159543,0.1453005,0.032528736,0.04
26,-24.433996,0.35567218,0.34325987,0.041984614,0.14161472,0.035768908,0.04
27,-24.417866,0.35514963,1.416813,0.036586724,0.14048027,0.031782385,0.04
28,-24.43763,0.33923388,0.54774505,0.047414713,0.13473314,0.029180877,0.04
29,-24.423206,0.3414699,0.7980981,0.04178524,0.13833107,0.031418916,0.04
30,-24.429546,0.35353586,0.89672446,0.019852713,0.14276691,0.030015275,0.04
31,-24.433657,0.33775222,0.47970203,0.05264381,0.1397149,0.031472057,0.04
32,-24.431038,0.3432957,0.6124566,0.050089207,0.13594227,0.043329194,0.04
33,-24.421335,0.33904126,1.0201882,0.03395033,0.1348746,0.034134578,0.04
34,-24.42435,0.3543697,0.67150164,0.03160117,0.14190792,0.030226558,0.04
35,-24.420115,0.3425018,0.9258414,0.058388323,0.13764691,0.034122314,0.04
36,-24.421888,0.32893825,0.86883795,0.055101544,0.1322955,0.028038727,0.04
37,-24.426464,0.34732446,1.0732453,0.047515742,0.13920596,0.027969906,0.04
38,-24.443121,0.3348096,0.51813215,0.030114414,0.13897553,0.032574303,0.04
39,-24.429014,0.36028782,0.712553,0.035829417,0.1468208,0.03101018,0.04
40,-24.420017,0.3305816,1.0363138,0.07163082,0.13257064,0.034438513,0.04
41,-24.436672,0.33176067,0.5916452,0.037031755,0.13231853,0.033134326,0.04
42,-24.429262,0.3513921,0.6522669,0.05566825,0.14060095,0.028864678,0.04
43,-24.429874,0.35596758,0.6380206,0.048380807,0.13986757,0.04162019,0.04
44,-24.440985,0.32084948,0.26044634,0.02569882,0.1290435,0.030369002,0.04
45,-24.424337,0.3403001,1.1305833,0.047522612,0.13797335,0.028800873,0.04
46,-24.428324,0.3461956,0.540065,0.075030535,0.14053266,0.030360669,0.04
47,-24.434624,0.33055323,0.41698858,0.04067165,0.1322669,0.03202046,0.04
48,-24.427687,0.34300068,0.58453625,0.04869321,0.1385364,0.031256434,0.04
49,-24.41916,0.35133812,1.0645347,0.036607027,0.14331734,0.031956933,0.04
50,-24.42638,0.34416363,0.634559,0.043352902,0.13759522,0.032700703,0.04
51,-24.432554,0.33932307,0.6764268,0.027197724,0.13829088,0.028448382,0.04
52,-24.422472,0.348919,1.1463102,0.09799818,0.14174828,0.040799815,0.04
53,-24.414898,0.34009022,1.1210598,0.042181734,0.13770044,0.029005863,0.04
54,-24.426304,0.33812556,0.81602156,0.039831683,0.13797902,0.030838171,0.04
55,-24.427872,0.33306533,1.0722936,0.058061253,0.13598235,0.029670618,0.04
56,-24.434477,0.32997397,0.2991288,0.076373905,0.13344257,0.03193976,0.04
57,-24.42616,0.32865903,1.0145262,0.04102084,0.13296823,0.03093761,0.04
58,-24.429064,0.34990913,0.8109394,0.043953482,0.14304595,0.028686946,0.04
59,-24.438156,0.36118934,0.32698688,0.05452596,0.14427072,0.028945372,0.04
60,-24.426847,0.36125493,0.7194552,0.046934213,0.14514011,0.029400311,0.04
61,-24.432907,0.3332184,0.47820938,0.05577857,0.13553599,0.02975572,0.04
62,-24.415575,0.33596286,1.1821512,0.05124323,0.13489859,0.028296284,0.04
63,-24.431684,0.33397537,0.4336094,0.028251758,0.13190061,0.027537892,0.04
64,-24.430716,0.3366954,0.48078158,0.06828337,0.13503507,0.0282048,0.04
65,-24.429571,0.34920216,0.5375552,0.03273157,0.14225364,0.058106687,0.04
66,-24.437946,0.3455584,0.32194102,0.06050889,0.14146961,0.034781247,0.04
67,-24.431215,0.35140648,0.4575627,0.04125725,0.14252205,0.026046265,0.04
68,-24.422178,0.34911892,0.8715928,0.050897196,0.14321317,0.030354908,0.04
69,-24.42368,0.32418132,0.94326633,0.06619371,0.13158476,0.029596124,0.04
70,-24.420074,0.34100303,1.1748593,0.04561323,0.14075062,0.030422458,0.04
71,-24.420183,0.3319859,0.8796838,0.042792093,0.13335583,0.028475467,0.04
72,-24.425352,0.34172693,1.0531764,0.04440422,0.14077963,0.027760051,0.04
73,-24.434082,0.33675694,0.649748,0.033424236,0.13520393,0.032229472,0.04
74,-24.423151,0.35082394,1.0646068,0.0286853,0.13952592,0.027501168,0.04
75,-24.42271,0.33070663,1.0923156,0.034431487,0.13265924,0.026798978,0.04
76,-24.42056,0.35198852,0.99208206,0.03219254,0.13985883,0.032227337,0.04
77,-24.419502,0.33988956,1.1446209,0.047965318,0.13482356,0.034145325,0.04
78,-24.427647,0.34781724,0.52904797,0.0320484,0.13834819,0.027122732,0.04
79,-24.423777,0.33907893,0.8973945,0.04198966,0.13699219,0.030524516,0.04
80,-24.433064,0.32835096,0.62617165,0.06365544,0.13466094,0.028713739,0.04
81,-24.43112,0.34789363,0.42712095,0.03339616,0.14146161,0.030067142,0.04
82,-24.4266,0.32948512,0.66381353,0.053998217,0.13421641,0.030806217,0.04
83,-24.43397,0.38930422,0.5847773,0.12643579,0.17342491,0.09613175,0.04
84,-24.430193,0.32713193,0.87811947,0.074037135,0.13213141,0.04569557,0.04
85,-24.424294,0.34795624,0.80313176,0.0598397,0.13759695,0.04326128,0.04
86,-24.436552,0.33874902,0.4242776,0.040126123,0.13516814,0.038810972,0.04
87,-24.42498,0.3335684,0.77884555,0.038064506,0.13598715,0.03386214,0.04
88,-24.42135,0.35312495,0.8727686,0.03735035,0.14001277,0.027921446,0.04
89,-24.420565,0.3377911,1.2084246,0.046701778,0.13532226,0.026146753,0.04
90,-24.423534,0.34732312,0.9382771,0.03908801,0.14019562,0.03139531,0.04
91,-24.432934,0.31974024,0.49071985,0.03534894,0.13135791,0.02650987,0.04
92,-24.424288,0.34137252,0.7336299,0.02875199,0.13564053,0.033968292,0.04
93,-24.432941,0.3284505,0.39760756,0.06939451,0.13464922,0.03161347,0.04
94,-24.437958,0.33322054,0.30849797,0.02958214,0.13319902,0.03023137,0.04
95,-24.430302,0.33700904,0.42782304,0.053627286,0.13749467,0.025848638,0.04
96,-24.41352,0.32864323,1.3075968,0.042561773,0.12982555,0.028554048,0.04
97,-24.411701,0.36445242,1.6162028,0.040936712,0.14372984,0.028281268,0.04
98,-24.438007,0.3324922,0.3688957,0.036246542,0.13391437,0.029223638,0.04
99,-24.431696,0.33194822,0.5646111,0.04779832,0.13513225,0.03362061,0.04
100,-24.430435,0.3248517,0.6460261,0.039922968,0.13279282,0.0277515,0.04
101,-24.423286,0.33482504,0.8324488,0.045833696,0.13180724,0.031263713,0.04
102,-24.427362,0.329008,0.72766304,0.05632453,0.13173147,0.027211169,0.04
103,-24.430714,0.34617868,0.33677083,0.036899265,0.13773406,0.029701998,0.04
104,-24.429491,0.34920573,0.7220018,0.039396763,0.14108427,0.0312978,0.04
105,-24.436146,0.35436007,0.62707365,0.04552694,0.1432516,0.030103916,0.04
106,-24.438457,0.32251146,0.45371822,0.036979344,0.13080975,0.030308101,0.04
107,-24.421656,0.33578545,0.96114767,0.038097527,0.13607724,0.031897802,0.04
108,-24.425026,0.35070986,0.79454696,0.034043383,0.14106062,0.029399384,0.04
109,-24.42893,0.33297834,0.77088624,0.05144931,0.1338229,0.029536668,0.04
110,-24.414293,0.33105636,1.1171926,0.038694356,0.13275021,0.034738675,0.04
111,-24.430399,0.34032902,0.5303048,0.040901266,0.13329868,0.035715517,0.04
112,-24.416431,0.32891434,0.8750079,0.044852793,0.13112283,0.035789564,0.04
113,-24.430235,0.33833778,0.5173222,0.03629812,0.13669719,0.030946387,0.04
114,-24.428717,0.32675254,0.7879116,0.04696796,0.13222697,0.028907932,0.04
115,-24.431908,0.32390967,0.5725856,0.04457473,0.12970364,0.03195325,0.04
116,-24.429346,0.33367896,0.6716057,0.028896963,0.1342232,0.029739391,0.04
117,-24.433887,0.3628265,0.4878583,0.03367681,0.14688978,0.038424782,0.04
118,-24.425219,0.32003984,1.1023598,0.067843154,0.12585466,0.030233318,0.04
119,-24.423506,0.32795927,0.67836785,0.034231972,0.13040254,0.03243444,0.04
120,-24.427149,0.3187093,0.81711966,0.044082135,0.13113329,0.028703764,0.04
121,-24.428335,0.35843557,0.6648212,0.03749835,0.14270797,0.031920563,0.04
122,-24.429897,0.3513502,0.58606505,0.04307528,0.13876621,0.031590953,0.04
123,-24.4229,0.32665595,0.7794408,0.057807837,0.13141838,0.032279376,0.04
124,-24.424238,0.34752786,0.7992832,0.05570362,0.14088336,0.04588174,0.04
125,-24.422035,0.33173072,0.92696637,0.04418911,0.13405003,0.03185328,0.04
126,-24.425116,0.349199,0.64325815,0.02981959,0.14101744,0.029758072,0.04
127,-24.42115,0.32726997,1.0149364,0.042741697,0.13147771,0.028933097,0.04
128,-24.402422,0.34350514,1.8901442,0.04322479,0.1356077,0.03386634,0.04
129,-24.424793,0.33550254,1.0109941,0.035321828,0.13439937,0.028341565,0.04
130,-24.418898,0.37927443,1.2343984,0.07861708,0.15333699,0.046586327,0.04
131,-24.430716,0.33094752,0.48631662,0.04151769,0.13301758,0.033185,0.04
132,-24.4202,0.34511608,0.9760231,0.028935881,0.13573374,0.032784406,0.04
133,-24.426277,0.35914707,0.61351097,0.06749531,0.14497963,0.03207676,0.04
134,-24.437452,0.32820627,0.6052372,0.04841914,0.13137397,0.034722902,0.04
135,-24.423582,0.33794695,1.0318494,0.033584002,0.13283323,0.0300107,0.04
136,-24.432865,0.33068255,0.72298074,0.058275305,0.1335435,0.028340364,0.04
137,-24.427094,0.33510688,0.7220254,0.035650376,0.13810198,0.028123705,0.04
138,-24.42655,0.3464612,0.94582784,0.063971974,0.1369423,0.045080975,0.04
139,-24.423895,0.3425416,0.6725555,0.04469581,0.13866785,0.032222632,0.04
140,-24.42633,0.3420619,0.8080357,0.056147497,0.13416164,0.030135933,0.04
141,-24.429598,0.32713756,0.6447095,0.04318994,0.12976362,0.026145168,0.04
142,-24.431393,0.33629748,0.7860779,0.03799578,0.13743961,0.028826768,0.04
143,-24.428864,0.32882202,0.63246846,0.031378366,0.13168655,0.026370129,0.04
144,-24.418894,0.32786635,1.2460201,0.032286707,0.1310901,0.025611069,0.04
145,-24.425396,0.3309496,0.75807804,0.05149215,0.13006899,0.030068886,0.04
146,-24.426754,0.33772087,0.841692,0.03636639,0.13647398,0.028866418,0.04
147,-24.431248,0.3531594,0.50658405,0.034368187,0.14502001,0.031093247,0.04
148,-24.430382,0.33860394,0.59068483,0.03308477,0.13655558,0.027470196,0.04
149,-24.426624,0.32394832,0.76806766,0.039891984,0.12910187,0.025674466,0.04
150,-24.41675,0.33238783,0.9400188,0.060693074,0.13307485,0.028827328,0.04
151,-24.419817,0.3305733,0.9275755,0.048403803,0.13587312,0.029282676,0.04
152,-24.459871,0.32738164,0.41404253,0.041451864,0.13011625,0.029008081,0.04
153,-24.434597,0.333569,0.7599993,0.051002555,0.12985946,0.029108182,0.04
154,-24.429428,0.341063,0.5166509,0.03009345,0.13488393,0.026957262,0.04
155,-24.434578,0.31891116,0.51727694,0.040114567,0.12804843,0.02517874,0.04
156,-24.445147,0.349587,0.28785753,0.038019795,0.1419483,0.025039295,0.04
157,-24.422714,0.3358052,1.0144912,0.03993613,0.13606724,0.030961383,0.04
158,-24.431307,0.31980082,0.53591937,0.059966464,0.12920439,0.02795281,0.04
159,-24.438835,0.32305396,0.3531794,0.03353636,0.12987298,0.02799427,0.04
160,-24.434376,0.32506868,0.43317157,0.048374463,0.13056372,0.02692791,0.04
161,-24.430927,0.32850337,0.4933824,0.037876174,0.1348045,0.028695296,0.04
162,-24.424242,0.3518687,0.6098948,0.02281982,0.14104636,0.030121917,0.04
163,-24.427483,0.33649638,0.43145186,0.045629524,0.13461053,0.02577741,0.04
164,-24.432468,0.3435859,0.44930384,0.07583763,0.13976583,0.026083158,0.04
165,-24.444584,0.32789522,0.27425689,0.034265976,0.12947758,0.029315948,0.04
166,-24.426285,0.3332428,0.7011432,0.045691933,0.1336618,0.029458854,0.04
167,-24.428883,0.31722134,0.69551766,0.041164316,0.12758458,0.02722939,0.04
168,-24.423153,0.3273163,0.5659764,0.042874634,0.12964638,0.029446993,0.04
169,-24.429718,0.33373448,0.48105124,0.06156426,0.13541266,0.0275151,0.04
170,-24.43609,0.31521028,0.32347438,0.042844463,0.124411955,0.031024022,0.04
171,-24.43094,0.32698482,0.32758048,0.041149516,0.13394389,0.027049543,0.04
172,-24.426266,0.33078328,0.6474396,0.057863828,0.132884,0.025431616,0.04
173,-24.426437,0.34176078,0.6110793,0.032831464,0.13728543,0.029062843,0.04
174,-24.414774,0.3145937,1.0988429,0.03434048,0.1273756,0.02905899,0.04
175,-24.430325,0.33717704,0.45259163,0.038053006,0.1364725,0.028486622,0.04
176,-24.424171,0.32624397,0.9548004,0.028550398,0.13187714,0.027890433,0.04
177,-24.435688,0.32949576,0.27542734,0.039507665,0.13139533,0.031421233,0.04
178,-24.42209,0.3411158,0.81493795,0.054559268,0.1377767,0.029156506,0.04
179,-24.427011,0.32972994,0.6704114,0.03785731,0.13452516,0.029303005,0.04
180,-24.431305,0.3577108,0.4077348,0.04884955,0.14324845,0.029117411,0.04
181,-24.42196,0.32142913,0.76335716,0.046544187,0.1289711,0.025898077,0.04
182,-24.439398,0.32280523,0.28387028,0.041851126,0.12983736,0.026118647,0.04
183,-24.4421,0.31920403,0.39542836,0.04977749,0.12728168,0.026063796,0.04
184,-24.433744,0.3210318,0.35976335,0.05002385,0.12892717,0.0295948,0.04
185,-24.425402,0.33166125,0.792976,0.04740231,0.13010255,0.027451595,0.04
186,-24.435602,0.3223148,0.2507956,0.04285182,0.12781478,0.026399178,0.04
187,-24.432371,0.31235564,0.45241413,0.037388593,0.12707725,0.02974547,0.04
188,-24.431019,0.31922507,0.77337563,0.04023175,0.12928885,0.027233059,0.04
189,-24.430462,0.31616503,0.8054597,0.03118646,0.12657319,0.0309924,0.04
190,-24.41643,0.3263677,1.0708393,0.03451252,0.12809837,0.03051936,0.04
191,-24.431738,0.3219263,0.50871927,0.0533034,0.1279114,0.028896559,0.04
192,-24.424942,0.34055632,0.74913514,0.04665238,0.13760719,0.027371807,0.04
193,-24.438837,0.33330265,0.5693296,0.043977294,0.13285403,0.029401138,0.04
194,-24.43545,0.3368025,0.69443125,0.03074415,0.13697867,0.026720377,0.04
195,-24.41707,0.33648434,1.1278365,0.04669451,0.13700674,0.029407725,0.04
196,-24.422125,0.3136853,0.81433034,0.037104525,0.124620214,0.026102604,0.04
197,-24.43231,0.31068558,0.6303377,0.02712111,0.121897966,0.02458069,0.04
198,-24.431911,0.31587484,0.5953292,0.03438825,0.12770113,0.028630713,0.04
199,-24.41422,0.31331664,1.4680445,0.046780918,0.123913474,0.028930338,0.04
200,-24.424109,0.32532194,0.71630067,0.031793855,0.13213867,0.029847713,0.04
201,-24.423872,0.30458713,0.84807193,0.05908361,0.12116906,0.027548084,0.04
202,-24.431252,0.31395173,0.51384974,0.03276877,0.12669413,0.025035778,0.04
203,-24.431643,0.3302517,0.5552376,0.031664863,0.13593443,0.026911328,0.04
204,-24.422512,0.31737158,0.8019816,0.039039366,0.12948364,0.026943794,0.04
205,-24.428637,0.33867672,0.78122014,0.03264812,0.1370837,0.02475947,0.04
206,-24.429762,0.32635388,0.9015023,0.039257098,0.13061291,0.028620748,0.04
207,-24.42189,0.33904982,0.84495366,0.027902968,0.13752599,0.030374173,0.04
208,-24.425304,0.3200254,1.0005498,0.0345607,0.12723637,0.029524108,0.04
209,-24.422758,0.32214576,0.73407125,0.0395729,0.130961,0.029608205,0.04
210,-24.427181,0.33667234,0.57031554,0.052714508,0.13616036,0.03019116,0.04
211,-24.433796,0.32485163,0.51511806,0.037136532,0.13103874,0.034010336,0.04
212,-24.427567,0.33675066,0.5928517,0.03990298,0.132054,0.0274088,0.04
213,-24.421995,0.32871693,1.1086044,0.04723105,0.13274509,0.02989361,0.04
214,-24.441608,0.33661962,0.24698733,0.035072073,0.14030801,0.028030802,0.04
215,-24.41037,0.3059089,1.2095324,0.036073007,0.11892392,0.033615645,0.04
216,-24.434927,0.31566623,0.6137934,0.03617075,0.1252723,0.029476508,0.04
217,-24.419542,0.33231097,0.84885216,0.043483492,0.13278727,0.028088583,0.04
218,-24.452238,0.31238532,0.25091514,0.037037395,0.12390109,0.026245892,0.04
219,-24.42817,0.3321596,0.6413651,0.036064275,0.1355964,0.029947251,0.04
220,-24.432262,0.3006118,0.45707265,0.04281615,0.12135834,0.030291496,0.04
221,-24.434761,0.32742298,0.48036298,0.050071593,0.13215454,0.02829899,0.04
222,-24.416815,0.32312393,1.0187495,0.06418788,0.13205157,0.026941964,0.04
223,-24.418364,0.31825045,1.0932465,0.026442382,0.1267638,0.026965588,0.04
224,-24.422256,0.3112742,1.0577656,0.04624365,0.1254603,0.028113747,0.04
225,-24.417616,0.32576218,1.0300784,0.04266276,0.13010329,0.033654276,0.04
226,-24.432188,0.32025707,0.6619531,0.02998162,0.12672728,0.030311082,0.04
227,-24.4299,0.33952737,0.510341,0.12248344,0.13800777,0.07483424,0.04
228,-24.431204,0.33830807,0.65351367,0.055616327,0.13726886,0.03952912,0.04
229,-24.420343,0.31761506,1.1675061,0.07976455,0.12581545,0.032534838,0.04
230,-24.437109,0.3339617,0.3904014,0.04279129,0.13241315,0.03364672,0.04
231,-24.431896,0.3227365,0.7065935,0.055492755,0.12875926,0.027227737,0.04
232,-24.426281,0.32613406,0.7046284,0.022760693,0.13290086,0.028184917,0.04
233,-24.423649,0.3202898,0.8797117,0.022411946,0.12859719,0.028960675,0.04
234,-24.447292,0.31725925,0.25621858,0.045560427,0.1265875,0.031462755,0.04
235,-24.43257,0.30914655,0.38199452,0.05109499,0.12564714,0.028203525,0.04
236,-24.43257,0.3014886,0.5305278,0.036791664,0.1210618,0.027064022,0.04
237,-24.441916,0.3211448,0.29816404,0.03616392,0.1293713,0.0311001,0.04
238,-24.430065,0.33563173,0.6595562,0.04363569,0.136139,0.028168248,0.04
239,-24.441305,0.30567768,0.45212656,0.029562019,0.12050733,0.030430185,0.04
240,-24.44116,0.3292476,0.3230073,0.03114522,0.1316998,0.028854398,0.04
241,-24.42857,0.31407276,0.4342319,0.05241882,0.12768385,0.027687509,0.04
242,-24.423813,0.322058,0.90303516,0.044507395,0.12620704,0.026848838,0.04
243,-24.422838,0.31195775,0.9273409,0.04368435,0.12531222,0.02871922,0.04
244,-24.441883,0.3302564,0.29807115,0.039988313,0.13571833,0.02799937,0.04
245,-24.431242,0.30507067,0.47039506,0.04742186,0.123172924,0.025805231,0.04
246,-24.424992,0.3399084,0.84250975,0.03157173,0.1368871,0.025848448,0.04
247,-24.4176,0.29650655,0.9165613,0.042166214,0.11880302,0.027146643,0.04
248,-24.434816,0.33275166,0.5548076,0.05130834,0.13297117,0.027615672,0.04
249,-24.425932,0.33020017,0.7637435,0.03131502,0.13552807,0.026846668,0.04
250,-24.42118,0.32909623,1.3685191,0.03313691,0.12960355,0.028996762,0.04
251,-24.420536,0.3199498,1.0000042,0.052204434,0.124544464,0.025486674,0.04
252,-24.415085,0.31173798,0.99310344,0.029228449,0.124838576,0.030194964,0.04
253,-24.438803,0.31563392,0.28527796,0.04622451,0.12889507,0.026210947,0.04
254,-24.425682,0.3202843,0.69052374,0.06534809,0.12638877,0.029548196,0.04
255,-24.416946,0.2958623,1.1148306,0.048420936,0.11743393,0.025241105,0.04
256,-24.423664,0.33455476,0.9779829,0.02696201,0.13096286,0.026474489,0.04
257,-24.4327,0.31507054,0.45096958,0.045386445,0.12751105,0.026135849,0.04
258,-24.430967,0.32403183,0.58153945,0.034463245,0.12949823,0.027315294,0.04
259,-24.432428,0.30880123,0.80736345,0.041802887,0.12381523,0.026985113,0.04
260,-24.43842,0.32826072,0.5009237,0.062176503,0.13338776,0.036008585,0.04
261,-24.431654,0.34851372,0.566425,0.04874063,0.1385262,0.030119602,0.04
262,-24.417341,0.31405008,1.4510922,0.04544323,0.12535407,0.025471583,0.04
263,-24.433332,0.30280554,0.5674322,0.049816113,0.12041784,0.025955249,0.04
264,-24.430511,0.3128294,0.59795725,0.040191833,0.12617148,0.030196222,0.04
265,-24.434052,0.29679254,0.73625684,0.05591354,0.118335515,0.029382236,0.04
266,-24.423307,0.32095712,0.69098115,0.053226784,0.12902476,0.026816903,0.04
267,-24.421316,0.31698355,0.93866485,0.036781006,0.1275356,0.029141054,0.04
268,-24.426744,0.31390068,0.6514749,0.024214773,0.12799907,0.026227828,0.04
269,-24.427372,0.31076172,0.758176,0.039141815,0.12394615,0.027399069,0.04
270,-24.424519,0.32963607,0.6579067,0.044385184,0.1322299,0.023470353,0.04
271,-24.422216,0.3171427,1.0845833,0.045487754,0.12678957,0.030667374,0.04
272,-24.426773,0.3135404,0.74909186,0.025740169,0.12419329,0.025504187,0.04
273,-24.44015,0.3125452,0.47098207,0.041248713,0.12673113,0.025916224,0.04
274,-24.427454,0.3259027,0.6798385,0.027675819,0.13095999,0.024947518,0.04
275,-24.429344,0.33045095,0.68505013,0.044692807,0.13153604,0.026851667,0.04
276,-24.437534,0.32864988,0.52571684,0.03201507,0.13362947,0.02392564,0.04
277,-24.413546,0.31685755,1.3854567,0.03277294,0.1265775,0.033855252,0.04
278,-24.430473,0.31761926,0.6737345,0.04810868,0.12804872,0.026806258,0.04
279,-24.420036,0.33655557,0.7585815,0.05174349,0.133483,0.029851701,0.04
280,-24.438,0.33139578,0.37099358,0.044335704,0.13336925,0.029947257,0.04
281,-24.428156,0.30845907,0.66091484,0.043896325,0.121678196,0.035566203,0.04
282,-24.430025,0.30365565,0.4537946,0.050581004,0.123468384,0.029233918,0.04
283,-24.410336,0.28691968,1.5197968,0.029478358,0.11185534,0.028907673,0.04
284,-24.432077,0.3054966,0.6296322,0.06697361,0.123500325,0.028965509,0.04
285,-24.426102,0.32513425,0.61311835,0.043180533,0.1325717,0.026666345,0.04
286,-24.43866,0.31302285,0.40196764,0.027691772,0.12413601,0.028599437,0.04
287,-24.417171,0.3210482,1.2105061,0.027462186,0.12651138,0.026913507,0.04
288,-24.42659,0.29948857,0.67473155,0.0206823,0.12031906,0.025917107,0.04
289,-24.422062,0.31126577,1.0356479,0.044218253,0.12428267,0.026737373,0.04
290,-24.430168,0.3172484,1.0757315,0.03374163,0.12576242,0.027040297,0.04
291,-24.422367,0.3241758,1.0000436,0.051523086,0.13195322,0.028445428,0.04
292,-24.42791,0.31144753,0.8792263,0.052635234,0.12577102,0.029322224,0.04
293,-24.421978,0.3060065,0.75464517,0.03808112,0.12168205,0.024709191,0.04
294,-24.425957,0.31990173,0.6516353,0.041879628,0.12998529,0.028750755,0.04
295,-24.428772,0.31864494,0.681946,0.032199576,0.12807745,0.0268492,0.04
296,-24.425455,0.31428614,1.0060687,0.039215375,0.12615973,0.030225813,0.04
297,-24.426188,0.32407114,0.7084374,0.026049983,0.13005786,0.024641316,0.04
298,-24.431868,0.31648058,0.49558964,0.018714823,0.12715995,0.027601667,0.04
299,-24.43271,0.3261782,0.40880197,0.05222724,0.13235237,0.02869822,0.04
300,-24.439356,0.3279776,0.3197658,0.03939857,0.13264892,0.027852658,0.04
301,-24.428219,0.31349814,0.6734912,0.04649616,0.12460125,0.029814605,0.04
302,-24.434425,0.31642646,0.5471318,0.022463664,0.12657043,0.025874104,0.04
303,-24.430712,0.32564837,0.60373014,0.036099054,0.13006301,0.028586175,0.04
304,-24.431795,0.31941137,0.40467116,0.040346958,0.12766753,0.02600651,0.04
305,-24.431702,0.31491655,0.6261071,0.05545047,0.12768883,0.026682604,0.04
306,-24.418427,0.31316736,1.0481123,0.040809166,0.12666152,0.026837181,0.04
307,-24.432924,0.32902157,0.38734677,0.048674684,0.13110465,0.027234323,0.04
308,-24.43296,0.30381772,0.53237927,0.036199767,0.11952747,0.02699417,0.04
309,-24.418549,0.30604556,1.0505866,0.05644925,0.12136686,0.028026458,0.04
310,-24.42223,0.31582263,0.9640112,0.029245816,0.12552284,0.027110545,0.04
311,-24.42697,0.30488774,0.9013247,0.030001337,0.12449591,0.026771147,0.04
312,-24.424324,0.30149972,0.93425435,0.045758333,0.121570036,0.02476676,0.04
313,-24.428495,0.31051746,0.82724094,0.030293938,0.12595151,0.026214706,0.04
314,-24.443142,0.33216584,0.2542565,0.04367929,0.13530056,0.034587722,0.04
315,-24.439152,0.32651952,0.3425732,0.062310938,0.1337771,0.028646639,0.04
316,-24.432938,0.30864954,0.31759015,0.02531518,0.12301382,0.026170071,0.04
317,-24.42673,0.3090841,0.5527323,0.042036474,0.12483145,0.026727846,0.04
318,-24.419044,0.31174633,0.81402004,0.03764428,0.12335002,0.026981555,0.04
319,-24.421442,0.31382313,0.95878714,0.04434257,0.124886245,0.026951585,0.04
320,-24.43589,0.3061336,0.26477414,0.03829044,0.121894486,0.028066907,0.04
321,-24.431671,0.30049118,0.32249174,0.027902033,0.11909047,0.026283108,0.04
322,-24.433058,0.31748483,0.44325945,0.030078143,0.1285845,0.027228903,0.04
323,-24.434782,0.30861652,0.53126454,0.054747295,0.12441659,0.027728917,0.04
324,-24.425476,0.3187085,0.8389777,0.038861707,0.12777276,0.025612645,0.04
325,-24.422016,0.32480332,1.1936483,0.028911762,0.1318816,0.025566738,0.04
326,-24.420439,0.3110789,0.89236534,0.04329572,0.124956176,0.024570286,0.04
327,-24.42863,0.31632143,0.43381318,0.033878,0.12692723,0.028188791,0.04
328,-24.430414,0.30382735,0.36363357,0.05291076,0.12158232,0.026115224,0.04
329,-24.436504,0.3092644,0.5528133,0.04558435,0.12672558,0.025107972,0.04
330,-24.438643,0.29008728,0.3716481,0.03066049,0.1156782,0.025818484,0.04
331,-24.41843,0.31779957,0.935447,0.02071387,0.12821306,0.02803086,0.04
332,-24.429749,0.30405003,0.74994195,0.03510941,0.12028928,0.024874581,0.04
333,-24.416292,0.3098927,1.1241089,0.037935384,0.12543082,0.025859695,0.04
334,-24.429754,0.3078985,0.6312691,0.036087193,0.12168639,0.023120511,0.04
335,-24.43547,0.32852134,0.3916974,0.049030513,0.13348469,0.0266934,0.04
336,-24.424065,0.3316911,0.9340173,0.035887662,0.13378201,0.029576415,0.04
337,-24.431082,0.31529018,0.581575,0.031128235,0.12529111,0.028121587,0.04
338,-24.429974,0.31520304,0.5106615,0.04869855,0.12494842,0.02658849,0.04
339,-24.427843,0.32153407,0.7603682,0.025188105,0.12844966,0.026462382,0.04
340,-24.427876,0.298024,0.5709059,0.02658842,0.12233718,0.024591789,0.04
341,-24.426598,0.32116377,0.9207591,0.017120803,0.13039087,0.02405533,0.04
342,-24.438818,0.31099534,0.53453624,0.03777446,0.12609681,0.024635637,0.04
343,-24.429926,0.2970906,0.56339765,0.054991174,0.11924734,0.027385581,0.04
344,-24.432798,0.31168905,0.80365956,0.038327374,0.12595741,0.024983786,0.04
345,-24.416332,0.31905875,1.0548307,0.039655417,0.12722239,0.028509937,0.04
346,-24.432571,0.30977932,0.3188819,0.04976948,0.1257577,0.028037384,0.04
347,-24.430586,0.3013906,0.5578391,0.04596895,0.1238687,0.02490714,0.04
348,-24.43686,0.3037333,0.39851356,0.027838489,0.124863245,0.026000112,0.04
349,-24.42939,0.307081,0.7877416,0.04128315,0.12480018,0.02666653,0.04
350,-24.434723,0.29967707,0.6475246,0.024611395,0.119817115,0.024999628,0.04
351,-24.420504,0.3198624,0.7764877,0.065540746,0.12955162,0.026356047,0.04
352,-24.420229,0.31289873,0.9814322,0.041986514,0.12733531,0.024344685,0.04
353,-24.422148,0.30384687,1.0255222,0.028399559,0.11994625,0.027054837,0.04
354,-24.435894,0.30757052,0.2792307,0.035660304,0.1251945,0.024922552,0.04
355,-24.423452,0.30732867,0.9044339,0.0511966,0.1232789,0.026237752,0.04
356,-24.423367,0.29899743,0.8549319,0.039298616,0.123766825,0.028385922,0.04
357,-24.432312,0.30369556,0.65027326,0.0450363,0.122105606,0.025842398,0.04
358,-24.424864,0.30361098,0.58710295,0.05449744,0.12109207,0.026740534,0.04
359,-24.429054,0.31757146,0.8265282,0.023954224,0.12592554,0.026210517,0.04
360,-24.440144,0.30018017,0.33657682,0.036449134,0.119409084,0.023360888,0.04
361,-24.426468,0.31253806,0.71775156,0.027718887,0.124979965,0.03078428,0.04
362,-24.42577,0.30679202,0.5943659,0.028604075,0.12591507,0.028252093,0.04
363,-24.434566,0.31522492,0.591025,0.04359203,0.12865023,0.028204637,0.04
364,-24.428558,0.30788276,0.643637,0.025353175,0.12530111,0.02423824,0.04
365,-24.42265,0.32438964,0.667545,0.05257303,0.1326178,0.031379025,0.04
366,-24.436329,0.30712667,0.3210724,0.035530582,0.12266015,0.025015574,0.04
367,-24.430712,0.2969764,0.53518444,0.037826765,0.116983205,0.028386872,0.04
368,-24.423203,0.3142005,0.8269326,0.044160124,0.12629236,0.023259545,0.04
369,-24.433453,0.31026223,0.55443275,0.029764712,0.12553717,0.028892316,0.04
370,-24.4188,0.29810002,0.75541574,0.037119947,0.12036284,0.023554306,0.04
371,-24.442963,0.3001813,0.32154515,0.028985998,0.12324381,0.024710912,0.04
372,-24.424622,0.30310807,0.54655665,0.04489157,0.120589204,0.025840927,0.04
373,-24.42202,0.3239544,0.5757552,0.0338913,0.13432567,0.027139962,0.04
374,-24.43075,0.33645457,0.4270108,0.04079102,0.1358153,0.025536524,0.04
375,-24.425678,0.31646922,0.78858334,0.034541253,0.123296484,0.0250056,0.04
376,-24.43542,0.31328556,0.5549339,0.025003202,0.1272611,0.02503284,0.04
377,-24.437317,0.30743617,0.3451206,0.0304263,0.12154623,0.029263597,0.04
378,-24.43466,0.30621743,0.44227552,0.051649645,0.1222547,0.029779246,0.04
379,-24.424145,0.33431238,0.84869194,0.027193626,0.13485925,0.028527992,0.04
380,-24.420382,0.32501864,0.82889754,0.025139414,0.12864822,0.027640387,0.04
381,-24.415764,0.30090332,1.1133916,0.040931605,0.12267178,0.027083088,0.04
382,-24.438807,0.32193452,0.3337323,0.040053345,0.12846072,0.022486586,0.04
383,-24.430069,0.3164544,0.77292717,0.029555608,0.12498121,0.024604931,0.04
384,-24.43683,0.31188017,0.41727397,0.05413312,0.12656313,0.025339494,0.04
385,-24.435648,0.3076193,0.73353785,0.039943147,0.12609462,0.027440965,0.04
386,-24.422995,0.32868463,1.0852021,0.02704518,0.13347398,0.023197114,0.04
387,-24.432375,0.3271241,0.6640364,0.04990814,0.13300383,0.026845776,0.04
388,-24.436975,0.32379162,0.4285267,0.035028663,0.12893592,0.02561569,0.04
389,-24.434086,0.3223533,0.50405914,0.034841124,0.12872937,0.027684558,0.04
390,-24.430618,0.31446892,0.74751145,0.026133865,0.12464554,0.023251107,0.04
391,-24.423727,0.3123652,0.65208215,0.04760643,0.12654398,0.024918908,0.04
392,-24.420225,0.31192386,0.9473903,0.020617355,0.1269189,0.025952207,0.04
393,-24.436195,0.30036187,0.4610386,0.041404985,0.11997452,0.02462137,0.04
394,-24.435364,0.30131295,0.36668825,0.030826584,0.11909561,0.024431234,0.04
395,-24.436829,0.2951208,0.3727775,0.040099695,0.117405996,0.026235817,0.04
396,-24.433456,0.32344455,0.5165693,0.030441036,0.13044222,0.026037877,0.04
397,-24.425909,0.316179,0.91445506,0.026040379,0.12606761,0.024642719,0.04
398,-24.417883,0.3093856,0.82497865,0.06698752,0.1243845,0.041934095,0.04
399,-24.430378,0.3219929,0.48768097,0.03783739,0.12795821,0.028923968,0.04
400,-24.431282,0.3114053,0.45319852,0.06760586,0.1254304,0.046164904,0.04
401,-24.427275,0.2973603,0.5237961,0.04502517,0.11954344,0.0342424,0.04
402,-24.42408,0.30435297,0.70745885,0.025247466,0.12454134,0.03295301,0.04
403,-24.432953,0.30120948,0.39190418,0.03744174,0.12210633,0.028109025,0.04
404,-24.432617,0.29449233,0.5299849,0.046731044,0.11506133,0.028639222,0.04
405,-24.41784,0.31002143,1.2143568,0.03605684,0.12450821,0.026660422,0.04
406,-24.419994,0.310831,0.8156692,0.040894613,0.12284102,0.022733895,0.04
407,-24.44181,0.30123952,0.33489975,0.043801565,0.12025123,0.02435665,0.04
408,-24.43681,0.30922312,0.54696786,0.040140864,0.12611492,0.030755179,0.04
409,-24.433496,0.2979415,0.32805434,0.043079246,0.119527385,0.028017512,0.04
410,-24.424595,0.31597802,0.7794711,0.032184638,0.12880969,0.02667938,0.04
411,-24.42766,0.2972691,0.8395426,0.03393715,0.1188354,0.026540237,0.04
412,-24.429102,0.3043309,0.5010507,0.048515968,0.121771775,0.024756957,0.04
413,-24.421864,0.30872566,1.1384263,0.042880412,0.12266384,0.027346894,0.04
414,-24.432507,0.30007586,0.45291507,0.07419218,0.12051345,0.026559636,0.04
415,-24.431623,0.31625608,0.54782355,0.037025467,0.1254325,0.02292009,0.04
416,-24.436016,0.29894826,0.48080906,0.035892073,0.11830194,0.024939995,0.04
417,-24.440142,0.30832228,0.3242205,0.037261732,0.12518914,0.024831474,0.04
418,-24.432625,0.2941977,0.4320142,0.049285818,0.11635495,0.027896352,0.04
419,-24.44195,0.29566902,0.31688315,0.041188996,0.11843023,0.023593837,0.04
420,-24.432861,0.33048642,0.40789047,0.031132836,0.13372773,0.025459172,0.04
421,-24.43408,0.29807794,0.48191005,0.036280483,0.11967556,0.02539955,0.04
422,-24.430595,0.29634205,0.49179915,0.02885616,0.12033525,0.024881253,0.04
423,-24.438377,0.3015118,0.24928275,0.024460034,0.12072913,0.026254058,0.04
424,-24.4315,0.3262816,0.5525017,0.03720206,0.12643844,0.03011251,0.04
425,-24.439312,0.29937413,0.44269714,0.03274014,0.12380938,0.026084768,0.04
426,-24.431328,0.2962773,0.611779,0.03116507,0.11831427,0.025812868,0.04
427,-24.430805,0.30814508,0.78567016,0.038009606,0.12142904,0.026032036,0.04
428,-24.440704,0.3143791,0.47915158,0.045458257,0.12504618,0.03586131,0.04
429,-24.422676,0.29645652,0.9410652,0.029234845,0.12142831,0.025163295,0.04
430,-24.433266,0.30750442,0.35663247,0.025828682,0.12446647,0.025756337,0.04
431,-24.425066,0.3240007,0.6604363,0.05137817,0.12998955,0.022747865,0.04
432,-24.41981,0.31099257,0.944032,0.03509439,0.123396315,0.024362069,0.04
433,-24.427235,0.3220471,0.4927923,0.04919497,0.12855163,0.024298202,0.04
434,-24.430302,0.29954463,0.57383657,0.032917783,0.1207466,0.025059631,0.04
435,-24.430792,0.32303238,0.8040806,0.057123832,0.12974848,0.024741087,0.04
436,-24.437376,0.29700693,0.43497732,0.043215934,0.1177962,0.025483623,0.04
437,-24.441265,0.3000521,0.35789335,0.029931018,0.12082259,0.023645673,0.04
438,-24.428793,0.2940238,0.79911053,0.049308494,0.11636209,0.025368737,0.04
439,-24.413298,0.30211756,1.2268336,0.035798755,0.12249517,0.027402593,0.04
440,-24.432985,0.29036003,0.44681522,0.019700771,0.11566408,0.026086576,0.04
441,-24.42,0.30905902,0.89663416,0.047219988,0.12515025,0.021957055,0.04
442,-24.443743,0.29476097,0.20897047,0.025226606,0.119292215,0.023906963,0.04
443,-24.417524,0.28769937,1.0308605,0.03393087,0.11360975,0.025465338,0.04
444,-24.423246,0.2859756,0.8813583,0.06142935,0.11476006,0.025144318,0.04
445,-24.4176,0.30146867,0.9796122,0.029810691,0.11777438,0.025775358,0.04
446,-24.423542,0.29316235,0.9017762,0.0370033,0.11726222,0.026328564,0.04
447,-24.44066,0.29965174,0.30447203,0.040253807,0.11927904,0.022908283,0.04
448,-24.422096,0.31866068,1.0567335,0.024675438,0.1265945,0.024806637,0.04
449,-24.419804,0.30940795,0.6491571,0.0559162,0.123647004,0.022467855,0.04
450,-24.428658,0.30771616,0.56732184,0.04780627,0.12214628,0.027105788,0.04
451,-24.424902,0.29876506,0.9129272,0.042492658,0.11885313,0.024412287,0.04
452,-24.428137,0.34482488,0.7786617,0.035748027,0.13620289,0.02989388,0.04
453,-24.430582,0.29039845,0.71994746,0.030012589,0.11701392,0.024406675,0.04
454,-24.407684,0.31176522,1.4150896,0.048890363,0.121964686,0.024570618,0.04
455,-24.430481,0.2991657,0.32705894,0.02168718,0.11971477,0.024405453,0.04
456,-24.43234,0.29698607,0.7376614,0.0445339,0.11805853,0.025058487,0.04
457,-24.433426,0.30583766,0.41712898,0.027408011,0.12413521,0.02625712,0.04
458,-24.437063,0.29042253,0.60230994,0.03157966,0.11503408,0.026462317,0.04
459,-24.43552,0.3133868,0.68634814,0.040049713,0.1268262,0.024101818,0.04
460,-24.419981,0.3068322,0.81012106,0.038142756,0.12597385,0.025483547,0.04
461,-24.41984,0.30680463,0.7621192,0.025931604,0.124419525,0.02540883,0.04
462,-24.41085,0.30345625,1.2839075,0.028645042,0.12139532,0.024166727,0.04
463,-24.437141,0.3003768,0.39442176,0.03754714,0.12006403,0.023035765,0.04
464,-24.428709,0.28974965,0.5997283,0.038129777,0.11479241,0.02594594,0.04
465,-24.436964,0.30041277,0.41832262,0.045108907,0.11956643,0.027475016,0.04
466,-24.439661,0.30810943,0.38059554,0.019011226,0.1258378,0.024039906,0.04
467,-24.433352,0.30339646,0.42774338,0.036721863,0.12019211,0.029661933,0.04
468,-24.43771,0.3020082,0.47156838,0.043200098,0.119426146,0.025357889,0.04
469,-24.429907,0.28036043,0.77429736,0.046858374,0.107853696,0.025740009,0.04
470,-24.429161,0.2914227,0.5833906,0.026498757,0.11707355,0.023193283,0.04
471,-24.429413,0.2928644,0.6619114,0.032776978,0.11882006,0.026715005,0.04
472,-24.425987,0.29134986,0.6014264,0.032142457,0.11450993,0.023516757,0.04
473,-24.421202,0.28547812,1.0751563,0.021615501,0.115580365,0.024695633,0.04
474,-24.423382,0.30180192,0.80233145,0.037069365,0.1200785,0.025258861,0.04
475,-24.42743,0.3013241,0.72751474,0.026369285,0.12000601,0.028023051,0.04
476,-24.437937,0.28792304,0.5575942,0.041757148,0.115268745,0.025934672,0.04
477,-24.440546,0.31528547,0.27515563,0.035608474,0.12672548,0.026379025,0.04
478,-24.423803,0.31332964,0.6846262,0.04631176,0.12476171,0.02827092,0.04
479,-24.438145,0.3099071,0.47779468,0.038016483,0.12509152,0.026082614,0.04
480,-24.436665,0.30490917,0.51358104,0.029299906,0.12318542,0.02771971,0.04
481,-24.432972,0.30049625,0.43792596,0.041875932,0.12043763,0.02298853,0.04
482,-24.41996,0.31157675,0.92332196,0.032335695,0.12499397,0.025918841,0.04
483,-24.427708,0.30110046,0.9601082,0.0384881,0.12088717,0.029378813,0.04
484,-24.41732,0.29331154,0.7508668,0.0382212,0.11438536,0.025691789,0.04
485,-24.435057,0.31904402,0.3899259,0.034772903,0.12851639,0.025800683,0.04
486,-24.424692,0.28268954,1.1738006,0.027315162,0.11319788,0.026672468,0.04
487,-24.440773,0.29673085,0.412337,0.03881839,0.11789337,0.024691317,0.04
488,-24.421883,0.29790118,0.6481313,0.022432847,0.120731086,0.02396833,0.04
489,-24.422726,0.29568753,0.8839861,0.047052074,0.118869945,0.023292108,0.04
490,-24.426382,0.30349082,0.62740064,0.03249842,0.12247652,0.023421654,0.04
491,-24.44329,0.30271146,0.26107907,0.09996997,0.12551473,0.050994664,0.04
492,-24.424883,0.28571263,0.99936175,0.041841324,0.11548273,0.028792981,0.04
493,-24.432594,0.2984016,0.43597844,0.067498945,0.11856748,0.027056577,0.04
494,-24.431355,0.30297887,0.6668186,0.039754007,0.11915728,0.027322087,0.04
495,-24.44027,0.30443618,0.43409196,0.041179325,0.119594604,0.025397312,0.04
496,-24.425095,0.30357176,0.6684066,0.022135317,0.12339712,0.021417825,0.04
497,-24.42446,0.29289517,0.69111747,0.037585527,0.118567675,0.02413907,0.04
498,-24.424376,0.30701303,0.9740764,0.046225253,0.12387633,0.031874467,0.04
499,-24.420992,0.29391643,0.6996416,0.039990775,0.11750427,0.028241614,0.04
500,-24.423954,0.29747024,0.74298656,0.034922983,0.11928815,0.024904286,0.04
501,-24.429392,0.29705155,0.42041704,0.041853845,0.116761684,0.023723383,0.04
502,-24.430351,0.30872834,0.7213711,0.0342729,0.12540494,0.024406672,0.04
503,-24.442163,0.2966317,0.43073413,0.017597267,0.11671595,0.026076414,0.04
504,-24.427683,0.3058892,0.5623512,0.047443774,0.12278567,0.021796543,0.04
505,-24.428024,0.2950752,0.4867362,0.052767783,0.118238404,0.023084583,0.04
506,-24.437325,0.3038582,0.6534567,0.04635756,0.12142362,0.02248144,0.04
507,-24.422289,0.28110197,1.0143241,0.052634906,0.11348337,0.024917085,0.04
508,-24.432114,0.31393462,0.36584547,0.028392147,0.12753902,0.023174679,0.04
509,-24.424074,0.32324708,0.70447665,0.026744219,0.12972464,0.025584742,0.04
510,-24.419619,0.3032656,0.9677286,0.047724057,0.11865043,0.029506562,0.04
511,-24.429472,0.3057127,0.5288863,0.04332497,0.123754844,0.023194753,0.04
512,-24.424196,0.29377428,0.9229364,0.016837189,0.11803638,0.024432652,0.04
513,-24.431026,0.291389,0.35824123,0.04289148,0.11698919,0.0261558,0.04
514,-24.427324,0.30247277,0.69811594,0.04547605,0.121214986,0.024676142,0.04
515,-24.428621,0.29112855,0.5905922,0.033078104,0.11841625,0.021703875,0.04
516,-24.43425,0.29206902,0.4380707,0.03620467,0.115893915,0.023947604,0.04
517,-24.444538,0.2938693,0.2638961,0.03206321,0.11658496,0.024399,0.04
518,-24.441633,0.28846332,0.26138002,0.02191829,0.11496619,0.02153794,0.04
519,-24.420141,0.29909042,1.1197444,0.029681226,0.121587135,0.02500534,0.04
520,-24.430262,0.2828426,0.5219484,0.032357343,0.11359269,0.02209219,0.04
521,-24.427992,0.29178005,0.56632584,0.037590936,0.11554933,0.021463932,0.04
522,-24.432022,0.30222306,0.6624279,0.04847776,0.12066073,0.021399848,0.04
523,-24.438524,0.2899937,0.3797781,0.03452621,0.114777826,0.035181336,0.04
524,-24.425442,0.30480793,0.8502552,0.027031984,0.12013987,0.024013676,0.04
525,-24.427277,0.29767844,0.8437341,0.040563606,0.118221775,0.026417255,0.04
526,-24.426365,0.2916646,0.7331945,0.034220226,0.11700626,0.025117783,0.04
527,-24.423244,0.31903052,0.90420747,0.043696903,0.1298611,0.026047667,0.04
528,-24.417683,0.28816935,0.876231,0.029876752,0.11285304,0.023549905,0.04
529,-24.42802,0.30275854,0.7935163,0.049579255,0.12373816,0.02734352,0.04
530,-24.423582,0.302495,0.6853469,0.028437922,0.11991642,0.021441974,0.04
531,-24.426485,0.30160284,0.75030226,0.046760637,0.12230204,0.024623439,0.04
532,-24.41698,0.3015628,0.8617904,0.0465071,0.11869967,0.026259275,0.04
533,-24.415258,0.31337413,1.0146493,0.043024473,0.12600216,0.040060755,0.04
534,-24.433,0.3001102,0.3902183,0.08902021,0.12151014,0.080125995,0.04
535,-24.418278,0.30531946,1.0601697,0.07091687,0.12233504,0.0401401,0.04
536,-24.418571,0.31002584,1.0343329,0.06554777,0.12409801,0.030606959,0.04
537,-24.43161,0.28491658,0.68080074,0.038612384,0.11278976,0.028001942,0.04
538,-24.438145,0.27846342,0.5142483,0.035451893,0.109901324,0.023479495,0.04
539,-24.426882,0.27320206,0.7223657,0.026502546,0.11033292,0.027971512,0.04
540,-24.416016,0.3055725,0.9624516,0.038456358,0.121612564,0.025761196,0.04
541,-24.419373,0.30775917,1.0572326,0.030853821,0.12359363,0.026283804,0.04
542,-24.421566,0.29442528,0.93355834,0.027227534,0.11789431,0.024149483,0.04
543,-24.424313,0.29746294,0.8114147,0.05482044,0.11739486,0.037544224,0.04
544,-24.434,0.29663908,0.6379682,0.027452556,0.118681945,0.026916709,0.04
545,-24.419125,0.29918817,0.7359379,0.041972715,0.11891671,0.026594182,0.04
546,-24.423578,0.29306287,1.0093799,0.023238825,0.1177182,0.02416684,0.04
547,-24.428877,0.288715,0.4230975,0.032089718,0.11645956,0.024802186,0.04
548,-24.427668,0.29565486,0.508233,0.033772066,0.11884555,0.022194678,0.04
549,-24.442242,0.28454056,0.25200468,0.041741755,0.114033885,0.025227688,0.04
550,-24.433138,0.2819329,0.3240055,0.025842687,0.112221405,0.024042051,0.04
551,-24.438116,0.28214747,0.36514455,0.041237794,0.110855095,0.024198756,0.04
552,-24.426434,0.2962183,0.84276307,0.042469867,0.1192116,0.025358351,0.04
553,-24.426584,0.2981331,0.5893907,0.029335143,0.11958608,0.026728058,0.04
554,-24.436125,0.30521765,0.41443613,0.0317265,0.12360444,0.024615124,0.04
555,-24.424122,0.29658046,0.63876885,0.020457849,0.11651354,0.023346744,0.04
556,-24.429644,0.2970704,0.70532477,0.039571326,0.11689722,0.024306716,0.04
557,-24.432762,0.30468205,0.5420794,0.030922586,0.122825295,0.023071911,0.04
558,-24.427294,0.30920592,0.6860187,0.044868734,0.12504268,0.021450082,0.04
559,-24.421516,0.30041814,0.89643294,0.044229522,0.11833835,0.02499176,0.04
560,-24.409672,0.30198953,1.1850559,0.027391491,0.12038709,0.024089117,0.04
561,-24.432446,0.30059415,0.38835454,0.039749246,0.1230575,0.025672538,0.04
562,-24.425898,0.28664702,1.0527164,0.021973824,0.113739006,0.021822764,0.04
563,-24.441933,0.29182178,0.24533223,0.03458861,0.11685935,0.026530487,0.04
564,-24.42706,0.29395616,0.78385824,0.031940766,0.11909547,0.02540271,0.04
565,-24.440435,0.31273755,0.24617033,0.030218909,0.12577572,0.024450881,0.04
566,-24.437634,0.2989623,0.31309792,0.032669067,0.12016531,0.026228005,0.04
567,-24.428856,0.2951526,0.6386984,0.03645226,0.11978045,0.024574704,0.04
568,-24.422674,0.2936485,0.63446665,0.028829662,0.11353583,0.025590844,0.04
569,-24.431118,0.29553646,0.43737006,0.028068926,0.1185846,0.023836426,0.04
570,-24.435207,0.2786409,0.46247694,0.023143979,0.1134864,0.024348818,0.04
571,-24.420778,0.28620306,0.89753574,0.033816695,0.112537734,0.048441887,0.04
572,-24.435204,0.30122808,0.30503994,0.038728256,0.12356193,0.033687707,0.04
573,-24.429626,0.2935769,0.58973306,0.033718664,0.11643694,0.023518123,0.04
574,-24.425598,0.28965592,0.5786043,0.03126077,0.117664635,0.0232344,0.04
575,-24.438036,0.27707687,0.28617865,0.040924236,0.11110713,0.023474706,0.04
576,-24.436434,0.29415336,0.35554895,0.0355363,0.115740575,0.024862835,0.04
577,-24.425041,0.30286327,0.6713584,0.03800733,0.118261606,0.022195127,0.04
578,-24.431675,0.3631348,0.44817844,0.030105231,0.14390555,0.02402634,0.04
579,-24.430431,0.3211808,0.51906884,0.027591243,0.12673226,0.023025403,0.04
580,-24.438839,0.28516984,0.34580955,0.05106388,0.11494413,0.025140889,0.04
581,-24.421968,0.28971118,0.8833721,0.036380224,0.1167049,0.019722428,0.04
582,-24.431253,0.29418445,0.4238639,0.035198104,0.11733866,0.025214095,0.04
583,-24.426497,0.29742393,0.9177364,0.034571182,0.1185275,0.021216711,0.04
584,-24.435871,0.31073928,0.26448572,0.029084664,0.12752973,0.0246395,0.04
585,-24.43447,0.30866966,0.7657629,0.025692308,0.12431034,0.02331315,0.04
586,-24.427464,0.29019833,0.7982622,0.03495734,0.11608066,0.023912676,0.04
587,-24.428535,0.29628295,0.599339,0.025412066,0.116974436,0.024247095,0.04
588,-24.421774,0.28493395,0.7880126,0.043671634,0.1136532,0.027131822,0.04
589,-24.42637,0.3021279,0.5006113,0.045126352,0.11903069,0.02363664,0.04
590,-24.428957,0.28894058,0.5775827,0.034701392,0.114356704,0.024944464,0.04
591,-24.421598,0.27910334,0.6950397,0.045266446,0.10932686,0.020217055,0.04
592,-24.43026,0.3000769,0.4497047,0.030041002,0.12173858,0.02340152,0.04
593,-24.441326,0.3047017,0.35850057,0.036814343,0.119807184,0.02402353,0.04
594,-24.4355,0.27880758,0.2715203,0.026381265,0.111489475,0.024713952,0.04
595,-24.431805,0.28874916,0.5711052,0.030100353,0.11529813,0.023473669,0.04
596,-24.438412,0.2994128,0.3759549,0.051855374,0.11989043,0.024857145,0.04
597,-24.421976,0.2883716,0.82304054,0.04772221,0.113150425,0.023559587,0.04
598,-24.430332,0.2885554,0.632483,0.040048864,0.11293974,0.023150183,0.04
599,-24.434242,0.3013221,0.3577019,0.03061966,0.11957499,0.02205882,0.04
600,-24.430563,0.27896932,0.4635642,0.037504803,0.11172351,0.021786343,0.04
601,-24.43123,0.3161317,0.40658104,0.040829744,0.12872136,0.023692625,0.04
602,-24.43112,0.29135334,0.65132135,0.029810632,0.11642669,0.024236962,0.04
603,-24.431507,0.29018348,0.4979571,0.026826097,0.11648925,0.024937121,0.04
604,-24.448835,0.29925364,0.24048832,0.04038806,0.12089565,0.027025852,0.04
605,-24.425907,0.2891081,0.8189107,0.041139737,0.116524704,0.025074657,0.04
606,-24.432858,0.2912296,0.37683666,0.039792523,0.11849666,0.021677596,0.04
607,-24.425974,0.32162574,0.7901213,0.02096829,0.13099419,0.023304058,0.04
608,-24.422937,0.29600778,0.9005094,0.03708332,0.118416995,0.024184491,0.04
609,-24.439363,0.30218023,0.37843516,0.025931206,0.122841075,0.02155997,0.04
610,-24.424084,0.2856009,0.783296,0.03454228,0.11285402,0.022779841,0.04
611,-24.432486,0.30536127,0.47923484,0.026134614,0.12118809,0.021071762,0.04
612,-24.430794,0.2819088,0.631109,0.02079714,0.11299712,0.022876652,0.04
613,-24.432436,0.2879729,0.37805986,0.03892301,0.114996955,0.02379428,0.04
614,-24.430325,0.292162,0.52280617,0.038467407,0.11583088,0.022882108,0.04
615,-24.440756,0.2788578,0.23003015,0.023683691,0.112759955,0.021262472,0.04
616,-24.416132,0.29209033,1.2383531,0.046126053,0.11713522,0.02111915,0.04
617,-24.433043,0.2769354,0.2805705,0.03466787,0.11084909,0.021229979,0.04
618,-24.429733,0.29312095,0.4137357,0.03382073,0.11684036,0.02425126,0.04
619,-24.42672,0.28764012,0.9163076,0.025215667,0.11132911,0.023145799,0.04
620,-24.43741,0.29123122,0.2620909,0.035750695,0.1160059,0.022162415,0.04
621,-24.425781,0.2980469,0.6992288,0.048101574,0.1192167,0.02386206,0.04
622,-24.42293,0.29546076,0.633737,0.044709604,0.12012151,0.024686007,0.04
623,-24.434862,0.29441684,0.4517233,0.035380162,0.11864191,0.023197455,0.04
624,-24.426565,0.2941144,0.8236848,0.0313309,0.1200198,0.023344917,0.04
625,-24.427309,0.27859437,0.8797211,0.01958542,0.11184404,0.025219508,0.04
626,-24.42968,0.2957999,0.4204495,0.029872825,0.118053325,0.022197573,0.04
627,-24.44064,0.30166933,0.34791398,0.032139167,0.11972906,0.02339455,0.04
628,-24.421566,0.2850747,0.76628834,0.017028812,0.1139309,0.022580333,0.04
629,-24.43552,0.3007467,0.5258393,0.026623644,0.12033093,0.02382817,0.04
630,-24.420116,0.29387254,0.86942875,0.022609528,0.11603886,0.02528569,0.04
631,-24.425926,0.2991093,0.9514983,0.03746702,0.11840303,0.023128832,0.04
632,-24.416601,0.30013967,0.9528274,0.025567604,0.11999487,0.023878075,0.04
633,-24.431572,0.28578085,0.36547095,0.032536365,0.11449161,0.023881424,0.04
634,-24.42605,0.28820238,0.7625076,0.04303009,0.11640246,0.02465252,0.04
635,-24.442245,0.28094572,0.2583227,0.038373187,0.11346572,0.025711844,0.04
636,-24.437447,0.28337914,0.31792074,0.02566623,0.11212619,0.022023419,0.04
637,-24.431707,0.30715737,0.6700419,0.025841203,0.12327015,0.028183587,0.04
638,-24.430569,0.30902067,0.56944716,0.047263645,0.12375557,0.025243687,0.04
639,-24.4212,0.29820496,1.1253499,0.025214298,0.12063292,0.023772124,0.04
640,-24.435959,0.27503362,0.39563227,0.029598562,0.11111105,0.021578697,0.04
641,-24.429955,0.302162,0.6131452,0.02404916,0.12049657,0.020729737,0.04
642,-24.427103,0.30963364,0.8154233,0.04486978,0.12382393,0.022468165,0.04
643,-24.43219,0.28350314,0.61246383,0.037444334,0.11260647,0.027068386,0.04
644,-24.430548,0.323269,0.48983452,0.04440573,0.12869684,0.023965191,0.04
645,-24.414455,0.30870128,1.2705263,0.0283233,0.12383994,0.023038307,0.04
646,-24.439367,0.2770824,0.38086545,0.03612085,0.10870857,0.02259947,0.04
647,-24.435938,0.2753906,0.63976425,0.021930655,0.10948484,0.025022835,0.04
648,-24.424578,0.29712877,0.6752543,0.03492658,0.11909098,0.022049773,0.04
649,-24.435387,0.29085273,0.47815362,0.021443151,0.11580786,0.022732887,0.04
650,-24.425692,0.30278876,0.9170286,0.035732735,0.121663995,0.02320208,0.04
651,-24.424078,0.28165695,0.739191,0.025274478,0.11209136,0.023406716,0.04
652,-24.433714,0.30522057,0.47814226,0.036717292,0.121709935,0.0228273,0.04
653,-24.41742,0.28810906,1.2042191,0.033533577,0.11391829,0.022328844,0.04
654,-24.435396,0.29414153,0.47570467,0.037714545,0.11886325,0.023937747,0.04
655,-24.427786,0.29682297,0.7945954,0.029781686,0.11836833,0.021008,0.04
656,-24.432102,0.2825642,0.6284081,0.033796176,0.11385428,0.022402456,0.04
657,-24.445648,0.30182606,0.28823212,0.05011658,0.120475575,0.023014857,0.04
658,-24.42209,0.2893989,1.0717821,0.036811523,0.116635986,0.023300478,0.04
659,-24.431581,0.28889927,0.6467108,0.026786247,0.11555256,0.023553409,0.04
660,-24.434141,0.30248067,0.48871183,0.03915597,0.12110904,0.022411125,0.04
661,-24.42839,0.29009783,0.6401944,0.035963897,0.114295445,0.022739023,0.04
662,-24.421595,0.30256128,0.81316566,0.047267936,0.119628094,0.040212076,0.04
663,-24.445822,0.28268304,0.22722562,0.026468325,0.11131454,0.023856683,0.04
664,-24.430641,0.29575682,0.56339675,0.030760804,0.12034132,0.025907237,0.04
665,-24.435976,0.281412,0.2950336,0.026984124,0.112488925,0.021146577,0.04
666,-24.444141,0.28430524,0.3228693,0.028143654,0.11240336,0.025337476,0.04
667,-24.430273,0.29665926,0.575719,0.024810323,0.1189817,0.022642337,0.04
668,-24.425913,0.28865823,0.9159212,0.020042509,0.11452811,0.024651235,0.04
669,-24.424385,0.29361814,0.936558,0.032645,0.11945023,0.023746619,0.04
670,-24.43174,0.3067328,0.60023457,0.03021649,0.12249371,0.02178356,0.04
671,-24.421268,0.28429,0.87748957,0.05655124,0.112973824,0.021373391,0.04
672,-24.428083,0.28364927,0.5629325,0.050008927,0.11375456,0.021962726,0.04
673,-24.434921,0.29670474,0.51295125,0.048735905,0.117865354,0.02495543,0.04
674,-24.421455,0.29385623,0.8146479,0.04408193,0.11803355,0.02192148,0.04
675,-24.43651,0.28990462,0.39446244,0.030606713,0.1156383,0.021433532,0.04
676,-24.432306,0.28707427,0.40263614,0.048824914,0.11886327,0.025294557,0.04
677,-24.43236,0.28444436,0.8752679,0.044034176,0.112848416,0.02410482,0.04
678,-24.433832,0.2936969,0.4002512,0.017945867,0.114351355,0.024025941,0.04
679,-24.429176,0.30611312,0.6781945,0.056955166,0.11931544,0.051913053,0.04
680,-24.44129,0.30818388,0.23904361,0.04368798,0.12374072,0.028231742,0.04
681,-24.432598,0.2877998,0.56042314,0.04177227,0.1145373,0.023571528,0.04
682,-24.419523,0.3030669,0.7565281,0.021751296,0.1230751,0.022231089,0.04
683,-24.431086,0.2760125,0.38129854,0.046916585,0.110450044,0.02196164,0.04
684,-24.429274,0.29437152,0.51176596,0.05271229,0.116754554,0.026092406,0.04
685,-24.421942,0.301017,0.8437248,0.027836077,0.118620925,0.025213169,0.04
686,-24.429865,0.28359786,0.689876,0.03125753,0.113820046,0.022109047,0.04
687,-24.440058,0.28421304,0.39148793,0.030077381,0.113893494,0.021031158,0.04
688,-24.435526,0.29443043,0.5083203,0.033455446,0.11880408,0.022128014,0.04
689,-24.436047,0.30009565,0.32094628,0.030022586,0.12036421,0.02381549,0.04
690,-24.42763,0.2829498,0.92413247,0.027895138,0.11289579,0.023085207,0.04
691,-24.423866,0.29509157,0.90632755,0.033120345,0.11583756,0.02312615,0.04
692,-24.441782,0.29332224,0.33865622,0.026121246,0.11706448,0.027253937,0.04
693,-24.435772,0.30782056,0.39402673,0.033612236,0.12216568,0.022509795,0.04
694,-24.417421,0.28110972,0.92013943,0.023800215,0.11244397,0.020287486,0.04
695,-24.421974,0.27542064,0.71227866,0.032035075,0.10905927,0.022708466,0.04
696,-24.425468,0.28455377,0.75946,0.032900993,0.11516493,0.021459233,0.04
697,-24.430988,0.30325297,0.6428365,0.028148511,0.1217456,0.021831777,0.04
698,-24.43716,0.30077893,0.4362387,0.032110732,0.12050102,0.02238973,0.04
699,-24.428646,0.28824586,0.5541008,0.02651673,0.11614937,0.025116365,0.04
700,-24.433254,0.30623055,0.6135409,0.030277789,0.12452341,0.022370132,0.04
701,-24.43116,0.2850035,0.4352243,0.027164973,0.11244429,0.024539886,0.04
702,-24.431416,0.29733944,0.5158685,0.060350776,0.11980689,0.037156127,0.04
703,-24.432453,0.29404047,0.670435,0.018155653,0.1176784,0.024159579,0.04
704,-24.429665,0.30017453,0.51863337,0.03565688,0.1202523,0.022544645,0.04
705,-24.424774,0.2864345,0.8839045,0.022613123,0.115544945,0.020479923,0.04
706,-24.422897,0.28393745,0.87109965,0.035494052,0.11276761,0.02116228,0.04
707,-24.434645,0.28935322,0.35190248,0.028926028,0.11608556,0.023464527,0.04
708,-24.418652,0.29288182,0.7651207,0.05413873,0.119179375,0.024950556,0.04
709,-24.427345,0.29391697,0.46032706,0.03828749,0.11695739,0.020057894,0.04
710,-24.429144,0.29785427,0.6210014,0.036383808,0.11758533,0.02340487,0.04
711,-24.431013,0.3044012,0.6836472,0.025303029,0.12070362,0.023864627,0.04
712,-24.43682,0.29721326,0.5833005,0.030740779,0.11652028,0.021765867,0.04
713,-24.422422,0.28236762,0.94751453,0.020594174,0.111797236,0.023293857,0.04
714,-24.420088,0.30764395,1.1976215,0.03655483,0.12272153,0.021996617,0.04
715,-24.44189,0.2801758,0.35282436,0.031674933,0.11151988,0.020176955,0.04
716,-24.437075,0.28463995,0.49797624,0.041746754,0.11539498,0.021768587,0.04
717,-24.423037,0.27176484,0.8046246,0.02408859,0.108596295,0.023375405,0.04
718,-24.439304,0.2887332,0.29026878,0.026669448,0.11800218,0.023465322,0.04
719,-24.420696,0.28586975,0.64006853,0.02632188,0.113262914,0.023744872,0.04
720,-24.428133,0.29084262,0.5787296,0.024383835,0.11781879,0.022037935,0.04
721,-24.425537,0.3070741,0.7100163,0.026761647,0.122689106,0.02101005,0.04
722,-24.41964,0.28028762,1.0296396,0.041569732,0.111589015,0.021788577,0.04
723,-24.426054,0.2921673,0.74388814,0.025991168,0.11534159,0.022992266,0.04
724,-24.43586,0.3001854,0.352878,0.036116008,0.120904125,0.022304859,0.04
725,-24.424606,0.28741807,0.9417518,0.03381724,0.11491865,0.021473309,0.04
726,-24.425854,0.27708337,0.6981706,0.050935987,0.11216276,0.022706272,0.04
727,-24.428055,0.29105103,0.6301302,0.017772064,0.11444044,0.022254823,0.04
728,-24.430151,0.28231627,0.6086701,0.020521946,0.11246138,0.021895394,0.04
729,-24.430391,0.2956813,0.6073045,0.039778065,0.117616944,0.021728983,0.04
730,-24.424425,0.28306454,0.915343,0.028855518,0.11548187,0.021757632,0.04
731,-24.433374,0.28464964,0.42919514,0.029401625,0.11471909,0.021511117,0.04
732,-24.430685,0.2905031,0.5487632,0.027216252,0.119342655,0.024597436,0.04
733,-24.422707,0.28102794,0.88453245,0.031163989,0.11215572,0.02395065,0.04
734,-24.427723,0.2833543,0.8905263,0.018732192,0.1117126,0.023654565,0.04
735,-24.426048,0.29875836,0.8983312,0.03938897,0.11897801,0.025248539,0.04
736,-24.43563,0.2829196,0.36862382,0.033519708,0.11259217,0.022976076,0.04
737,-24.424591,0.2852022,0.93948644,0.03908777,0.11419035,0.022258962,0.04
738,-24.435787,0.30168906,0.2502557,0.0406355,0.11974172,0.020834085,0.04
739,-24.435297,0.29213262,0.29348838,0.031545352,0.11819239,0.022081748,0.04
740,-24.432093,0.30171165,0.55709785,0.042789984,0.11943387,0.023503356,0.04
741,-24.42811,0.2989156,0.6909237,0.032706827,0.11655651,0.025393708,0.04
742,-24.434515,0.28988317,0.34375158,0.03697572,0.11519572,0.020699065,0.04
743,-24.441414,0.28488111,0.28755912,0.034630638,0.11237437,0.021909537,0.04
744,-24.43246,0.2897107,0.5775451,0.025098868,0.11552398,0.02497786,0.04
745,-24.426287,0.27939522,0.53530157,0.027084935,0.10876133,0.023436468,0.04
746,-24.421335,0.27735195,1.0868239,0.022959976,0.111381195,0.023481727,0.04
747,-24.428905,0.3167572,0.48978725,0.068983294,0.12865251,0.07532817,0.04
748,-24.438269,0.28429025,0.28937027,0.05972905,0.110743925,0.032741483,0.04
749,-24.428967,0.28725725,0.58881885,0.036882747,0.11560988,0.02959835,0.04
750,-24.437386,0.2876911,0.3557436,0.030761462,0.11625832,0.025274068,0.04
751,-24.427147,0.297772,0.6863414,0.034433443,0.12007241,0.022312032,0.04
752,-24.429571,0.27841774,0.73189676,0.022417814,0.10983567,0.021658001,0.04
753,-24.42882,0.2859303,0.76161534,0.023428122,0.115714155,0.022383003,0.04
754,-24.435257,0.29716894,0.42450523,0.020838974,0.11800425,0.0212725,0.04
755,-24.444387,0.3066184,0.30385214,0.026989283,0.12077568,0.023967274,0.04
756,-24.424223,0.2831789,0.72536075,0.033803977,0.11262726,0.023397416,0.04
757,-24.429379,0.28802377,0.5802843,0.030043548,0.11604022,0.021649152,0.04
758,-24.441027,0.28718007,0.44766596,0.025089173,0.117006004,0.024811463,0.04
759,-24.427687,0.27342507,0.62892556,0.026247626,0.10799548,0.021624686,0.04
760,-24.425682,0.28211695,0.7576789,0.030587606,0.11317558,0.020992577,0.04
761,-24.430944,0.2932073,0.53282917,0.028268155,0.11792702,0.0233222,0.04
762,-24.430538,0.28380176,0.48461533,0.037337013,0.11458265,0.021187382,0.04
763,-24.435846,0.28952727,0.354415,0.024411324,0.114219055,0.021599127,0.04
764,-24.439775,0.27926427,0.38395157,0.029851696,0.11100438,0.02113296,0.04
765,-24.428013,0.28875843,0.7078846,0.05124265,0.113853015,0.023960019,0.04
766,-24.423145,0.3021744,0.823877,0.026559472,0.118514664,0.023314906,0.04
767,-24.427109,0.292501,0.48232493,0.022152219,0.116952285,0.02135577,0.04
768,-24.427036,0.29269224,0.64340985,0.026818147,0.118967526,0.022161279,0.04
769,-24.431332,0.28434977,0.6610406,0.04254709,0.114000455,0.022145776,0.04
770,-24.43897,0.28990272,0.6191093,0.025268873,0.11561238,0.023414416,0.04
771,-24.42723,0.2869343,0.6770022,0.033256933,0.11485805,0.01967822,0.04
772,-24.435936,0.28960037,0.43120736,0.049774706,0.1164779,0.022340223,0.04
773,-24.426638,0.29397503,0.7898996,0.01986901,0.11815139,0.020905614,0.04
774,-24.422163,0.29689184,0.8490275,0.025658889,0.12053933,0.0202225,0.04
775,-24.418308,0.27881452,1.1021476,0.05146424,0.10799581,0.021138541,0.04
776,-24.42956,0.29684833,0.37830043,0.02766758,0.11687962,0.02218294,0.04
777,-24.432457,0.2940598,0.61024594,0.029990623,0.11745998,0.02128972,0.04
778,-24.440434,0.27450883,0.27757096,0.03346376,0.109747306,0.020487206,0.04
779,-24.427086,0.28600454,0.82372946,0.036083434,0.1161091,0.02048951,0.04
780,-24.439228,0.28127393,0.38382193,0.041361485,0.11314549,0.019809151,0.04
781,-24.42611,0.28607315,0.6587199,0.040995583,0.11631404,0.023489462,0.04
782,-24.4284,0.29315138,0.42838007,0.035123374,0.11806022,0.020100571,0.04
783,-24.434895,0.29389992,0.46441555,0.050006863,0.116409354,0.023911888,0.04
784,-24.432043,0.29272202,0.8794167,0.058302097,0.11535363,0.019981537,0.04
785,-24.424753,0.27828407,0.7559825,0.04223841,0.110357426,0.022735152,0.04
786,-24.441118,0.27618125,0.3211839,0.030369394,0.11115491,0.020488612,0.04
787,-24.43732,0.28069007,0.42441612,0.036798555,0.11244372,0.018510059,0.04
788,-24.433792,0.29824647,0.43651712,0.039061125,0.12070945,0.02131337,0.04
789,-24.430168,0.29990065,0.6415079,0.048591524,0.12074971,0.023710046,0.04
790,-24.434656,0.29059687,0.5953227,0.030146917,0.115557,0.021899428,0.04
791,-24.428509,0.2786097,0.6716439,0.04320282,0.11075704,0.021522004,0.04
792,-24.419361,0.2840525,0.7954937,0.034443296,0.114753775,0.019997457,0.04
793,-24.428528,0.27802277,0.59332955,0.024998281,0.11058619,0.021592693,0.04
794,-24.428253,0.28063637,0.59652805,0.036988463,0.11249023,0.022911374,0.04
795,-24.427773,0.27634773,0.5082836,0.024980705,0.10987699,0.023627717,0.04
796,-24.433912,0.2812608,0.72176343,0.021289004,0.11325262,0.02254121,0.04
797,-24.425674,0.28468657,0.7086063,0.022734199,0.11205338,0.021652773,0.04
798,-24.420101,0.30245999,0.72925043,0.042068806,0.12028001,0.022007309,0.04
799,-24.42578,0.2797159,0.6945634,0.029745419,0.10873643,0.020060876,0.04
800,-24.431856,0.291852,0.40213764,0.034067914,0.118068844,0.020658646,0.04
801,-24.430908,0.29190263,0.65207165,0.029889062,0.11599494,0.022799712,0.04
802,-24.423965,0.29940617,0.90719527,0.02716901,0.11865221,0.021720484,0.04
803,-24.432947,0.28409576,0.54397106,0.026796523,0.11373759,0.021747999,0.04
804,-24.434917,0.28762585,0.26786602,0.027528366,0.11341024,0.019237762,0.04
805,-24.429092,0.27618223,0.67877984,0.04755599,0.10789186,0.023028016,0.04
806,-24.433023,0.29512045,0.6810305,0.029342104,0.117642514,0.021027198,0.04
807,-24.42475,0.28751686,0.83084124,0.046213523,0.1151315,0.02264069,0.04
808,-24.425585,0.28648615,1.0126547,0.018845057,0.112724416,0.022636717,0.04
809,-24.429935,0.30265576,0.6951661,0.026169697,0.120692894,0.021353353,0.04
810,-24.41666,0.28952074,1.1389252,0.022087596,0.11474769,0.021310467,0.04
811,-24.42633,0.2814445,0.6675927,0.04111536,0.10955784,0.02309446,0.04
812,-24.441048,0.2770078,0.2840663,0.053076435,0.11160376,0.021974694,0.04
813,-24.42703,0.28953078,0.8738665,0.030987073,0.1148536,0.023667214,0.04
814,-24.438324,0.28372666,0.39113346,0.020261116,0.11160785,0.024298288,0.04
815,-24.424603,0.28301328,0.5485397,0.03179447,0.1116316,0.021368476,0.04
816,-24.426079,0.27887377,0.75057065,0.051413957,0.111256376,0.022116415,0.04
817,-24.425344,0.2811837,0.6094435,0.019043062,0.115436085,0.021651592,0.04
818,-24.434181,0.27735507,0.49508762,0.01693491,0.10923033,0.02336695,0.04
819,-24.434422,0.3001623,0.32184905,0.032473058,0.12014326,0.026591629,0.04
820,-24.410568,0.2868026,0.8841593,0.022744153,0.11467078,0.020404512,0.04
821,-24.42367,0.29052272,0.824196,0.03159338,0.11600225,0.021571914,0.04
822,-24.43664,0.2955657,0.32526693,0.02587149,0.11833966,0.023282535,0.04
823,-24.425755,0.28475338,0.83976203,0.023683926,0.11241609,0.021155609,0.04
824,-24.441784,0.2999307,0.29861832,0.03675032,0.11992845,0.020720279,0.04
825,-24.426443,0.2744743,0.8902209,0.022750065,0.106368154,0.020086234,0.04
826,-24.443779,0.29588026,0.30182546,0.034344245,0.11945287,0.021283174,0.04
827,-24.430984,0.29562685,0.6742863,0.04803614,0.11658615,0.020344185,0.04
828,-24.432205,0.2885692,0.43353024,0.023600876,0.11639536,0.022295007,0.04
829,-24.436064,0.28658208,0.29255205,0.034159444,0.11221291,0.020351522,0.04
830,-24.427216,0.28072205,0.80043316,0.017600844,0.11046331,0.021026712,0.04
831,-24.42379,0.2813796,0.7975742,0.026931953,0.11120647,0.02093774,0.04
832,-24.42284,0.29033858,0.69467324,0.022472851,0.11660893,0.021086808,0.04
833,-24.43475,0.29527298,0.3386594,0.046714168,0.119561486,0.02122762,0.04
834,-24.434856,0.28762886,0.2727065,0.04022441,0.11147056,0.021002952,0.04
835,-24.42789,0.27124748,0.5638151,0.022344146,0.109388575,0.022791764,0.04
836,-24.42636,0.2796044,0.6138784,0.02761507,0.111665,0.022471303,0.04
837,-24.426832,0.28812957,0.6689426,0.023912372,0.11517124,0.021338625,0.04
838,-24.433434,0.28295422,0.4581653,0.035622958,0.113492504,0.023838773,0.04
839,-24.43623,0.29035714,0.3476993,0.028824711,0.11461709,0.020512206,0.04
840,-24.43016,0.27523133,0.5541982,0.027486252,0.11176459,0.021612536,0.04
841,-24.434261,0.292309,0.3610704,0.032543384,0.1151794,0.024435952,0.04
842,-24.424995,0.3041316,0.5282076,0.023347992,0.119607136,0.02158724,0.04
843,-24.437881,0.29051855,0.2874182,0.019945523,0.11513052,0.0212118,0.04
844,-24.416813,0.29293644,0.76831794,0.039290145,0.11468346,0.022151997,0.04
845,-24.437902,0.2889672,0.33896774,0.020421583,0.11468988,0.023061005,0.04
846,-24.430975,0.27806503,0.7418812,0.024739152,0.11022204,0.020541787,0.04
847,-24.428823,0.2954508,0.5084162,0.02817218,0.1187251,0.020681722,0.04
848,-24.432045,0.2874067,0.74223286,0.024194222,0.11693341,0.020147702,0.04
849,-24.431704,0.29150766,0.46696052,0.043306462,0.1143842,0.02260992,0.04
850,-24.439056,0.31158704,0.37708408,0.020641647,0.12359111,0.022246398,0.04
851,-24.428173,0.27559716,0.61566633,0.027537694,0.112374544,0.021127641,0.04
852,-24.433207,0.27545735,0.43527323,0.034275394,0.10962036,0.022018652,0.04
853,-24.43091,0.27216217,0.5432873,0.036264718,0.10799299,0.024087958,0.04
854,-24.42782,0.27149078,0.5993921,0.021949815,0.10725941,0.018413879,0.04
855,-24.428362,0.29425785,0.77755207,0.031071093,0.118023485,0.023228459,0.04
856,-24.44094,0.27829087,0.29185468,0.027545905,0.11217406,0.022092668,0.04
857,-24.433498,0.27971113,0.5615203,0.033648238,0.112134874,0.022046918,0.04
858,-24.425491,0.2860052,0.43260053,0.025752857,0.11390687,0.02122138,0.04
859,-24.42861,0.28926748,0.56878346,0.050961558,0.1134293,0.023602735,0.04
860,-24.431196,0.2945378,0.49860176,0.024145117,0.116519704,0.022835357,0.04
861,-24.425867,0.29781318,0.753005,0.05309266,0.11870728,0.020629633,0.04
862,-24.432327,0.28606227,0.46477082,0.026382038,0.113630064,0.018525423,0.04
863,-24.431189,0.28490892,0.5383546,0.026304742,0.1167298,0.01955821,0.04
864,-24.437838,0.27637646,0.42990735,0.02377354,0.1111284,0.02045897,0.04
865,-24.435957,0.29183188,0.47211623,0.025171448,0.115959845,0.02303824,0.04
866,-24.424873,0.28033504,0.5324103,0.026894543,0.11346652,0.023229957,0.04
867,-24.419296,0.28172493,0.98533785,0.04060085,0.11419115,0.022852506,0.04
868,-24.432758,0.28695288,0.6107591,0.03633104,0.11678483,0.022411013,0.04
869,-24.419333,0.2816304,0.7250326,0.02644532,0.1117663,0.022484664,0.04
870,-24.439842,0.29411784,0.44611832,0.03276794,0.11750568,0.02020743,0.04
871,-24.433304,0.27030745,0.4925344,0.02863353,0.10962194,0.019720495,0.04
872,-24.437351,0.27838287,0.30703276,0.036513705,0.11249881,0.02345873,0.04
873,-24.427402,0.28955838,0.5640631,0.029285822,0.11607016,0.021700814,0.04
874,-24.432743,0.28255937,0.6534669,0.014745032,0.11444543,0.02225039,0.04
875,-24.446125,0.29277918,0.4165289,0.026994113,0.11652939,0.027135894,0.04
876,-24.433683,0.28800827,0.7220648,0.027157215,0.112359144,0.0254424,0.04
877,-24.420977,0.29287937,0.7428697,0.03884722,0.114794806,0.02345323,0.04
878,-24.43067,0.29555327,0.4448075,0.024712505,0.116892815,0.024313005,0.04
879,-24.427628,0.28789058,0.7882626,0.036413305,0.116403915,0.019514095,0.04
880,-24.440945,0.2825521,0.26773033,0.05750439,0.113208614,0.024561252,0.04
881,-24.423645,0.28625518,0.7738368,0.058732364,0.11344439,0.019871384,0.04
882,-24.440252,0.28419313,0.33347577,0.031697392,0.11351539,0.02050728,0.04
883,-24.435125,0.2938104,0.5202304,0.03496707,0.1167817,0.022544157,0.04
884,-24.43123,0.278346,0.49184835,0.038305692,0.11010809,0.022192294,0.04
885,-24.433054,0.28075585,0.4213607,0.023703132,0.11272794,0.023087312,0.04
886,-24.42996,0.29452476,0.8451741,0.026922952,0.11910026,0.022037894,0.04
887,-24.440907,0.28500384,0.264442,0.029916983,0.11449187,0.018454986,0.04
888,-24.426832,0.2930195,0.61519045,0.030789383,0.11608154,0.02364983,0.04
889,-24.42932,0.2755035,0.6245195,0.044572674,0.10639791,0.021461876,0.04
890,-24.419844,0.29369977,0.87587863,0.02670423,0.11804317,0.021740224,0.04
891,-24.430202,0.2794639,0.6505629,0.026088433,0.110483006,0.023758646,0.04
892,-24.428122,0.28607452,0.52957106,0.039558884,0.11305816,0.02079381,0.04
893,-24.430649,0.28957176,0.49058434,0.029176729,0.11490764,0.01853653,0.04
894,-24.436512,0.2860136,0.3639409,0.044338644,0.11509893,0.020883916,0.04
895,-24.43241,0.30135545,0.58325636,0.04814853,0.12231168,0.025125375,0.04
896,-24.422903,0.2738831,0.8548905,0.029962432,0.107619375,0.021941135,0.04
897,-24.420113,0.2783456,0.9572279,0.032867465,0.10919258,0.021488292,0.04
898,-24.426281,0.27904725,0.6617842,0.029541895,0.10926949,0.02296224,0.04
899,-24.425318,0.28426716,0.68311924,0.025955152,0.11324545,0.017855188,0.04
900,-24.422262,0.28165495,0.91942453,0.024816088,0.11374702,0.023221673,0.04
901,-24.41543,0.2869571,1.2829835,0.0229934,0.115611404,0.01963422,0.04
902,-24.433172,0.28401756,0.43409318,0.022021933,0.11439709,0.020575467,0.04
903,-24.422394,0.28683433,0.88596714,0.026250435,0.114916876,0.02301402,0.04
904,-24.429316,0.28514478,0.5254147,0.030389912,0.11395493,0.02166124,0.04
905,-24.431936,0.2718158,0.46745214,0.024137655,0.108130716,0.02229513,0.04
906,-24.4368,0.28759718,0.23494913,0.015631784,0.11354126,0.01915808,0.04
907,-24.439648,0.2937776,0.467416,0.036969338,0.11722139,0.020256309,0.04
908,-24.430223,0.27917767,0.74730164,0.031930547,0.11249385,0.018283218,0.04
909,-24.431158,0.2876376,0.5381438,0.01795429,0.11549686,0.020645764,0.04
910,-24.441559,0.27900097,0.3042952,0.020765685,0.11135197,0.020402877,0.04
911,-24.436796,0.28511783,0.31986615,0.017524501,0.11340325,0.02118584,0.04
912,-24.422293,0.29442903,0.7903828,0.024313012,0.11659481,0.019827567,0.04
913,-24.432224,0.27878758,0.4506831,0.03732385,0.11011288,0.021475678,0.04
914,-24.420109,0.2886034,1.02724,0.023468304,0.112215884,0.022904709,0.04
915,-24.42586,0.2899104,0.69980514,0.03973197,0.115610726,0.022930294,0.04
916,-24.430069,0.27850482,0.84076643,0.037899062,0.10886955,0.018328471,0.04
917,-24.427164,0.27527815,0.82248193,0.035518665,0.11114461,0.019795945,0.04
918,-24.431458,0.29896298,0.7227154,0.027931442,0.12106721,0.021290893,0.04
919,-24.429066,0.2974251,0.448365,0.029373964,0.12073808,0.02156352,0.04
920,-24.430784,0.29442444,0.46172816,0.031512123,0.11437627,0.020369142,0.04
921,-24.427635,0.2847184,0.6676979,0.03213901,0.11418826,0.023722457,0.04
922,-24.430145,0.2748274,0.6093839,0.022658741,0.110907495,0.023679536,0.04
923,-24.431427,0.2785072,0.5781194,0.043237258,0.11542661,0.020430459,0.04
924,-24.43205,0.27398193,0.53710294,0.0450964,0.10998074,0.020072136,0.04
925,-24.450907,0.2872578,0.26785865,0.035005007,0.11268675,0.022003196,0.04
926,-24.43753,0.28237852,0.2743953,0.035822872,0.11472049,0.01998975,0.04
927,-24.43297,0.27377364,0.51855844,0.024665326,0.10685761,0.020240564,0.04
928,-24.424255,0.28065133,0.52374023,0.030397378,0.11149849,0.020981638,0.04
929,-24.42645,0.28322423,0.7808503,0.021081809,0.11466382,0.019761303,0.04
930,-24.433126,0.27423206,0.627203,0.020275183,0.108233735,0.021090591,0.04
931,-24.426743,0.2824657,0.8896575,0.03165834,0.11140281,0.021360248,0.04
932,-24.427076,0.28350174,0.6997864,0.038924556,0.112766586,0.022293257,0.04
933,-24.426676,0.27530363,0.8111892,0.037156492,0.11079846,0.01892748,0.04
934,-24.426702,0.2945886,0.67673415,0.026892897,0.11849656,0.020154359,0.04
935,-24.425829,0.27532429,0.8230015,0.034357294,0.10816108,0.02353363,0.04
936,-24.426493,0.2793431,0.86748827,0.041306715,0.10971798,0.022482146,0.04
937,-24.433191,0.2882166,0.42798412,0.029720582,0.115327135,0.022112967,0.04
938,-24.42154,0.29101717,1.0179894,0.028944895,0.114944965,0.022516891,0.04
939,-24.424103,0.2754078,0.9475455,0.030006729,0.11101554,0.020662822,0.04
940,-24.43182,0.28496665,0.9509918,0.032435328,0.113349564,0.019220695,0.04
941,-24.427332,0.28202164,0.7058758,0.031871133,0.11346109,0.020180244,0.04
942,-24.436886,0.280083,0.23978446,0.033547282,0.11142926,0.019926859,0.04
943,-24.437328,0.28823695,0.36379695,0.036014557,0.115730084,0.020698966,0.04
944,-24.439476,0.30190003,0.34386125,0.024619559,0.12317589,0.021513736,0.04
945,-24.422161,0.2752662,0.9362617,0.016517792,0.11108873,0.018760465,0.04
946,-24.426098,0.2974755,0.45606038,0.018858071,0.11961087,0.019813335,0.04
947,-24.423851,0.29534456,0.65684986,0.016134422,0.116745144,0.020198684,0.04
948,-24.432697,0.28566355,0.39790365,0.018844688,0.11462048,0.021069244,0.04
949,-24.445782,0.2823214,0.34087977,0.03120522,0.112276025,0.021296786,0.04
950,-24.426138,0.28008536,0.91755897,0.014622434,0.111183904,0.018460149,0.04
951,-24.428804,0.27066413,0.4787433,0.031268515,0.106973894,0.019536221,0.04
952,-24.430182,0.2936299,0.79772353,0.026426164,0.11832383,0.019311484,0.04
953,-24.436234,0.2827731,0.6409248,0.026248828,0.11353322,0.020436112,0.04
954,-24.433168,0.30568734,0.48645753,0.027113391,0.11980315,0.01837751,0.04
955,-24.444567,0.28049803,0.5278424,0.04979263,0.1152962,0.021984395,0.04
956,-24.430668,0.27705753,0.46380258,0.056759566,0.10910715,0.02196069,0.04
957,-24.435371,0.28467494,0.3181034,0.026399326,0.11372318,0.025142282,0.04
958,-24.42252,0.29255563,0.9898711,0.028683363,0.11724417,0.016866827,0.04
959,-24.431913,0.27822697,0.6089084,0.027304366,0.10996839,0.017870598,0.04
960,-24.441425,0.29319775,0.33969593,0.018682014,0.11752792,0.019624593,0.04
961,-24.4174,0.2787615,0.8538004,0.024436107,0.11114962,0.01831876,0.04
962,-24.434435,0.28700754,0.34477174,0.030171862,0.11338938,0.019920673,0.04
963,-24.427855,0.27612877,0.59904194,0.034324713,0.10919143,0.019550571,0.04
964,-24.423103,0.27130935,1.0516373,0.033365186,0.10941536,0.018907849,0.04
965,-24.433805,0.27934426,0.4754522,0.027495556,0.11172359,0.023584882,0.04
966,-24.419567,0.27907696,0.75109535,0.03185508,0.1110627,0.02055905,0.04
967,-24.43037,0.28058025,0.36690134,0.033808447,0.11421431,0.023916652,0.04
968,-24.426874,0.27171305,0.73114324,0.02614304,0.105981216,0.021345766,0.04
969,-24.424923,0.28294826,0.7741478,0.027045563,0.11145061,0.02102124,0.04
970,-24.43684,0.2656133,0.54022545,0.025947182,0.104658075,0.021675633,0.04
971,-24.423067,0.2713067,0.7899104,0.04396226,0.10771194,0.03205884,0.04
972,-24.420208,0.2890312,1.058339,0.042856228,0.115213595,0.021518053,0.04
973,-24.43259,0.2843298,0.32863513,0.02641257,0.11189203,0.02162337,0.04
974,-24.424261,0.27581212,0.84964895,0.02377237,0.11304507,0.019219983,0.04
975,-24.42609,0.27549842,0.7362447,0.020399554,0.10822752,0.018580241,0.04
976,-24.433691,0.287138,0.4660195,0.03606815,0.11462968,0.019759377,0.04
977,-24.43785,0.27272356,0.22157921,0.030431274,0.10798398,0.019731887,0.04
978,-24.428362,0.28064668,0.7212991,0.028950455,0.11215212,0.018918581,0.04
979,-24.422731,0.28549886,0.87725383,0.029450618,0.114497066,0.019515892,0.04
980,-24.43118,0.28011292,0.40191922,0.020005222,0.11306478,0.0229107,0.04
981,-24.429312,0.27121612,0.7753744,0.033731718,0.108800255,0.024674317,0.04
982,-24.433645,0.28731334,0.70108527,0.029882643,0.11387484,0.019326532,0.04
983,-24.433205,0.28838095,0.4286447,0.026918141,0.11392707,0.019595424,0.04
984,-24.435755,0.27769715,0.2993717,0.023490623,0.10947124,0.021372134,0.04
985,-24.425165,0.28633076,0.9351559,0.04527064,0.11523914,0.023746824,0.04
986,-24.436874,0.27291805,0.3124267,0.025478128,0.11099036,0.02207144,0.04
987,-24.436281,0.2693667,0.28507432,0.027848952,0.1068652,0.02027839,0.04
988,-24.431404,0.270853,0.5421165,0.05148989,0.10880165,0.04290459,0.04
989,-24.426983,0.27368954,0.6673774,0.029968493,0.11235814,0.02542114,0.04
990,-24.436083,0.26454344,0.57230353,0.029727738,0.10569196,0.022191443,0.04
991,-24.433456,0.29257628,0.5263302,0.03347693,0.11697738,0.022486601,0.04
992,-24.422054,0.278638,0.7611798,0.032020282,0.11058711,0.020197872,0.04
993,-24.431047,0.2949953,0.71728605,0.020580688,0.117820464,0.019449497,0.04
994,-24.429766,0.29612297,0.60790217,0.038378183,0.11894042,0.018298639,0.04
995,-24.44725,0.2874323,0.34971353,0.03957923,0.11444839,0.019702556,0.04
996,-24.43699,0.2852874,0.31398273,0.03362469,0.11293071,0.016210625,0.04
997,-24.431156,0.27499276,0.43269295,0.024499023,0.1083565,0.021296475,0.04
998,-24.427467,0.27594012,0.6892177,0.021549622,0.11055022,0.017771402,0.04
999,-24.434963,0.2810055,0.32879966,0.028452963,0.11219145,0.020814454,0.04
1000,-24.426157,0.28992695,0.5891787,0.031416345,0.11699548,0.020067932,0.04
1001,-24.434294,0.2906624,0.44743448,0.028747095,0.11833953,0.021474926,0.04
1002,-24.420008,0.28731686,0.8432477,0.02254026,0.11387018,0.019526206,0.04
1003,-24.436094,0.28856674,0.2696266,0.03897154,0.11368326,0.023947585,0.04
1004,-24.432941,0.28947455,0.54340804,0.025291901,0.11645493,0.017854806,0.04
1005,-24.434734,0.28962225,0.344286,0.028408393,0.115054265,0.02115633,0.04
1006,-24.440075,0.27833995,0.55813557,0.022807574,0.11070118,0.017982628,0.04
1007,-24.431713,0.28142586,0.5460521,0.027779656,0.11223457,0.021003013,0.04
1008,-24.43056,0.28602493,0.39432684,0.03877586,0.11564442,0.01925274,0.04
1009,-24.44022,0.28025115,0.3335411,0.059010148,0.11252334,0.021830527,0.04
1010,-24.427698,0.28947031,0.59045976,0.049576674,0.113889664,0.042822417,0.04
1011,-24.423086,0.2793654,0.9885575,0.047555503,0.1107714,0.025398588,0.04
1012,-24.430166,0.28921404,0.61434865,0.029243106,0.11314406,0.023971854,0.04
1013,-24.433542,0.2637009,0.7252544,0.047741953,0.10450797,0.023147345,0.04
1014,-24.43259,0.28285357,0.62597877,0.03260051,0.11234387,0.019167287,0.04
1015,-24.435043,0.29043183,0.4114395,0.03176462,0.117169864,0.021895092,0.04
1016,-24.41643,0.27338815,1.1396729,0.038284775,0.10824581,0.021898292,0.04
1017,-24.42784,0.26956943,0.6541979,0.018621739,0.10907212,0.019660184,0.04
1018,-24.431135,0.2817731,0.6359133,0.020661188,0.11335115,0.019882327,0.04
1019,-24.42409,0.29161096,0.80779254,0.034198713,0.115191415,0.024264624,0.04
1020,-24.428213,0.28658044,0.56104994,0.03033652,0.11638673,0.022131057,0.04
1021,-24.420883,0.27830717,0.92623377,0.030728573,0.11106788,0.021168575,0.04
1022,-24.432432,0.2751202,0.85583055,0.026693065,0.10764296,0.018450089,0.04
1023,-24.431015,0.27284217,0.6770617,0.017962208,0.10952889,0.02237308,0.04
1024,-24.424015,0.29514518,0.882383,0.045809176,0.11942699,0.022767017,0.04
1025,-24.42802,0.27302247,0.5386107,0.024393503,0.10897055,0.022532498,0.04
1026,-24.448185,0.27672127,0.22611824,0.01919401,0.1105626,0.02273638,0.04
1027,-24.435442,0.29087424,0.33919862,0.0698998,0.11745141,0.041394986,0.04
1028,-24.419847,0.28001007,0.74018645,0.022473603,0.10889373,0.024018371,0.04
1029,-24.424374,0.29200017,0.713958,0.033697095,0.11731421,0.022800654,0.04
1030,-24.431683,0.27922738,0.6336278,0.024861997,0.11255084,0.021243228,0.04
1031,-24.438152,0.26956654,0.26489806,0.024345854,0.10763058,0.018067924,0.04
1032,-24.422586,0.27312726,0.8532569,0.021567414,0.10719006,0.020213978,0.04
1033,-24.423683,0.31143108,0.6686361,0.023849174,0.119292244,0.023629928,0.04
1034,-24.432512,0.2811022,0.44363856,0.038890146,0.11406238,0.020783326,0.04
1035,-24.432293,0.2706853,0.5059461,0.02953745,0.10879724,0.019334942,0.04
1036,-24.42768,0.27434683,0.85859543,0.028242687,0.11002785,0.01969926,0.04
1037,-24.426516,0.27888635,0.6087406,0.03684617,0.110670194,0.026454004,0.04
1038,-24.428759,0.30513844,0.6729817,0.100090735,0.12649164,0.06206765,0.04
1039,-24.432245,0.283046,0.57246,0.0415535,0.11129169,0.028700124,0.04
1040,-24.440727,0.26815,0.37744153,0.049201835,0.10736047,0.025272096,0.04
1041,-24.44175,0.269882,0.21567108,0.040380202,0.10918649,0.026636489,0.04
1042,-24.431242,0.2740386,0.5252771,0.024922715,0.110784546,0.02009191,0.04
1043,-24.422234,0.2669282,0.783639,0.016567783,0.10729874,0.021070054,0.04
1044,-24.437452,0.28162313,0.31504157,0.034483865,0.11115267,0.019845935,0.04
1045,-24.434673,0.26126584,0.47675276,0.016504705,0.10270382,0.01863508,0.04
1046,-24.430305,0.2643932,0.4466805,0.024871686,0.10462046,0.01856492,0.04
1047,-24.425802,0.28486994,0.66954136,0.056636147,0.11689933,0.020693813,0.04
1048,-24.443605,0.27654967,0.24278107,0.040144797,0.1075465,0.021885427,0.04
1049,-24.432076,0.26733014,0.621233,0.015127705,0.10544639,0.017571684,0.04
1050,-24.42718,0.277931,0.72809744,0.023082593,0.10959131,0.022411311,0.04
1051,-24.431995,0.27145436,0.46992245,0.03152404,0.10875302,0.019481469,0.04
1052,-24.427687,0.2735618,0.74445856,0.023067405,0.108062446,0.019235022,0.04
1053,-24.435658,0.2877566,0.31199834,0.030409105,0.114079915,0.01638625,0.04
1054,-24.439016,0.27326632,0.19887488,0.029756552,0.111023955,0.019865826,0.04
1055,-24.437086,0.28297645,0.37435555,0.03150576,0.11174322,0.021333769,0.04
1056,-24.432232,0.26767498,0.39235577,0.05123947,0.10966206,0.020008875,0.04
1057,-24.445808,0.2838131,0.23406333,0.025806675,0.11148764,0.019364432,0.04
1058,-24.432615,0.3074945,0.65995485,0.05783093,0.12072888,0.02254269,0.04
1059,-24.424007,0.28418174,0.71761847,0.03325137,0.11190031,0.0192256,0.04
1060,-24.440317,0.291821,0.35032982,0.02707681,0.112721406,0.022207504,0.04
1061,-24.429773,0.27555418,0.5125549,0.031801615,0.11018064,0.019340508,0.04
1062,-24.436218,0.27435157,0.484885,0.030213466,0.11003099,0.017423248,0.04
1063,-24.42028,0.28345078,0.9507437,0.031239318,0.110027045,0.018993031,0.04
1064,-24.436144,0.2745902,0.40197644,0.04207654,0.10988242,0.021795299,0.04
1065,-24.435614,0.26706773,0.48901156,0.020929363,0.10876845,0.020206844,0.04
1066,-24.428392,0.26838115,0.75174505,0.03233683,0.10583459,0.020481205,0.04
1067,-24.429218,0.29000646,0.7948603,0.02736424,0.117887035,0.018042604,0.04
1068,-24.439032,0.2656332,0.3386344,0.0316594,0.105484955,0.020858772,0.04
1069,-24.434109,0.27982417,0.66971403,0.035826966,0.11161914,0.018942524,0.04
1070,-24.42993,0.26332727,0.62139046,0.026552634,0.10501904,0.01723757,0.04
1071,-24.431145,0.28269628,0.535077,0.019745367,0.11510479,0.021323698,0.04
1072,-24.43628,0.2668786,0.28409538,0.020687107,0.10733977,0.018510355,0.04
1073,-24.433573,0.2885068,0.441104,0.026433775,0.11654177,0.018626621,0.04
1074,-24.43604,0.27338067,0.41518083,0.021835549,0.112710714,0.016804155,0.04
1075,-24.427359,0.2704383,0.608048,0.022989979,0.10671733,0.020193934,0.04
1076,-24.42325,0.26695368,1.0202374,0.041002087,0.10539967,0.020235807,0.04
1077,-24.42192,0.27974567,0.9777087,0.039558616,0.1108074,0.018110104,0.04
1078,-24.434683,0.28680038,0.4068286,0.02161898,0.115856744,0.018930193,0.04
1079,-24.425533,0.2772237,0.8324301,0.044502422,0.1086297,0.021004498,0.04
1080,-24.430872,0.2803366,0.6467683,0.046086274,0.111867495,0.02051359,0.04
1081,-24.432692,0.27537456,0.5103035,0.023254802,0.10680342,0.019159246,0.04
1082,-24.43072,0.26150942,0.7118016,0.03314119,0.10276172,0.019775653,0.04
1083,-24.43634,0.29639658,0.31654343,0.023646982,0.12004743,0.01737766,0.04
1084,-24.428774,0.26829982,0.5691411,0.029209848,0.106906824,0.021940306,0.04
1085,-24.4403,0.26561737,0.25105023,0.023962507,0.10832976,0.01860238,0.04
1086,-24.424004,0.30207658,0.9707699,0.028513327,0.12079211,0.01986994,0.04
1087,-24.433666,0.2716192,0.36911255,0.037399665,0.10665265,0.019194003,0.04
1088,-24.434404,0.28215918,0.37610936,0.025113543,0.110100985,0.02054391,0.04
1089,-24.4268,0.2853162,0.6671914,0.031797193,0.11536293,0.01963335,0.04
1090,-24.433502,0.2658527,0.6907081,0.037243657,0.105901495,0.026888764,0.04
1091,-24.42647,0.26663193,0.6647369,0.039596703,0.10482964,0.02332381,0.04
1092,-24.435968,0.2883493,0.56216055,0.0267492,0.11237689,0.025624866,0.04
1093,-24.434566,0.2724746,0.47912183,0.040216517,0.10864855,0.024881722,0.04
1094,-24.426308,0.270376,0.780326,0.033967268,0.109904505,0.019426683,0.04
1095,-24.429781,0.27458298,0.53011143,0.014995432,0.108725645,0.01997331,0.04
1096,-24.425222,0.2708275,0.6884473,0.031492483,0.10744432,0.019805212,0.04
1097,-24.422945,0.28551826,0.6289473,0.02229393,0.11453975,0.020125497,0.04
1098,-24.437044,0.27129918,0.51005036,0.033727776,0.10792993,0.017664498,0.04
1099,-24.438126,0.27918717,0.24973257,0.019290894,0.11229772,0.018996961,0.04
1100,-24.443058,0.28005984,0.51374316,0.033814725,0.11262531,0.021625672,0.04
1101,-24.429379,0.2657712,0.49620688,0.02941398,0.10675379,0.021337438,0.04
1102,-24.42731,0.2773507,0.6412265,0.01982439,0.10944972,0.021130059,0.04
1103,-24.431282,0.27110445,0.68017507,0.020422699,0.10795874,0.020462422,0.04
1104,-24.429531,0.2780891,0.47698805,0.033119496,0.11232887,0.022500131,0.04
1105,-24.419987,0.2722607,0.9616058,0.02463186,0.109271675,0.016746968,0.04
1106,-24.427116,0.27304226,0.6446654,0.027322313,0.10820575,0.019725429,0.04
1107,-24.42392,0.28690076,0.6254951,0.03148818,0.114818014,0.01902819,0.04
1108,-24.427662,0.27388483,0.43003377,0.019991845,0.10889502,0.02007606,0.04
1109,-24.434969,0.26376492,0.40308842,0.031326078,0.10702588,0.018824292,0.04
1110,-24.4213,0.2896612,0.7468745,0.02372155,0.11828954,0.020454103,0.04
1111,-24.42996,0.27344188,0.59459025,0.03168476,0.10719107,0.01974409,0.04
1112,-24.427422,0.27498668,0.57042944,0.016790308,0.11028557,0.021585431,0.04
1113,-24.436886,0.28335577,0.31809938,0.036954448,0.115582585,0.023361264,0.04
1114,-24.441486,0.27775916,0.22024809,0.04107418,0.112432554,0.021349708,0.04
1115,-24.42998,0.2621819,0.64760786,0.028451892,0.1034745,0.018614812,0.04
1116,-24.43146,0.2848359,0.5512893,0.030056594,0.11244997,0.019443937,0.04
1117,-24.420876,0.28381425,0.96706015,0.020970877,0.11230729,0.018786976,0.04
1118,-24.438187,0.2642535,0.36440018,0.048038352,0.10597887,0.018848855,0.04
1119,-24.433954,0.2915033,0.3949114,0.030283099,0.118205614,0.019781994,0.04
1120,-24.427778,0.28736144,0.73600554,0.04832217,0.112096995,0.059996683,0.04
1121,-24.426332,0.29773483,0.82770115,0.039835136,0.11612313,0.029177276,0.04
1122,-24.438988,0.28053898,0.3208163,0.039906226,0.11370412,0.025594553,0.04
1123,-24.424084,0.26211813,0.6703089,0.030570429,0.10498014,0.020329438,0.04
1124,-24.437773,0.2767947,0.5952115,0.043063812,0.11182668,0.020538712,0.04
1125,-24.434986,0.27948937,0.32697505,0.019869242,0.11301183,0.019012336,0.04
1126,-24.43426,0.2855011,0.29015973,0.025170041,0.113145754,0.017781194,0.04
1127,-24.438658,0.2791321,0.2230055,0.042580776,0.112348795,0.025199123,0.04
1128,-24.426144,0.27195966,0.7419321,0.020798992,0.109709024,0.018408509,0.04
1129,-24.43122,0.26319462,0.6286928,0.02585019,0.1063214,0.02042361,0.04
1130,-24.422863,0.2697936,0.9318796,0.026658801,0.10716828,0.01852446,0.04
1131,-24.424109,0.286425,0.7881787,0.0374316,0.11374597,0.022269633,0.04
1132,-24.425003,0.28082222,0.8430118,0.013614768,0.1127115,0.01903804,0.04
1133,-24.440723,0.26597282,0.20610437,0.02361177,0.105054975,0.022047115,0.04
1134,-24.418133,0.27848008,0.9657339,0.030694913,0.11155999,0.020886546,0.04
1135,-24.43641,0.2711902,0.2747811,0.029950464,0.1077786,0.021222552,0.04
1136,-24.431644,0.27310896,0.5775597,0.023641706,0.1099818,0.01837011,0.04
1137,-24.424875,0.27969435,0.9647813,0.018481232,0.11267242,0.022991545,0.04
1138,-24.419601,0.2779507,1.1059296,0.022938663,0.10960974,0.0225218,0.04
1139,-24.439632,0.26566812,0.27760145,0.028973235,0.10759506,0.021335639,0.04
1140,-24.437016,0.26791358,0.40329006,0.030641744,0.108593635,0.019033121,0.04
1141,-24.42729,0.27848884,0.73723453,0.028733833,0.114086375,0.019030806,0.04
1142,-24.435743,0.27802774,0.44193286,0.041979108,0.11070936,0.019296275,0.04
1143,-24.435667,0.26995027,0.48911878,0.03531588,0.105131716,0.021610975,0.04
1144,-24.422863,0.2830924,0.7850692,0.03012227,0.11407001,0.019984724,0.04
1145,-24.438726,0.2857603,0.26370314,0.019749857,0.11300196,0.01955717,0.04
1146,-24.433348,0.27486667,0.6297351,0.028848758,0.11062421,0.020250883,0.04
1147,-24.435633,0.29045385,0.41822886,0.027116576,0.11612491,0.023494551,0.04
1148,-24.428274,0.25979564,0.49853075,0.021166028,0.10489633,0.018758336,0.04
1149,-24.43273,0.27235496,0.53966004,0.03092954,0.10765029,0.019430438,0.04
1150,-24.43875,0.27700272,0.3975996,0.045485236,0.11241702,0.019659307,0.04
1151,-24.438992,0.2810197,0.23981427,0.023205614,0.11082408,0.02106263,0.04
1152,-24.431086,0.28148893,0.45716122,0.03224467,0.11402963,0.01798255,0.04
1153,-24.43137,0.2823582,0.36046693,0.030210966,0.113034435,0.021655127,0.04
1154,-24.424961,0.28747523,0.84877104,0.025696618,0.11700413,0.020450048,0.04
1155,-24.423958,0.2750762,0.90314895,0.016360933,0.10830124,0.017579868,0.04
1156,-24.428331,0.26952538,0.4182806,0.032839324,0.106773205,0.029097391,0.04
1157,-24.431438,0.2639984,0.5643807,0.04341141,0.10457269,0.018784244,0.04
1158,-24.427645,0.2664743,0.78352547,0.044267282,0.10659285,0.016732264,0.04
1159,-24.432121,0.27001247,0.35782248,0.018577931,0.109618984,0.018305399,0.04
1160,-24.434347,0.27706805,0.5895142,0.040377595,0.110273,0.023454513,0.04
1161,-24.433107,0.2706736,0.43721604,0.031861804,0.108046114,0.022151543,0.04
1162,-24.443754,0.276659,0.20198323,0.024748232,0.1094093,0.018044075,0.04
1163,-24.42199,0.30434445,1.0330702,0.024350397,0.11835363,0.01892256,0.04
1164,-24.42694,0.28735718,0.64479893,0.028282026,0.115633465,0.018275367,0.04
1165,-24.427034,0.26789033,0.63585997,0.029858267,0.10621806,0.020480273,0.04
1166,-24.431824,0.26801234,0.53601545,0.019273944,0.107891895,0.019037,0.04
1167,-24.424402,0.27497953,0.5046594,0.015728137,0.10967308,0.017368294,0.04
1168,-24.420254,0.2865973,0.83863914,0.02143019,0.114366435,0.019257033,0.04
1169,-24.42804,0.25814822,0.60637563,0.02683513,0.10319919,0.020496687,0.04
1170,-24.429106,0.27319965,0.51241326,0.031701658,0.109325774,0.01791658,0.04
1171,-24.421906,0.27350846,0.9163233,0.032555457,0.10877296,0.021666383,0.04
1172,-24.43101,0.28188956,0.6077153,0.030115679,0.11031606,0.021179494,0.04
1173,-24.437668,0.2786327,0.3610451,0.029255148,0.108622134,0.018723834,0.04
1174,-24.431973,0.28645077,0.43726555,0.020767609,0.11453421,0.018327048,0.04
1175,-24.41934,0.2803195,0.7876665,0.014480628,0.11113659,0.01893384,0.04
1176,-24.428444,0.27478176,0.72898567,0.018195907,0.11120172,0.016981417,0.04
1177,-24.432085,0.27501938,0.47568867,0.02872316,0.11023694,0.01805523,0.04
1178,-24.42655,0.2854777,0.9432069,0.020203704,0.116928585,0.01994286,0.04
1179,-24.42515,0.27558136,0.56246835,0.034403007,0.11032779,0.02010259,0.04
1180,-24.439066,0.27933186,0.27945203,0.024597786,0.11251147,0.019523162,0.04
1181,-24.435764,0.27009094,0.3486631,0.054083332,0.10599856,0.019714797,0.04
1182,-24.430447,0.27370873,0.43323585,0.026362939,0.10829711,0.01944826,0.04
1183,-24.440224,0.28370118,0.3599108,0.03341349,0.11453721,0.018364789,0.04
1184,-24.431168,0.27099758,0.4226485,0.026909683,0.10696027,0.0177185,0.04
1185,-24.429026,0.2743956,0.6909393,0.03368786,0.10815795,0.017927347,0.04
1186,-24.431837,0.26016805,0.47913766,0.013620084,0.104293756,0.017766984,0.04
1187,-24.440481,0.2660969,0.38122693,0.021051988,0.108309574,0.017902104,0.04
1188,-24.42347,0.27025843,0.7158346,0.022329919,0.10642919,0.018452147,0.04
1189,-24.4338,0.26185545,0.67149895,0.021603148,0.10329886,0.019096807,0.04
1190,-24.42779,0.27182576,0.6738043,0.021302884,0.10748933,0.01765353,0.04
1191,-24.434595,0.29117084,0.52297616,0.023660408,0.11660017,0.019460713,0.04
1192,-24.435074,0.2632651,0.4631612,0.0481625,0.10597359,0.019643748,0.04
1193,-24.430847,0.28062636,0.41361663,0.065172106,0.11085433,0.032366775,0.04
1194,-24.435047,0.2702736,0.4941047,0.02937159,0.10608617,0.021813544,0.04
1195,-24.4341,0.27195746,0.30238673,0.036347345,0.1078299,0.020165285,0.04
1196,-24.430641,0.2871776,0.7679746,0.036498815,0.11321811,0.019161645,0.04
1197,-24.421967,0.27657643,0.6421213,0.027625514,0.10990312,0.020633053,0.04
1198,-24.421278,0.30751207,0.6234461,0.026036007,0.12262404,0.019370023,0.04
1199,-24.428446,0.2754754,0.6184073,0.027207164,0.11060299,0.021431267,0.04
1200,-24.425117,0.2746673,0.55783373,0.027371397,0.10695252,0.01817132,0.04
1201,-24.428274,0.26198357,0.9107474,0.036965426,0.10479128,0.022217553,0.04
1202,-24.429617,0.2753164,0.5007009,0.02819224,0.107103795,0.019549476,0.04
1203,-24.428495,0.270292,0.83639556,0.02561269,0.10800654,0.018597748,0.04
1204,-24.430273,0.2759026,0.3796525,0.040497303,0.11256279,0.0181669,0.04
1205,-24.431816,0.27641633,0.65838116,0.030388037,0.11054558,0.018335093,0.04
1206,-24.428053,0.27208236,0.49485147,0.031298008,0.108502865,0.017487356,0.04
1207,-24.435654,0.3050775,0.52848446,0.03614833,0.12370683,0.018460346,0.04
1208,-24.443672,0.27023453,0.22233771,0.030142153,0.10760262,0.021361947,0.04
1209,-24.437567,0.29752484,0.29781815,0.019737892,0.11976894,0.017651904,0.04
1210,-24.438929,0.27665356,0.24195495,0.019217182,0.10864292,0.019054739,0.04
1211,-24.431856,0.27851453,0.83105433,0.03303154,0.110488564,0.019658372,0.04
1212,-24.43066,0.26028332,0.61200386,0.024200764,0.103042215,0.020196984,0.04
1213,-24.432165,0.27122566,0.51170135,0.01815608,0.10942333,0.018681547,0.04
1214,-24.436628,0.27358976,0.48205635,0.032638103,0.109332,0.01815168,0.04
1215,-24.429811,0.2701759,0.56739455,0.03357982,0.10896909,0.017935412,0.04
1216,-24.426739,0.28165478,0.766777,0.014398616,0.11135038,0.018907765,0.04
1217,-24.420649,0.3189951,0.77746415,0.07245207,0.1223566,0.062053043,0.04
1218,-24.438404,0.26698795,0.46459937,0.02188377,0.10570269,0.027379539,0.04
1219,-24.428343,0.2765345,0.76036793,0.027552312,0.11334098,0.028929854,0.04
1220,-24.437824,0.28470117,0.38948292,0.03837816,0.115848996,0.021778474,0.04
1221,-24.436378,0.2773756,0.43623495,0.03950402,0.113555275,0.018962603,0.04
1222,-24.434816,0.27760518,0.41874063,0.06561114,0.11174798,0.034643114,0.04
1223,-24.421362,0.2759627,1.1080782,0.026955009,0.110245675,0.020711951,0.04
1224,-24.42986,0.27371517,0.6204736,0.02583524,0.10933873,0.021339873,0.04
1225,-24.43378,0.2655066,0.48399892,0.032387227,0.10310955,0.02121019,0.04
1226,-24.439137,0.2732666,0.2885226,0.031681877,0.1111593,0.020457488,0.04
1227,-24.43756,0.2729407,0.6215271,0.0150417015,0.11036125,0.017386895,0.04
1228,-24.422258,0.2668253,0.96714085,0.029158503,0.10773434,0.019607546,0.04
1229,-24.430403,0.2709588,0.44268456,0.021562925,0.108455315,0.018290594,0.04
1230,-24.430859,0.2657538,0.47106344,0.017840251,0.106814854,0.019301232,0.04
1231,-24.43648,0.26887903,0.48919764,0.03320258,0.10784966,0.021245118,0.04
1232,-24.425013,0.257811,0.8681051,0.04060824,0.10519239,0.018919347,0.04
1233,-24.428545,0.28549343,0.8146571,0.026878033,0.11371987,0.021069378,0.04
1234,-24.439837,0.27435923,0.35808477,0.03423723,0.107854664,0.019037928,0.04
1235,-24.43807,0.26792356,0.66955674,0.024866106,0.10751973,0.017561339,0.04
1236,-24.43133,0.27465585,0.432884,0.02152531,0.111697145,0.019571964,0.04
1237,-24.418114,0.27966326,1.1322021,0.023076598,0.11088197,0.017424094,0.04
1238,-24.430182,0.28438956,0.57817477,0.01741832,0.11493633,0.019420149,0.04
1239,-24.43008,0.26912445,0.56612223,0.017854918,0.10757375,0.018326158,0.04
1240,-24.436634,0.2694919,0.66550714,0.029559499,0.10611331,0.018656392,0.04
1241,-24.427748,0.27239624,0.9174294,0.035428945,0.10663763,0.017652884,0.04
1242,-24.427969,0.2829924,0.67656815,0.01826589,0.11478191,0.016321197,0.04
1243,-24.426996,0.26411545,0.99614143,0.018594617,0.1042917,0.016879044,0.04
1244,-24.427626,0.3056502,0.876421,0.029179052,0.11840798,0.021699678,0.04
1245,-24.434202,0.26713023,0.35247657,0.021571562,0.108527444,0.018963674,0.04
1246,-24.431225,0.28373182,0.6761665,0.015566253,0.113279924,0.018269284,0.04
1247,-24.426981,0.2711633,0.6302961,0.024858851,0.10924844,0.016235016,0.04
1248,-24.424551,0.26849025,0.8037111,0.02274123,0.108511254,0.020659633,0.04
1249,-24.432442,0.28636026,0.5359363,0.03143124,0.11380732,0.020588623,0.04
1250,-24.43979,0.2700029,0.58270484,0.02995584,0.106525674,0.018731486,0.04
1251,-24.420414,0.26091012,0.8362279,0.030229954,0.10519503,0.018510103,0.04
1252,-24.425877,0.27128315,0.6091913,0.039742354,0.10837567,0.018218024,0.04
1253,-24.430931,0.2733659,0.9951191,0.021979615,0.10975871,0.018681495,0.04
1254,-24.423754,0.27093917,0.73110455,0.02782797,0.11055233,0.020088932,0.04
1255,-24.428925,0.25451666,0.49497968,0.014583313,0.100672096,0.0167994,0.04
1256,-24.426512,0.26757878,0.5267303,0.037491478,0.10689199,0.01826011,0.04
1257,-24.426683,0.27205348,0.6619651,0.02704657,0.11027946,0.01714207,0.04
1258,-24.434132,0.2523472,0.4652227,0.02143547,0.100372754,0.018731467,0.04
1259,-24.433203,0.2596279,0.6388405,0.020259073,0.10152892,0.017632,0.04
1260,-24.421717,0.27754736,0.81963694,0.017089412,0.11365524,0.017343845,0.04
1261,-24.424252,0.2795194,0.6570352,0.03664569,0.11496713,0.019572174,0.04
1262,-24.415503,0.26913124,0.97667176,0.021760724,0.10749195,0.018937746,0.04
1263,-24.42782,0.26629975,0.6950297,0.037676044,0.106678426,0.020934932,0.04
1264,-24.434633,0.2667844,0.36919498,0.031616103,0.10727105,0.021387262,0.04
1265,-24.437042,0.26923323,0.31900117,0.038594853,0.10697074,0.020909248,0.04
1266,-24.444828,0.27987292,0.23364772,0.025503175,0.11132706,0.018114256,0.04
1267,-24.428509,0.27303723,0.4857122,0.034758016,0.10883278,0.021008845,0.04
1268,-24.440216,0.27573666,0.42537934,0.06418229,0.119629934,0.06556564,0.04
1269,-24.431953,0.27659515,0.68033993,0.045564774,0.108869314,0.029034548,0.04
1270,-24.434837,0.25841138,0.49277627,0.037655264,0.10336455,0.027939364,0.04
1271,-24.429798,0.26293796,0.5882377,0.033741888,0.10600227,0.020887252,0.04
1272,-24.42031,0.28634065,1.1539049,0.021238683,0.11546593,0.01960264,0.04
1273,-24.438816,0.26541153,0.4013361,0.035437543,0.10386538,0.018776406,0.04
1274,-24.430756,0.26924735,0.37179336,0.018798618,0.10818484,0.019472988,0.04
1275,-24.442081,0.27164072,0.2713395,0.025781328,0.10791255,0.019120295,0.04
1276,-24.430809,0.26788116,0.48597184,0.025694259,0.10495079,0.019420963,0.04
1277,-24.431423,0.27455932,0.4386225,0.023642886,0.11085527,0.018366644,0.04
1278,-24.423357,0.2742485,0.6065324,0.016263872,0.109315194,0.01952714,0.04
1279,-24.438627,0.27600074,0.20580602,0.034357544,0.112008974,0.01819591,0.04
1280,-24.427511,0.27305016,0.7328904,0.026865061,0.10828032,0.023846285,0.04
1281,-24.435135,0.27827713,0.6524908,0.02865703,0.108638786,0.020126492,0.04
1282,-24.432516,0.280474,0.36242142,0.021978049,0.11099801,0.019154554,0.04
1283,-24.430296,0.28540212,0.49036884,0.01931663,0.11570067,0.01937616,0.04
1284,-24.437717,0.2702743,0.40211946,0.046267845,0.10626256,0.02884858,0.04
1285,-24.427027,0.27636674,0.7545006,0.027296705,0.10742412,0.022026181,0.04
1286,-24.431623,0.27863342,0.7418287,0.02683888,0.11174592,0.02108321,0.04
1287,-24.434465,0.27318695,0.41986564,0.033239387,0.10874073,0.01892115,0.04
1288,-24.428286,0.26613012,0.6378396,0.03274533,0.10511751,0.01960897,0.04
1289,-24.442766,0.27650487,0.20964584,0.019519683,0.111941606,0.018548101,0.04
1290,-24.426924,0.26539353,0.75557244,0.036168642,0.10490259,0.016528318,0.04
