epoch,energy,energy_std,grad_amp_before,grad_phi_before,grad_amp_after,grad_phi_after,learning_rate
0,1.0761836,3.9089153,13.6412735,2.8640103,4.7288165,2.559318,0.04
1,0.24546285,3.8662472,12.603281,2.8490782,4.8631415,2.5551443,0.04
2,-0.6032967,3.9746335,13.786416,3.0022936,4.463936,2.525111,0.04
3,-1.3114086,3.9730494,13.384214,3.0523033,4.56185,2.4298005,0.04
4,-1.923068,3.937371,13.847515,2.9147089,4.4608526,2.3898237,0.04
5,-2.6482134,3.963426,15.083497,2.971811,4.665756,2.3723805,0.04
6,-3.4039903,3.9225032,14.455332,2.9267504,4.492034,2.2454638,0.04
7,-4.128151,3.9509156,14.668132,3.041058,4.3282595,2.2251244,0.04
8,-4.8315487,3.7911563,14.162149,2.8032916,4.3776383,2.1300242,0.04
9,-5.4835644,3.9452622,17.103735,2.785057,4.5323668,2.1547594,0.04
10,-5.9652367,3.7355735,14.708951,2.6077065,4.6975513,2.0836387,0.04
11,-6.591658,3.7450092,15.481319,2.5450025,4.227409,2.0441294,0.04
12,-7.208002,3.7537453,15.972833,2.5544875,4.4235272,2.0448549,0.04
13,-7.6972365,3.6555476,15.581652,2.403013,4.588011,2.033749,0.04
14,-8.311959,3.7127836,16.548315,2.617785,4.6381774,1.9728556,0.04
15,-8.890634,3.6575487,16.884726,2.51251,4.7247334,1.9703586,0.04
16,-9.270288,3.6282144,16.616592,2.469515,4.577324,1.9233388,0.04
17,-9.921883,3.602257,18.573433,2.3104844,4.71025,1.9053016,0.04
18,-10.286923,3.6015136,18.825882,2.3333542,4.841644,1.8523625,0.04
19,-10.6806755,3.531116,18.62771,2.2182887,4.9521604,1.8441666,0.04
20,-11.228111,3.4695427,17.939758,2.2181966,4.772036,1.8665744,0.04
21,-11.487182,3.4139037,16.603456,2.2411556,5.2869363,1.8816348,0.04
22,-11.903625,3.3481848,17.058044,2.0977156,5.16067,1.7866757,0.04
23,-12.299809,3.239827,17.621403,1.9620824,5.1952105,1.716085,0.04
24,-12.583142,3.2875302,19.083048,2.0160155,5.2464037,1.787706,0.04
25,-12.813459,3.2741184,17.297346,1.8921258,5.5291657,1.6903394,0.04
26,-13.20223,3.2912855,20.648792,1.8510069,5.431188,1.6875614,0.04
27,-13.540886,3.1831918,18.345951,1.86506,5.5508027,1.5587289,0.04
28,-13.737545,3.151876,21.165314,1.6855502,5.8037863,1.6395861,0.04
29,-14.022406,3.1287045,19.953167,1.5410714,5.7053022,1.4692795,0.04
30,-14.252525,3.0963802,18.982195,1.6543522,5.7537837,1.4671082,0.04
31,-14.285654,3.0106435,17.098925,1.542831,5.82235,1.5120225,0.04
32,-14.485037,3.0435352,18.128338,1.4575869,6.022798,1.4081517,0.04
33,-14.740321,2.9559882,17.280256,1.3878115,5.7215405,1.4151605,0.04
34,-14.842924,2.9198961,16.003525,1.3728676,5.5987935,1.3667855,0.04
35,-15.11485,2.9936306,18.50411,1.3426639,6.098074,1.349312,0.04
36,-15.300865,2.9600246,21.397436,1.2986084,6.4116116,1.5233932,0.04
37,-15.288117,2.9030123,19.074034,1.2447165,5.731734,1.5357993,0.04
38,-15.491877,2.879166,18.931501,1.1681068,6.0035033,1.3062319,0.04
39,-15.534259,2.8733408,19.90549,1.2368374,6.0124245,1.2258896,0.04
40,-15.594123,2.8932853,18.484884,1.1883851,5.9494205,1.3346363,0.04
41,-15.772289,2.8515146,20.946661,1.2136574,6.1219754,1.1105765,0.04
42,-15.9200115,2.91591,20.461657,1.1494303,6.2952633,1.2767056,0.04
43,-16.071789,2.8855262,20.902494,1.0721507,6.2205434,1.3150955,0.04
44,-16.089434,2.7741504,18.31806,1.0996871,6.2916,1.1490775,0.04
45,-16.139542,2.9094222,19.950739,1.0791911,6.1744065,1.2328966,0.04
46,-16.157133,2.7619822,18.369463,1.0260992,6.2105365,1.1844614,0.04
47,-16.18217,2.8828814,21.86782,1.0375344,6.404622,1.3827968,0.04
48,-16.390215,2.8772998,20.51949,1.0829893,6.377498,1.1796757,0.04
49,-16.427347,2.7768226,18.494987,1.0556818,6.021745,1.1893522,0.04
50,-16.583775,2.8006845,19.57008,1.0480489,6.0959873,1.1542596,0.04
51,-16.556688,2.8312054,19.526989,1.0144324,6.060941,1.1607448,0.04
52,-16.673487,2.848034,19.595005,1.0915326,6.0096655,1.1362045,0.04
53,-16.810226,2.809531,18.76075,1.0364269,6.2932396,1.1077063,0.04
54,-16.824308,2.795945,17.628696,1.0890335,6.0384064,1.2357687,0.04
55,-16.99962,2.8259282,20.801592,1.0898238,6.158717,1.3655777,0.04
56,-17.00075,2.7961323,20.249317,1.0986708,5.9840064,1.2239565,0.04
57,-17.11123,2.7579136,21.101608,1.044873,6.295828,1.227086,0.04
58,-17.259296,2.8169124,21.01091,1.105831,6.5647554,1.3104455,0.04
59,-17.295406,2.8260639,19.709583,1.0788349,6.4751577,1.4461865,0.04
60,-17.289026,2.8531513,18.134663,1.0966455,6.274606,1.1991421,0.04
61,-17.402166,2.7878933,19.6484,1.0395442,6.110235,1.1532079,0.04
62,-17.605968,2.7848806,21.639463,1.0740744,5.8758364,1.3110088,0.04
63,-17.588438,2.8156319,18.683697,1.0726532,6.361437,1.3363135,0.04
64,-17.68968,2.770576,17.638107,1.129303,6.3390784,1.3239198,0.04
65,-17.84229,2.774103,17.672539,1.0772771,6.244181,1.3310708,0.04
66,-17.86868,2.8468952,22.095245,1.0835993,5.9974113,1.3496493,0.04
67,-17.918365,2.740147,20.650072,1.0469893,6.248035,1.2132146,0.04
68,-18.102356,2.727483,17.333433,1.0047406,6.24024,1.4055681,0.04
69,-18.079329,2.7737224,20.106943,1.0751035,6.2800303,1.6085435,0.04
70,-18.229925,2.7491994,19.64386,1.0261282,5.772164,1.2494816,0.04
71,-18.333555,2.7016275,20.212524,1.0038855,5.989027,1.2286288,0.04
72,-18.270195,2.6724548,18.396955,1.0272036,6.0127544,1.1657325,0.04
73,-18.405882,2.7217884,19.89738,1.0593346,6.1800747,1.4305444,0.04
74,-18.51953,2.713433,20.398245,0.9853863,6.1195874,1.3950217,0.04
75,-18.693624,2.6701608,18.687271,1.0128102,6.049417,1.2696066,0.04
76,-18.663195,2.6814475,17.40942,1.0316622,5.9600105,1.3406504,0.04
77,-18.805609,2.6670027,21.79729,1.0480268,5.6646786,1.3399755,0.04
78,-18.834505,2.6385126,15.983217,0.9348256,5.6055064,1.4078898,0.04
79,-18.967833,2.6177332,17.79217,1.0028747,5.979616,1.2647607,0.04
80,-19.069765,2.594249,17.332647,1.0365683,6.097767,1.3687581,0.04
81,-19.05341,2.6748056,19.469423,0.9796714,5.958657,1.3302974,0.04
82,-19.183231,2.5874865,16.769493,1.0600708,5.671073,1.2949693,0.04
83,-19.290777,2.530771,15.806922,0.9611392,6.1037507,1.2999529,0.04
84,-19.356445,2.5539412,15.39,1.0368174,5.82264,1.3903476,0.04
85,-19.448198,2.5174778,17.196896,0.9839592,5.843859,1.2826864,0.04
86,-19.478796,2.510718,16.909784,1.0276401,5.522331,1.3144252,0.04
87,-19.515215,2.5252428,14.853433,0.9970247,5.928117,1.2062801,0.04
88,-19.710089,2.5125058,17.001726,0.9562284,5.49511,1.1291388,0.04
89,-19.70386,2.417628,15.420909,0.9799488,5.494282,1.2741313,0.04
90,-19.793743,2.441054,15.469761,0.9807527,5.722855,1.3651472,0.04
91,-19.88681,2.4293776,15.213797,0.9911779,5.3534846,1.1245799,0.04
92,-20.053673,2.3859506,16.200655,0.98737264,5.4062214,1.3019669,0.04
93,-20.049269,2.3445776,15.71832,0.9536142,5.532727,1.2160813,0.04
94,-20.159098,2.3716295,14.115428,0.9481354,5.284474,1.1369753,0.04
95,-20.273706,2.3418777,14.01873,0.9574097,5.3333464,1.2955745,0.04
96,-20.252714,2.3306718,13.291776,0.96492606,5.3060718,1.1120381,0.04
97,-20.353308,2.336164,13.95678,0.91843265,5.2012534,1.1737459,0.04
98,-20.404766,2.3089733,16.348167,0.9207069,4.803285,1.1837488,0.04
99,-20.546402,2.2608936,14.563699,0.9133254,5.149575,1.1499313,0.04
100,-20.617687,2.2430637,13.720305,0.9006667,5.0045967,1.254335,0.04
101,-20.692738,2.1066875,11.890557,0.8024292,4.9023933,1.1460282,0.04
102,-20.707136,2.2010837,13.859779,0.8508932,5.1028314,1.0577418,0.04
103,-20.798664,2.143258,14.151601,0.8586838,4.789941,1.227648,0.04
104,-20.890223,2.0703275,10.768208,0.83048403,4.691582,1.0453409,0.04
105,-20.906036,2.0195198,12.793177,0.73964334,4.5726066,0.98664564,0.04
106,-21.042107,1.9987946,11.9699135,0.7693505,4.9105306,1.128928,0.04
107,-21.144657,1.9450097,11.667443,0.7513023,4.688259,0.938219,0.04
108,-21.096138,1.9678185,12.929094,0.7585885,4.7255654,1.0577234,0.04
109,-21.129686,1.9231908,12.726962,0.71959597,4.7654457,0.9702006,0.04
110,-21.198689,1.892893,11.759484,0.69515043,4.885679,0.99365944,0.04
111,-21.249071,1.8279814,10.986395,0.6387807,4.4358206,0.9052298,0.04
112,-21.320303,1.7820755,11.916886,0.6330027,4.719257,0.88230187,0.04
113,-21.355879,1.7820404,14.335494,0.58730793,4.4661083,0.86189705,0.04
114,-21.379961,1.7428371,12.408183,0.6012869,4.1349273,0.87216246,0.04
115,-21.485857,1.6842117,11.602195,0.55255467,4.5614753,0.891885,0.04
116,-21.479824,1.7174023,11.410902,0.52348024,4.507571,0.757938,0.04
117,-21.508633,1.6234783,10.997623,0.4851663,4.481519,0.81921464,0.04
118,-21.537157,1.6359499,11.445079,0.54216534,4.5249867,0.7808521,0.04
119,-21.58027,1.5955638,12.91769,0.4691351,4.3850203,0.94926745,0.04
120,-21.56727,1.5925863,10.7657175,0.47912422,4.1171956,0.727501,0.04
121,-21.65936,1.5488735,11.4435215,0.4825657,4.230954,0.71039563,0.04
122,-21.664207,1.5439909,12.2685585,0.46212748,4.4865093,0.785818,0.04
123,-21.705019,1.4655648,11.227909,0.44477972,4.4576607,0.774898,0.04
124,-21.691748,1.4724927,10.887578,0.40146154,4.404539,0.7501981,0.04
125,-21.766914,1.4568962,10.186787,0.36617637,4.129156,0.66207004,0.04
126,-21.779495,1.4476874,10.110086,0.38477096,4.248525,0.6854801,0.04
127,-21.794317,1.4893959,10.995433,0.3804164,4.2646537,0.64669645,0.04
128,-21.784292,1.4267792,10.224016,0.39330325,4.2434225,0.6534535,0.04
129,-21.764708,1.4114461,10.750627,0.4229368,3.9584196,0.6904554,0.04
130,-21.774809,1.4287115,11.6520605,0.38685238,4.111657,0.6922949,0.04
131,-21.834953,1.361622,8.272657,0.3469888,4.121012,0.609293,0.04
132,-21.82344,1.3827951,9.852882,0.36303386,4.1250763,0.6409202,0.04
133,-21.859564,1.3583158,10.1593,0.32542968,4.2326665,0.58346224,0.04
134,-21.866497,1.3453822,10.1101055,0.32281747,4.2631507,0.5666805,0.04
135,-21.881863,1.361634,9.386601,0.33751833,3.8603082,0.6289017,0.04
136,-21.88091,1.3400732,10.719771,0.32869616,3.9963095,0.5533154,0.04
137,-21.900507,1.3133452,9.079946,0.3314931,4.1798267,0.5707774,0.04
138,-21.942465,1.3285052,11.670492,0.34781882,3.8645995,0.5278156,0.04
139,-21.95209,1.353995,12.9675255,0.35592112,3.9601421,0.55684173,0.04
140,-21.920816,1.3179454,9.752276,0.33503637,4.1488748,0.57943964,0.04
141,-21.940626,1.3242195,11.229752,0.34248856,4.047284,0.6171248,0.04
142,-21.945547,1.2728678,9.429111,0.32167584,3.885058,0.5721176,0.04
143,-21.980589,1.2711463,9.976701,0.38105515,3.9691887,0.5039776,0.04
144,-22.002527,1.3101635,10.428489,0.4237323,4.072453,0.5787974,0.04
145,-21.947634,1.2970723,9.263235,0.4058255,4.000793,0.5904752,0.04
146,-22.006393,1.2634473,8.656368,0.43491858,3.803846,0.6833619,0.04
147,-21.98236,1.2620903,9.038367,0.44275334,3.7871633,0.60909486,0.04
148,-22.049109,1.2662904,9.738391,0.46851483,3.7577095,0.55174136,0.04
149,-22.037138,1.3143433,9.376024,0.4758909,3.9817066,0.54251516,0.04
150,-22.067549,1.2551416,8.267176,0.5160173,3.6247652,0.58201945,0.04
151,-22.118347,1.280385,9.63396,0.5678509,3.8874967,0.63571185,0.04
152,-22.096016,1.2742102,9.141108,0.5793784,4.0164647,0.69623613,0.04
153,-22.13271,1.2974633,8.640051,0.60134935,3.7006814,0.68649805,0.04
154,-22.140623,1.306402,9.872382,0.6729636,3.7474635,0.6806653,0.04
155,-22.205746,1.3057212,9.28138,0.68780446,3.8757315,0.72474545,0.04
156,-22.206558,1.3322173,9.749422,0.72811157,3.7990835,0.73820645,0.04
157,-22.24863,1.3276491,8.64932,0.76623124,3.8615732,0.8146987,0.04
158,-22.269196,1.3646368,10.179352,0.8476646,3.7106917,0.8212417,0.04
159,-22.329782,1.3598684,9.192863,0.8671612,3.497981,0.8322893,0.04
160,-22.439558,1.3782595,8.540896,0.89525133,3.6240556,0.8698748,0.04
161,-22.453566,1.3733413,7.6415,0.9696444,3.8061843,0.93453145,0.04
162,-22.552887,1.40538,9.355145,0.99524915,3.539734,0.92977726,0.04
163,-22.552908,1.4239646,8.419652,1.0655545,3.6276162,0.9432015,0.04
164,-22.64182,1.4045215,7.6648617,1.0607848,3.283254,1.0019333,0.04
165,-22.720465,1.4338048,7.910073,1.0986785,3.4878738,1.0619267,0.04
166,-22.772766,1.4283547,7.2983837,1.1433308,3.3475235,1.0386715,0.04
167,-22.885904,1.4427054,8.67858,1.1453336,3.2882502,1.0273163,0.04
168,-22.997984,1.4315553,9.133506,1.2004848,3.2445536,1.1110839,0.04
169,-23.062376,1.4322531,7.8338284,1.2125136,3.196655,1.0865182,0.04
170,-23.173344,1.3863494,9.003992,1.2023569,3.1477106,1.079173,0.04
171,-23.174002,1.3900634,7.5076995,1.1934199,2.9259474,1.1028106,0.04
172,-23.30702,1.3430971,7.48555,1.1938641,2.8819094,1.0191776,0.04
173,-23.413273,1.3094748,6.8561025,1.1668546,2.8514378,1.0371245,0.04
174,-23.48289,1.284851,7.0876884,1.1786375,2.5203516,1.033618,0.04
175,-23.568863,1.2544848,6.8286376,1.1193508,2.5861654,1.0018936,0.04
176,-23.614504,1.2043852,5.506269,1.0831448,2.5595288,0.91227365,0.04
177,-23.687765,1.17212,6.3513165,1.0299547,2.493685,0.8766017,0.04
178,-23.79241,1.1058537,6.6015506,1.0270375,2.3721683,0.88072157,0.04
179,-23.809628,1.0986252,6.620021,0.97777104,2.3896503,0.8038948,0.04
180,-23.872458,1.0600703,5.6575327,0.9074081,2.350931,0.7544282,0.04
181,-23.923414,0.9899156,6.7157454,0.8668521,2.0464723,0.7589936,0.04
182,-23.958454,0.95078593,5.6080074,0.8300675,2.084491,0.66810375,0.04
183,-24.009527,0.9082068,5.657029,0.7752644,1.9629618,0.63823974,0.04
184,-24.04841,0.90265346,6.6809497,0.7333195,2.1393359,0.5987423,0.04
185,-24.070118,0.84290624,6.0906353,0.6919117,1.8776813,0.5803692,0.04
186,-24.086702,0.8078727,5.084184,0.6562897,1.9042675,0.50842416,0.04
187,-24.10452,0.7922301,5.4611883,0.6129289,1.8492298,0.5396856,0.04
188,-24.137245,0.7726027,5.7268324,0.57206243,1.968781,0.5015201,0.04
189,-24.150066,0.73671365,6.3948226,0.5572725,1.9363557,0.4368169,0.04
190,-24.178473,0.7184627,6.6874366,0.5276904,1.8273329,0.39291826,0.04
191,-24.17823,0.67767715,5.2850146,0.47418976,1.938032,0.3783601,0.04
192,-24.177984,0.68496794,5.8795977,0.44234917,1.8939462,0.35298264,0.04
193,-24.200165,0.66998905,5.8299613,0.42980522,1.8537803,0.33522972,0.04
194,-24.192875,0.6483718,6.094103,0.39337227,1.7423671,0.32075644,0.04
195,-24.206242,0.6290386,5.7743316,0.3919271,1.8221161,0.31191137,0.04
196,-24.212284,0.6389423,6.753887,0.36477223,1.81505,0.28760552,0.04
197,-24.228828,0.6189707,6.0344834,0.35017574,1.8043352,0.2715866,0.04
198,-24.218391,0.62420905,6.0651054,0.32882005,1.889226,0.23144092,0.04
199,-24.246546,0.62719375,6.26462,0.30552933,1.8184229,0.25262067,0.04
200,-24.233606,0.60125995,5.945845,0.29932654,1.9388546,0.25897124,0.04
201,-24.251713,0.5993407,6.2071214,0.29739553,1.894461,0.22092023,0.04
202,-24.242125,0.5865192,6.3114996,0.26650822,1.843185,0.19556184,0.04
203,-24.251888,0.57177234,5.7605896,0.25690687,1.7486321,0.20694518,0.04
204,-24.244162,0.56570053,4.706462,0.2451716,1.8139441,0.19176896,0.04
205,-24.257715,0.57320154,5.8846507,0.22954783,1.816801,0.19229686,0.04
206,-24.253534,0.5591323,4.882027,0.21615775,1.8037194,0.16915222,0.04
207,-24.28213,0.568613,6.53802,0.21873294,1.752328,0.1790523,0.04
208,-24.27509,0.5866174,7.1415505,0.20105477,1.6747073,0.14307982,0.04
209,-24.269096,0.57556796,6.7326674,0.21047322,1.7832044,0.15835704,0.04
210,-24.266273,0.5631027,6.6823316,0.17981106,1.8077112,0.17608473,0.04
211,-24.285852,0.55618393,6.308387,0.18210793,1.730855,0.17441888,0.04
212,-24.276598,0.5584313,6.6795177,0.18185312,1.745532,0.17974995,0.04
213,-24.266619,0.5574221,5.904226,0.17836958,1.8190852,0.1857259,0.04
214,-24.286024,0.54472816,5.9821095,0.18398003,1.7542493,0.16668443,0.04
215,-24.267925,0.5380921,5.8889,0.17541608,1.7530912,0.19042766,0.04
216,-24.286583,0.5393233,6.420201,0.17778507,1.7745678,0.15208733,0.04
217,-24.275759,0.53980505,6.0365443,0.16960569,1.8118578,0.1414849,0.04
218,-24.295517,0.5271103,6.2072372,0.15073848,1.7603338,0.18081212,0.04
219,-24.304968,0.5416753,7.226615,0.14307676,1.7105154,0.14944346,0.04
220,-24.266264,0.5534577,6.800683,0.13169608,1.7662855,0.1329601,0.04
221,-24.282297,0.5427019,5.484791,0.1313408,1.6447098,0.1651373,0.04
222,-24.274702,0.5345355,6.581971,0.12444806,1.8529058,0.17629866,0.04
223,-24.31931,0.5529829,6.7867045,0.1501616,1.7305769,0.1714956,0.04
224,-24.268421,0.5269268,5.8089433,0.13385692,1.6238333,0.14334002,0.04
225,-24.296692,0.53421324,6.9744635,0.12973796,1.6502994,0.15284474,0.04
226,-24.275957,0.5348585,6.265709,0.118088655,1.7052386,0.15377982,0.04
227,-24.278316,0.54467875,6.8356586,0.10612379,1.6996343,0.121801525,0.04
228,-24.300953,0.53270876,6.8590016,0.1116972,1.6587734,0.15368511,0.04
229,-24.288918,0.52951276,5.6716995,0.108785965,1.7376138,0.11267443,0.04
230,-24.310146,0.5149715,6.375262,0.10078549,1.7519381,0.142854,0.04
231,-24.295462,0.5195796,5.9969115,0.10222046,1.6310134,0.16049705,0.04
232,-24.301601,0.5151776,5.960023,0.09391131,1.7387282,0.14280967,0.04
233,-24.276829,0.51974636,5.6662087,0.10190487,1.6698838,0.115546204,0.04
234,-24.288227,0.5369615,6.273255,0.11112238,1.5967884,0.15270257,0.04
235,-24.307316,0.533014,6.2150517,0.1005239,1.7302259,0.12112947,0.04
236,-24.276295,0.53367895,5.808375,0.08339526,1.7084783,0.13117234,0.04
237,-24.306034,0.5075134,6.0788054,0.0826829,1.5439693,0.1375421,0.04
238,-24.289001,0.5295839,6.903163,0.0903783,1.6525337,0.15595761,0.04
239,-24.29676,0.49510744,4.4737906,0.09473829,1.6851761,0.13062656,0.04
240,-24.304722,0.5329685,6.1075296,0.08453857,1.6245719,0.13344483,0.04
241,-24.290558,0.52328753,5.9060893,0.12281397,1.6825092,0.16588654,0.04
242,-24.294598,0.53099394,5.9666753,0.091113284,1.6329699,0.10951714,0.04
243,-24.312721,0.5290691,6.9779754,0.097305655,1.621534,0.14472775,0.04
244,-24.309183,0.51997447,6.3823724,0.096376225,1.8304353,0.14016274,0.04
245,-24.329824,0.5257395,6.4681015,0.088894024,1.6306922,0.12047023,0.04
246,-24.32357,0.4977648,5.320374,0.07137864,1.694495,0.16495048,0.04
0,-24.32357,0.4977648,5.077638,1.5903033,1.6451615,0.448294,0.04
1,-24.301344,0.5339955,6.4611306,1.9665438,1.6086961,0.37752905,0.04
2,-24.278894,0.5276269,5.6595225,1.8511275,1.4577146,0.37334245,0.04
3,-24.259632,0.5411107,4.730969,1.5444611,1.5534822,0.38320845,0.04
4,-24.25009,0.5117363,4.307702,1.3582193,1.5158508,0.396141,0.04
5,-24.264164,0.5467945,5.056638,1.5985049,1.5376793,0.3878755,0.04
6,-24.242035,0.55041534,4.735925,1.5877889,1.4389138,0.33026743,0.04
7,-24.251492,0.5335772,4.5611362,1.4365761,1.421435,0.35670313,0.04
8,-24.264387,0.54127336,4.7848096,1.5810745,1.4578465,0.35912868,0.04
9,-24.26274,0.51730084,4.4058733,1.4106177,1.4641362,0.37778026,0.04
10,-24.277063,0.52927524,4.6679845,1.5334334,1.4247726,0.32326427,0.04
11,-24.231728,0.53705144,4.901261,1.5715666,1.3549408,0.2968096,0.04
12,-24.252022,0.5057493,4.525672,1.4075489,1.2705555,0.34954613,0.04
13,-24.257845,0.5217332,4.6594977,1.5473065,1.4116799,0.3475889,0.04
14,-24.278196,0.53096217,6.1440363,1.8477334,1.3871784,0.34876177,0.04
15,-24.238752,0.51687485,4.2009487,1.3444608,1.3637638,0.339739,0.04
16,-24.248648,0.506738,4.1094046,1.3672314,1.3880876,0.3503687,0.04
17,-24.231054,0.5224175,4.7943587,1.5671654,1.291886,0.36398935,0.04
18,-24.245953,0.5426562,5.1451993,1.5927827,1.3604797,0.38417658,0.04
19,-24.244427,0.54254055,5.666553,1.8928477,1.384705,0.38362607,0.04
20,-24.239004,0.5483314,5.4597883,1.7311988,1.3690901,0.37071756,0.04
21,-24.2208,0.51065147,4.071442,1.3145405,1.400319,0.32495278,0.04
22,-24.248976,0.52899534,4.7168446,1.5186179,1.2957631,0.29401433,0.04
23,-24.241535,0.53313595,4.6992083,1.5240029,1.4320797,0.3563092,0.04
24,-24.251366,0.507577,4.6893454,1.5327064,1.277849,0.29695016,0.04
25,-24.234455,0.5465971,4.651128,1.5229492,1.3987883,0.36432055,0.04
26,-24.259188,0.5095428,5.120453,1.699907,1.3107287,0.33494598,0.04
27,-24.243954,0.52758396,4.7920303,1.5083826,1.3482349,0.37930027,0.04
28,-24.250359,0.51944023,4.500069,1.5498707,1.4516405,0.34937727,0.04
29,-24.251492,0.5188794,4.531782,1.5293096,1.2779487,0.37290886,0.04
30,-24.240995,0.54273665,4.6172223,1.5580989,1.3645207,0.37249506,0.04
31,-24.2633,0.5338828,5.129983,1.6101333,1.3208231,0.34605283,0.04
32,-24.251404,0.5422615,5.15682,1.677008,1.5058304,0.365613,0.04
33,-24.234385,0.52084404,4.2084875,1.4431272,1.4737778,0.33848163,0.04
34,-24.239685,0.53490365,4.999936,1.7343347,1.3421565,0.34315902,0.04
35,-24.258043,0.53037363,4.759965,1.5547411,1.3773003,0.3406766,0.04
36,-24.249931,0.54535884,4.8316126,1.6968335,1.3273225,0.33201557,0.04
37,-24.236317,0.5551558,5.9568057,2.0385733,1.25722,0.31273067,0.04
38,-24.235542,0.533708,5.1933002,1.7430117,1.3271811,0.30690265,0.04
39,-24.231773,0.5210031,5.155729,1.7372813,1.3188918,0.30179444,0.04
40,-24.239773,0.53029466,5.2741914,1.6906798,1.2657055,0.37887636,0.04
41,-24.238579,0.5270043,5.45488,1.7633005,1.3633794,0.3150447,0.04
42,-24.256386,0.51676846,4.570514,1.3734461,1.3471458,0.37596318,0.04
43,-24.247898,0.5157213,4.643228,1.4430968,1.2571676,0.29045314,0.04
44,-24.232456,0.52210367,3.9948611,1.2595721,1.4806925,0.35519326,0.04
45,-24.255873,0.5157339,4.569353,1.4369844,1.2974665,0.26681995,0.04
46,-24.243362,0.48430693,3.9748085,1.2425317,1.2308737,0.28937736,0.04
47,-24.249508,0.5289665,5.452909,1.6589231,1.2790289,0.31668544,0.04
48,-24.256197,0.49694958,5.2010107,1.6519787,1.2150223,0.2894616,0.04
49,-24.241756,0.49170056,4.110915,1.3461789,1.2404841,0.32619706,0.04
50,-24.250328,0.53199655,5.0266137,1.5440463,1.3161888,0.3081038,0.04
51,-24.243116,0.49986497,4.4762487,1.4521651,1.3255175,0.31625164,0.04
52,-24.242828,0.487792,3.9793587,1.2639161,1.3559256,0.35340148,0.04
53,-24.250364,0.5299709,5.033962,1.6014694,1.3418661,0.3410528,0.04
54,-24.251081,0.5161505,4.6509795,1.4635735,1.2611458,0.32331452,0.04
55,-24.250605,0.52009916,4.9509883,1.6629959,1.2104397,0.35093158,0.04
56,-24.266117,0.52044505,4.689701,1.5071695,1.2728416,0.281659,0.04
57,-24.25449,0.51445323,4.6696596,1.5251924,1.2688309,0.29389513,0.04
58,-24.242363,0.505251,4.037177,1.3621488,1.2100195,0.29659244,0.04
59,-24.252789,0.511138,4.5369067,1.3793238,1.306209,0.39254433,0.04
60,-24.24404,0.51890796,5.065538,1.7556214,1.3672239,0.35008827,0.04
61,-24.23769,0.50437176,4.332112,1.3625948,1.2474208,0.31593323,0.04
62,-24.236433,0.5074189,4.3069882,1.3834382,1.2648362,0.29850146,0.04
63,-24.247679,0.51332736,4.7114053,1.5417627,1.2733806,0.30660856,0.04
64,-24.253933,0.5050281,4.0122414,1.2813271,1.3313903,0.33758628,0.04
65,-24.271025,0.50934386,4.5106626,1.4422021,1.2606642,0.2568109,0.04
66,-24.234028,0.48942927,3.9205644,1.235985,1.2708238,0.30691126,0.04
67,-24.2373,0.4826638,3.762992,1.1978596,1.2249657,0.2835811,0.04
68,-24.257261,0.50841194,4.6123586,1.4994967,1.3011682,0.34221768,0.04
69,-24.253157,0.5217786,5.2561107,1.6553162,1.2134705,0.2796527,0.04
70,-24.243382,0.52381545,5.034271,1.6224519,1.3689269,0.31578112,0.04
71,-24.222023,0.51137406,4.9792924,1.671096,1.2497746,0.33855924,0.04
72,-24.25222,0.520592,4.892843,1.5886847,1.2783908,0.32009748,0.04
73,-24.24962,0.5443209,5.0128045,1.641245,1.3542869,0.3474511,0.04
74,-24.235218,0.48947632,3.6883135,1.173999,1.2838472,0.3078431,0.04
75,-24.234478,0.4924866,4.2502103,1.3659725,1.0783316,0.26760772,0.04
76,-24.24461,0.5195307,4.649527,1.5314258,1.314126,0.3192189,0.04
77,-24.232952,0.51417196,4.386707,1.403314,1.2683688,0.3089371,0.04
78,-24.240528,0.5083348,4.414575,1.3464891,1.3473634,0.3382578,0.04
79,-24.242292,0.50188166,4.203591,1.3443451,1.2113024,0.3046291,0.04
80,-24.224358,0.48036963,3.7470372,1.1757189,1.1918054,0.31766793,0.04
81,-24.25569,0.480938,4.030784,1.3135513,1.2606878,0.31837302,0.04
82,-24.241957,0.4834709,3.88161,1.2755212,1.2043104,0.3305377,0.04
83,-24.2579,0.5134571,4.62504,1.4970297,1.2563792,0.28881943,0.04
84,-24.26049,0.526983,4.847162,1.5995139,1.3455988,0.32171524,0.04
85,-24.253778,0.52980417,5.0315633,1.6691785,1.2628633,0.33587563,0.04
86,-24.25928,0.5228811,5.006758,1.6218544,1.2770876,0.33190063,0.04
87,-24.248203,0.50688493,3.9711568,1.3142289,1.3505497,0.3448925,0.04
88,-24.24974,0.53081614,5.096254,1.6388607,1.2937945,0.33088258,0.04
89,-24.264215,0.51720804,4.8208194,1.538686,1.2977061,0.32600626,0.04
90,-24.239422,0.4928209,4.4975204,1.4508947,1.155046,0.29121307,0.04
91,-24.243658,0.5100056,5.012659,1.6129519,1.1556729,0.27805987,0.04
92,-24.243149,0.48808658,4.234315,1.381976,1.2854047,0.28837064,0.04
93,-24.237404,0.47201425,3.8453739,1.2132691,1.1936009,0.31083268,0.04
94,-24.243996,0.51651007,4.6750827,1.5217628,1.2823775,0.31045637,0.04
95,-24.249,0.49248996,4.3615627,1.481361,1.196868,0.27908632,0.04
96,-24.24228,0.48138404,3.82227,1.2907033,1.2945043,0.2965746,0.04
97,-24.241468,0.49159646,4.2965026,1.4831746,1.3006933,0.3423579,0.04
98,-24.246239,0.4955572,4.869016,1.726757,1.1819773,0.26728478,0.04
99,-24.246113,0.49717847,4.6152678,1.526118,1.1854979,0.3040707,0.04
100,-24.219902,0.4960907,4.192615,1.3779582,1.185859,0.29312587,0.04
101,-24.254646,0.4986079,4.588614,1.5031637,1.236396,0.30519116,0.04
102,-24.24459,0.5169416,4.733688,1.580566,1.2295932,0.35348147,0.04
103,-24.237782,0.5172246,5.0548706,1.6109793,1.0956967,0.29610324,0.04
104,-24.245073,0.5121121,4.5645447,1.4979359,1.3165014,0.34476742,0.04
105,-24.235546,0.49235138,4.0267973,1.3414017,1.2092614,0.29630095,0.04
106,-24.25292,0.50087774,4.2549806,1.4080949,1.2224867,0.34124243,0.04
107,-24.230898,0.49859425,3.9426775,1.3335301,1.2216105,0.32821766,0.04
108,-24.233168,0.5017866,4.330823,1.3785344,1.1774256,0.28673077,0.04
109,-24.234707,0.48150775,3.993127,1.2917376,1.155216,0.29326496,0.04
110,-24.251276,0.50873256,4.448269,1.4121977,1.2237028,0.31437272,0.04
111,-24.262053,0.48947316,4.129857,1.3466878,1.2002995,0.30860677,0.04
112,-24.262983,0.49306193,4.5970783,1.4963274,1.2186364,0.29943016,0.04
113,-24.258116,0.5042345,4.4584417,1.4591436,1.2515343,0.29631692,0.04
114,-24.241343,0.48482776,4.493576,1.443437,1.1541121,0.28285116,0.04
115,-24.251143,0.47612527,4.254418,1.4007167,1.0892067,0.2639687,0.04
116,-24.267288,0.5105511,5.8348083,1.8556906,1.2439269,0.3128661,0.04
117,-24.227476,0.49570143,4.862791,1.6820139,1.2003056,0.31666395,0.04
118,-24.263586,0.48380354,4.2016587,1.3713218,1.2301707,0.31211665,0.04
119,-24.272383,0.50957125,5.154236,1.6601948,1.1726497,0.27806038,0.04
120,-24.266617,0.49844003,4.4478693,1.4289255,1.1937002,0.31717277,0.04
121,-24.268719,0.48637974,4.197449,1.4256696,1.2188293,0.301714,0.04
122,-24.254705,0.50439095,4.666837,1.5486758,1.2112797,0.3230601,0.04
123,-24.236563,0.47751692,4.124236,1.3545736,1.2140483,0.32638806,0.04
124,-24.248539,0.49077246,4.265542,1.4139324,1.1368775,0.27296743,0.04
125,-24.244242,0.47814134,4.102402,1.3509476,1.2491561,0.33325762,0.04
126,-24.244856,0.47728062,4.389819,1.4538685,1.1725105,0.3141352,0.04
127,-24.261314,0.48621136,4.3616376,1.5428066,1.2542471,0.3168735,0.04
128,-24.260164,0.52386826,7.066474,2.2345896,1.2208661,0.33301666,0.04
129,-24.25066,0.48001662,4.317751,1.4397087,1.121678,0.2965086,0.04
130,-24.249765,0.48212397,4.5106654,1.5435604,1.2216321,0.32810822,0.04
131,-24.262486,0.5091831,4.6210694,1.5397387,1.2166532,0.29032928,0.04
132,-24.256575,0.50770134,5.1721044,1.7676848,1.1363385,0.27264607,0.04
133,-24.257526,0.49937603,4.616171,1.5445683,1.2320937,0.30648577,0.04
134,-24.234354,0.47093275,3.9639251,1.3464743,1.2764101,0.36229742,0.04
135,-24.270285,0.49983957,4.727559,1.6465398,1.1604292,0.31401056,0.04
136,-24.240986,0.49552527,4.3522706,1.5161235,1.1198548,0.30429894,0.04
137,-24.236279,0.4988404,4.373212,1.4819471,1.1947436,0.3365095,0.04
138,-24.256296,0.48640954,4.1555786,1.4229461,1.1634781,0.28387454,0.04
139,-24.293753,0.52092093,5.323832,1.7733682,1.1654105,0.31022826,0.04
140,-24.250723,0.51206243,5.315249,1.8220595,1.17086,0.31268165,0.04
141,-24.233614,0.5103753,4.789825,1.5210686,1.1982017,0.29692093,0.04
142,-24.230476,0.49914038,4.5138154,1.4751595,1.1737348,0.30046463,0.04
143,-24.273323,0.51905423,5.4009843,1.6602223,1.1346997,0.24793176,0.04
144,-24.233295,0.5030049,5.1236267,1.7245035,1.1875585,0.29059073,0.04
145,-24.228264,0.49448898,4.855992,1.5993652,1.0748327,0.28418058,0.04
146,-24.242226,0.5126079,4.6999507,1.6457577,1.1736076,0.30516028,0.04
147,-24.230572,0.48724732,4.472974,1.5000272,1.2729268,0.29103103,0.04
148,-24.239082,0.49529487,4.992274,1.5929823,1.1136867,0.32837498,0.04
149,-24.22571,0.52785397,5.680487,1.8768703,1.113792,0.2824053,0.04
150,-24.232855,0.4857105,4.2091293,1.3784789,1.0676333,0.2511914,0.04
151,-24.219213,0.48248956,4.1173573,1.3083522,1.1053889,0.2932844,0.04
152,-24.256788,0.4936897,4.406337,1.4639904,1.1217421,0.26572075,0.04
153,-24.247921,0.5165467,5.0668426,1.7044669,1.163747,0.30754668,0.04
154,-24.230618,0.50947815,4.632298,1.57952,1.027007,0.2574009,0.04
155,-24.216946,0.48324576,3.920163,1.2617881,1.1491569,0.282479,0.04
156,-24.2662,0.522758,6.152301,2.0714762,1.125721,0.2829003,0.04
157,-24.251598,0.53126407,5.372647,1.7174529,1.1611619,0.34877735,0.04
158,-24.232548,0.5009539,4.4742208,1.4151511,1.0951675,0.25897506,0.04
159,-24.226044,0.5069095,4.5631366,1.4863875,1.1199231,0.2847409,0.04
160,-24.222963,0.52813095,4.717841,1.5264608,1.0995195,0.3028954,0.04
161,-24.21727,0.49670553,4.222252,1.3680276,1.0793223,0.2665485,0.04
162,-24.245718,0.5272652,4.91515,1.6245443,1.1140945,0.3095158,0.04
163,-24.233328,0.4991475,4.4637394,1.4547753,1.137314,0.27081987,0.04
164,-24.25705,0.50236803,4.656323,1.6125515,1.0727576,0.2678216,0.04
165,-24.207233,0.4931176,4.134945,1.3457586,1.1585915,0.32851636,0.04
166,-24.222166,0.48078007,4.317393,1.5432441,1.0818735,0.27973711,0.04
167,-24.22929,0.504153,4.8173146,1.6192851,1.0370624,0.28129786,0.04
168,-24.251688,0.51066285,5.0597835,1.6848733,1.0821801,0.2661413,0.04
169,-24.247272,0.50062925,4.99175,1.6458532,1.080479,0.25038767,0.04
170,-24.22355,0.5117721,4.741041,1.577296,1.20631,0.3119865,0.04
171,-24.249586,0.50889593,4.621479,1.5436025,1.1421142,0.24807975,0.04
172,-24.244284,0.5050085,4.608242,1.5221395,1.1422352,0.28953892,0.04
173,-24.262543,0.5147106,5.093161,1.649731,1.128871,0.29976413,0.04
174,-24.234488,0.51647055,4.9330306,1.6422232,1.1438838,0.28638077,0.04
175,-24.258215,0.5147332,4.910097,1.5631665,1.1828266,0.28995135,0.04
176,-24.235535,0.5179924,5.2495694,1.7795595,1.042929,0.26488128,0.04
177,-24.24606,0.5264022,5.03535,1.7164558,1.1268622,0.2918124,0.04
178,-24.235403,0.5072692,4.331636,1.4173521,1.1269119,0.2799975,0.04
179,-24.213867,0.47650602,3.9142108,1.2861462,1.0925426,0.27651465,0.04
180,-24.241201,0.5401811,5.3439045,1.7205579,1.1384107,0.3124854,0.04
181,-24.246489,0.53540593,5.5282483,1.8676507,1.1106626,0.26706052,0.04
182,-24.24324,0.52546793,5.072116,1.5853659,1.0012914,0.25936928,0.04
183,-24.217371,0.5037932,4.2300177,1.3722209,1.164234,0.30912554,0.04
184,-24.225046,0.5145669,4.7069154,1.4665906,1.140296,0.2908727,0.04
185,-24.232088,0.50179416,4.1962075,1.3576738,1.1419798,0.30211207,0.04
186,-24.23084,0.48313215,3.8966846,1.2735254,1.1005588,0.3182173,0.04
187,-24.2313,0.5031608,4.5085616,1.4841034,1.1384816,0.28789207,0.04
188,-24.246773,0.5123703,5.124392,1.658039,1.0845343,0.32845208,0.04
189,-24.251213,0.50031656,4.485279,1.50647,1.1696892,0.2996376,0.04
190,-24.225687,0.4825874,3.8535497,1.2995675,1.0770397,0.2514348,0.04
191,-24.26331,0.50269526,4.9703,1.6541867,1.0499237,0.25364885,0.04
192,-24.244183,0.53447753,5.825361,1.8186537,1.05637,0.26061493,0.04
193,-24.207247,0.46931398,4.2263308,1.4096738,1.106328,0.25089794,0.04
194,-24.244015,0.5315829,5.033527,1.6535681,1.1399457,0.2916453,0.04
195,-24.242159,0.50766796,4.4635916,1.4561659,1.0998492,0.2459674,0.04
196,-24.235762,0.47582734,4.017915,1.3147418,1.1039176,0.30240032,0.04
197,-24.223354,0.4864273,4.2406707,1.4017913,1.1429144,0.2742191,0.04
198,-24.228594,0.4794632,3.8460808,1.2619138,1.1126088,0.27898738,0.04
199,-24.262129,0.49487785,4.4453435,1.5197791,1.059606,0.25606626,0.04
200,-24.259855,0.5046501,4.6078453,1.5133157,1.1136371,0.24761021,0.04
201,-24.23264,0.49318445,4.3733606,1.5275447,1.1606293,0.28563866,0.04
202,-24.229116,0.512924,4.5843086,1.5193691,1.1491559,0.26845828,0.04
203,-24.240923,0.5006087,4.602385,1.4915868,1.0956826,0.3282038,0.04
204,-24.25234,0.5020798,4.5648994,1.5184426,0.9924416,0.2509697,0.04
205,-24.242058,0.47804365,3.9535916,1.3145365,1.1184852,0.28551668,0.04
206,-24.235285,0.49203864,5.235464,1.9610884,1.1157656,0.26212284,0.04
207,-24.249832,0.47386932,4.5587697,1.4544995,0.98921186,0.23968756,0.04
208,-24.23788,0.4754922,4.268199,1.4179661,1.0835743,0.2718748,0.04
209,-24.255133,0.4770902,3.98114,1.3155833,1.1198677,0.319163,0.04
210,-24.255442,0.5072393,4.93598,1.6957315,1.1203669,0.26425666,0.04
211,-24.247025,0.48798764,4.7559314,1.5282634,1.0428392,0.2707236,0.04
212,-24.241035,0.45645863,3.7140634,1.2438095,1.0575567,0.26624116,0.04
213,-24.252703,0.50241524,4.7892356,1.5554172,1.134225,0.3066562,0.04
214,-24.234442,0.46991047,4.05676,1.3642632,1.0997714,0.27872726,0.04
215,-24.241772,0.4814206,4.229557,1.4914626,1.1875924,0.27004114,0.04
216,-24.235497,0.48055664,4.0744042,1.3337046,1.1022772,0.28666425,0.04
217,-24.24281,0.48883158,4.4093976,1.4666537,1.0906031,0.3074973,0.04
218,-24.236605,0.4861458,4.3994846,1.4753877,1.1451647,0.23125905,0.04
219,-24.244097,0.47689727,4.283057,1.3931823,1.0559613,0.2489247,0.04
220,-24.262976,0.49060315,4.451473,1.5058312,1.1742537,0.36118135,0.04
221,-24.242283,0.47436675,4.405691,1.4823005,1.0567826,0.258433,0.04
222,-24.270037,0.49623513,5.318394,1.8339269,0.93817335,0.23853417,0.04
223,-24.254786,0.48143476,4.8493443,1.6236765,1.011379,0.2982267,0.04
224,-24.238354,0.46859097,4.014731,1.3162553,1.0864695,0.25707924,0.04
225,-24.250086,0.47081846,3.8334124,1.3026373,1.1216711,0.30052647,0.04
226,-24.266098,0.49729925,4.9448843,1.5618325,1.1578524,0.283793,0.04
227,-24.239525,0.4841033,4.477492,1.5239953,1.0515283,0.27710047,0.04
228,-24.244944,0.48670113,4.3234262,1.4472635,1.1489711,0.26722705,0.04
229,-24.246214,0.47125256,4.057514,1.3067632,1.0702564,0.28597438,0.04
230,-24.252897,0.4824225,4.6313896,1.6105577,1.1889893,0.29226375,0.04
231,-24.236761,0.48786587,4.392582,1.4341533,1.0622824,0.26195508,0.04
232,-24.26664,0.4925793,5.0701394,1.8081244,1.0257449,0.25564337,0.04
233,-24.268766,0.50601804,4.7744923,1.5761293,1.1345354,0.2735651,0.04
234,-24.255487,0.5002063,4.4008045,1.4615855,1.1620635,0.3217447,0.04
235,-24.20907,0.48201856,4.069457,1.3482467,1.023811,0.2728554,0.04
236,-24.231544,0.48153743,4.200455,1.4281029,1.0731956,0.27493808,0.04
237,-24.232735,0.47615835,4.05749,1.3697304,1.124721,0.26340964,0.04
238,-24.2369,0.48197547,4.192759,1.4083066,1.0280086,0.25229928,0.04
239,-24.23802,0.47455373,4.290334,1.4829999,1.0745351,0.23010279,0.04
240,-24.217707,0.47372755,4.0188365,1.3852937,1.0502716,0.22549407,0.04
241,-24.235231,0.4780508,4.184199,1.4342449,1.1491708,0.25308332,0.04
242,-24.220068,0.47581854,4.0967135,1.3074814,0.97765565,0.2570855,0.04
243,-24.232954,0.4837724,4.5013447,1.3958832,0.9771053,0.2392485,0.04
244,-24.239046,0.48957056,4.641769,1.4189287,1.0706183,0.31291613,0.04
245,-24.248644,0.49680883,4.4064946,1.4510688,1.0319823,0.26360127,0.04
246,-24.236052,0.4969489,4.693744,1.5650929,0.9902772,0.24049726,0.04
247,-24.249344,0.51724744,4.85796,1.5925766,1.0719763,0.28829873,0.04
248,-24.24596,0.49996433,4.75075,1.5549575,0.9471905,0.23134992,0.04
249,-24.22405,0.49066624,4.8752966,1.6379211,0.981924,0.2746306,0.04
250,-24.255753,0.5182901,5.2463007,1.6996912,0.99922115,0.2713515,0.04
251,-24.239315,0.49934417,4.39669,1.4240739,1.0687075,0.2563674,0.04
252,-24.230007,0.4880987,4.1925974,1.3935515,1.0161293,0.24237554,0.04
253,-24.231962,0.5054179,4.882788,1.5765562,1.0449591,0.26687935,0.04
254,-24.22222,0.45216992,3.6978495,1.2060497,1.0108869,0.2714506,0.04
255,-24.254126,0.49322042,5.003704,1.5961432,0.9596725,0.2572539,0.04
256,-24.246628,0.4918545,4.701537,1.5027046,0.98555595,0.23330995,0.04
257,-24.241695,0.48744503,4.417476,1.4261926,0.9684674,0.2333822,0.04
258,-24.23838,0.49324492,4.442375,1.4518203,1.0932662,0.27361533,0.04
259,-24.238289,0.4769286,4.22179,1.3620933,1.0565575,0.27273554,0.04
260,-24.246073,0.47574413,4.449583,1.5335921,1.0351117,0.23206948,0.04
261,-24.229176,0.49608427,4.5090246,1.5164361,1.0764558,0.2820944,0.04
262,-24.229366,0.47857845,4.3242803,1.3922943,1.0181136,0.24797639,0.04
263,-24.233572,0.5114966,4.7428083,1.5523981,1.1477774,0.27016866,0.04
264,-24.23314,0.5037636,4.818104,1.6257606,1.0989245,0.29766145,0.04
265,-24.23723,0.52183545,6.1793995,2.116994,1.2088553,0.31829497,0.04
266,-24.224575,0.511932,5.033634,1.6112822,1.1269556,0.33018994,0.04
267,-24.24752,0.5093102,5.190272,1.6741577,1.1229497,0.2914592,0.04
268,-24.22231,0.5050313,5.0844946,1.6396344,1.0918562,0.27280578,0.04
269,-24.249117,0.5036055,4.6208067,1.5182239,1.0710692,0.28976324,0.04
270,-24.261639,0.52270114,5.544293,1.8138167,1.0018865,0.2384987,0.04
271,-24.218374,0.49239156,4.343295,1.4433979,1.037459,0.26895526,0.04
272,-24.223133,0.4939982,4.3006334,1.4282701,0.9627113,0.25953913,0.04
273,-24.247036,0.5285525,5.808245,1.9744102,1.1384859,0.26073486,0.04
274,-24.226456,0.51259214,4.655078,1.5809727,1.032042,0.22607699,0.04
275,-24.228754,0.49133384,4.1274414,1.3538716,1.1127006,0.25867358,0.04
276,-24.253084,0.5350552,6.1552525,1.9593469,1.0908909,0.2803087,0.04
277,-24.233217,0.51628923,5.205631,1.725597,1.1088649,0.28351888,0.04
278,-24.228989,0.49481595,4.6903563,1.5997049,1.1605716,0.31084603,0.04
279,-24.241163,0.5073271,5.5755143,1.860023,1.0917908,0.28769866,0.04
280,-24.245567,0.4941711,4.629347,1.5060494,1.0055372,0.28573474,0.04
281,-24.249453,0.5148746,4.768253,1.5929841,1.02738,0.26065955,0.04
282,-24.230879,0.4883126,4.503312,1.5094653,1.0069656,0.2483548,0.04
283,-24.256882,0.50291353,4.6866865,1.5953944,1.0682312,0.27497324,0.04
284,-24.24071,0.4920706,4.5746846,1.535953,1.0595787,0.25931844,0.04
285,-24.21873,0.48666674,4.3442526,1.4387671,1.0541803,0.23555419,0.04
286,-24.232283,0.49251086,4.464077,1.5163896,1.051092,0.26446936,0.04
287,-24.230093,0.49876422,4.766309,1.6089324,1.0711176,0.27405885,0.04
288,-24.223976,0.49582398,4.3664384,1.4598694,1.1308187,0.2724805,0.04
289,-24.222906,0.51167786,4.9166636,1.5951538,1.1297286,0.26069364,0.04
290,-24.239782,0.49733067,5.364137,1.8715253,1.1102549,0.25855017,0.04
291,-24.236027,0.49430963,4.682904,1.5857142,1.0191728,0.25836363,0.04
292,-24.235266,0.47287214,3.9638166,1.3756635,1.0934825,0.24674247,0.04
293,-24.211992,0.45298797,3.6279552,1.257919,1.1362839,0.27002615,0.04
294,-24.24545,0.48797768,4.5245156,1.498523,0.9631924,0.28618884,0.04
295,-24.22992,0.47520438,3.991388,1.3703316,1.0817196,0.24606015,0.04
296,-24.244804,0.48317143,4.3932643,1.4772475,1.0351514,0.2393706,0.04
297,-24.25066,0.47195062,4.4029293,1.463405,1.0857155,0.28390202,0.04
298,-24.237122,0.47201017,4.2795043,1.4646782,0.9915605,0.30275607,0.04
299,-24.242067,0.48847646,4.540743,1.5160078,1.0310775,0.27910575,0.04
300,-24.246891,0.49864814,4.9953446,1.6395137,1.0526516,0.25966364,0.04
301,-24.253769,0.4816358,4.3701158,1.4541914,0.989797,0.23535216,0.04
302,-24.243872,0.47709763,4.3931193,1.5106465,0.99709684,0.26109797,0.04
303,-24.267157,0.50600225,5.293761,1.7659825,0.9955402,0.23119655,0.04
304,-24.256886,0.4988278,4.7767344,1.6181275,1.1584363,0.2782709,0.04
305,-24.237179,0.47715777,4.454724,1.5100077,1.0511304,0.2690411,0.04
306,-24.24321,0.4964781,4.8213162,1.6847398,1.035408,0.2558211,0.04
307,-24.250181,0.49595353,4.559354,1.5176425,1.0335851,0.27373287,0.04
308,-24.24755,0.47672084,4.29488,1.5264277,1.0060748,0.25688916,0.04
309,-24.252037,0.4903107,4.791705,1.698671,1.0686122,0.28285438,0.04
310,-24.239355,0.48200542,4.3043838,1.4549884,1.0775787,0.26278055,0.04
311,-24.227644,0.46841383,3.9740403,1.3706284,1.1023705,0.23917836,0.04
312,-24.227352,0.47682083,4.247218,1.4466463,0.99071825,0.24129812,0.04
313,-24.24471,0.5028654,4.6415267,1.5709682,1.1459429,0.29365617,0.04
314,-24.245867,0.46931142,4.26381,1.4665442,0.9177726,0.21558475,0.04
315,-24.25136,0.47146487,4.4822493,1.5262942,0.95077074,0.21878974,0.04
316,-24.226738,0.47496873,3.988816,1.3821055,1.1024336,0.28110373,0.04
317,-24.25351,0.48183024,4.700795,1.5564216,0.9962122,0.2556646,0.04
318,-24.248024,0.48540208,4.454235,1.5635958,0.903424,0.24509072,0.04
319,-24.253796,0.5011195,4.726061,1.5937287,1.0068247,0.25400662,0.04
320,-24.199656,0.48290443,3.8894079,1.3279527,0.94296986,0.26155815,0.04
321,-24.235039,0.4816589,4.39844,1.521957,0.9124349,0.22742154,0.04
322,-24.23802,0.4819599,4.548053,1.5050422,0.97359884,0.23244785,0.04
323,-24.23291,0.46231696,4.1813664,1.4337195,0.93889236,0.2304566,0.04
324,-24.249939,0.49230918,4.5423827,1.6030428,1.0359627,0.25732768,0.04
325,-24.238335,0.49044347,4.325586,1.4743997,1.0495194,0.26143903,0.04
326,-24.243824,0.49098572,4.7174497,1.6343161,0.9846515,0.2628056,0.04
327,-24.241396,0.4860708,4.9033957,1.7012316,0.95472825,0.22878675,0.04
328,-24.236996,0.47388622,4.2812095,1.4984181,0.97035205,0.25419652,0.04
329,-24.271738,0.49895346,4.8225217,1.6969714,0.924408,0.25015575,0.04
330,-24.255096,0.49717376,4.7122374,1.6199899,1.0237292,0.311366,0.04
331,-24.243301,0.502141,4.8062577,1.6799347,0.9974679,0.22429587,0.04
332,-24.232388,0.5180156,5.5298514,1.8590702,1.0225465,0.24733603,0.04
333,-24.238468,0.50596833,5.110746,1.849886,0.98904693,0.24776964,0.04
334,-24.233324,0.5072224,4.833471,1.749572,1.0631413,0.2272971,0.04
335,-24.214891,0.49421278,4.6811557,1.6840072,1.0301155,0.27189752,0.04
336,-24.227577,0.51812524,4.866483,1.7248018,1.0550596,0.27436334,0.04
337,-24.25168,0.50627553,4.9676037,1.7839584,0.9400191,0.28209418,0.04
338,-24.240454,0.5054833,4.9281907,1.7292726,1.0014597,0.24941899,0.04
339,-24.209864,0.4968869,4.7052417,1.6585853,1.0824964,0.26751631,0.04
340,-24.22898,0.50787795,4.7851696,1.7232158,1.0571394,0.24987377,0.04
341,-24.238707,0.52194035,5.19221,1.8276852,1.0563539,0.21374673,0.04
342,-24.228714,0.5209824,5.2323437,1.8678653,1.0888658,0.25180057,0.04
343,-24.21828,0.5041992,5.136322,1.9239817,1.0598521,0.27862865,0.04
344,-24.216778,0.53592634,5.5402884,1.9931154,1.085948,0.27419087,0.04
345,-24.234156,0.5616022,6.331739,2.2858272,1.0794744,0.26082525,0.04
346,-24.226389,0.57204074,6.5415573,2.3435729,1.0680027,0.27768221,0.04
347,-24.216413,0.60272455,7.4807615,2.6474082,1.0595126,0.23974328,0.04
348,-24.175087,0.6104439,8.101152,2.8748968,1.188331,0.2767893,0.04
349,-24.185934,0.6610513,9.370396,3.3694844,1.2676656,0.3635179,0.04
350,-24.139921,0.724857,11.553899,4.1001525,1.1992489,0.32629362,0.04
351,-24.135479,0.8295783,14.682541,5.1285486,1.3893634,0.34842548,0.04
352,-24.01159,1.0444815,21.826391,7.475251,1.3779056,0.33478075,0.04
353,-23.759394,1.4560184,37.497066,12.299326,1.9139657,0.48460808,0.04
354,-22.75223,2.3401759,74.37908,23.06948,3.2190044,0.8643411,0.04
355,-19.925043,3.8957078,109.4532,33.640232,5.440833,1.3138548,0.04
356,-17.760082,5.2914147,76.580315,24.144367,7.3789783,1.8992641,0.04
357,-16.850462,5.811287,66.28141,22.116224,8.924018,1.907644,0.04
358,-16.345184,6.241172,77.861885,25.665642,6.274606,1.2359978,0.04
359,-16.078247,8.013061,86.27665,27.682291,6.820604,2.0585217,0.04
360,-15.625342,9.715133,96.387726,31.11838,7.4608064,2.5708778,0.04
361,-14.7033825,8.893357,69.37895,22.84723,5.4786873,1.5442564,0.04
362,-14.0422535,6.5400743,62.742935,20.506592,3.9468923,0.79827094,0.04
363,-13.573062,5.1639585,36.572914,11.474287,2.931884,0.9362614,0.04
364,-13.416245,3.2647257,26.719383,8.546298,1.7668226,0.4636556,0.04
365,-13.619102,3.5620508,31.66457,10.156518,3.02471,0.70418,0.04
366,-13.784535,3.0032308,28.2885,8.881794,1.4769491,0.3411906,0.04
367,-13.900692,3.5032156,35.31622,11.164214,1.9432828,0.5157433,0.04
368,-13.823791,3.3538582,30.713497,9.710893,1.8167506,0.4400569,0.04
369,-13.848358,3.4792135,32.668964,10.159528,2.6011446,0.5759255,0.04
370,-13.915503,3.5852807,35.84132,11.365545,1.2692965,0.24476503,0.04
371,-13.824683,3.7906835,34.36884,10.986924,2.1183155,0.63406414,0.04
372,-13.8891115,3.803639,37.383327,11.749886,1.8428301,0.70303744,0.04
373,-13.753442,3.4949472,31.311966,9.789056,0.71267295,0.26559988,0.04
374,-13.647871,3.3452926,29.009485,9.037816,1.4094898,0.2976536,0.04
375,-13.7235565,3.5575862,31.5297,9.902131,1.739484,0.5452579,0.04
376,-13.903124,3.529438,33.660168,10.7071495,1.1060365,0.34947804,0.04
377,-13.721838,3.2232223,28.232725,8.978485,1.2814918,0.30575138,0.04
378,-13.791582,3.2965314,29.971329,9.412352,1.3768479,0.2779325,0.04
379,-13.744186,3.2962058,28.28616,8.916458,1.668018,0.5847485,0.04
380,-13.8345785,3.3081543,30.211298,9.424018,2.1502218,0.59825873,0.04
381,-13.918756,3.522504,35.305454,11.019876,1.6594162,0.5401554,0.04
382,-13.896657,3.7220562,35.341457,11.056982,1.5534059,0.3681436,0.04
383,-13.971592,4.2061,41.1549,13.021574,2.1070433,0.6115791,0.04
384,-13.854746,3.9711397,38.378944,12.141714,2.4494283,0.56671697,0.04
385,-13.781835,3.951716,36.80157,11.427615,1.1900537,0.39005923,0.04
386,-13.762907,3.9162989,35.591293,11.06524,1.6314766,0.55460155,0.04
387,-13.610693,3.373545,28.13765,8.667598,0.98683035,0.3486013,0.04
388,-13.704341,3.2353945,28.840494,8.792284,1.7546047,0.5276667,0.04
389,-13.783453,3.3655941,31.313927,9.6745205,1.5451628,0.42080164,0.04
390,-13.817017,3.6036198,34.229416,10.80088,1.2105011,0.1720591,0.04
391,-13.704949,3.2037551,27.31255,8.691371,1.4571637,0.5029899,0.04
392,-13.888247,3.4804745,34.54922,10.787731,1.4972078,0.5418485,0.04
393,-13.789458,3.5561535,33.16783,10.320855,1.2727865,0.27741897,0.04
394,-13.669749,3.133566,26.580465,8.242631,1.3400997,0.5088083,0.04
395,-13.713272,3.0530453,26.919592,8.309126,0.90338314,0.25763136,0.04
396,-13.868273,3.3490078,32.564926,10.191678,1.2596995,0.2743734,0.04
397,-13.897521,3.5654461,34.34871,10.86252,0.758723,0.20192234,0.04
398,-13.849799,3.5909562,32.662132,10.046651,0.8937439,0.20419404,0.04
399,-13.74073,3.4818814,30.698437,9.71082,1.6191007,0.38868147,0.04
400,-13.777851,3.5220537,31.70295,9.906847,1.5270916,0.3634251,0.04
401,-13.706497,3.3073757,28.375408,8.8235655,0.72915477,0.20963135,0.04
402,-13.846056,3.7070608,35.583347,10.968013,1.714645,0.45225918,0.04
403,-13.698874,3.3801885,29.155752,9.065839,0.39655933,0.10936102,0.04
404,-13.694293,3.2777765,28.225695,8.7872095,0.73943466,0.20727111,0.04
405,-13.732325,3.2720556,29.648575,9.294119,0.51607233,0.1333504,0.04
406,-13.720558,3.1693451,28.109169,8.873906,0.96870995,0.30903068,0.04
407,-13.837074,2.9850883,29.208597,9.215448,1.4862763,0.45195624,0.04
408,-13.9267025,3.3255873,33.059196,10.149056,0.86864746,0.28297776,0.04
409,-13.947324,3.7224238,35.529976,11.03673,1.297884,0.2989999,0.04
410,-13.787107,3.7122762,32.328964,10.218011,1.3039926,0.36621386,0.04
411,-13.783212,3.4033678,31.165543,9.703691,1.6506618,0.4002173,0.04
412,-13.70735,3.2256293,28.111448,9.002568,0.8323208,0.2360622,0.04
413,-13.793056,3.4338846,31.507359,9.727357,1.522711,0.38144058,0.04
414,-13.770498,3.1068578,28.630047,8.883055,0.9605446,0.19994117,0.04
415,-13.813317,3.264323,31.314222,9.841129,0.79270166,0.1822254,0.04
416,-13.794289,3.3371694,31.496607,9.734429,0.5353626,0.1265168,0.04
417,-13.73292,3.4439478,30.80624,9.527492,1.2820332,0.34359396,0.04
418,-13.698406,3.3968656,29.943409,9.356917,0.8140512,0.20512868,0.04
419,-13.684931,3.3757799,29.064272,9.070369,1.2563056,0.29362363,0.04
420,-13.7122345,3.4007196,30.289736,9.223346,1.0237093,0.35801998,0.04
421,-13.735892,3.2829037,29.14867,8.977702,0.88791716,0.31991827,0.04
422,-13.828486,3.4868653,33.532314,10.363855,1.7654989,0.42660677,0.04
423,-13.819143,3.258075,29.620512,9.196905,0.82107735,0.2742423,0.04
424,-13.797918,3.3100204,29.683027,9.180503,0.87439525,0.2240575,0.04
425,-13.718728,3.0442383,26.053173,8.173094,0.33688474,0.07748825,0.04
426,-13.833839,3.1038883,28.119501,8.843026,1.0165677,0.23180874,0.04
427,-13.863303,3.30369,31.087618,9.68158,0.89983904,0.291789,0.04
428,-13.791992,3.330868,29.4451,9.244357,0.96587235,0.19472209,0.04
429,-13.73777,3.2942524,29.842001,9.205707,1.2021334,0.29954034,0.04
430,-13.886638,3.3334632,32.502537,10.015073,0.94002056,0.30540875,0.04
431,-13.8282795,3.6434278,34.513737,10.982231,1.1328249,0.34566212,0.04
432,-13.806072,3.7459311,35.10249,11.108884,0.85812795,0.20050871,0.04
433,-13.698037,3.691136,31.299059,9.805605,0.41664878,0.12021362,0.04
434,-13.716861,3.7136743,32.97897,10.243492,0.40524897,0.0836389,0.04
435,-13.690823,3.4751,30.960001,9.704214,0.50456834,0.16086502,0.04
436,-13.709996,3.3605418,30.144932,9.509987,1.3932709,0.35470542,0.04
437,-13.726452,3.2864602,29.201193,8.977483,0.6839947,0.21329865,0.04
438,-13.795285,3.4060183,32.446102,10.179799,0.5777036,0.11397369,0.04
439,-13.690489,3.1313913,26.409227,8.209716,0.8848235,0.1691056,0.04
440,-13.771758,3.2183635,29.402046,9.146716,0.17552923,0.048547845,0.04
441,-13.82557,3.4146476,31.192896,9.66971,0.9069231,0.20037536,0.04
442,-13.761392,3.2356598,28.683828,8.967885,1.2772137,0.345135,0.04
443,-13.78249,3.3893754,30.74587,9.688325,0.18345644,0.046460148,0.04
444,-13.86609,3.557557,33.920773,10.631411,0.40901795,0.11993156,0.04
445,-13.841965,3.8524241,36.07077,11.265362,1.3570274,0.28319603,0.04
446,-13.663499,3.5572073,30.245737,9.542126,0.5063601,0.08752539,0.04
447,-13.672395,3.1653862,26.343758,8.231047,1.0249168,0.19997025,0.04
448,-13.740117,3.1707335,28.712585,8.884689,0.80526674,0.1711624,0.04
449,-13.809395,3.477317,31.98073,9.954885,1.0977349,0.2389778,0.04
450,-13.760668,3.4821744,31.71331,9.833098,1.2568585,0.37170553,0.04
451,-13.7843275,3.588454,32.831444,10.389526,0.95473045,0.12973927,0.04
452,-13.815116,3.556057,32.369263,10.250954,1.6399386,0.5019056,0.04
453,-13.762148,3.6634037,32.16797,10.064572,1.1493539,0.21301803,0.04
454,-13.733877,3.3121781,27.869806,8.699712,0.63750714,0.15646607,0.04
455,-13.830265,3.4685924,31.964647,9.755978,0.43673477,0.13652213,0.04
456,-13.70018,3.121677,25.690298,8.146266,0.5661434,0.113832325,0.04
457,-13.890105,3.326042,31.048018,9.718184,0.42742053,0.11584548,0.04
458,-13.974494,3.7206573,36.045795,11.121099,1.1639929,0.23622656,0.04
459,-13.821358,3.6655629,32.58582,10.045143,1.0305641,0.2569945,0.04
460,-13.777676,4.178889,31.791954,9.900081,3.4641187,1.1853789,0.04
461,-13.855365,3.3812017,29.14143,9.041525,0.7282063,0.24259284,0.04
462,-13.843269,3.4074788,29.595953,9.2817135,1.2714189,0.3347873,0.04
463,-13.961403,3.43312,30.723532,9.446913,1.693376,0.392709,0.04
464,-13.947266,3.668145,31.90176,9.853933,3.1606412,0.93008506,0.04
465,-14.030115,3.6385622,36.55801,11.20847,1.0542712,0.20827389,0.04
466,-13.864748,3.4255998,30.36793,9.446075,0.8196748,0.23501037,0.04
467,-13.821688,3.3676898,29.400091,8.950643,1.3549438,0.39067733,0.04
468,-13.974377,3.5294049,32.402912,9.984276,1.0010504,0.3276371,0.04
469,-13.968916,3.8980958,35.58865,10.895935,1.5159495,0.2827429,0.04
470,-13.94151,3.754699,34.752308,10.8250265,0.7768135,0.23807305,0.04
471,-13.948867,4.063426,38.8998,11.982212,0.7103489,0.17555678,0.04
472,-13.760889,3.9381266,33.472847,10.571904,1.1687526,0.3615707,0.04
473,-13.694668,3.4224315,26.145844,8.102232,1.2641863,0.3579108,0.04
474,-13.8804865,3.406776,30.072805,9.234212,1.4200422,0.29809657,0.04
475,-13.947219,3.5050023,32.23331,9.901559,1.0734055,0.26665086,0.04
476,-13.768888,3.3161786,27.056087,8.506896,0.5580089,0.17157958,0.04
477,-13.88963,3.493717,31.267555,9.71786,0.55826956,0.17639673,0.04
478,-13.874094,3.6545625,33.09943,10.44885,1.1069763,0.26450282,0.04
479,-13.894108,3.6885033,33.376102,10.324476,0.99931574,0.26138565,0.04
480,-13.796059,3.4415414,28.957914,8.962488,0.61074454,0.16840725,0.04
481,-13.743846,3.2623143,26.525122,8.143087,0.74665016,0.21604535,0.04
482,-13.798968,3.4050555,30.367474,9.107275,0.7396164,0.2823321,0.04
483,-13.759328,3.2963202,28.02995,8.586279,0.64500207,0.19674325,0.04
484,-13.8122635,3.207084,27.31847,8.589314,0.9304746,0.1953935,0.04
485,-13.852595,3.2439573,28.652954,8.868152,0.7138618,0.24573545,0.04
486,-13.779221,3.2310302,27.363958,8.379779,0.80006313,0.18857266,0.04
487,-13.900998,3.509441,32.432003,9.98177,0.74928784,0.16062534,0.04
488,-13.705575,3.2838569,26.244339,8.115308,0.95417297,0.30386394,0.04
489,-13.780987,3.2794964,28.578184,8.940476,0.9260315,0.2003772,0.04
490,-13.777528,3.2655413,28.215393,8.697801,1.2820599,0.25056165,0.04
491,-13.877595,3.3205895,30.453608,9.252025,1.1720089,0.24304874,0.04
492,-13.819312,3.1903625,27.8162,8.725908,0.14882189,0.04664412,0.04
493,-13.781582,3.1985781,27.434872,8.384356,0.8572847,0.25205326,0.04
494,-13.829433,3.1962087,27.73523,8.614548,0.6269085,0.15572204,0.04
495,-13.88335,3.3389554,29.444418,8.995731,0.9285549,0.22317897,0.04
496,-13.803324,3.2919986,28.456282,8.804052,1.1612043,0.3885061,0.04
497,-13.807624,3.3122518,29.036703,8.869953,0.40896374,0.09982858,0.04
498,-13.846413,3.4918878,30.222439,9.397236,1.1063638,0.4647827,0.04
499,-13.76331,3.3298583,28.874731,8.859204,1.1543744,0.34615546,0.04
500,-13.85849,3.4024944,30.523079,9.539165,1.4836986,0.25023204,0.04
501,-13.922937,3.4093738,32.032883,9.987116,0.41948912,0.14800477,0.04
502,-13.731994,3.1604738,25.878088,8.006043,0.7435845,0.18942584,0.04
503,-13.794777,3.7505858,29.451658,9.095677,3.0469387,0.7294125,0.04
504,-14.000638,3.1021092,32.41939,10.058726,0.7513112,0.28342882,0.04
505,-13.99333,3.531209,36.28379,11.169969,0.78850174,0.17598021,0.04
506,-13.972731,4.036834,38.953327,11.924501,0.34924617,0.14739747,0.04
507,-13.70933,3.8840008,31.745724,9.875179,0.3932513,0.08322567,0.04
508,-13.620611,3.5804284,28.988928,9.070902,0.61947906,0.243342,0.04
509,-13.679028,3.132564,25.916367,8.00991,0.5525897,0.17883429,0.04
510,-13.767858,3.0725348,26.899504,8.24359,0.84888095,0.2162206,0.04
511,-13.693613,2.982954,25.010546,7.5742555,0.5092526,0.1393705,0.04
512,-13.867531,3.068111,28.049776,8.634195,0.923873,0.21437429,0.04
513,-13.752274,3.0606742,26.22429,8.143181,1.3602533,0.4206321,0.04
514,-13.843414,3.1355898,28.128126,8.876379,1.1268975,0.28223073,0.04
515,-13.854355,3.069289,27.91982,8.77089,0.88671124,0.2967384,0.04
516,-13.931532,3.478707,33.392838,10.397461,0.89194477,0.3398841,0.04
517,-13.82673,3.5127978,30.622007,9.51423,0.7561872,0.25086465,0.04
518,-14.013793,4.116117,40.902348,12.655814,0.7600731,0.19669078,0.04
519,-13.746332,3.7468476,30.942251,9.504373,0.40179184,0.115841,0.04
520,-13.869525,3.8866928,36.119247,11.237719,0.5998451,0.087590955,0.04
521,-13.808551,4.202255,33.89542,10.403968,2.6062903,0.62777764,0.04
522,-13.823555,3.6693091,31.5374,9.776236,0.6867973,0.13992849,0.04
523,-13.695459,3.6815972,30.065437,9.267973,1.8434477,0.37944987,0.04
524,-13.721898,3.1640806,25.839104,8.118136,0.9315302,0.24101509,0.04
525,-13.795857,3.3104634,28.490725,8.833646,0.9818979,0.18362659,0.04
526,-13.821666,3.2779691,28.145847,8.832872,0.97679216,0.31259605,0.04
527,-13.930153,3.314763,31.195814,9.59573,0.4764963,0.122205265,0.04
528,-13.902404,3.6014805,33.63323,10.486844,0.45462644,0.149682,0.04
529,-13.932545,3.8117115,36.123463,11.321529,0.81851393,0.23193438,0.04
530,-13.682898,3.4020188,27.360865,8.431632,0.9792304,0.2504789,0.04
531,-13.7038145,3.0211754,23.483932,7.258299,0.6717458,0.2241038,0.04
532,-13.860076,3.2646697,29.299255,9.080167,0.6619993,0.14448513,0.04
533,-13.896177,3.401428,30.166769,9.49051,0.88131577,0.14645608,0.04
534,-13.931052,3.4187586,30.675577,9.522529,0.6494634,0.18204057,0.04
535,-14.025051,3.9739535,36.90514,11.511475,1.5975447,0.35457385,0.04
536,-13.96374,3.8881595,35.540028,11.0372,0.5493566,0.14290167,0.04
537,-13.85258,3.9640388,34.982285,10.885753,0.7031418,0.15124486,0.04
538,-13.841223,3.977794,34.3218,10.640814,0.27530336,0.06425153,0.04
539,-13.762883,3.9472558,32.610245,10.09388,0.2510863,0.06390977,0.04
540,-13.692884,3.666009,29.525665,9.087478,1.1176195,0.53593105,0.04
541,-13.765669,3.4391358,29.423538,9.152061,0.5966054,0.18357584,0.04
542,-13.817303,3.536649,31.636246,9.895074,0.8138477,0.26465818,0.04
543,-13.80757,3.5562818,31.891203,9.823402,1.0389553,0.2482707,0.04
544,-13.848797,3.6165366,32.57725,10.217043,0.71324676,0.16569981,0.04
545,-13.824122,3.7438922,33.029797,10.203021,1.1132113,0.3566448,0.04
546,-13.767388,3.527279,30.768492,9.303481,1.304495,0.36944687,0.04
547,-13.71381,3.0423837,24.711002,7.486753,1.2686517,0.36066583,0.04
548,-13.876965,3.230466,30.018673,9.21593,0.7608863,0.1468595,0.04
549,-13.824658,3.172194,28.28847,8.794249,0.123718,0.03354575,0.04
550,-13.853506,3.5131931,31.44339,9.523921,1.3404485,0.42359167,0.04
551,-13.945273,3.4306564,32.602123,9.875496,0.81352466,0.20407434,0.04
552,-13.827072,3.3478193,28.360931,8.710841,1.0912123,0.35934067,0.04
553,-14.023459,4.159454,38.64505,11.85867,2.570496,0.61260366,0.04
554,-13.880082,3.9975789,36.44763,11.065903,0.68161476,0.14690304,0.04
555,-13.816647,3.824966,31.80514,9.782381,1.2092569,0.3280089,0.04
556,-13.823638,3.973527,31.294008,9.540472,3.2172933,1.0655837,0.04
557,-13.85301,3.5098395,30.112862,9.055148,0.33650813,0.10452379,0.04
558,-13.868977,3.6714268,32.814995,9.845841,1.1733667,0.26740184,0.04
559,-13.9007435,3.5734534,32.313793,9.6170225,0.66103816,0.35385627,0.04
560,-13.831968,3.506322,30.442463,9.288033,0.6639347,0.1258172,0.04
561,-13.8893795,3.706764,32.26837,9.846179,1.6761144,0.3131723,0.04
562,-13.79809,3.4538834,29.369337,8.953065,0.65154237,0.14569941,0.04
563,-13.815679,3.2564187,28.903154,8.771063,0.8470936,0.28792837,0.04
564,-13.852023,3.404003,30.234076,9.32166,0.7502032,0.18389317,0.04
565,-13.954653,3.6181183,33.89026,10.479892,0.8630807,0.2596844,0.04
566,-13.906511,3.6911767,33.47586,10.307714,0.32531607,0.097016536,0.04
567,-13.811684,3.756211,32.638718,9.890623,0.13454981,0.046388984,0.04
568,-13.796771,3.6229603,30.652721,9.590867,0.9495188,0.28201216,0.04
569,-13.927494,3.6316435,33.373806,10.115716,0.3707021,0.093453944,0.04
570,-13.928634,3.580673,32.82427,10.082099,0.82231057,0.34244207,0.04
571,-13.883851,3.677974,33.354374,10.192641,0.3480231,0.109957084,0.04
572,-13.910984,3.6385734,32.656906,9.90634,0.7235138,0.13180727,0.04
573,-13.873897,3.5723891,31.233744,9.440913,0.2694076,0.10443007,0.04
574,-14.0046,4.091352,38.230553,11.662404,1.2928965,0.30813316,0.04
575,-13.831631,3.949984,33.506958,10.275928,0.8192418,0.18783812,0.04
576,-13.795319,3.5712326,29.029514,8.885315,0.42620024,0.13622668,0.04
577,-13.787869,3.4739194,29.379871,8.730674,0.5583735,0.18526891,0.04
578,-13.785496,3.315247,27.859186,8.548114,0.4428572,0.1598203,0.04
579,-13.78904,3.1803107,26.978836,8.241069,0.8240218,0.2225014,0.04
580,-13.902654,3.4226573,30.812365,9.280897,0.9683127,0.34437758,0.04
581,-13.938089,3.3272297,30.99953,9.319522,0.63498056,0.18048194,0.04
582,-13.816199,3.2733648,28.865305,8.789212,0.84216547,0.21226351,0.04
583,-13.916357,3.2674956,29.674252,9.179615,1.0428187,0.24706748,0.04
584,-14.024025,3.4671543,32.308174,9.88293,0.53064793,0.1313384,0.04
585,-13.998842,3.9201505,36.624,11.197268,0.84949774,0.3011458,0.04
586,-13.963316,3.8140016,34.252842,10.395893,0.30645657,0.05606721,0.04
587,-13.832457,3.7563448,31.949509,9.731567,0.84250194,0.20435435,0.04
588,-13.733078,3.3914015,27.756666,8.522201,1.0644298,0.19171488,0.04
589,-13.835422,3.047694,26.00278,8.143905,0.6058668,0.13870999,0.04
590,-13.869535,3.0084922,26.273157,7.988154,0.638665,0.16657375,0.04
591,-13.925388,3.2760026,31.100538,9.638035,0.5790355,0.14136595,0.04
592,-13.889227,3.4201994,31.011593,9.570126,0.24124508,0.051911343,0.04
593,-13.77911,3.4073274,29.114424,8.889265,0.39058238,0.08128079,0.04
594,-13.783955,3.2523086,26.814425,8.107297,1.1059091,0.17630337,0.04
595,-13.782947,3.1564775,27.35348,8.215109,0.5487662,0.19165127,0.04
596,-13.890846,3.1747496,28.12428,8.568558,0.93283933,0.19296855,0.04
597,-13.909243,3.173324,28.598417,8.938098,0.5709711,0.1239135,0.04
598,-13.901013,3.1215873,26.783901,8.110518,1.1695384,0.26149863,0.04
599,-14.043423,3.570349,33.677002,10.185551,1.6175625,0.51186,0.04
600,-13.881041,3.3921335,31.263083,9.607134,0.6920881,0.20992622,0.04
601,-13.868075,3.5490298,32.18986,9.876771,0.9595441,0.19358356,0.04
602,-13.77787,3.3623676,29.135683,8.891838,1.0135216,0.29359052,0.04
603,-13.858178,3.2839673,29.219286,8.947349,0.94974035,0.28659958,0.04
604,-13.845299,3.2447438,28.680225,8.857487,0.8807623,0.20237978,0.04
605,-13.981447,3.720472,34.574924,10.711363,1.8864632,0.46700272,0.04
606,-13.952604,3.7064807,33.17548,10.1092615,0.84077615,0.1583723,0.04
607,-13.893647,3.6178825,30.992561,9.444339,0.7848332,0.31413758,0.04
608,-13.844343,3.56551,30.093092,9.1918335,0.809178,0.1970761,0.04
609,-13.9070015,3.459348,30.334805,9.311578,1.0247989,0.24384053,0.04
610,-13.714354,3.121143,24.214956,7.3736644,0.29931802,0.07406864,0.04
611,-13.891842,3.5149338,31.55234,9.577319,1.8286046,0.53243214,0.04
612,-13.836023,3.1789901,28.068554,8.589992,0.78899395,0.21606112,0.04
613,-13.88911,3.2760916,28.615314,8.8954525,0.3078643,0.074367456,0.04
614,-13.88156,3.3742793,29.299786,8.904863,1.3423626,0.34244096,0.04
615,-13.884475,3.6379786,30.6402,9.222796,1.4397651,0.58296865,0.04
616,-13.874681,3.3075635,28.805956,8.909328,0.2676347,0.13112661,0.04
617,-13.827505,3.3873124,29.232306,9.0021305,1.0699764,0.2853706,0.04
618,-13.705799,3.0198753,24.063482,7.3686924,0.14570785,0.047968186,0.04
619,-13.8115835,2.9641266,24.638601,7.559675,0.5324433,0.10643331,0.04
620,-13.920463,3.3169274,29.779484,9.061389,1.7155048,0.50719976,0.04
621,-13.97798,3.1710472,30.23555,9.037649,0.32590893,0.08699087,0.04
622,-13.887442,3.2503984,29.262877,8.782731,0.33144364,0.13395427,0.04
623,-13.869279,3.3439596,29.38784,8.850095,0.72962373,0.23918797,0.04
624,-13.884377,3.2813587,30.664822,9.312111,0.39344138,0.10286096,0.04
625,-13.77558,3.1518517,26.343855,7.9100275,0.7080524,0.20295502,0.04
626,-13.949093,3.329576,31.186275,9.536969,0.82500273,0.26520848,0.04
627,-13.9613085,3.5714493,32.79907,10.096195,0.5487217,0.148131,0.04
628,-13.878645,3.5414286,31.925064,9.761314,0.8421615,0.21198106,0.04
629,-13.845458,3.2601182,28.489044,8.739728,0.9432996,0.27038747,0.04
630,-13.798915,3.3472838,28.727793,8.740934,0.42934883,0.28443578,0.04
631,-13.773035,3.0048945,24.778603,7.4739146,0.73682326,0.17474474,0.04
632,-13.842905,3.1997015,25.701033,7.8671765,1.5734245,0.37676173,0.04
633,-14.110711,3.7150953,37.14147,11.308616,1.0812293,0.31218213,0.04
634,-13.9705,3.5241768,31.68654,9.672605,0.91727966,0.2418495,0.04
635,-13.894272,3.6461444,31.095049,9.603898,1.0476263,0.20688125,0.04
636,-13.846199,3.4406583,29.106333,8.953547,0.6703509,0.20624813,0.04
637,-13.803805,3.4386399,29.598982,9.081707,0.3880222,0.08135598,0.04
638,-13.824444,3.371894,29.500748,8.929128,0.57587504,0.15942995,0.04
639,-13.769725,3.2972305,27.237053,8.369548,1.2774354,0.37064898,0.04
640,-13.860914,3.1849449,27.83791,8.5270605,0.48179507,0.1331889,0.04
641,-13.95431,3.4664135,30.892351,9.564165,1.1532706,0.2503688,0.04
642,-13.968057,3.4117699,31.624258,9.640746,0.49107343,0.13504645,0.04
643,-14.032313,3.9394546,35.76743,10.920147,1.4832412,0.46545297,0.04
644,-14.056061,4.139179,37.968987,11.643066,0.16164713,0.044809036,0.04
645,-14.02217,4.415411,39.448124,12.104429,0.9676194,0.14169481,0.04
646,-13.754697,4.1823287,34.129868,10.7297125,0.60328096,0.14333647,0.04
647,-13.764525,3.7527637,32.020733,9.709607,0.77576065,0.16755769,0.04
648,-13.614042,3.1058338,22.372725,6.8320475,0.55786,0.14455046,0.04
649,-13.839774,3.08579,26.39225,8.179951,0.47608784,0.11999063,0.04
650,-13.978585,3.2482643,30.022486,9.15011,1.1276975,0.37810054,0.04
651,-13.888992,3.292676,28.993439,8.755499,0.9188902,0.28760934,0.04
652,-13.913272,3.2281654,28.974205,8.77726,0.85750383,0.2756986,0.04
653,-13.948609,3.382779,30.893173,9.469363,0.6502204,0.20452195,0.04
654,-13.965041,3.6172109,33.61743,10.263258,0.62702525,0.14540614,0.04
655,-13.920315,3.7698834,33.64314,10.226808,0.62152344,0.21243149,0.04
656,-13.8336935,3.5935657,29.892399,9.14123,1.1995376,0.25904015,0.04
657,-13.81162,3.359842,28.980133,8.897738,0.82400596,0.19317386,0.04
658,-13.81891,3.240291,28.735144,8.791355,0.3488976,0.08646881,0.04
659,-13.89647,3.3973713,31.146832,9.381752,0.14443545,0.033841636,0.04
660,-13.901457,3.5177138,31.657856,9.567964,1.0982138,0.30676323,0.04
661,-13.94691,3.6186745,32.024334,9.778832,0.5920445,0.26644304,0.04
662,-13.80094,3.5168478,29.02218,8.904155,0.2637962,0.0571097,0.04
663,-13.829307,3.5339143,31.017374,9.371545,0.37431395,0.17857307,0.04
664,-13.981859,3.803055,36.090374,10.963301,0.6785194,0.26012552,0.04
665,-13.867741,3.601996,31.034126,9.478592,0.6402466,0.25678805,0.04
666,-13.820588,3.5176105,29.667614,9.045044,0.8747384,0.20042697,0.04
667,-13.895739,3.4656968,31.21927,9.608769,0.766275,0.14296786,0.04
668,-13.819466,3.3526812,28.958035,8.889524,1.0568868,0.29289654,0.04
669,-13.926804,3.5725977,32.279976,9.844265,0.68510514,0.16545625,0.04
670,-13.8897705,3.584402,32.04087,9.55523,0.9523165,0.3833312,0.04
671,-13.824455,3.3025336,27.522234,8.35695,0.33911103,0.04694463,0.04
672,-13.8846445,3.5026777,32.44183,9.933978,0.59980726,0.19405086,0.04
673,-13.89574,3.450579,31.537766,9.47883,0.6847711,0.3368392,0.04
674,-13.774731,3.21385,26.085424,7.9675317,1.1093073,0.21982327,0.04
675,-13.714226,3.0337348,25.037405,7.701568,0.7135475,0.17332686,0.04
676,-13.797397,2.8672142,23.854967,7.1928406,0.48769692,0.19147377,0.04
677,-13.893837,3.016645,26.495504,7.857691,0.61354375,0.15674356,0.04
678,-14.0066595,3.1291888,29.877302,9.198863,0.50646186,0.11619533,0.04
679,-14.015584,3.3237286,33.206913,10.085164,0.6413437,0.2039273,0.04
680,-13.90716,3.3463054,29.856478,9.127432,0.41772988,0.09474304,0.04
681,-13.9559355,3.5016594,32.00451,9.841659,0.7211094,0.18003577,0.04
682,-13.9415655,3.851086,35.43085,10.788321,0.7004917,0.112826325,0.04
683,-13.879856,3.9786222,34.16574,10.311811,1.838805,0.30001578,0.04
684,-13.696692,3.388945,27.344091,8.341735,0.34441784,0.1080442,0.04
685,-13.885841,3.6219962,32.973038,10.077413,1.0519367,0.2200537,0.04
686,-13.843917,3.73546,32.034435,9.8086815,1.3621205,0.25115362,0.04
687,-13.747129,3.058518,24.674814,7.446801,0.6709787,0.16401678,0.04
688,-13.800516,2.9319518,24.79265,7.5619965,1.1205751,0.37546238,0.04
689,-13.95803,3.0821748,28.790844,8.79993,0.515436,0.101633266,0.04
690,-13.92412,3.2638352,29.808895,9.194693,0.8390131,0.15836793,0.04
691,-13.898535,3.1731668,28.779795,8.852654,0.5848582,0.19505152,0.04
692,-13.892062,3.0954838,27.150267,8.223419,0.8976063,0.28244972,0.04
693,-13.949619,3.2772353,29.502409,8.961743,0.47079235,0.06723338,0.04
694,-13.99601,3.5268018,32.64628,9.934697,0.58018136,0.12571466,0.04
695,-13.832969,3.3846505,27.545353,8.436045,0.10906363,0.03621472,0.04
696,-13.729078,3.1323967,25.02562,7.659511,0.6866465,0.15689503,0.04
697,-13.920748,3.2690797,29.221561,8.897481,0.93274796,0.30747733,0.04
698,-13.878167,3.2627635,28.963825,9.044624,0.68056434,0.13003524,0.04
699,-13.924389,3.247708,28.957905,8.793711,1.0695544,0.32144758,0.04
700,-13.839746,3.309204,27.716696,8.5730095,0.83792216,0.26173395,0.04
701,-13.884976,3.0470033,26.499384,8.047571,0.5697499,0.13168246,0.04
702,-13.975327,3.1238103,27.839298,8.600685,0.083945304,0.028140364,0.04
703,-14.008258,3.737771,33.53843,10.225364,1.8176512,0.3398988,0.04
704,-14.016914,3.684193,34.35215,10.5096035,0.46244007,0.13464667,0.04
705,-13.847928,3.4502404,28.548666,8.721212,0.7181615,0.1758789,0.04
706,-13.916259,3.5246897,31.146906,9.569013,0.31943983,0.082280405,0.04
707,-13.885832,3.742291,32.560997,9.785931,0.9934694,0.2712153,0.04
708,-13.830635,3.427589,28.799936,8.980441,0.9315881,0.2492399,0.04
709,-13.927374,3.543116,30.996965,9.500005,1.7519262,0.27691844,0.04
710,-13.864777,3.2798562,28.288506,8.694862,0.77358526,0.20564364,0.04
711,-13.933448,3.5042796,32.894806,10.107061,0.51675826,0.13504037,0.04
712,-14.013962,3.7068512,35.5974,10.893806,0.7615498,0.21410803,0.04
713,-14.001054,5.4617553,38.65572,11.664654,7.085738,1.8649164,0.04
714,-13.980359,3.0954325,29.48192,9.052836,0.9226768,0.20622626,0.04
715,-13.889865,3.1956928,29.40009,9.071899,1.248726,0.37349764,0.04
716,-13.828427,3.1456482,27.320677,8.37229,0.88807535,0.21445361,0.04
717,-13.981486,3.3100915,31.66896,9.548421,1.0608631,0.32739395,0.04
718,-13.971371,3.9379401,35.588905,10.903659,1.988493,0.3736504,0.04
719,-13.837592,3.47076,31.002014,9.477258,0.92207116,0.22394083,0.04
720,-13.9587965,3.683657,34.685726,10.542336,0.37218624,0.13462873,0.04
721,-13.836652,3.7345483,32.508156,9.861043,0.82893723,0.27662954,0.04
722,-13.779984,3.3071313,27.67137,8.506319,0.5259657,0.1702247,0.04
723,-13.88292,3.4857137,31.41404,9.727592,0.9806356,0.19367467,0.04
724,-13.914397,3.78799,34.501007,10.394278,1.0687743,0.3577161,0.04
725,-13.8387575,3.5374799,31.733532,9.744229,0.7053016,0.15344997,0.04
726,-13.8777895,3.4860654,30.177763,9.223498,1.2383834,0.37014917,0.04
727,-13.91183,3.5501707,30.756552,9.430975,0.7295527,0.17583568,0.04
728,-13.81739,3.5217988,29.167158,8.815505,0.3401742,0.10112923,0.04
729,-13.784471,3.33926,27.885763,8.513362,0.5856669,0.15077737,0.04
730,-13.903074,3.4706988,31.648716,9.612597,0.4531416,0.10952376,0.04
731,-13.846125,3.4475694,29.314848,8.967209,0.58435756,0.058522273,0.04
732,-13.7497835,3.3563638,28.137278,8.545972,0.7186337,0.16469379,0.04
733,-13.808447,3.0903182,25.964285,7.843216,0.12382225,0.035700474,0.04
734,-13.87751,3.2052019,27.713348,8.323723,0.34313792,0.12261488,0.04
735,-14.00839,3.4430444,32.57932,9.896849,0.34240875,0.07698937,0.04
736,-13.929492,3.7059064,33.817043,10.504954,0.7442651,0.1942371,0.04
737,-13.691704,3.2983563,25.739359,7.98729,0.47725174,0.12880962,0.04
738,-13.815559,3.2541885,27.74066,8.427556,0.27966943,0.11169484,0.04
739,-13.794188,3.178203,26.532404,8.10471,0.20455201,0.04120538,0.04
740,-13.797198,3.419988,26.006102,7.9662867,2.3497517,0.3500434,0.04
741,-13.864326,3.0694392,26.418531,7.9038053,0.7293635,0.24965204,0.04
742,-13.986545,3.1312952,28.338232,8.512578,0.90837586,0.25635794,0.04
743,-14.061988,3.4230022,33.051506,9.923236,0.78505826,0.22175458,0.04
744,-14.0789585,3.7151828,37.159912,11.21351,0.762391,0.20621483,0.04
745,-14.002041,4.227507,36.209366,10.908755,2.3033016,0.7461868,0.04
746,-13.879072,3.4575284,30.487068,9.202853,0.8276161,0.27966848,0.04
747,-13.909045,3.522829,30.219027,9.306612,1.9435625,0.5333498,0.04
748,-13.955672,3.7078023,32.30976,9.812113,1.6880215,0.36183,0.04
749,-13.8436165,3.3870318,28.959768,8.872852,0.5044738,0.10394797,0.04
750,-13.9866085,3.5522785,32.582474,9.877844,0.7656995,0.18813767,0.04
751,-13.903727,3.7488422,30.84417,9.403393,2.2779691,0.621876,0.04
752,-13.906088,3.2751555,27.616995,8.709842,0.81010914,0.21023028,0.04
753,-13.9666605,3.6560411,32.16744,10.033707,2.2392745,0.42837104,0.04
754,-13.965656,3.5704536,32.19821,9.89972,1.438271,0.97878104,0.04
755,-13.8584385,3.3779318,27.742096,8.592597,1.1156534,0.23063788,0.04
756,-13.755529,2.8563666,22.353325,6.9412103,0.34638062,0.053755447,0.04
757,-13.942448,2.975814,25.581854,7.8266683,1.2038342,0.38825798,0.04
758,-14.088435,3.2006245,29.960222,9.189016,0.21890779,0.06279054,0.04
759,-14.079858,3.5310698,33.14233,10.122371,0.25534216,0.06983023,0.04
760,-13.861646,3.4682744,28.543665,8.71657,0.38269347,0.08019062,0.04
761,-13.857651,3.2856293,26.608313,8.244945,0.3476038,0.04672887,0.04
762,-13.788307,3.0321178,23.728907,7.2954907,0.6413839,0.15030485,0.04
763,-14.067711,3.330854,32.193382,9.680724,1.1709783,0.3366209,0.04
764,-13.990251,3.4535859,30.619383,9.326778,1.2354735,0.3305487,0.04
765,-13.986561,3.4848685,31.13548,9.352198,1.0267694,0.5599575,0.04
766,-14.01345,3.3282533,31.42385,9.462401,0.6825335,0.27281255,0.04
767,-13.983855,3.5523918,32.92775,10.308947,0.7411036,0.14700612,0.04
768,-13.922129,3.4870808,30.879457,9.345677,1.4941955,0.19502898,0.04
769,-13.906784,3.394404,29.522459,8.981097,0.83465344,0.24772765,0.04
770,-13.848946,3.1508179,26.67234,8.154713,0.3829183,0.075550236,0.04
771,-13.798362,3.1280084,25.977772,8.037034,0.5565086,0.111190595,0.04
772,-13.789901,2.9944875,25.294666,7.751916,0.5443045,0.13810018,0.04
773,-13.986341,3.00286,27.339655,8.258391,0.17664681,0.051616907,0.04
774,-13.971258,3.1999226,30.028835,9.035945,0.7678986,0.17602934,0.04
775,-13.821224,3.0577831,25.616226,7.702966,0.4421211,0.14242142,0.04
776,-14.021272,3.7444975,31.75641,9.845917,2.0880024,0.6748508,0.04
777,-13.992662,3.1734014,28.330736,8.625938,0.7955514,0.20284198,0.04
778,-13.992717,3.2111065,28.524471,8.656336,0.8530378,0.25614864,0.04
779,-14.07374,3.2052166,29.587755,9.026217,0.5013264,0.19319814,0.04
780,-14.116187,3.6828759,36.458614,11.087888,0.59930515,0.14510053,0.04
781,-14.103869,3.8145382,36.773575,11.161451,0.34286278,0.08589342,0.04
782,-13.955273,3.6952326,31.908705,9.636833,1.3211125,0.4016481,0.04
783,-13.936266,3.7893367,33.065117,9.856361,0.80088687,0.11555922,0.04
784,-13.793826,3.523588,29.014656,8.669549,0.2539924,0.112442866,0.04
785,-13.651785,2.9843855,21.88721,6.6486073,0.9086701,0.21124068,0.04
786,-13.82894,3.0426788,25.360964,7.6697364,1.0625403,0.17408726,0.04
787,-13.918217,3.3042183,29.618353,9.002303,0.89207774,0.23034364,0.04
788,-14.051911,3.5157006,32.95778,9.955522,0.67167646,0.19052318,0.04
789,-13.891482,3.268594,27.365007,8.258595,0.40852442,0.11373808,0.04
790,-14.002485,3.514899,30.575855,9.261288,1.4485437,0.52152574,0.04
791,-14.00393,3.3325963,29.666618,9.043289,0.745074,0.099794246,0.04
792,-14.043496,3.5263135,32.016212,9.743092,0.35467488,0.09548663,0.04
793,-14.010075,3.5084355,30.51499,9.075461,1.1003227,0.2873591,0.04
794,-13.988543,3.5968444,31.912472,9.577426,0.87180775,0.22337599,0.04
795,-13.876766,3.3549004,27.807129,8.351784,0.41653034,0.122165345,0.04
796,-14.0036545,3.6143432,33.44883,9.9828005,1.0803983,0.22433525,0.04
797,-13.869775,3.2204416,26.3688,7.866206,0.6640727,0.19966115,0.04
798,-13.991945,3.3644712,30.044474,8.88705,1.2276134,0.34799978,0.04
799,-13.998316,3.1268344,27.018803,8.064118,0.2050608,0.09886122,0.04
800,-14.122994,3.4871552,33.00865,10.082214,0.4906934,0.12834762,0.04
801,-14.109699,3.6485107,33.249542,10.153173,0.41012296,0.078809686,0.04
802,-13.985207,3.5100777,30.926853,9.273186,0.75697625,0.2558144,0.04
803,-13.974847,3.3403256,28.282396,8.533584,0.15651238,0.047772933,0.04
804,-13.973906,3.497512,29.905203,9.004615,0.98510015,0.24369279,0.04
805,-13.922882,3.4062176,28.788465,8.700423,0.5604925,0.119123876,0.04
806,-13.97633,3.3035607,28.695314,8.641782,0.527921,0.16220742,0.04
807,-13.951116,3.4487278,30.319983,9.243457,1.5171492,0.30213952,0.04
808,-13.986124,3.4064603,30.561522,9.142764,1.0984378,0.2507063,0.04
809,-14.0111885,3.4187667,31.484753,9.4977865,0.7919194,0.24173073,0.04
810,-13.988476,3.3419578,29.384779,8.877673,1.1792254,0.42588446,0.04
811,-13.974177,3.26689,29.381334,8.692103,1.19087,0.2494159,0.04
812,-14.147353,3.2744863,31.628403,9.543732,1.5139333,0.36645862,0.04
813,-14.116817,3.387542,31.273813,9.566733,0.6341354,0.18146902,0.04
814,-14.023037,3.4900563,31.365751,9.377534,0.50997823,0.111192025,0.04
815,-13.96167,3.5451949,31.084564,9.488905,0.56778693,0.10558665,0.04
816,-13.901634,3.3578103,28.740946,8.806284,0.9829868,0.25023735,0.04
817,-13.968217,3.2463546,27.836918,8.293142,0.22167756,0.045410417,0.04
818,-14.037449,3.546647,32.310223,9.534742,0.76846784,0.24621838,0.04
819,-13.996443,3.398798,29.554052,8.848372,0.32167402,0.1001753,0.04
820,-13.911625,3.2590613,26.534708,7.978135,0.46378168,0.1666684,0.04
821,-13.95606,3.0684195,25.969452,7.7518687,1.1568944,0.3331959,0.04
822,-13.989869,3.2287242,28.101566,8.567145,0.19507572,0.045621943,0.04
823,-13.922934,3.1601462,27.214272,8.143055,0.581017,0.32084823,0.04
824,-14.032445,3.127521,27.748487,8.328203,0.82756406,0.26047418,0.04
825,-14.098476,3.4034305,31.652525,9.467961,1.0472028,0.2366487,0.04
826,-14.060279,3.3079467,29.959631,8.990463,0.5244988,0.1394158,0.04
827,-14.04452,3.4470193,30.733215,9.35486,0.92878526,0.22061878,0.04
828,-14.015332,3.4489849,29.748486,8.772545,0.36142245,0.10563269,0.04
829,-13.914221,3.4519684,29.112677,8.798484,1.0206267,0.26984945,0.04
830,-13.933291,3.2508256,27.297586,8.306394,1.0407153,0.32000118,0.04
831,-13.946883,3.460545,29.527388,8.958567,1.0110272,0.1448407,0.04
832,-14.101708,3.5153787,33.120705,9.996795,0.32766813,0.0768197,0.04
833,-14.0907755,3.7051,34.124863,10.335632,1.0082498,0.34265068,0.04
834,-13.92471,3.528927,29.137957,8.859316,1.0039989,0.215262,0.04
835,-13.974879,3.561952,30.765125,9.237418,0.88992304,0.20244078,0.04
836,-13.91909,3.3112996,27.25055,8.279747,1.2619072,0.4070316,0.04
837,-14.085936,5.385198,34.029385,10.405947,6.765706,1.4048082,0.04
838,-13.992424,2.7764368,27.618204,8.138814,0.6765031,0.14269137,0.04
839,-14.122334,3.2512755,35.504417,10.397997,1.0672255,0.23906617,0.04
840,-14.121627,3.7140296,39.333645,11.567884,1.176542,0.6063405,0.04
841,-13.971326,4.0745087,37.358437,11.314577,1.1666902,0.2142548,0.04
842,-13.875609,3.8810375,33.45426,10.105397,1.3392774,0.36405367,0.04
843,-13.707782,3.3963554,26.047892,7.8245816,1.2158294,0.28986588,0.04
844,-13.776896,3.042587,24.426405,7.4095135,0.563587,0.12926042,0.04
845,-13.871291,3.1043842,26.346663,7.7468276,0.6568419,0.09557663,0.04
846,-14.0800905,3.4159966,33.189228,10.001712,0.75131863,0.24154858,0.04
847,-14.098678,3.7345371,36.250923,10.731446,1.0592723,0.2682643,0.04
848,-14.200277,3.8558037,39.22411,11.990348,0.5567577,0.14114767,0.04
849,-14.025206,4.2452793,39.494965,11.685082,1.7296829,0.5247742,0.04
850,-13.916212,4.2669168,36.971775,11.020293,0.591759,0.19928418,0.04
851,-13.644953,3.5143034,27.002138,8.165047,1.493865,0.3971617,0.04
852,-13.769801,3.3179002,27.473948,8.107515,0.55707943,0.31438553,0.04
853,-13.788448,2.9448972,23.445948,7.0147047,0.4376644,0.10188321,0.04
854,-14.0392475,3.2036827,30.051502,9.115193,0.83886266,0.20659514,0.04
855,-14.113043,4.032956,34.83959,10.518659,3.5343335,0.9925603,0.04
856,-14.048342,3.5474963,33.564922,10.130386,0.708507,0.19516672,0.04
857,-13.986058,3.5684814,33.39892,10.184547,1.6852504,0.5098015,0.04
858,-14.01959,3.3753817,30.86055,9.336662,0.38071048,0.06563671,0.04
859,-13.939699,3.2751212,29.092735,8.724001,0.826555,0.25759414,0.04
860,-13.981466,3.2689838,29.324274,8.975712,0.4137275,0.114698656,0.04
861,-13.967862,3.2587836,28.772367,8.600975,0.77689546,0.2370224,0.04
862,-13.953851,3.2370362,28.123327,8.585215,0.49211448,0.1168297,0.04
863,-13.978193,3.2596123,28.323801,8.620251,0.92436683,0.21909182,0.04
864,-14.079084,3.4726496,32.31252,9.667887,0.5005959,0.32770222,0.04
865,-13.954221,3.2978928,29.326057,8.85956,0.75044596,0.17370519,0.04
866,-14.147259,3.5420012,33.938602,10.475028,0.5391593,0.0991146,0.04
867,-14.052699,3.714455,34.214363,10.370824,1.2108841,0.26813304,0.04
868,-13.862472,3.415324,28.342308,8.724944,1.0123324,0.40321675,0.04
869,-13.96109,3.624338,33.259296,10.181016,0.6059653,0.15410398,0.04
870,-13.986741,3.5560386,32.35534,9.883208,0.9587588,0.17392753,0.04
871,-13.89551,3.420298,29.512362,9.051273,1.4333929,0.48432854,0.04
872,-13.905154,3.1813483,27.141346,8.1699095,1.0351326,0.32088995,0.04
873,-14.033826,3.345968,30.817179,9.307163,0.7733342,0.1318152,0.04
874,-14.087877,3.6568673,34.645473,10.481673,0.6088992,0.15470159,0.04
875,-14.015552,3.728915,33.957108,10.24017,0.509236,0.11350557,0.04
876,-13.970237,3.5233622,30.87572,9.451712,0.6072201,0.16907904,0.04
877,-13.99112,3.551447,31.390509,9.4314,1.0506673,0.22175579,0.04
878,-13.873431,3.5214481,29.957571,9.181657,0.69377756,0.15769774,0.04
879,-13.853076,3.2588181,26.906563,8.056309,0.9743937,0.32285675,0.04
880,-13.933558,3.0534065,26.339575,7.927462,0.985544,0.25961986,0.04
881,-13.985158,3.0988138,26.915344,8.0419655,0.9352465,0.21826288,0.04
882,-13.978674,3.2585678,29.046736,8.518162,0.32672316,0.15436026,0.04
883,-13.942852,3.129179,26.711138,8.084195,0.6954233,0.12698177,0.04
884,-13.903619,3.0514746,24.950075,7.6781273,0.36786234,0.078931525,0.04
885,-14.063465,3.360109,29.853617,9.065818,1.9707891,0.43262488,0.04
886,-14.1224985,3.330521,32.05612,9.626967,0.69388443,0.1162661,0.04
887,-14.10093,3.4496462,31.44805,9.541619,1.1401665,0.27805218,0.04
888,-14.021263,3.5064082,30.921299,9.380198,0.37226215,0.071608946,0.04
889,-14.054959,3.5323048,31.583134,9.533882,0.18617707,0.054060858,0.04
890,-14.078978,3.7551281,34.06009,10.329438,0.78800553,0.1884186,0.04
891,-13.9848,3.7052224,31.918875,9.628589,0.3851601,0.13139294,0.04
892,-13.926324,3.5286486,29.468082,8.917304,0.5580886,0.1938817,0.04
893,-13.953947,3.6609967,30.281874,9.148618,1.6868948,0.38707447,0.04
894,-14.015346,3.386141,31.668856,9.601187,0.7860679,0.17883542,0.04
895,-14.0288925,3.744979,34.702484,10.300815,0.49048123,0.1859204,0.04
896,-13.865048,3.5792491,29.388887,8.933996,0.83936423,0.19104238,0.04
897,-13.894668,3.4470098,28.347261,8.655195,0.63973063,0.12987192,0.04
898,-13.897797,3.455493,29.63353,8.954484,0.71728384,0.13195156,0.04
899,-13.860765,3.1371846,26.156181,7.7404637,0.57187945,0.1446755,0.04
900,-13.909266,3.0202365,25.44015,7.826331,0.71830946,0.21313587,0.04
901,-13.952322,2.9480727,25.00702,7.6696186,0.10075885,0.03341052,0.04
902,-14.069274,3.0694413,27.538717,8.333828,0.42736194,0.13587981,0.04
903,-14.070628,3.2871902,30.278645,9.239373,0.43049255,0.10016841,0.04
904,-14.098701,3.4749863,31.95996,9.66926,0.48915964,0.106260635,0.04
905,-14.16257,3.6702898,35.524647,10.66333,0.8968052,0.25679654,0.04
906,-13.929054,3.5050805,29.775265,8.995081,1.1345341,0.32557574,0.04
907,-14.019326,3.6267364,32.521088,9.7141285,0.73124474,0.1896456,0.04
908,-14.073704,3.8814914,35.88028,10.929812,1.1873176,0.34655055,0.04
909,-13.969374,3.6608672,31.58016,9.7527,0.18808451,0.028306488,0.04
910,-13.92188,3.5523245,30.257708,9.243133,0.6802776,0.18637165,0.04
911,-13.978074,3.5004241,30.98858,9.4286995,1.3529818,0.31215164,0.04
912,-13.960486,3.5619519,32.213936,9.726528,1.230977,0.28136197,0.04
913,-13.957737,3.614765,31.403095,9.453398,0.60746926,0.12861726,0.04
914,-13.83248,3.274938,26.304022,7.9650664,0.51342314,0.109184556,0.04
915,-13.913824,3.0938249,25.424711,7.6396422,0.15464664,0.03687129,0.04
916,-13.919564,3.2232382,26.919916,8.028553,0.31145686,0.08442628,0.04
917,-13.951362,3.2577388,28.384096,8.514042,0.32727888,0.063556425,0.04
918,-13.920237,3.3317952,26.413387,8.005028,1.830486,0.47045305,0.04
919,-13.988378,3.5752623,31.717823,9.295471,1.5701232,0.37025186,0.04
920,-14.09227,3.313601,31.037539,9.341442,0.6522427,0.14417979,0.04
921,-14.184837,3.613026,34.899334,10.431198,0.99098474,0.33554867,0.04
922,-14.103136,3.6550214,33.994648,10.181122,0.78949773,0.29877907,0.04
923,-14.032115,3.7953894,34.060337,10.229858,0.33580545,0.070997596,0.04
924,-13.827582,3.5328102,28.066624,8.483648,0.8151964,0.1758299,0.04
925,-13.766119,3.2986276,25.80112,7.6972275,0.1804848,0.047901087,0.04
926,-13.914576,3.463019,29.530785,8.789183,0.6080638,0.112693004,0.04
927,-13.940277,3.495601,29.635307,8.970981,1.0650976,0.26525587,0.04
928,-13.97908,3.275955,28.571278,8.484218,0.17967004,0.053504784,0.04
929,-13.937818,3.312911,28.23421,8.535442,0.8133619,0.19137354,0.04
930,-13.986645,3.4255226,30.73396,9.2876005,0.57886285,0.1558187,0.04
931,-13.816239,3.248492,26.593264,8.16723,0.81598735,0.20595007,0.04
932,-14.026675,3.2959502,29.20324,8.727352,0.57339925,0.12299236,0.04
933,-13.958807,3.3150158,29.416134,8.79575,0.33644986,0.08696793,0.04
934,-14.010616,3.4560878,31.168911,9.368269,0.28270227,0.051027294,0.04
935,-13.934361,3.2869813,27.628572,8.2927265,0.41970655,0.09785224,0.04
936,-13.965764,3.5116646,31.17629,9.440798,1.0381907,0.32053128,0.04
937,-13.984092,3.5590158,32.093258,9.840103,1.1218171,0.28568214,0.04
938,-14.09682,3.5586853,33.068348,10.005373,1.1524776,0.29254743,0.04
939,-13.981853,3.4391603,30.00394,8.923983,0.7805012,0.18015793,0.04
940,-14.006378,3.37389,29.472353,8.88867,1.0328512,0.3216346,0.04
941,-14.102043,3.6926296,33.64097,10.136256,0.8316245,0.117603905,0.04
942,-13.903975,3.5065434,29.61332,8.901539,0.46171996,0.10752198,0.04
943,-13.956041,3.452519,29.88781,9.094749,0.9004356,0.21178025,0.04
944,-13.94316,3.3356166,29.379848,8.934848,0.70131457,0.16591677,0.04
945,-14.052777,3.6628501,33.415497,10.074169,1.6182444,0.48985314,0.04
946,-13.999254,3.7045376,33.82926,10.067765,1.1264232,0.4920771,0.04
947,-13.8492985,3.0232975,24.630728,7.563476,0.57621926,0.1547988,0.04
948,-14.018282,3.4126015,31.087671,9.437108,0.53652936,0.14694946,0.04
949,-14.071123,3.5530856,33.406883,10.150275,0.49027056,0.13527311,0.04
950,-14.028574,3.562341,32.238716,9.730497,0.36710763,0.1016644,0.04
951,-13.91836,3.5638409,31.349285,9.506466,0.6792169,0.2051092,0.04
952,-13.897625,3.4426205,29.13203,8.860618,0.5792554,0.120970964,0.04
953,-13.829953,3.076184,24.189596,7.189154,0.5051646,0.11400534,0.04
954,-13.935119,3.212333,27.593908,8.2831545,0.683473,0.18438478,0.04
955,-14.005437,3.0241756,26.686861,8.056515,0.06737621,0.01771494,0.04
956,-14.090014,3.247622,29.93446,9.117918,0.6445116,0.15332976,0.04
957,-14.134773,3.6151552,33.9114,10.282475,1.4835911,0.3350688,0.04
958,-13.977394,3.296444,29.328928,8.810265,0.5017782,0.118894786,0.04
959,-14.033705,3.41628,31.603937,9.643343,0.5395194,0.1412689,0.04
960,-14.053905,3.4253309,30.801409,9.148677,0.83937335,0.20965017,0.04
961,-14.082053,3.613197,34.68972,10.352419,0.907098,0.25861832,0.04
962,-14.112508,3.7486756,36.117245,10.844947,1.0527811,0.3138008,0.04
963,-14.064976,3.7721884,35.139454,10.614916,0.44531226,0.098272346,0.04
964,-13.95309,3.715184,32.12425,9.551979,0.43594152,0.10790374,0.04
965,-14.026157,3.8562946,34.69878,10.484702,0.32938594,0.08807261,0.04
966,-13.883503,3.6299675,30.355879,8.833503,0.59542626,0.16426373,0.04
967,-13.922738,3.7935474,32.01471,9.653432,2.0879667,0.66929245,0.04
968,-13.9977,3.4529388,30.812517,9.459676,1.4828719,0.30876246,0.04
969,-13.949139,3.1864576,27.878572,8.359029,0.92745036,0.2978932,0.04
970,-14.038448,3.292534,29.912432,8.786985,0.69773614,0.28982517,0.04
971,-14.131942,3.4085047,31.830591,9.368641,0.86111635,0.22478604,0.04
972,-13.902769,3.1716332,26.978395,8.142805,0.6988184,0.17198496,0.04
973,-13.918893,2.9657567,24.303156,7.427964,0.5220256,0.117721036,0.04
974,-14.108979,3.270881,30.474695,9.141861,0.9251506,0.32913,0.04
975,-14.0609665,3.1021984,27.772324,8.662859,0.6179015,0.13486543,0.04
976,-14.127399,3.1737165,28.85033,8.829699,0.73952204,0.44023687,0.04
977,-14.1155,3.4766686,31.369019,9.89387,1.3033046,0.30302092,0.04
978,-14.224768,3.5971842,34.3288,10.483112,0.80649185,0.2321959,0.04
979,-14.1201105,3.7014267,33.4313,10.267864,0.99332505,0.22706324,0.04
980,-14.000067,3.5272179,29.893316,9.054438,0.93553376,0.27879694,0.04
981,-13.936601,3.320767,27.296465,8.414301,0.6676841,0.14714111,0.04
982,-13.985768,3.2857716,27.860258,8.59899,1.034883,0.2216954,0.04
983,-14.02523,3.3002596,29.408909,9.005965,0.42804265,0.08226775,0.04
984,-14.094805,3.4416983,32.074493,9.969033,0.6340355,0.16065006,0.04
985,-14.132424,3.4379025,31.334785,9.764801,1.2353799,0.28389204,0.04
986,-14.155338,3.687004,33.928593,10.390496,0.21790077,0.07157152,0.04
987,-14.189903,4.0607634,38.057064,11.619358,1.45998,0.52699685,0.04
988,-14.106456,3.9765213,34.97632,10.685871,1.1312675,0.2920117,0.04
989,-13.986022,3.9508338,32.917824,10.048043,1.0852284,0.34451425,0.04
990,-13.871688,3.7536361,29.249004,9.033899,0.24863029,0.05797487,0.04
991,-13.880252,3.5637856,29.365156,9.157128,0.75018084,0.17257997,0.04
992,-13.837243,3.3142912,26.045216,7.9275484,0.635158,0.15048043,0.04
993,-13.944921,3.2894862,27.610956,8.448746,0.9727135,0.31289688,0.04
994,-14.030059,3.5945385,32.61969,9.783097,0.6289321,0.19665489,0.04
995,-13.977213,3.437947,30.164364,9.169782,0.54430825,0.22748938,0.04
996,-13.965229,3.44202,30.298431,9.254271,0.9278588,0.29853427,0.04
997,-14.060866,3.8151865,31.207819,9.61375,2.6790626,0.6777676,0.04
998,-14.064699,3.2059677,27.97719,8.67276,0.30803123,0.07692664,0.04
999,-14.086592,3.2149398,29.116858,8.991809,0.7321057,0.17152196,0.04
1000,-14.066403,3.3574743,29.936796,9.272565,0.90903133,0.36754674,0.04
1001,-14.050613,3.2625282,28.947939,8.913191,1.1666605,0.33149606,0.04
1002,-14.174668,3.29139,30.872684,9.499585,0.6101765,0.13833876,0.04
1003,-14.047002,3.3313272,29.150658,8.7776,0.26285627,0.065560006,0.04
1004,-13.954968,3.217648,26.680986,8.218849,1.1155809,0.1942044,0.04
1005,-14.07312,3.4131997,31.725834,9.672877,0.8732288,0.1475214,0.04
1006,-14.130555,3.5368166,32.790688,10.159805,0.85307837,0.1925163,0.04
1007,-14.037076,3.35442,29.555338,9.082641,1.1690015,0.53576267,0.04
1008,-14.140503,3.5275795,32.933086,9.905222,0.5589747,0.25628063,0.04
1009,-14.047743,3.6185715,31.753206,9.757302,1.0252156,0.27177724,0.04
1010,-14.159435,3.679773,35.288445,10.677659,0.58901757,0.17029776,0.04
1011,-13.884108,3.5333886,28.7387,8.792405,0.59784776,0.2349143,0.04
1012,-13.9396305,3.3924296,28.714743,8.767021,0.54481256,0.12972686,0.04
1013,-13.976486,3.131871,25.884218,7.8956757,0.18522988,0.037056353,0.04
1014,-13.9342,3.0909789,25.894953,7.9728527,0.7544548,0.19920461,0.04
1015,-14.052024,3.1217442,27.720407,8.395584,0.68252355,0.24008705,0.04
1016,-14.208162,3.34004,31.951311,9.923378,1.1839943,0.33279872,0.04
1017,-14.209011,3.5652142,34.13161,10.561045,0.5114327,0.1318484,0.04
1018,-14.025703,3.360874,28.508219,8.754912,0.071299054,0.022485029,0.04
1019,-13.933894,3.2539423,26.869753,8.273701,0.6755461,0.28148428,0.04
1020,-13.864693,3.0880754,25.403202,7.6634407,0.6206684,0.18305562,0.04
1021,-14.019412,3.010888,26.432299,8.086034,0.3516033,0.08584279,0.04
1022,-14.035421,3.0340035,26.787289,8.108368,0.20690773,0.057836886,0.04
1023,-14.098216,3.1917899,28.567371,8.791465,0.7710904,0.23971628,0.04
1024,-14.090539,3.2998013,30.016813,9.08177,0.54976934,0.16757697,0.04
1025,-14.014912,3.1810458,27.550032,8.386763,0.4736569,0.12272846,0.04
1026,-14.106578,3.3488822,30.696619,9.275985,1.2339015,0.25627863,0.04
1027,-14.172002,3.584703,33.37725,10.096547,0.71418333,0.22737986,0.04
1028,-14.130098,3.5127895,31.624893,9.739516,1.0703039,0.36716998,0.04
1029,-14.212095,3.7407978,35.644337,10.766069,0.5924591,0.14615986,0.04
1030,-14.083512,3.9292743,34.958805,10.706018,0.83491,0.1739697,0.04
1031,-13.961366,3.8322392,33.155243,10.099755,0.8010995,0.0875651,0.04
1032,-13.955311,3.4695628,29.34874,9.054438,0.31217203,0.083381385,0.04
1033,-14.125416,3.6276288,33.445576,10.221182,0.9750241,0.31086475,0.04
1034,-13.961427,3.474664,29.242172,8.806712,0.13525806,0.055935554,0.04
1035,-14.023847,3.4988043,31.02592,9.427596,0.35370854,0.10534222,0.04
1036,-13.964473,3.4503698,29.629343,9.133548,0.5790208,0.10785082,0.04
1037,-14.027654,3.3062925,28.582914,8.735625,0.22372523,0.045562685,0.04
1038,-13.974414,3.2618062,28.244627,8.791015,0.4802187,0.14210561,0.04
1039,-14.076535,3.4611084,31.162857,9.368718,0.7335062,0.20369695,0.04
1040,-14.092404,3.7539697,33.898872,10.232462,1.3087112,0.34418702,0.04
1041,-14.035372,3.5372164,31.246902,9.533889,1.403227,0.26018712,0.04
1042,-14.2437,3.9005575,38.39374,11.771977,1.6239417,0.36464036,0.04
1043,-14.118535,3.8039742,35.232685,10.849654,0.74756825,0.20153718,0.04
1044,-14.106298,3.9071572,35.417004,10.754489,0.9224687,0.17947346,0.04
1045,-13.934141,3.405364,28.86531,8.858278,0.39676666,0.0575648,0.04
1046,-14.026438,3.4185956,30.584959,9.1786,0.20959337,0.05411467,0.04
1047,-13.9716015,3.2598507,28.185835,8.453382,0.13156903,0.03683863,0.04
1048,-13.965359,3.3310084,28.664085,8.645469,0.96507514,0.2181244,0.04
1049,-14.011916,3.249733,29.636358,8.965407,0.83668953,0.24431144,0.04
1050,-14.064847,3.5868123,33.304688,9.924878,0.8533549,0.3144693,0.04
1051,-13.911239,3.0419219,26.266949,8.006671,0.4247863,0.109510094,0.04
1052,-14.126059,3.2406886,30.658016,9.267175,0.779196,0.33241582,0.04
1053,-14.176855,3.296279,31.829597,9.721392,0.3977034,0.08761466,0.04
1054,-14.0868225,3.3482916,30.854374,9.247822,0.5017569,0.11641049,0.04
1055,-14.145072,3.5128002,32.88326,10.049476,0.73628354,0.18768096,0.04
1056,-14.055571,3.6451821,33.013103,10.085796,0.6718891,0.2583728,0.04
1057,-13.972017,3.5185027,29.30242,8.941317,0.48136425,0.12402648,0.04
1058,-13.949237,3.4669673,29.16594,9.058385,1.0421591,0.24648623,0.04
1059,-14.098588,3.5172362,31.906013,9.756707,0.3641124,0.12649934,0.04
1060,-14.062218,3.519501,30.71343,9.406925,0.6538478,0.23236737,0.04
1061,-14.041783,3.7229273,32.835815,9.946282,0.46507522,0.103304714,0.04
1062,-13.943678,3.55333,29.38031,9.096493,1.3278617,0.45562863,0.04
1063,-14.036226,3.3551736,31.434954,9.649526,0.4659669,0.112989165,0.04
1064,-13.988828,3.353269,29.25049,9.166637,0.5920366,0.10923878,0.04
1065,-14.022787,3.3309672,29.216215,9.132012,0.9244328,0.20927621,0.04
1066,-14.033799,3.3037949,29.121174,8.930794,0.83632934,0.2712743,0.04
1067,-13.975441,3.3171144,28.648045,8.755524,0.7060697,0.22591962,0.04
1068,-14.027873,3.4630003,30.985666,9.430356,0.68736243,0.17323226,0.04
1069,-14.02807,3.1915774,27.899889,8.34811,0.5330033,0.37573683,0.04
1070,-14.079322,3.3661306,30.790148,9.239641,0.18457618,0.053299394,0.04
1071,-13.938698,3.2655067,28.496168,8.450073,0.64133245,0.20197664,0.04
1072,-14.055047,3.355209,30.518137,9.251569,0.86162937,0.18678644,0.04
1073,-13.882842,3.0866594,24.821823,7.579073,0.22156395,0.08682041,0.04
1074,-14.034977,3.2065458,28.23244,8.512647,1.0983064,0.36196333,0.04
1075,-14.122961,3.3649492,32.66257,9.846418,0.7115355,0.17672987,0.04
1076,-14.044746,3.5223093,31.611593,9.574015,1.0588863,0.215862,0.04
1077,-13.961756,3.2178447,28.494125,8.775077,0.683834,0.1661483,0.04
1078,-13.925023,3.085208,26.611189,7.9527645,0.8910194,0.2870329,0.04
1079,-13.926382,2.9014454,24.039995,7.418687,0.8715026,0.20582026,0.04
1080,-14.007008,3.1577704,27.888144,8.462898,0.93866634,0.17342378,0.04
1081,-14.179438,3.2613869,32.66038,10.012087,0.6513062,0.20170325,0.04
1082,-14.155606,3.427036,32.202896,10.09744,1.440245,0.22478572,0.04
1083,-14.015708,3.2499661,29.590162,9.1525345,1.1491387,0.29413584,0.04
1084,-14.081755,3.5452552,33.49513,10.11352,0.48339534,0.27648652,0.04
1085,-13.951485,3.3119028,28.18939,8.6223345,0.14287223,0.03849577,0.04
1086,-14.018854,3.5615025,31.343452,9.516084,0.3026001,0.049670253,0.04
1087,-13.942408,3.3211222,27.445866,8.247083,0.7506246,0.2520264,0.04
1088,-13.8761215,3.048411,25.166065,7.847577,0.29071403,0.059143454,0.04
1089,-13.977688,3.2459114,28.711332,8.6659,0.98678577,0.30681846,0.04
1090,-13.965982,3.1546164,26.191462,8.003631,0.958237,0.3410717,0.04
1091,-14.137,3.2327783,30.953194,9.255836,0.5980137,0.15580659,0.04
1092,-14.00602,3.0773444,26.923193,8.330737,0.38152102,0.1111157,0.04
1093,-14.136166,3.3015573,31.02818,9.469671,0.44369504,0.10283561,0.04
1094,-14.179846,3.5628576,34.070755,10.393882,0.44314972,0.1094563,0.04
1095,-13.997639,3.5433304,31.722935,9.787482,0.8370538,0.26359597,0.04
1096,-13.97162,3.2280617,27.495436,8.264136,0.10236644,0.013298971,0.04
1097,-14.073924,3.2830892,29.083506,8.98232,0.27400675,0.054871593,0.04
1098,-14.000052,3.4987454,31.043755,9.142452,0.9685404,0.30660248,0.04
1099,-13.990559,3.1596487,27.897192,8.367786,0.5746423,0.30217475,0.04
1100,-14.001491,3.1677423,27.742264,8.639451,0.40372056,0.10323276,0.04
1101,-14.07223,3.2939157,29.95928,9.194773,0.6524781,0.25941718,0.04
1102,-14.065954,3.3186352,30.421127,9.248553,0.84587914,0.21386304,0.04
1103,-14.095021,3.417709,32.395775,9.9162855,0.84186995,0.22226192,0.04
1104,-14.105176,3.5747116,32.200985,9.877708,1.9808437,0.4497121,0.04
1105,-14.145572,3.5142057,33.89791,10.216217,0.8067233,0.24161139,0.04
1106,-14.069783,3.615894,32.872692,9.935538,0.8076096,0.18640894,0.04
1107,-14.1570425,3.8155372,37.182144,11.303642,1.1567827,0.33414343,0.04
1108,-14.230852,3.8702295,38.032185,11.722373,0.8868254,0.27800283,0.04
1109,-14.137251,4.0224705,36.58234,11.152272,0.8369666,0.16534175,0.04
1110,-13.973894,3.6121945,30.152164,9.526136,0.8684565,0.2846558,0.04
1111,-13.852879,3.4894564,26.572496,8.376169,1.1595293,0.23921308,0.04
1112,-13.901754,3.172687,27.01584,8.368288,0.37076992,0.06340021,0.04
1113,-13.770879,2.8520613,21.784065,6.687648,0.16702524,0.058731817,0.04
1114,-14.081312,3.1357133,29.714298,9.210853,0.31058702,0.15640302,0.04
1115,-14.08185,3.37416,30.74276,9.496114,0.8297029,0.17053658,0.04
1116,-14.104445,3.3639245,31.475748,9.565756,0.8662811,0.23572862,0.04
1117,-14.120457,3.4828732,33.07868,10.228905,1.1857797,0.27631342,0.04
1118,-14.144871,3.7563243,35.433254,11.046756,0.91908383,0.25064304,0.04
1119,-14.040777,3.5578713,31.034813,9.618593,0.37635353,0.079871885,0.04
1120,-14.026696,3.6169095,31.249575,9.707771,0.33869568,0.12370738,0.04
1121,-13.973941,3.460585,29.314444,9.136929,0.47109067,0.12357247,0.04
1122,-14.144067,3.5282156,33.538723,10.511943,0.47038943,0.09181263,0.04
1123,-14.125705,3.6936893,33.684765,10.549896,0.34207216,0.13054864,0.04
1124,-14.212949,4.148442,38.687424,12.034585,1.0092473,0.19692282,0.04
1125,-13.965761,3.9341245,33.232044,10.332978,0.50440085,0.15121391,0.04
1126,-13.780023,3.587054,27.591602,8.456502,0.5273729,0.14065714,0.04
1127,-13.860945,3.3710246,27.47136,8.500418,0.30933985,0.08671097,0.04
1128,-13.890515,3.306718,28.247261,8.683309,0.5458009,0.16663799,0.04
1129,-13.9210205,3.1183145,26.097795,8.160351,0.59528357,0.23355816,0.04
1130,-13.9815,3.1382422,27.157942,8.422972,0.38629928,0.07877364,0.04
1131,-14.144516,3.4834616,34.88333,10.765522,0.82066184,0.20320404,0.04
1132,-14.10612,3.2508752,29.514452,9.143258,0.23432983,0.06269787,0.04
1133,-13.999055,3.3054197,28.754599,9.11076,0.49656275,0.112619296,0.04
1134,-14.04003,3.2983668,28.791769,8.990226,0.5366866,0.13462791,0.04
1135,-13.989021,3.302607,29.091658,9.0930805,0.6344469,0.15396746,0.04
1136,-13.995589,3.1979449,27.991634,8.710571,0.543752,0.14556645,0.04
1137,-13.9795265,2.9949784,25.665451,7.9495764,0.16853549,0.048840158,0.04
1138,-13.988849,3.0666556,26.373915,8.181473,0.26385155,0.08061017,0.04
1139,-14.136159,3.2805555,32.2203,9.962923,0.50961643,0.14438742,0.04
1140,-14.010479,3.377684,29.70114,9.286995,0.8457886,0.16770889,0.04
1141,-14.073736,3.356829,30.245695,9.258503,0.3634167,0.092782736,0.04
1142,-14.027348,3.5284107,31.481047,9.724924,0.5696912,0.10947512,0.04
1143,-13.956001,3.3984747,28.808605,8.828697,0.5336286,0.10906845,0.04
1144,-13.861857,3.251596,26.202106,8.226737,1.0549188,0.22934358,0.04
1145,-13.930788,3.2729495,27.032051,8.452874,1.6089393,0.4846434,0.04
1146,-14.010576,3.1336055,27.90159,8.588908,0.65506095,0.20025396,0.04
1147,-14.073602,3.150212,28.317148,8.829901,0.41111553,0.1762508,0.04
1148,-14.086458,3.315205,30.560913,9.468936,0.86380726,0.25342622,0.04
1149,-14.062993,3.3766575,30.268238,9.499971,1.1089182,0.23826522,0.04
1150,-13.964897,3.2348876,27.504137,8.510815,0.7372885,0.21432416,0.04
1151,-14.069296,3.2349393,30.127098,9.189698,0.7418757,0.23104072,0.04
1152,-14.171482,3.5185452,33.23635,10.098571,1.4921901,0.52414393,0.04
1153,-14.0993805,3.5334888,32.859337,10.118095,0.61608946,0.18446746,0.04
1154,-13.965106,3.2754548,27.519161,8.609003,0.47658235,0.09719624,0.04
1155,-13.992462,3.3087144,29.518654,8.902573,0.59413046,0.2738639,0.04
1156,-14.026768,3.3711147,29.113504,8.86934,1.0984471,0.34647432,0.04
1157,-14.049797,3.2577608,28.904116,9.068413,0.53946185,0.0942339,0.04
1158,-13.999106,3.1963007,27.838974,8.585705,0.6155294,0.33422327,0.04
1159,-14.020889,3.1069427,27.184628,8.423435,0.7157213,0.1443784,0.04
1160,-14.176314,3.421277,32.71007,10.079394,0.45886728,0.14406532,0.04
1161,-14.004234,3.350566,28.459005,8.868062,0.9525819,0.20896855,0.04
1162,-14.04205,3.491722,31.386219,9.552585,0.67043453,0.18038487,0.04
1163,-13.942753,3.3277125,28.986658,8.784501,1.191965,0.34218097,0.04
1164,-13.959254,3.1921675,27.060604,8.458483,0.71470404,0.16748983,0.04
1165,-14.059088,3.3815897,30.011269,9.1147585,0.6737075,0.27378687,0.04
1166,-14.131804,3.3807826,31.579382,9.761149,0.51946706,0.06261445,0.04
1167,-14.131578,3.528146,32.576847,10.028543,0.5817618,0.19609398,0.04
1168,-14.007298,3.3922405,29.664288,9.203687,0.5403333,0.19102211,0.04
1169,-13.977854,3.3647246,29.260277,9.034073,0.7288456,0.18634501,0.04
1170,-14.005633,3.279936,28.613752,8.864555,0.75094956,0.18725273,0.04
1171,-14.083243,3.438823,31.590677,9.664067,0.510508,0.13313162,0.04
1172,-14.01733,3.436461,30.030346,9.292068,0.56405216,0.115128815,0.04
1173,-14.023582,3.5787463,31.788036,9.76798,0.24641246,0.08412945,0.04
1174,-14.005238,3.6121967,32.01832,9.941234,0.27439436,0.052343745,0.04
1175,-14.075863,3.8593953,35.472744,10.87246,1.188217,0.3057484,0.04
1176,-13.859664,3.2400382,26.331017,8.071826,0.9705796,0.28574854,0.04
1177,-13.9426155,3.3099623,27.437296,8.529546,0.4562826,0.085715316,0.04
1178,-14.015394,3.176881,28.212313,8.737285,0.37813044,0.07106487,0.04
1179,-14.170468,3.5162272,33.86552,10.438674,0.5650334,0.149622,0.04
1180,-14.283463,4.170322,42.07708,12.815962,0.9886577,0.26194954,0.04
1181,-14.061508,3.8777173,35.739384,10.987352,0.82583165,0.22090147,0.04
1182,-13.942601,3.7935507,33.02052,10.204453,0.9379431,0.20251413,0.04
1183,-13.858414,3.2794569,26.153952,7.997287,0.35841605,0.08098777,0.04
1184,-13.982742,3.4153166,29.715458,9.022707,0.59495336,0.14297582,0.04
1185,-13.877175,3.286682,26.628094,8.023644,0.16728854,0.08422592,0.04
1186,-13.943111,3.2631562,27.09206,8.347279,0.75216424,0.23282637,0.04
1187,-14.009244,3.247338,27.480825,8.589769,0.3220876,0.08352567,0.04
1188,-13.929781,3.0687268,24.794827,7.698844,0.60461134,0.15167296,0.04
1189,-14.020925,3.162235,28.505981,8.596787,0.73764336,0.21905634,0.04
1190,-14.056795,3.3728034,30.183426,9.444442,0.85523444,0.17563537,0.04
1191,-13.992217,3.1033444,26.497427,8.182829,0.10915423,0.027408525,0.04
1192,-14.031262,3.2278852,28.45345,8.72195,0.58034235,0.28778535,0.04
1193,-14.125318,3.5542276,32.0515,9.873758,1.0129379,0.21442547,0.04
1194,-14.045481,3.5888631,31.719044,9.815612,0.6265815,0.1550868,0.04
1195,-14.03193,3.5942078,32.617638,9.929458,0.62148327,0.16767348,0.04
1196,-14.020051,3.6342108,32.57908,10.043654,0.69455045,0.24565595,0.04
1197,-13.964249,3.3726952,28.966177,8.945243,0.40772197,0.081538886,0.04
1198,-14.073342,3.52116,32.22752,9.764293,1.0141382,0.30792013,0.04
1199,-14.012962,3.814885,34.11218,10.475823,1.2839185,0.37101224,0.04
1200,-13.946649,3.336869,27.587019,8.497812,0.1274443,0.0353932,0.04
1201,-13.973578,3.4534445,29.822992,9.12501,0.42650792,0.0681832,0.04
1202,-13.967172,3.3828378,29.156523,8.831636,0.42043668,0.16351576,0.04
1203,-13.960642,3.1341507,26.018858,8.074247,0.11902987,0.022971358,0.04
1204,-14.060644,3.2271562,28.069393,8.713255,0.74234277,0.19974777,0.04
1205,-14.140977,3.5745115,32.058006,9.833326,0.864454,0.17954622,0.04
1206,-14.136661,3.8347607,36.28964,11.039488,0.569638,0.19170536,0.04
1207,-13.98512,3.6239126,31.046831,9.499743,1.0736681,0.25553876,0.04
1208,-13.874029,3.2690787,26.368475,8.138604,0.3802888,0.10471498,0.04
1209,-13.938887,3.157838,26.141926,7.9594088,0.22435936,0.079233155,0.04
1210,-14.005832,3.2588983,29.543024,8.939711,0.2489086,0.06895546,0.04
1211,-14.018328,3.2824976,28.879557,8.690699,0.31080598,0.09200077,0.04
1212,-13.93665,3.1562507,25.512974,7.8805456,0.7075847,0.14802156,0.04
1213,-13.9198675,2.9970975,25.103415,7.6504283,0.55936307,0.1355611,0.04
1214,-14.008062,3.1448007,27.650984,8.528151,0.51303244,0.064205445,0.04
1215,-14.089306,3.323569,31.007961,9.623775,0.602759,0.120260246,0.04
1216,-14.038615,3.5440798,32.238777,9.770009,0.6045006,0.20481619,0.04
1217,-13.951127,3.4406962,29.720001,9.112062,0.6711631,0.16357355,0.04
1218,-13.998403,3.4753208,30.88154,9.459577,0.6977502,0.16318862,0.04
1219,-13.918449,3.2794974,28.28041,8.505573,0.65994656,0.16788721,0.04
1220,-14.016791,3.25105,28.409508,8.617466,0.4941314,0.14010157,0.04
1221,-14.079901,3.360559,29.44028,8.928411,0.8674822,0.26293695,0.04
1222,-14.084414,3.5990043,33.55865,9.922711,0.78140175,0.29114103,0.04
1223,-14.134004,3.4367025,31.965641,9.723026,0.7033747,0.23821414,0.04
1224,-14.09242,3.5395112,31.623928,9.738801,0.79441845,0.21751076,0.04
1225,-14.0248575,3.4274416,29.514427,9.110495,0.33015886,0.08030635,0.04
1226,-14.100332,3.6903875,33.99668,10.4687605,0.96154225,0.28788528,0.04
1227,-13.947254,3.5344539,29.780725,9.179395,0.28885344,0.09780891,0.04
1228,-13.920425,3.336985,27.634947,8.464341,0.42922035,0.121206105,0.04
1229,-13.903045,3.1584964,25.870907,8.007319,0.46885306,0.11569743,0.04
1230,-13.995846,3.0862613,25.926168,8.027146,0.11876252,0.04024474,0.04
1231,-14.1574545,3.4113252,31.729002,9.632863,0.34131512,0.13855009,0.04
1232,-13.996794,3.4566467,30.277279,9.226015,0.6291316,0.16630463,0.04
1233,-13.918631,3.260275,27.318241,8.393333,0.16331214,0.032043062,0.04
1234,-13.93983,3.3298693,28.724262,8.781391,0.70103806,0.22257675,0.04
1235,-13.95839,3.5161614,30.397314,9.1419,1.4682206,0.33463484,0.04
1236,-13.975691,3.0922925,26.634949,8.318172,0.34536064,0.053160254,0.04
1237,-13.964602,3.2332678,28.487873,8.807285,0.7172891,0.18853855,0.04
1238,-14.027267,3.3472602,30.3068,9.371729,0.60310704,0.16823708,0.04
1239,-13.997137,3.4532678,31.136448,9.544078,0.56645024,0.18462658,0.04
1240,-14.107688,3.4141889,32.14801,9.801624,0.5761788,0.2080164,0.04
1241,-14.111754,3.3536139,31.438366,9.660192,0.30484417,0.08457441,0.04
1242,-14.065788,3.3812044,30.06284,9.31345,0.7213895,0.09351968,0.04
1243,-14.075769,3.7099533,34.830368,10.640703,0.9329234,0.2208544,0.04
1244,-14.05571,3.45214,30.267717,9.365814,0.8481561,0.18887013,0.04
1245,-14.051022,3.7982712,35.78203,10.88343,0.551841,0.14596839,0.04
1246,-13.92799,3.5448987,30.226648,9.168664,0.26488248,0.07669402,0.04
1247,-13.928314,3.3149962,27.438662,8.458526,0.85283613,0.2712226,0.04
1248,-13.905987,3.2093084,26.402433,7.8875713,0.68572235,0.19576858,0.04
1249,-14.041708,3.1466126,28.347357,8.68662,0.14459765,0.040843192,0.04
1250,-14.075698,3.5056005,32.421143,9.914566,1.0142533,0.4337921,0.04
1251,-14.187273,3.639463,35.248062,10.8880415,0.7478379,0.17676549,0.04
1252,-13.905146,3.39868,28.114426,8.758505,0.8779059,0.17790507,0.04
1253,-13.918424,3.3192887,27.48976,8.554087,0.48895916,0.09914458,0.04
1254,-14.049745,3.4089856,31.177603,9.580625,0.376514,0.0871016,0.04
1255,-14.06619,3.4202013,30.618933,9.53073,1.0805516,0.2528836,0.04
1256,-14.1337385,3.4789715,33.660294,10.118837,1.2306867,0.32054338,0.04
1257,-14.012323,3.3680046,30.092861,9.374039,0.51705503,0.111608274,0.04
1258,-13.926267,3.249613,27.406137,8.497331,0.58525723,0.167029,0.04
1259,-14.025726,3.3812883,30.349482,9.166518,0.17219043,0.05732651,0.04
1260,-14.034117,3.5127363,32.171646,9.86337,1.0377657,0.27315444,0.04
1261,-14.056229,3.4739795,31.134945,9.5235195,0.67215776,0.23681377,0.04
1262,-13.959665,3.4933164,30.164349,9.3029995,0.3678317,0.07739777,0.04
1263,-14.06609,3.563076,32.537666,10.03622,0.35053164,0.044057216,0.04
1264,-14.024602,3.5355587,31.251383,9.627772,0.7559184,0.20815817,0.04
1265,-14.043406,3.5037558,31.496878,9.543414,0.8644568,0.21447389,0.04
1266,-14.05525,3.5508955,32.678085,9.93258,0.57185715,0.13254987,0.04
1267,-13.955231,3.3470154,29.436987,9.030881,0.6004861,0.12936285,0.04
1268,-13.904347,3.1571834,26.176672,7.9559784,0.12409798,0.026430164,0.04
1269,-14.005754,3.2342834,27.857546,8.575994,0.32455415,0.10153978,0.04
1270,-14.102619,3.4775844,32.33411,9.958736,0.44637752,0.14832056,0.04
1271,-14.009865,3.3907764,30.019781,9.3189535,0.94584453,0.2786853,0.04
1272,-14.060156,3.612347,31.904888,9.820773,1.5176011,0.35519585,0.04
1273,-13.961467,3.3001254,29.702261,9.168276,0.33332974,0.086741894,0.04
1274,-13.901834,3.1183426,25.41919,7.946499,0.49233645,0.1435341,0.04
1275,-13.907322,2.9457197,25.002768,7.846893,0.9920875,0.27557018,0.04
1276,-13.99038,3.1769204,28.68231,8.849239,1.001926,0.27896175,0.04
1277,-13.980983,3.1849828,28.468454,8.806754,0.47358635,0.06654298,0.04
1278,-13.996551,3.282523,28.41244,8.762322,0.56244844,0.17654625,0.04
1279,-13.965761,3.1059206,25.541712,7.9279118,0.48782617,0.20755513,0.04
1280,-14.06233,3.491233,32.168,9.716776,0.5534816,0.14305611,0.04
1281,-13.9516,3.4123995,29.459145,9.026157,0.29379174,0.07109207,0.04
1282,-13.999552,3.459854,30.72696,9.424551,0.36951864,0.0657344,0.04
1283,-13.947357,3.33322,28.810322,8.721308,0.76829463,0.31226286,0.04
1284,-13.955101,3.3488417,29.14811,8.922301,0.54806167,0.15526642,0.04
1285,-13.941787,3.168481,27.959415,8.471268,0.7093531,0.22067921,0.04
1286,-14.014658,3.1452956,27.982359,8.741428,0.27431,0.063989595,0.04
1287,-14.095879,3.2621753,29.847029,9.328358,0.5293784,0.17287186,0.04
1288,-14.130624,3.4912636,32.6536,10.049732,0.51074946,0.12479289,0.04
1289,-14.032361,3.4954429,30.91655,9.661286,0.69952065,0.14759064,0.04
1290,-13.988438,3.4158003,29.590237,9.035616,0.23704614,0.1737747,0.04
1291,-13.929394,3.3259883,28.271156,8.652908,0.24622475,0.053159785,0.04
1292,-13.981752,3.3236995,29.331713,9.047876,0.301534,0.07797085,0.04
1293,-14.03229,3.3472297,29.851475,9.308113,0.39546522,0.08061886,0.04
1294,-14.02003,3.4746354,30.726192,9.491885,0.5533828,0.16881444,0.04
1295,-14.007623,3.5861807,31.109869,9.68954,0.8860135,0.27781844,0.04
1296,-14.113932,3.306702,30.886364,9.629,0.526859,0.13695689,0.04
1297,-14.081152,3.4363415,31.227943,9.717203,1.3530632,0.32239175,0.04
1298,-14.155852,3.6689765,34.133495,10.697721,1.4278965,0.23392269,0.04
1299,-14.0804825,3.6216457,33.28407,10.493636,0.4926627,0.106308736,0.04
1300,-13.968665,3.3932471,29.18929,9.215188,0.601631,0.13658555,0.04
1301,-14.019398,3.5149467,31.188755,9.661245,0.5754218,0.1357344,0.04
1302,-14.041045,3.5864933,31.71691,9.858645,0.68377006,0.19631639,0.04
1303,-13.973058,3.5350723,30.394936,9.297103,0.34198448,0.11019156,0.04
1304,-14.014346,3.6394322,32.20024,9.865431,0.61215776,0.08280516,0.04
1305,-13.962874,3.5174122,30.794863,9.498927,1.0034305,0.21729195,0.04
1306,-13.945311,3.2415147,27.64062,8.615054,0.6070873,0.17556421,0.04
1307,-14.029772,3.3759334,30.810507,9.553341,0.38534075,0.14779319,0.04
1308,-14.089518,3.3713923,31.032593,9.541258,0.5342438,0.18347323,0.04
1309,-14.038768,3.3800454,30.59565,9.268126,0.4365344,0.13159306,0.04
1310,-14.054103,3.5556724,32.001995,9.867483,0.26137778,0.07096805,0.04
1311,-13.923418,3.4682155,28.73179,8.881815,0.3580248,0.094202824,0.04
1312,-13.951979,3.4992392,29.927048,9.302458,0.4657705,0.100382976,0.04
1313,-13.968447,3.3513546,28.873663,8.983401,0.2632951,0.07164632,0.04
1314,-13.992775,3.165061,26.908415,8.238436,0.66591996,0.23952276,0.04
1315,-14.079556,3.3371942,30.219328,9.301106,0.32118648,0.07313721,0.04
1316,-13.994177,3.1951635,27.235268,8.472538,0.40370366,0.165431,0.04
1317,-14.022409,3.262811,28.910944,8.892008,0.29377332,0.088201456,0.04
1318,-14.070459,3.3564763,31.024315,9.555048,0.4392614,0.04515301,0.04
1319,-14.137902,3.6808155,34.22971,10.571693,1.4193629,0.39566725,0.04
1320,-14.036582,3.530006,31.568996,9.55943,0.45197117,0.12100873,0.04
1321,-14.001164,3.3793805,29.560041,9.0482,0.16667315,0.041188486,0.04
1322,-13.97014,3.3494742,29.603151,9.141586,0.53328305,0.11467007,0.04
1323,-13.96575,3.1648817,27.149008,8.513795,0.6244566,0.18212155,0.04
1324,-14.021365,3.290452,28.680767,8.9917755,0.46177194,0.089689165,0.04
1325,-14.046199,3.3905582,30.21677,9.62548,0.7302537,0.1837432,0.04
1326,-14.125942,3.516672,32.766384,10.308197,0.5154019,0.11518003,0.04
1327,-14.044795,3.8548803,36.11263,11.428809,1.3861786,0.32897854,0.04
1328,-13.98403,3.3865254,30.056004,9.411252,0.42770705,0.04062889,0.04
1329,-13.974922,3.2062979,28.246826,8.760673,1.3320509,0.3549296,0.04
1330,-14.062252,3.390759,30.359734,9.491396,0.7803596,0.23143758,0.04
1331,-14.070556,3.397919,31.008896,9.74715,0.6617444,0.1783244,0.04
1332,-14.098821,3.5842638,34.41136,10.507419,0.7843638,0.22411734,0.04
1333,-14.14401,3.8221407,35.514267,11.042402,0.94730604,0.2634161,0.04
1334,-14.044671,3.748711,33.339954,10.228804,0.6048703,0.12668829,0.04
1335,-13.918258,3.5537589,29.705587,9.276234,0.49911216,0.15693152,0.04
1336,-13.885299,3.2915335,27.65589,8.565299,0.6620461,0.21845786,0.04
1337,-13.954334,3.283674,27.908266,8.627673,0.18992685,0.032159735,0.04
1338,-13.950359,3.3432417,29.162682,9.072652,0.75742626,0.20830253,0.04
1339,-13.99098,3.8283417,30.970175,9.737175,3.6740346,1.1459204,0.04
1340,-14.125811,3.33028,32.40277,10.096842,0.62302023,0.17411833,0.04
1341,-14.030858,3.463365,31.934958,9.878572,0.7887267,0.21962541,0.04
1342,-14.139227,3.5188842,33.280914,10.343081,0.60894775,0.124654375,0.04
1343,-14.137148,3.5811794,33.472084,10.475137,0.96553946,0.19627629,0.04
1344,-14.058527,3.6478524,32.117054,10.083399,0.2801742,0.11628221,0.04
1345,-13.8890915,3.4028072,27.225607,8.414671,0.67768246,0.28699657,0.04
1346,-14.012074,3.5772529,31.856518,9.852745,0.5001955,0.057416648,0.04
1347,-14.076121,3.635188,32.590847,10.2194195,0.57783604,0.18778415,0.04
1348,-14.0343895,3.6414287,32.33848,10.031199,0.09144195,0.0381583,0.04
1349,-13.970457,3.550581,30.666872,9.433756,1.0203252,0.28102532,0.04
1350,-13.680504,2.940939,20.66223,6.5706267,0.22245637,0.06946773,0.04
1351,-13.975909,3.1256883,27.24771,8.412207,0.39401373,0.074266784,0.04
1352,-14.055783,3.197545,28.590776,8.75559,0.616092,0.22373676,0.04
1353,-14.062919,3.1729517,28.84998,9.021609,0.4309088,0.1065187,0.04
1354,-14.153359,3.6147308,33.667274,10.297516,1.8851594,0.5088499,0.04
1355,-14.132646,3.5100262,34.90684,10.745292,0.84720504,0.2673616,0.04
1356,-14.1359215,3.8145268,36.768074,11.2131405,0.7219672,0.16218425,0.04
1357,-13.943799,3.7455277,31.127214,9.50944,1.5914749,0.43841967,0.04
1358,-13.924859,3.162232,26.371525,8.209652,0.2356495,0.05771283,0.04
1359,-13.934048,3.0031323,24.870451,7.906568,0.87233585,0.2039049,0.04
1360,-14.104983,3.1141887,28.419704,8.896507,0.5846341,0.15535174,0.04
1361,-14.1945,3.612334,33.77601,10.542431,1.0351397,0.24110498,0.04
1362,-14.073331,3.4927003,31.36858,9.709099,0.4919528,0.117123656,0.04
1363,-13.905057,3.3396251,26.763342,8.461857,0.7026683,0.104976505,0.04
1364,-14.030484,3.5422335,31.536966,9.746104,1.0112059,0.2641772,0.04
1365,-14.088252,3.5268075,33.566975,10.193039,0.5058155,0.123398885,0.04
1366,-14.137629,3.676282,34.224808,10.469148,0.25201133,0.060383018,0.04
1367,-14.1354475,4.086232,37.137894,11.684148,1.1047649,0.2983917,0.04
1368,-13.956677,3.7452075,32.202145,10.062314,0.8406904,0.25181228,0.04
1369,-13.894773,3.6621583,30.194267,9.438166,1.1678698,0.37772462,0.04
1370,-13.936746,3.4290833,29.311214,9.28476,0.30929127,0.05547442,0.04
1371,-13.9811,3.3474467,28.73501,9.1480055,0.47533232,0.093082674,0.04
1372,-14.057239,3.3849936,31.08807,9.630061,0.83598316,0.31627557,0.04
1373,-14.04982,3.2908409,29.85381,9.289031,0.8979806,0.19724837,0.04
1374,-14.016193,3.3307502,29.054464,9.118048,0.7239537,0.15606654,0.04
1375,-13.9966955,3.284716,29.192125,8.869848,0.41099164,0.11115425,0.04
1376,-14.116089,3.2760336,30.201357,9.347844,0.18778303,0.04385445,0.04
1377,-14.085092,3.3868475,31.157127,9.503904,0.4381752,0.10484389,0.04
1378,-14.149403,3.515324,32.700634,10.148949,0.5651821,0.14377935,0.04
1379,-14.084172,3.6783934,33.221184,10.399961,0.31140283,0.09768587,0.04
1380,-14.091469,3.6997552,33.107456,10.431293,0.7705203,0.19045576,0.04
1381,-14.061723,3.9266593,34.90078,10.905894,0.84299684,0.13886513,0.04
1382,-13.892986,3.607126,30.001535,9.488201,1.0810791,0.28549793,0.04
1383,-13.857887,3.0652642,24.666216,7.818878,0.3901824,0.11191115,0.04
1384,-14.073061,3.1831162,29.26058,9.098577,0.7445603,0.20183775,0.04
1385,-14.10077,3.3376942,30.984394,9.738962,0.38501522,0.13389657,0.04
1386,-14.012147,3.3115683,28.924868,9.215142,0.7030801,0.18079466,0.04
1387,-14.082338,3.37542,30.559761,9.56311,0.59201497,0.18407936,0.04
1388,-14.1144495,3.5897365,32.36536,9.919382,0.54119813,0.17105077,0.04
1389,-14.056283,3.5871801,30.46584,9.558849,1.0190455,0.45183715,0.04
1390,-13.935819,3.4771345,28.295822,8.736123,0.74150616,0.15854886,0.04
1391,-14.000926,3.5119565,29.573994,9.022137,0.77504104,0.22135332,0.04
1392,-13.95771,3.5210114,31.035719,9.680899,0.6119175,0.21536085,0.04
1393,-13.937606,3.167952,26.027277,8.09014,0.34345505,0.04389277,0.04
1394,-14.007199,3.2736998,27.722797,8.578477,0.9780117,0.28246474,0.04
1395,-14.055591,3.2687714,29.368862,9.11929,0.7535254,0.17578822,0.04
1396,-14.157737,3.5239527,32.993473,10.144222,0.5730374,0.24754326,0.04
1397,-14.027735,3.4914622,30.3787,9.411628,0.16286692,0.0415169,0.04
1398,-14.05334,3.636695,32.042732,9.883839,0.3488762,0.114687294,0.04
1399,-14.008453,3.5967722,30.900612,9.826219,0.43307176,0.10050363,0.04
1400,-13.8814745,3.3104067,26.953331,8.521161,0.7187149,0.22831953,0.04
1401,-14.032738,3.4083962,30.960505,9.561076,1.2815235,0.36825737,0.04
1402,-14.178657,3.4557383,34.003815,10.487286,0.4167846,0.09185216,0.04
1403,-14.060438,3.6132605,32.88034,10.194298,0.2791704,0.06844082,0.04
1404,-13.963038,3.6019752,32.25606,9.99007,0.70074034,0.2478936,0.04
1405,-13.963049,3.2788925,28.210497,8.81544,0.26392496,0.048526913,0.04
1406,-14.049367,3.3276966,29.781082,9.215192,0.4140818,0.16136205,0.04
1407,-14.036414,3.3295414,29.942757,9.362123,0.55413246,0.09592238,0.04
1408,-14.083649,3.5087705,33.68584,10.52859,0.69297177,0.14892815,0.04
1409,-14.19702,3.6618235,35.51225,11.2273,0.9606785,0.15928654,0.04
1410,-14.142202,3.687398,34.59513,10.733745,0.46392965,0.082696006,0.04
1411,-14.098333,3.805443,35.361927,10.975824,0.8731039,0.19259638,0.04
1412,-14.050073,3.8594916,34.59527,10.892013,0.6711093,0.13360761,0.04
1413,-13.831934,3.3558905,26.346327,8.263226,0.21726869,0.09772095,0.04
1414,-13.988361,3.3117208,28.592539,8.993427,0.21264705,0.0455026,0.04
1415,-13.985669,3.3975484,30.486322,9.389222,0.731662,0.20760646,0.04
1416,-13.9876175,3.243601,28.560162,8.913249,0.9559021,0.23856144,0.04
1417,-14.126656,3.6157324,33.590813,10.37133,0.706594,0.24835078,0.04
1418,-14.087111,3.6114123,32.973145,10.13494,0.7073022,0.27760705,0.04
1419,-14.110406,3.675471,34.025482,10.535505,0.5168948,0.1452257,0.04
1420,-14.062556,3.391269,29.889664,9.403502,0.68311065,0.20385455,0.04
1421,-14.047094,3.410718,29.502863,9.285964,0.18966915,0.04757588,0.04
1422,-14.041603,3.398461,29.462397,9.093333,0.2126357,0.09371562,0.04
1423,-14.113426,3.7186275,34.489758,10.828671,0.2961245,0.05995492,0.04
1424,-13.93477,3.500985,29.425953,9.132478,0.3221305,0.09436829,0.04
1425,-13.956066,3.376558,28.75699,8.901871,0.6536438,0.11840817,0.04
1426,-13.973143,3.3019257,27.310947,8.520668,0.04210531,0.018094176,0.04
1427,-14.032108,3.3675358,29.14574,9.174937,0.23344973,0.08036445,0.04
1428,-13.979556,3.4218996,29.447144,9.21956,0.9531934,0.28570262,0.04
1429,-14.132397,3.7083151,34.89708,10.840225,0.68736607,0.17118914,0.04
1430,-14.07485,3.6506858,32.892883,10.006348,0.5011087,0.19553804,0.04
1431,-14.044957,3.5316935,31.300201,9.522379,0.48501587,0.12905483,0.04
1432,-14.105902,3.7042606,33.688145,10.371525,0.6292218,0.14381179,0.04
1433,-13.84427,3.4734395,28.181479,8.557418,0.6015033,0.13436745,0.04
1434,-13.87521,3.1736584,26.309954,8.075642,0.40233067,0.12746368,0.04
1435,-14.027924,3.297449,28.976606,8.870501,0.42379045,0.11340321,0.04
1436,-14.047898,3.4785633,32.008114,9.759039,0.6572748,0.15248944,0.04
1437,-13.962708,3.2504323,27.048428,8.338403,0.38924536,0.1608444,0.04
1438,-14.022121,3.41505,29.786135,9.106016,0.45736536,0.22289264,0.04
1439,-14.198265,3.59862,33.793076,10.448647,0.3562957,0.11431787,0.04
1440,-14.001345,3.3926957,28.641539,8.7076025,0.5684977,0.11939893,0.04
1441,-14.101767,3.6568208,33.83698,10.403587,0.70700806,0.1945026,0.04
1442,-13.952738,3.3161578,27.931429,8.595258,0.46308187,0.07969367,0.04
1443,-14.04232,3.4808292,31.142813,9.616237,0.84739196,0.1505072,0.04
1444,-14.077766,3.4503074,30.860903,9.478847,0.36099437,0.08352575,0.04
1445,-14.0220785,3.4760952,30.858837,9.441658,0.2725852,0.14002815,0.04
1446,-13.970711,3.407211,28.596895,8.723784,0.58690095,0.31899124,0.04
1447,-13.982836,3.3915496,29.535229,9.009238,0.46105182,0.116560146,0.04
1448,-14.053608,3.3869174,31.749453,9.716525,0.26185378,0.065272935,0.04
1449,-14.083381,3.323348,30.693075,9.512435,0.5012372,0.09311836,0.04
1450,-14.037697,3.4048345,31.691586,9.777126,0.43762517,0.13000874,0.04
1451,-14.088694,3.4787664,30.98109,9.541954,1.5528883,0.3747625,0.04
1452,-14.1640005,3.4760616,34.14941,10.673174,0.6460317,0.17431487,0.04
1453,-14.017975,3.3812127,30.173338,9.203055,0.95362836,0.35329947,0.04
1454,-14.151331,3.7577057,36.96678,11.164113,1.0304759,0.4091799,0.04
1455,-14.041248,3.4077203,31.628345,9.818498,0.44868174,0.10686593,0.04
1456,-14.012162,3.0996222,26.471586,8.354518,0.23481661,0.090389796,0.04
1457,-13.985471,3.0686064,26.376003,8.316507,0.571894,0.1708686,0.04
1458,-14.060523,3.2090108,28.9516,9.132474,0.7579309,0.17474692,0.04
1459,-14.151641,3.4831412,32.564754,10.215925,0.41160044,0.14570598,0.04
1460,-14.011828,3.6603906,32.827118,10.004256,0.782654,0.2229636,0.04
1461,-14.025689,3.6308184,32.37685,10.011415,0.7395591,0.14938377,0.04
1462,-13.873872,3.306819,25.866196,8.152908,0.7733123,0.16328458,0.04
1463,-13.937953,3.1246922,25.777794,8.142748,0.63458925,0.14973344,0.04
1464,-14.127416,3.4743755,32.9673,10.346307,0.55805564,0.15227926,0.04
1465,-14.026986,3.4616995,31.004019,9.651505,0.5965796,0.19677448,0.04
1466,-13.967902,3.241225,28.293352,8.8084,1.0798202,0.26910153,0.04
1467,-14.274993,3.6002455,36.94161,11.557024,0.809942,0.2703317,0.04
1468,-14.148904,3.6814883,34.210777,10.523576,0.5746842,0.31263903,0.04
1469,-13.980525,3.6691241,31.680618,9.931334,0.30732965,0.08941451,0.04
1470,-13.964578,3.7279825,31.647861,10.037674,0.3067005,0.070628904,0.04
1471,-13.869281,3.3695405,27.806124,8.83462,0.51703864,0.12861289,0.04
1472,-14.031772,3.5050776,31.690113,9.924476,0.5052399,0.21473897,0.04
1473,-13.89883,3.1678333,26.543386,8.196348,0.81152,0.21477169,0.04
1474,-13.891532,2.9191563,22.859129,7.2019286,0.5873139,0.15875477,0.04
1475,-14.010358,3.2699919,29.726519,9.188588,0.64650005,0.26500934,0.04
1476,-14.109973,3.588295,33.63063,10.533185,1.1117882,0.2711808,0.04
1477,-14.032327,3.3854713,29.768652,9.226862,0.48487633,0.123117894,0.04
1478,-13.999529,3.272001,28.328419,8.993906,0.37551367,0.063876934,0.04
1479,-14.068362,3.433866,30.74303,9.715919,0.95011246,0.21968637,0.04
1480,-14.132502,3.4102967,31.720953,9.922735,0.7738101,0.16225335,0.04
1481,-14.013487,3.3957968,29.493109,8.913138,0.5839805,0.25421026,0.04
1482,-13.923864,3.236208,27.396385,8.470432,0.8806721,0.21947797,0.04
1483,-13.913168,2.9392262,24.23939,7.4176507,0.67541677,0.20671669,0.04
1484,-14.101741,3.1096501,28.521677,8.806033,0.2621613,0.07305525,0.04
1485,-14.171589,3.241206,30.449955,9.64316,0.68100405,0.17743587,0.04
1486,-14.186143,3.5736954,35.647923,11.257156,0.68995464,0.16185088,0.04
1487,-14.152582,3.533316,33.501976,10.350802,0.37965742,0.082932025,0.04
1488,-14.209527,3.8659058,37.792843,11.881105,0.9909688,0.20276968,0.04
1489,-14.032519,3.5211558,30.734886,9.664781,1.6201241,0.38534176,0.04
1490,-14.0052805,3.6279085,32.956036,10.159497,0.5301622,0.13577561,0.04
1491,-14.001412,3.6009195,31.264482,9.828879,0.22595264,0.040046643,0.04
1492,-14.020459,3.6053176,30.980753,9.757542,0.30755663,0.05522584,0.04
1493,-13.944361,3.568914,29.932163,9.27377,0.5184005,0.14091134,0.04
1494,-13.938102,3.4472098,28.87087,9.189867,0.77539027,0.11940052,0.04
1495,-14.064087,3.4242797,30.359428,9.5689335,0.43900886,0.06246626,0.04
1496,-14.063658,3.6204665,32.31014,10.048801,0.86255485,0.20663041,0.04
1497,-13.987715,3.4081008,29.278006,8.982023,0.76272345,0.22085701,0.04
1498,-14.028061,3.524311,31.619087,9.9404745,0.9138624,0.37158144,0.04
1499,-13.987064,3.2993307,28.448437,8.769634,0.45610228,0.13063538,0.04
1500,-14.011299,3.1958725,27.146093,8.506634,0.3224021,0.06539687,0.04
1501,-14.03643,3.450124,30.32627,9.444769,0.32387128,0.060280498,0.04
1502,-14.196835,3.5720522,32.60584,10.183021,0.21359114,0.10029435,0.04
1503,-14.027586,3.7104988,31.666035,9.912366,0.9605313,0.1946823,0.04
1504,-13.957498,3.7673206,32.28918,10.014478,0.8375737,0.2030163,0.04
1505,-13.963473,3.4757755,29.20069,9.049546,0.41571984,0.085540116,0.04
1506,-13.946795,3.3672416,28.340916,8.868696,0.45552042,0.11489175,0.04
1507,-13.921911,3.2497284,25.939188,8.217966,0.13985349,0.029750684,0.04
1508,-14.154217,3.734656,35.262394,11.011147,0.92107725,0.22050638,0.04
1509,-14.1154,3.6989107,33.621696,10.336456,0.66283715,0.18779702,0.04
1510,-13.970437,3.6622493,29.694874,9.457701,1.7319268,0.32409298,0.04
1511,-14.07048,3.6367023,33.004974,10.29439,0.6213353,0.16009152,0.04
1512,-14.027833,3.640384,32.166485,10.025814,0.7946567,0.22285865,0.04
1513,-14.059996,3.6900566,33.3128,10.380344,1.1231369,0.33031008,0.04
1514,-14.058364,3.62038,31.27686,9.8168955,0.41953647,0.14225242,0.04
1515,-14.008418,3.3843238,28.678402,8.763213,0.12970607,0.026279775,0.04
1516,-13.909504,3.2868624,26.912243,8.269389,0.8183407,0.26460934,0.04
1517,-14.024416,3.3956792,29.321257,9.151571,0.58118546,0.095963456,0.04
1518,-13.973999,3.3032308,28.972525,9.11753,0.8182207,0.17731674,0.04
1519,-14.0045,3.3530705,28.822994,8.567978,1.4080168,0.3291648,0.04
1520,-14.105741,3.1832757,29.861212,9.100566,0.5159805,0.23533274,0.04
1521,-14.09768,3.21064,29.329853,8.952781,0.32578638,0.16543715,0.04
1522,-14.23366,3.5770073,34.95024,10.715966,1.0518713,0.26104042,0.04
1523,-14.170313,3.862638,36.479347,11.152878,0.76636297,0.17208858,0.04
1524,-13.998574,3.6972375,31.28384,9.614379,0.36801866,0.078029215,0.04
1525,-14.009933,3.5878458,30.848583,9.470163,0.28925458,0.07881661,0.04
1526,-13.962815,3.575251,30.256226,9.390528,0.43945307,0.08020139,0.04
1527,-14.042021,3.618181,31.72777,9.847089,0.07330338,0.02355052,0.04
1528,-13.959056,3.4584274,28.42032,8.888258,0.54967296,0.09928771,0.04
1529,-13.878861,3.4732187,28.276787,8.790987,0.7686678,0.31667712,0.04
1530,-13.918277,3.2863162,27.919289,8.533843,0.5392603,0.19904451,0.04
1531,-13.960058,3.1849217,27.546062,8.427138,0.60956216,0.25094858,0.04
1532,-14.008963,3.1688087,27.757233,8.46782,0.20739405,0.05135159,0.04
1533,-13.940933,3.168957,26.110226,8.202661,0.62229574,0.17856935,0.04
1534,-14.108379,3.3948596,30.928446,9.5391655,0.6548996,0.104948886,0.04
1535,-13.938226,3.02279,24.17468,7.5885816,0.17108205,0.05513437,0.04
1536,-14.159361,3.4773073,31.620687,9.858691,1.3834461,0.29413623,0.04
1537,-14.197017,3.450889,33.486427,10.511286,1.1288581,0.24247202,0.04
1538,-14.081631,3.5505848,32.218258,9.8966255,0.73383385,0.15667808,0.04
1539,-13.981935,3.413257,29.502289,9.056492,0.32921016,0.12027463,0.04
1540,-13.88251,3.2086647,26.179201,8.0270605,1.1187068,0.44144505,0.04
1541,-13.945895,3.1426985,27.91187,8.295747,0.47890335,0.24569152,0.04
1542,-14.073088,3.1838171,28.884705,8.99031,0.23586784,0.053712346,0.04
1543,-13.970657,3.2094393,27.436216,8.58139,0.4911917,0.08703931,0.04
1544,-14.10256,3.3709264,31.140408,9.717489,0.6384161,0.38359353,0.04
1545,-14.022658,3.5955238,32.474556,10.010442,0.81857574,0.19202957,0.04
1546,-14.0123415,3.469835,30.072735,9.232433,1.4189875,0.3435083,0.04
1547,-14.011293,3.2521536,27.938715,8.546447,0.099841416,0.063891634,0.04
1548,-14.043488,3.4400432,30.252953,9.421558,0.78928566,0.16690631,0.04
1549,-14.043308,3.5866067,33.312057,10.093211,1.1448761,0.23768891,0.04
1550,-14.111067,3.5750585,32.555756,10.02392,0.21657945,0.04273496,0.04
1551,-14.067728,3.6966066,32.938824,10.187533,0.37703755,0.11598497,0.04
1552,-13.957694,3.4743552,29.011003,9.244072,0.9651784,0.305672,0.04
1553,-13.969141,3.641239,30.5961,9.470123,0.94950706,0.17339712,0.04
1554,-13.936779,3.390344,27.435678,8.658748,0.2650942,0.08823866,0.04
1555,-13.897576,3.2457094,26.230488,8.171552,0.23800808,0.045034215,0.04
1556,-13.971452,3.3643544,28.742424,8.931632,0.4749641,0.19588421,0.04
1557,-13.98596,3.2669506,27.490067,8.591285,0.6149773,0.15551558,0.04
1558,-14.029597,3.4189105,30.389887,9.5299,0.759574,0.23487946,0.04
1559,-14.107606,3.4476416,31.214945,9.839317,0.4831202,0.10340843,0.04
1560,-14.005895,3.3890772,29.513214,9.324111,0.8912569,0.2450196,0.04
1561,-14.101921,3.3524642,30.864288,9.732966,0.4369584,0.09468258,0.04
1562,-14.005998,3.3305304,29.299307,8.991163,0.6295851,0.1792973,0.04
1563,-13.995555,3.3529022,28.900627,9.159834,0.9709024,0.36064827,0.04
1564,-14.225353,3.7664382,38.294193,11.708031,0.875725,0.18989772,0.04
1565,-14.061006,3.6425817,32.844288,10.3079405,0.7590585,0.16801001,0.04
1566,-14.195373,3.9038672,38.313354,11.665452,0.6638027,0.19616649,0.04
1567,-14.093787,3.862446,35.284164,10.879764,0.53518957,0.19820566,0.04
1568,-13.9337225,3.6566212,30.749487,9.572844,0.29222873,0.07193996,0.04
1569,-13.881689,3.3228245,26.81776,8.436167,0.9357874,0.21811576,0.04
1570,-13.88095,3.2456312,25.977795,8.222684,0.30811673,0.09926751,0.04
1571,-14.1081,3.347265,30.806206,9.666739,0.17265558,0.035664275,0.04
1572,-14.09353,3.367115,30.665478,9.600492,0.3283094,0.077408105,0.04
1573,-14.076472,3.5682561,31.897015,9.873438,0.6711854,0.51756024,0.04
1574,-13.995416,3.7189171,31.303205,9.81648,1.7025368,0.5306142,0.04
1575,-14.037241,3.4593682,30.89499,9.561989,0.86437696,0.30264196,0.04
1576,-13.86837,3.1937876,26.250675,8.141083,0.5997771,0.11916198,0.04
1577,-13.96028,3.2528014,28.563953,8.783705,0.28672656,0.07729001,0.04
1578,-13.965527,3.2249029,26.506031,8.280254,0.7033307,0.13222486,0.04
1579,-13.885481,3.1472206,26.440483,8.165162,0.6908437,0.2459826,0.04
1580,-14.003159,3.2012174,28.509424,8.941011,0.4981336,0.15343124,0.04
1581,-14.041754,3.2418747,29.646059,9.101849,0.5494999,0.18882167,0.04
1582,-13.922817,3.192657,26.722492,8.379222,1.1134883,0.19727115,0.04
1583,-14.047354,3.1509101,28.687382,8.880146,0.27828085,0.06307784,0.04
1584,-14.01269,3.1937335,28.33651,8.753147,0.6489316,0.25903532,0.04
1585,-13.990478,3.2614486,28.287657,8.76872,0.18999933,0.054919872,0.04
1586,-14.026671,3.365484,29.73754,9.181378,0.32539955,0.100533746,0.04
1587,-14.055366,3.6065254,32.638435,10.204281,0.93205196,0.23423122,0.04
1588,-13.918548,3.187613,25.945055,8.194707,0.19976127,0.05888054,0.04
1589,-14.065246,3.5158827,32.481503,10.136765,0.79635787,0.2099201,0.04
1590,-13.973652,3.2876177,28.199362,8.8339,0.6393398,0.3017002,0.04
1591,-13.973949,3.2471936,28.510876,8.953132,0.5029228,0.13975435,0.04
1592,-13.954473,3.0692158,25.833946,8.002846,0.12203686,0.035496894,0.04
1593,-14.049284,3.3072963,29.411947,9.30124,1.0048358,0.23742364,0.04
1594,-14.110439,3.2870395,30.802637,9.469442,0.5248926,0.12165114,0.04
1595,-14.037644,3.332054,30.198446,9.393002,0.5007343,0.08122273,0.04
1596,-14.082448,3.3419359,30.727774,9.575942,0.5626529,0.15589862,0.04
1597,-14.033064,3.3801386,29.517021,9.283585,0.33917704,0.09286836,0.04
1598,-13.983217,3.3971915,29.099472,9.095245,0.7549444,0.19075324,0.04
1599,-14.066205,3.54543,32.52517,10.192108,0.50279194,0.08904134,0.04
1600,-13.948932,3.4438834,29.453007,9.164235,0.22274299,0.046352807,0.04
1601,-13.991312,3.4466403,30.125114,9.406591,1.1227304,0.56407285,0.04
1602,-13.984493,3.3739913,30.495913,9.361203,0.5119368,0.20754586,0.04
1603,-13.986752,3.3518984,30.730806,9.543141,0.6158578,0.12564737,0.04
1604,-13.976956,3.3464823,28.62372,8.903343,0.15540557,0.0318388,0.04
1605,-13.933935,3.3858633,28.519217,8.812521,0.35432664,0.14116208,0.04
1606,-13.964176,3.3429594,29.190855,8.867644,0.39019966,0.12527631,0.04
1607,-13.976762,3.3316207,28.690794,8.859961,0.44684228,0.12676495,0.04
1608,-13.984435,3.1865747,27.008266,8.1881275,0.09726967,0.03141888,0.04
1609,-14.120809,3.503491,31.956379,9.965496,1.0622102,0.17665154,0.04
1610,-14.011936,3.5664895,32.157402,10.118326,0.70547223,0.16575131,0.04
1611,-13.980236,3.4212348,29.939547,9.308728,0.71009463,0.18176864,0.04
1612,-14.092524,3.6456656,34.531467,10.55685,0.74353045,0.34488758,0.04
1613,-14.045201,3.4466605,31.178185,9.552322,0.28143787,0.08923005,0.04
1614,-14.144327,3.6483622,34.804394,10.70076,0.24592498,0.06850711,0.04
1615,-14.063002,3.7211728,33.484184,10.329629,0.28836447,0.052894518,0.04
1616,-13.95019,3.5598712,29.720121,9.26804,0.6924055,0.16465418,0.04
1617,-13.985801,3.6317854,31.488285,9.906657,0.32905388,0.11171442,0.04
1618,-14.020163,3.5440772,30.689888,9.458363,0.21907051,0.14908214,0.04
1619,-13.994914,3.460889,29.555122,9.240446,0.1347245,0.039135307,0.04
1620,-14.05613,3.6212106,34.358124,10.485913,0.9405699,0.25612882,0.04
1621,-14.025299,3.7291818,33.16172,10.240839,0.3009685,0.06402145,0.04
1622,-14.062041,3.9110131,34.81012,10.96054,0.845075,0.32222328,0.04
1623,-13.966312,3.555527,29.690268,9.345364,0.43968132,0.118532784,0.04
1624,-14.058342,4.1827226,36.49034,11.276474,1.7049507,0.4712035,0.04
1625,-14.03217,3.6711009,32.143127,9.863517,0.9598836,0.24189521,0.04
1626,-14.034856,3.6532934,32.118275,9.832462,0.43581873,0.14042269,0.04
1627,-13.956562,3.4999292,28.823292,8.941508,0.114399604,0.054579314,0.04
1628,-13.969645,3.5716615,30.865038,9.472318,0.8793741,0.19664775,0.04
1629,-14.011363,3.3909254,28.843895,8.961773,0.08898113,0.020386375,0.04
1630,-13.868975,3.295466,26.06928,7.9859247,0.4921222,0.14879774,0.04
1631,-13.962777,3.3111377,28.051424,8.945168,0.9939864,0.16751938,0.04
1632,-14.127011,3.4522161,31.36346,9.666275,0.7740431,0.39251965,0.04
1633,-14.051632,3.4309409,31.504591,9.67617,0.94654727,0.21165994,0.04
1634,-14.072534,3.6491895,32.833492,10.220917,0.71721035,0.29016006,0.04
1635,-14.164138,3.9540677,37.12687,11.410834,0.48870894,0.12707146,0.04
1636,-14.001029,4.0576367,35.108524,10.883382,0.61933184,0.12976624,0.04
1637,-13.919877,3.6708097,30.581915,9.536581,1.2404479,0.2698997,0.04
1638,-13.900813,3.5283697,28.44187,8.883673,1.1323378,0.2978228,0.04
1639,-13.949786,3.4254909,29.94183,9.135633,0.39530033,0.10938912,0.04
1640,-14.019669,3.3619375,29.865265,9.076831,0.2735677,0.04710295,0.04
1641,-14.100903,3.5224378,31.811245,9.839323,0.37354046,0.06921921,0.04
1642,-14.052186,3.7077334,31.760162,9.927612,0.48584467,0.12155837,0.04
1643,-14.016561,3.6208677,30.511717,9.406696,0.19332017,0.09396569,0.04
1644,-13.90319,3.4741483,27.911753,8.91211,0.56585234,0.10540285,0.04
1645,-13.969163,3.5242815,30.285257,9.400308,0.3437457,0.05370183,0.04
1646,-13.934063,3.4141507,28.739521,9.053586,0.3198234,0.08894146,0.04
1647,-13.910894,3.29537,27.954924,8.835337,0.46162406,0.13778552,0.04
1648,-13.998795,3.2239454,27.84211,8.626533,1.2320272,0.2691832,0.04
1649,-14.002071,3.2943017,29.710821,8.996195,0.65027016,0.20274259,0.04
1650,-13.977447,3.0191267,26.504694,8.3657465,0.22765261,0.07110818,0.04
1651,-14.07128,3.2963622,29.33284,9.1389885,0.7745924,0.17347941,0.04
1652,-13.959379,3.240045,27.224113,8.422754,0.32885146,0.07676178,0.04
1653,-13.989043,3.288582,28.5442,8.769256,0.27785537,0.07345686,0.04
1654,-14.100848,3.4676983,30.931427,9.560765,0.63320833,0.16529089,0.04
1655,-14.044691,3.4849665,30.756159,9.558937,0.7723542,0.2045344,0.04
1656,-14.006521,3.3988254,30.778564,9.472491,0.8004164,0.21050715,0.04
1657,-13.972855,3.4442031,29.863604,9.346779,1.0318326,0.2935207,0.04
1658,-13.936563,3.1830585,26.942408,8.26362,0.5853299,0.13561557,0.04
1659,-13.989858,3.2900546,28.47557,8.954187,0.81043077,0.19757688,0.04
1660,-14.085805,3.3466473,30.264696,9.400633,0.23420626,0.04313363,0.04
1661,-14.037895,3.5448618,32.07823,9.896353,0.9890441,0.21809436,0.04
1662,-14.0326185,3.5713844,32.842354,10.272331,0.5519317,0.10353477,0.04
1663,-13.971748,3.3661299,29.083666,9.220216,0.48394573,0.14964052,0.04
1664,-14.085028,3.4805677,31.25189,9.690376,0.5335469,0.1604073,0.04
1665,-13.989016,3.354932,28.851023,9.094504,0.30311808,0.0909967,0.04
1666,-13.935327,3.3304281,28.042118,8.680991,0.34187236,0.07193948,0.04
1667,-14.031853,3.3153408,28.693842,8.79614,0.16641001,0.0694059,0.04
1668,-14.016433,3.448368,30.132788,9.311244,0.52406687,0.1670546,0.04
1669,-13.988946,3.4630387,28.931084,9.099454,0.84876215,0.231519,0.04
1670,-14.117922,3.6666942,33.735443,10.479403,0.56072384,0.103367165,0.04
1671,-14.024557,3.6199043,31.240185,9.612107,0.3150782,0.14973292,0.04
1672,-13.929561,3.4916723,29.178179,9.0029125,1.4098095,0.37720045,0.04
1673,-13.9389,3.4920278,28.597412,8.824115,0.90091246,0.20497184,0.04
1674,-13.999443,3.4073572,28.885618,8.916928,0.65067255,0.11672452,0.04
1675,-14.0277195,3.6563466,32.71452,10.135121,0.5892494,0.12724398,0.04
1676,-13.959184,3.5223389,29.660248,9.356606,1.4601873,0.28621355,0.04
1677,-13.928763,3.4096925,29.512566,8.946589,1.2457218,0.51483166,0.04
1678,-14.037145,3.390142,29.810236,9.180059,0.7979195,0.21677734,0.04
1679,-13.963227,3.3287609,28.115221,8.751963,0.63590854,0.15931582,0.04
1680,-14.089968,3.4058883,31.552238,9.731773,0.910917,0.25287047,0.04
1681,-14.002309,3.449039,30.507664,9.522007,0.62645835,0.16109212,0.04
1682,-14.044611,3.4041018,30.49818,9.532212,0.48095137,0.11564633,0.04
1683,-14.082449,3.5252938,32.855743,9.945466,0.9042818,0.3022845,0.04
1684,-14.177563,3.8907135,37.558563,11.450933,0.8409772,0.16306607,0.04
1685,-14.083757,3.9828653,35.467037,10.969854,0.25694007,0.13470662,0.04
1686,-13.802915,3.6115732,27.968056,8.536935,0.18261713,0.077181995,0.04
1687,-13.913322,3.5973184,30.616617,9.485452,0.3235155,0.06468756,0.04
1688,-13.93443,3.560562,29.599773,9.120884,0.8742458,0.26006007,0.04
1689,-13.90931,3.176579,26.993301,8.225033,0.18502176,0.0432502,0.04
1690,-14.078953,3.4100895,32.301746,9.848206,0.55624676,0.10627362,0.04
1691,-14.077914,3.37771,30.876703,9.397975,0.4363538,0.2523988,0.04
1692,-14.003823,3.3523326,30.488089,9.437536,0.46786803,0.124107815,0.04
1693,-13.965293,3.287603,29.119286,8.912044,0.35342646,0.08867181,0.04
1694,-14.040567,3.3841445,30.637478,9.397614,0.66121554,0.1332777,0.04
1695,-13.9683695,3.363487,29.677614,9.133112,0.3588769,0.070894405,0.04
1696,-13.959601,3.2171383,28.026129,8.587616,0.3936052,0.107052304,0.04
1697,-13.914732,3.19446,28.529545,8.705885,0.656811,0.1797492,0.04
1698,-14.007647,3.1472926,27.819252,8.668624,0.5049798,0.11400535,0.04
1699,-14.024945,3.180976,27.526175,8.6225395,0.26911294,0.108590044,0.04
1700,-13.996508,3.2538738,28.669876,8.841713,0.22451022,0.08822981,0.04
1701,-13.952724,3.2285883,27.900099,8.551388,0.12105698,0.037268095,0.04
1702,-13.902869,3.3499818,28.82898,8.6287985,0.6467169,0.23846503,0.04
1703,-13.965187,3.1309574,27.426212,8.360409,0.56351686,0.16512576,0.04
1704,-14.0363655,3.2553291,29.621965,9.08049,0.8126362,0.25550514,0.04
1705,-14.046455,3.3182585,29.843285,9.220926,0.3343573,0.10607365,0.04
1706,-13.932481,3.1982198,26.10254,8.009473,0.6356128,0.16294676,0.04
1707,-13.941938,3.1860678,26.715458,8.354875,0.28196502,0.060980517,0.04
1708,-13.978503,3.2296073,27.741606,8.533148,0.09829109,0.026145833,0.04
1709,-13.948512,3.2093682,27.460974,8.56815,0.48989266,0.121232405,0.04
1710,-14.023919,3.2095218,28.784206,8.90701,0.72827196,0.18862247,0.04
1711,-13.983742,3.17935,28.725132,8.877598,0.78750515,0.23110542,0.04
1712,-13.917594,3.009466,25.563736,7.9083943,0.34317735,0.12469384,0.04
1713,-14.124752,3.3437371,32.266563,9.8860445,1.0976908,0.20733963,0.04
1714,-14.056303,3.090493,27.521818,8.550743,0.77719337,0.20452508,0.04
1715,-14.152565,3.3868763,31.633947,9.71535,0.60271573,0.17117162,0.04
1716,-14.122326,3.4718943,31.244738,9.605564,0.75844425,0.16076587,0.04
1717,-13.992793,3.320284,27.94789,8.682939,0.4340097,0.12030081,0.04
1718,-13.988121,3.1895485,27.397753,8.617901,0.33655286,0.08076625,0.04
1719,-14.0570545,3.4146519,30.926046,9.525122,0.29514563,0.0757826,0.04
1720,-14.165339,3.6130648,34.04251,10.55157,0.7688899,0.26626408,0.04
1721,-14.174012,3.7685769,35.045692,10.859299,0.37713224,0.060936444,0.04
1722,-14.000094,3.5514998,30.064823,9.421503,0.51908255,0.11994012,0.04
1723,-13.89094,3.4021835,27.538,8.63297,0.69501114,0.22008513,0.04
1724,-13.981956,3.4858153,30.044777,9.377359,0.21952023,0.10287957,0.04
1725,-13.933849,3.377076,28.30856,8.727944,0.356334,0.18820678,0.04
1726,-13.939018,3.1453085,25.634665,8.097562,0.11259613,0.028081996,0.04
1727,-13.936494,3.3735037,28.57806,8.84812,0.6932837,0.16483779,0.04
1728,-14.079746,3.4421313,31.316023,9.614794,0.37498382,0.06391906,0.04
1729,-14.070946,3.5582023,32.425564,9.902677,0.6094579,0.16838726,0.04
1730,-13.96772,3.3361976,27.785376,8.745804,0.5054772,0.099485755,0.04
1731,-13.960516,3.284119,27.297298,8.515605,0.08627204,0.02330794,0.04
1732,-14.124889,3.5150406,31.952131,10.04875,0.25961256,0.042702723,0.04
1733,-14.0893345,3.5974464,32.0849,10.022669,0.3491004,0.07046282,0.04
1734,-14.020232,3.4140728,29.258533,9.06972,0.5626291,0.14327647,0.04
1735,-14.080738,3.7290354,33.433628,10.494267,1.0657853,0.2703482,0.04
1736,-14.062608,3.8429558,33.750164,10.406313,0.22900823,0.04412954,0.04
1737,-13.916583,3.7002423,30.380531,9.535679,0.54341847,0.20315045,0.04
1738,-13.903701,3.4793463,28.56818,8.771229,0.85414416,0.1734771,0.04
1739,-14.013897,3.2746556,27.932652,8.759332,0.31800777,0.0732424,0.04
1740,-14.017949,3.2516818,28.144363,8.682419,0.4110721,0.09344717,0.04
1741,-14.033405,3.1856573,28.03147,8.688823,0.37899187,0.10193111,0.04
1742,-14.078848,3.3248334,29.826954,8.950984,0.39592227,0.18103682,0.04
1743,-14.191041,3.751569,35.089764,10.657044,0.96401477,0.2690989,0.04
1744,-14.028736,4.6518598,33.84681,10.4348135,4.836187,1.505451,0.04
1745,-14.034088,3.379264,28.938702,8.905565,0.726602,0.39931068,0.04
1746,-13.907545,3.1077125,25.01494,8.051504,1.117797,0.2850932,0.04
1747,-14.080434,3.3640277,30.633003,9.724354,0.7839134,0.1756791,0.04
1748,-14.029738,3.4601865,30.67126,9.4895935,0.9303413,0.21769184,0.04
1749,-14.140799,3.9146771,35.812748,11.279733,1.4181924,0.30591846,0.04
1750,-13.989408,3.7199223,31.826197,9.986169,0.92288023,0.2525135,0.04
1751,-13.945816,3.628496,30.769768,9.764076,0.63481325,0.11818398,0.04
1752,-13.928221,3.4859595,29.403893,9.035022,0.3937864,0.10415421,0.04
1753,-13.998701,3.6087873,32.422527,9.988508,0.68540305,0.116741896,0.04
1754,-13.88249,3.243965,26.703142,8.231201,1.5918119,0.360032,0.04
1755,-13.939289,3.2368898,28.710226,8.833754,0.46021935,0.28768328,0.04
1756,-14.017483,3.1602032,28.241693,8.60366,0.6834039,0.15986727,0.04
1757,-14.068387,3.199936,29.412512,9.045878,0.6678228,0.18894598,0.04
1758,-14.032963,3.2159846,28.38954,8.899108,0.5760411,0.1703315,0.04
1759,-14.047531,3.3817601,30.505327,9.317224,0.5486564,0.15123153,0.04
1760,-14.099887,3.6170254,33.10008,10.183643,0.2970146,0.07512154,0.04
1761,-13.935694,3.5499606,29.942982,9.298162,0.7885544,0.18049896,0.04
1762,-13.904275,3.5161903,29.07413,9.071843,0.9079987,0.17402615,0.04
1763,-14.062124,3.6959884,34.14285,10.465669,0.3118801,0.06961997,0.04
1764,-13.925388,3.5267806,29.615755,9.003828,0.3583432,0.12900354,0.04
1765,-13.98667,3.4982784,30.46726,9.467356,0.1172167,0.032530885,0.04
1766,-13.867142,3.337575,26.744656,8.258375,0.29570803,0.07455251,0.04
1767,-13.938119,3.270309,27.447386,8.437566,0.800877,0.10262671,0.04
1768,-13.97139,3.210737,27.194063,8.618979,0.4927645,0.083034396,0.04
1769,-14.086505,3.229298,29.0054,8.930475,0.2943138,0.09724231,0.04
1770,-14.150029,3.5395558,33.43448,10.195527,0.4364565,0.11641825,0.04
1771,-14.06367,3.6810641,33.377335,10.074221,0.5438589,0.34565803,0.04
1772,-13.956715,3.5591998,30.058641,9.182208,0.23067483,0.07291576,0.04
1773,-13.980201,3.5851889,30.500364,9.459459,0.20466961,0.04142049,0.04
1774,-14.018617,3.6196365,31.909433,9.667825,0.38357604,0.14146793,0.04
1775,-13.986958,3.6279101,31.560669,9.619492,0.32934636,0.15682568,0.04
1776,-13.9282465,3.529817,30.143501,9.378707,0.64297366,0.1454957,0.04
1777,-14.094275,3.5005343,32.155823,9.977255,0.4691959,0.09820588,0.04
1778,-14.0408945,3.5594451,31.099249,9.687625,0.3136889,0.0980215,0.04
1779,-13.950449,3.5545292,30.764149,9.599399,0.30570373,0.080300085,0.04
1780,-13.846894,3.3775015,27.591652,8.641398,0.44038546,0.14432189,0.04
1781,-13.961914,3.383343,29.600634,9.060258,0.3246434,0.10997905,0.04
1782,-14.126633,3.7376032,34.979416,10.864635,1.0392324,0.31589395,0.04
1783,-14.027802,3.564942,31.666845,9.722383,0.6634005,0.25084603,0.04
1784,-14.0061245,3.5395129,31.00292,9.497491,0.3820569,0.09838792,0.04
1785,-13.96923,3.462295,29.800722,9.379485,0.1702231,0.042222284,0.04
1786,-13.944798,3.237672,27.272493,8.576519,0.36706734,0.084708095,0.04
1787,-13.926521,3.1351619,26.001959,8.073599,0.20674013,0.03961774,0.04
1788,-14.024222,3.2299767,28.511168,8.878535,0.67765385,0.10533646,0.04
1789,-14.072532,3.3200545,30.420702,9.24282,0.27781543,0.06117343,0.04
1790,-14.036556,3.3985314,31.007782,9.41638,0.6163765,0.15953338,0.04
1791,-14.0587635,3.5066702,31.761248,9.760814,0.74556464,0.19773902,0.04
1792,-14.018223,3.3664114,29.0189,9.120369,0.7054992,0.18038033,0.04
1793,-13.996884,3.3693063,28.020054,8.821991,0.57776284,0.12528558,0.04
1794,-14.090822,3.4810705,32.061535,9.839635,0.39491728,0.10687392,0.04
1795,-14.168724,3.7780092,36.9171,11.286313,0.8219362,0.22647408,0.04
1796,-14.109119,3.9728968,37.043537,11.446243,0.55135757,0.09636632,0.04
1797,-14.017267,3.795098,33.974045,10.335375,0.26904345,0.09593974,0.04
1798,-14.066158,4.076522,35.082138,10.87514,2.7725122,0.8634016,0.04
1799,-13.992289,3.6665614,31.565876,9.740434,0.33037573,0.115503184,0.04
1800,-13.8604145,3.4359865,27.701508,8.510642,0.21594082,0.033989746,0.04
1801,-13.908772,3.4713478,29.450523,9.00039,0.7806753,0.1912719,0.04
1802,-13.893554,3.3226268,27.234179,8.176496,0.3531462,0.110839084,0.04
1803,-13.9840355,3.544588,31.586506,9.689013,0.6702483,0.16652156,0.04
1804,-13.926654,3.2962682,26.849888,8.270844,1.0836264,0.19091974,0.04
1805,-13.884426,3.0334723,23.722067,7.343424,0.27011675,0.08755638,0.04
1806,-13.988394,3.0963395,26.046108,8.099487,0.46601322,0.13638651,0.04
1807,-14.220432,3.5900004,35.18571,10.774763,0.48153833,0.12838651,0.04
1808,-14.13822,3.6852367,34.947815,10.7241955,1.0453055,0.3307813,0.04
1809,-13.994404,3.445522,29.681938,9.185825,1.037915,0.22162202,0.04
1810,-13.958963,3.3413723,28.982754,8.93703,0.5902167,0.15846528,0.04
1811,-14.032494,3.2697163,28.498264,8.757969,0.21936612,0.07101539,0.04
1812,-13.9342985,3.2400024,27.29338,8.256286,0.8310484,0.2879585,0.04
1813,-14.080628,3.3829212,30.837383,9.580388,0.5037505,0.1384895,0.04
1814,-14.01253,3.4005766,29.247799,9.090999,0.43970647,0.11970685,0.04
1815,-14.05099,3.5544026,31.675936,9.795281,0.9884919,0.19791393,0.04
1816,-13.96974,3.3605936,28.62037,8.810514,0.35816708,0.21096842,0.04
1817,-13.970308,3.4423068,30.118643,9.414174,0.42613822,0.12372313,0.04
1818,-14.043463,3.4328718,30.186142,9.38579,0.52713037,0.09717283,0.04
1819,-14.040952,3.4387708,30.560814,9.293341,0.6593887,0.20382859,0.04
1820,-14.045719,3.644538,31.74459,9.901212,1.0627104,0.20675355,0.04
1821,-13.974543,3.3158727,27.515299,8.592412,0.5841163,0.19001956,0.04
1822,-14.095389,3.7009554,34.270905,10.495632,0.8643745,0.2720977,0.04
1823,-13.980459,3.5860465,31.034073,9.466074,0.27342734,0.0825308,0.04
1824,-13.906332,3.424726,28.319473,8.570961,0.10340232,0.027455315,0.04
1825,-13.950404,3.4454622,28.913492,8.836515,0.26778036,0.103470944,0.04
1826,-14.030693,3.3732996,29.075752,9.01246,0.6628793,0.19750576,0.04
1827,-13.925418,3.256329,28.17527,8.486337,0.89126706,0.26389053,0.04
1828,-13.945104,3.244619,27.530487,8.282297,0.679619,0.16145542,0.04
1829,-13.967414,3.3967552,29.323267,8.824973,0.800275,0.12664916,0.04
1830,-14.008549,3.2769806,28.953241,8.957939,0.23152637,0.056720085,0.04
1831,-14.041922,3.4016457,30.77499,9.468977,0.6385395,0.177864,0.04
1832,-13.91891,3.3084726,27.544363,8.6306715,0.23733795,0.03563475,0.04
1833,-14.033272,3.5002215,31.396097,9.621183,0.72783846,0.18812382,0.04
1834,-14.08074,3.366277,30.584797,9.581241,0.3357821,0.072710864,0.04
1835,-13.99899,3.514427,30.643938,9.569804,0.4199103,0.08452595,0.04
1836,-13.906942,3.3226564,26.650543,8.439224,0.4591845,0.13178484,0.04
1837,-14.076315,3.6035094,32.796032,10.275968,1.1634492,0.2529851,0.04
1838,-14.0123825,3.4536142,29.325125,9.252869,0.2079076,0.033268392,0.04
1839,-13.899201,3.3217008,27.421484,8.358009,0.94928956,0.2913221,0.04
1840,-13.92176,3.363761,28.895618,8.890345,0.37201977,0.10036748,0.04
1841,-13.952577,3.240975,27.379501,8.508408,0.7862627,0.37701154,0.04
1842,-13.916092,3.1467192,25.453386,7.8713684,0.14434257,0.0317272,0.04
1843,-14.081662,3.8253195,33.063667,10.090847,1.9587967,0.49162233,0.04
1844,-14.03699,3.5557344,32.932625,10.007068,0.6415681,0.14146894,0.04
1845,-14.076947,3.7618275,33.65823,10.382958,0.84712833,0.22508185,0.04
1846,-13.996796,3.6336806,30.512499,9.469897,0.42639905,0.25582612,0.04
1847,-13.982323,3.6356776,32.130413,9.914701,0.44741634,0.12512597,0.04
1848,-13.839524,3.2962713,26.292011,8.13349,0.32544413,0.07962995,0.04
1849,-13.906812,3.4009705,28.796192,8.958437,0.405522,0.09834864,0.04
1850,-13.943752,3.15343,26.888193,8.3058815,0.28779873,0.07157973,0.04
1851,-14.074632,3.3695872,30.6661,9.482991,0.4275742,0.0980237,0.04
1852,-13.955748,3.2765672,28.4175,8.612872,0.31032184,0.13132037,0.04
1853,-14.048492,3.489374,31.614351,9.737668,0.25604108,0.05143722,0.04
1854,-13.918191,3.3475833,28.055555,8.603034,0.35568875,0.07360066,0.04
1855,-13.812139,3.0526447,24.17401,7.3569665,0.6278536,0.1608929,0.04
1856,-13.973685,3.0384662,26.12898,8.006778,0.6240567,0.2867039,0.04
1857,-14.059759,3.2507007,28.575386,8.888386,0.5280264,0.108837254,0.04
1858,-14.026898,3.2059367,28.483639,8.875653,0.39265916,0.070313096,0.04
1859,-13.959662,3.1674533,27.188263,8.677703,0.71824986,0.19036233,0.04
1860,-14.071774,3.1156256,27.845936,8.631812,0.857405,0.25023293,0.04
1861,-14.115539,3.3604476,30.421906,9.408768,0.3252665,0.10681063,0.04
1862,-14.158185,3.6917222,34.40124,10.677136,0.46951607,0.08973642,0.04
1863,-14.1234865,3.9823213,36.46764,11.117983,0.74182504,0.24360955,0.04
1864,-13.994441,3.9919024,33.775127,10.465513,0.6341236,0.16759095,0.04
1865,-13.856539,3.6151447,28.487177,8.888215,0.13512893,0.032697637,0.04
1866,-13.852814,3.5054343,28.540836,8.502561,0.94687945,0.23663814,0.04
1867,-13.998248,3.6707213,32.73317,10.104057,0.7626033,0.19423382,0.04
1868,-13.951536,3.5249736,29.80106,9.167373,0.8402569,0.21408294,0.04
1869,-13.898414,3.4840016,29.514635,8.920323,0.35168764,0.06886323,0.04
1870,-13.956743,3.32383,28.576763,8.684499,0.5530853,0.20521519,0.04
1871,-13.962061,3.3481545,29.488855,9.014899,0.69246376,0.20752792,0.04
1872,-14.040658,3.256608,29.440416,9.152579,0.803658,0.21753038,0.04
1873,-14.113348,3.592738,34.557537,10.531027,0.605653,0.15411445,0.04
1874,-14.079152,3.7131977,33.700886,10.5604925,0.9584969,0.20985432,0.04
1875,-14.160467,3.9463136,37.735115,11.820002,1.2302231,0.23691279,0.04
1876,-14.065006,3.9920151,36.2433,10.970817,0.38370356,0.1456366,0.04
1877,-14.034588,4.09606,36.002556,11.237292,0.60969216,0.14915058,0.04
1878,-13.945684,3.9782689,33.39138,10.009297,0.7352532,0.12860626,0.04
1879,-13.944651,3.8351066,32.905052,9.8909855,0.8557521,0.20584421,0.04
1880,-13.972763,3.684462,31.767103,9.880578,0.47703713,0.20918132,0.04
1881,-13.884514,3.4565225,28.417696,8.786871,0.500693,0.1861362,0.04
1882,-13.8727455,3.4571028,28.671412,8.898733,0.26213267,0.10918315,0.04
1883,-13.956232,3.415123,29.48263,9.190918,0.29738098,0.087051965,0.04
1884,-13.826211,3.1306329,24.618883,7.556613,0.2737112,0.122199506,0.04
1885,-13.928059,3.3164783,29.342878,9.034229,0.592627,0.16650088,0.04
1886,-13.98135,3.6432793,31.050066,9.48719,1.7564852,0.5086341,0.04
1887,-14.084459,3.3386452,30.017225,9.246263,0.56191885,0.15306416,0.04
1888,-13.982985,3.3482656,29.490614,9.090135,0.69186723,0.17275417,0.04
1889,-13.975126,3.442798,31.025528,9.399045,0.2743664,0.077636786,0.04
1890,-13.947008,3.3238404,28.729784,8.83949,0.32347083,0.09399424,0.04
1891,-14.076439,3.4939291,32.38639,9.949749,0.35429975,0.07746024,0.04
1892,-14.059505,3.6251605,33.219364,10.133139,0.37826195,0.0717828,0.04
1893,-13.954952,3.409612,27.941936,8.591314,0.38333663,0.09742199,0.04
1894,-13.963227,3.438125,28.901897,9.072258,0.27873337,0.06351666,0.04
1895,-13.966005,3.4278233,29.202106,9.0291815,0.3510514,0.12168434,0.04
1896,-13.963506,3.3788993,27.80878,8.849545,0.41259402,0.039348513,0.04
1897,-13.946666,3.2972238,26.45634,8.331903,0.7656634,0.13804218,0.04
1898,-14.032401,3.3682673,29.845064,9.169006,0.19459485,0.048795644,0.04
1899,-13.987306,3.3552618,28.309656,8.544402,0.83000016,0.2690289,0.04
1900,-14.048237,3.5856836,32.401573,9.929489,0.6776003,0.12450332,0.04
1901,-14.066556,3.6326766,32.770065,10.206895,0.8748194,0.18989,0.04
1902,-14.10726,3.624604,33.683678,10.357558,0.6065907,0.15104371,0.04
1903,-14.006712,3.5674145,31.161318,9.671649,0.71384746,0.25865245,0.04
1904,-13.988646,3.6383717,31.479263,9.722717,0.39348143,0.0953375,0.04
1905,-14.043967,3.7428057,34.12368,10.364893,0.82589483,0.1959513,0.04
1906,-13.963489,3.4651952,29.584635,9.19893,0.57520574,0.23540156,0.04
1907,-13.998252,3.4303339,29.399302,8.918389,0.7414688,0.23098779,0.04
1908,-13.886175,3.1895745,26.162514,8.144483,0.1001478,0.019581618,0.04
1909,-13.9260025,3.188741,26.9025,8.103803,0.17089084,0.094899096,0.04
1910,-13.829482,2.9125483,22.154325,6.850125,0.10913783,0.025541946,0.04
1911,-14.0261345,3.140058,27.24639,8.382541,0.7337378,0.22699247,0.04
1912,-14.038262,3.3899777,30.083233,9.309882,0.82113874,0.199914,0.04
1913,-13.955697,3.1981397,26.939655,8.366715,0.78930527,0.19816418,0.04
1914,-14.079343,3.3267536,30.89108,9.460919,0.60363746,0.16893001,0.04
1915,-14.031096,3.3126292,29.574522,9.109973,0.4484425,0.113375805,0.04
1916,-14.057107,3.3662324,29.676699,9.152474,0.6082121,0.15469068,0.04
1917,-14.051078,3.5914798,31.746138,9.885275,0.7043169,0.2253786,0.04
1918,-13.939119,3.2849221,28.019054,8.563504,0.62862986,0.15347661,0.04
1919,-13.924887,3.2071607,26.758749,8.263821,0.3612417,0.042932305,0.04
1920,-13.85107,2.9587681,23.327385,7.177517,0.3403083,0.106920384,0.04
1921,-14.110191,3.2656603,29.884315,9.226812,1.1245283,0.21324515,0.04
1922,-14.011843,3.1918042,27.717823,8.496664,0.18804668,0.07778783,0.04
1923,-14.007047,3.1736364,26.825071,8.251388,0.4051535,0.09947408,0.04
1924,-14.126631,3.3573623,31.069431,9.629224,0.7256276,0.20957981,0.04
1925,-14.012547,3.2255018,27.719124,8.839391,0.28691548,0.047980003,0.04
1926,-14.050713,3.6177223,30.387228,9.516369,2.6431503,0.74360585,0.04
1927,-14.091439,3.3740122,31.416815,9.72009,0.65456694,0.11441945,0.04
1928,-13.971362,3.2580469,28.17233,8.622031,0.89300793,0.22633028,0.04
1929,-14.009461,3.347211,29.424864,9.23277,0.5228271,0.16897978,0.04
1930,-13.997464,3.288717,28.44806,8.945309,0.519434,0.12913798,0.04
1931,-13.956827,3.4351711,27.716007,8.758411,1.4149296,0.29316926,0.04
1932,-14.007481,3.3414488,30.172037,9.468557,0.38672462,0.07033993,0.04
1933,-14.016618,3.4372792,30.058702,9.271024,0.5123136,0.06848376,0.04
1934,-13.991253,3.3622787,29.825226,9.131718,0.7874807,0.16858782,0.04
1935,-14.020361,3.3739183,29.451056,9.019756,0.52365077,0.14026323,0.04
1936,-14.03051,3.6392405,33.6119,10.361234,0.7516099,0.16495293,0.04
1937,-13.920664,3.2130666,26.159807,8.123681,0.21336989,0.054502062,0.04
1938,-13.997451,3.4131842,30.50783,9.373379,0.40346685,0.11276683,0.04
1939,-13.951435,3.4894464,30.413986,9.645435,0.25702345,0.0515609,0.04
1940,-13.74101,3.1187887,24.326899,7.6728663,0.1862691,0.036920145,0.04
1941,-13.839625,3.0207758,24.821926,7.6219034,0.3207686,0.08333977,0.04
1942,-14.12377,3.2851338,31.514105,9.803258,0.49146277,0.087229334,0.04
1943,-14.07795,3.456861,30.885746,9.329336,1.3114712,0.48760244,0.04
1944,-14.071424,3.497411,31.538872,9.789524,0.4698685,0.14282784,0.04
1945,-14.029165,3.442416,30.733778,9.20849,0.69416755,0.21418703,0.04
1946,-14.061178,3.3962376,30.665657,9.361863,0.20137872,0.053130616,0.04
1947,-14.014089,3.3096247,28.695547,8.793998,0.20628177,0.08976678,0.04
1948,-14.043075,3.528215,31.555538,9.872502,0.46377978,0.12061397,0.04
1949,-13.958131,3.5916338,30.484419,9.461815,1.178836,0.17442882,0.04
1950,-13.923884,3.389691,28.564644,8.796793,0.26713243,0.07961544,0.04
1951,-14.030555,3.4632466,31.074066,9.433482,0.5266117,0.13970801,0.04
1952,-14.005465,3.3839388,28.877016,8.945481,0.41373906,0.077588946,0.04
1953,-14.035559,3.7323098,33.325077,10.401505,1.0279946,0.2671145,0.04
1954,-14.047926,3.5508502,31.45899,9.6543665,0.31634945,0.07682593,0.04
1955,-14.002215,3.5058722,29.987019,9.307276,0.7210548,0.23362759,0.04
1956,-14.039348,3.4977567,31.229328,9.708909,0.32259277,0.07674797,0.04
1957,-14.080509,4.1953087,36.101357,11.173238,2.8352106,0.56818324,0.04
1958,-13.937191,3.79472,32.690887,10.324545,1.1653903,0.23968624,0.04
1959,-13.891171,3.461068,29.88483,9.186452,0.91192657,0.3006498,0.04
1960,-14.010946,3.4327757,31.22645,9.700976,1.1329005,0.32498342,0.04
1961,-13.922413,3.3370075,28.4942,8.7470455,0.48916546,0.11861052,0.04
1962,-13.9901285,3.3206048,30.228582,9.291153,0.610593,0.19468784,0.04
1963,-13.997745,3.157237,27.179068,8.380994,0.6087083,0.28843206,0.04
1964,-14.022272,3.1727405,27.788063,8.718928,0.52642643,0.14937359,0.04
1965,-14.158225,3.458421,32.058575,9.938039,0.80196655,0.1125439,0.04
1966,-13.9716625,3.4299462,29.451658,8.925359,0.9040535,0.1630556,0.04
1967,-14.003602,3.3918047,29.468252,8.936141,0.14762844,0.03328867,0.04
1968,-13.924043,3.3750231,28.20185,8.7266865,0.30701938,0.04981989,0.04
1969,-13.929671,3.470291,28.323294,8.981243,1.3416654,0.24893029,0.04
1970,-13.949838,3.3907528,29.331022,9.167049,0.6391368,0.15003048,0.04
1971,-14.067065,3.5292368,32.321762,9.972685,0.68978304,0.18529972,0.04
1972,-14.008424,3.6158175,32.501743,9.941208,0.6190282,0.13704813,0.04
1973,-13.941523,3.301903,27.391947,8.48891,0.761782,0.15503393,0.04
1974,-13.829655,3.0849273,23.932749,7.445768,0.41167453,0.10546761,0.04
1975,-13.878063,3.0481324,24.559824,7.5897946,0.67135113,0.34593076,0.04
1976,-14.00285,3.167822,27.801199,8.48506,0.9421453,0.17993695,0.04
1977,-14.108963,3.2116995,29.406136,9.090232,0.34460324,0.07751559,0.04
1978,-14.036512,3.1148894,28.35927,8.826881,0.9404625,0.27437612,0.04
1979,-14.044752,3.269559,29.89186,9.252805,0.9239984,0.34195447,0.04
1980,-14.070375,3.3635676,31.28753,9.64877,0.7621868,0.1742054,0.04
1981,-14.019702,3.1419392,26.938414,8.370501,0.5345483,0.17948553,0.04
1982,-14.002889,3.132287,26.10024,7.925969,0.429449,0.11329255,0.04
1983,-14.026443,3.2127426,27.709707,8.575529,0.14410198,0.024643637,0.04
1984,-13.992713,3.3046465,28.813036,8.831887,0.5260511,0.12700947,0.04
1985,-14.027726,3.3721304,29.715282,9.172211,0.41370684,0.059541456,0.04
1986,-14.036606,3.5858488,32.12604,9.706429,0.6664035,0.12703094,0.04
1987,-14.170719,3.926346,37.02407,11.227566,0.7019519,0.16765328,0.04
1988,-14.15758,3.9672163,36.09784,11.122915,0.16082324,0.04275798,0.04
1989,-14.031863,3.9832058,34.12773,10.2684145,0.4316915,0.09689284,0.04
1990,-13.944039,3.9883676,33.268383,10.304415,0.54503554,0.17173082,0.04
1991,-13.881037,3.7241879,29.993803,9.403732,0.52992666,0.13016385,0.04
1992,-13.84695,3.5358062,27.91704,8.774578,0.7257905,0.1393707,0.04
1993,-13.886172,3.1436298,25.476744,7.9009004,0.1224898,0.050786808,0.04
1994,-13.986362,3.287937,28.919964,8.9347515,0.55191743,0.09769068,0.04
1995,-14.043119,3.3944247,30.291931,9.390921,0.4693069,0.13546212,0.04
1996,-14.084613,3.7198336,33.96072,10.61924,1.1877371,0.30423495,0.04
1997,-14.053496,3.729662,34.363613,10.713908,0.70358026,0.170822,0.04
1998,-13.9835415,3.740515,32.94614,9.942376,1.207729,0.40130192,0.04
1999,-14.018369,3.5280888,31.466818,9.63823,0.36976904,0.13953072,0.04
2000,-14.019317,3.508094,30.516989,9.341926,0.45902154,0.0982009,0.04
2001,-13.941562,3.47296,30.250212,9.26555,0.2301787,0.0645963,0.04
2002,-14.065501,3.5893598,32.230083,9.779047,0.28346476,0.13037723,0.04
2003,-14.042754,3.766471,33.987732,10.46584,0.25378457,0.055284053,0.04
2004,-14.015134,3.9261801,36.165546,11.145486,1.1316813,0.20660242,0.04
2005,-13.956086,3.6033895,31.286263,9.558061,0.67467135,0.1693478,0.04
2006,-14.000854,3.6090193,31.261875,9.472464,0.5833934,0.25241408,0.04
2007,-14.061395,3.8036397,35.209583,10.639418,0.50664455,0.1469215,0.04
2008,-13.991401,3.827178,33.40436,10.338045,0.32054076,0.124015234,0.04
2009,-13.807744,3.6191533,26.685558,8.255935,2.2140055,0.42157486,0.04
2010,-13.716375,2.989275,22.363983,6.907108,0.48567268,0.070736475,0.04
2011,-13.986917,3.1286075,27.387154,8.452231,0.27431944,0.072272435,0.04
2012,-14.060995,3.2734163,28.729416,8.998425,0.62980705,0.19164672,0.04
2013,-14.02355,3.485087,30.825916,9.371531,0.6586242,0.2534734,0.04
2014,-14.011489,3.314376,28.836756,8.896534,0.8020989,0.20622401,0.04
2015,-14.03827,3.5400302,32.54753,9.891902,0.37082475,0.12804572,0.04
2016,-14.022251,3.3833556,29.99257,9.22401,0.70702773,0.13087027,0.04
2017,-14.096125,3.5656686,32.972878,10.033585,0.56001085,0.13759458,0.04
2018,-13.989607,3.50126,29.854141,9.320962,0.81258655,0.20115942,0.04
2019,-14.051894,3.5239532,30.931833,9.591067,0.74075925,0.20549932,0.04
2020,-14.057625,3.54477,30.863935,9.467393,1.1563252,0.36674318,0.04
2021,-14.029506,3.619349,31.24697,9.62728,0.5591668,0.11741002,0.04
2022,-13.975539,3.6618376,32.36491,9.8202915,0.6732751,0.15901032,0.04
2023,-13.87686,3.4746528,28.7575,8.770022,0.3087181,0.09759316,0.04
2024,-13.833764,3.2119277,25.282234,7.975001,0.4283741,0.08500236,0.04
2025,-13.900021,3.074682,25.62386,7.8833513,0.31491926,0.09867858,0.04
2026,-13.9738245,3.1111958,26.797337,8.21008,0.64443845,0.19353752,0.04
2027,-14.079961,3.267096,29.297781,9.2209015,0.3147519,0.067484036,0.04
2028,-13.910818,3.1094732,24.82663,7.750578,0.23467696,0.08715241,0.04
2029,-14.0322075,3.3644025,29.16976,9.180173,0.75393856,0.22587827,0.04
2030,-14.054713,3.3845625,30.270275,9.281985,0.71313024,0.09927583,0.04
2031,-14.04639,3.598271,32.7181,10.233851,0.8041682,0.16981451,0.04
2032,-13.962369,3.558848,30.942537,9.69156,0.9112209,0.25241804,0.04
2033,-13.912115,3.284256,27.256554,8.456831,0.2997163,0.05737679,0.04
2034,-14.078818,3.5982428,33.313686,10.144639,0.5165515,0.26460668,0.04
2035,-14.125358,3.7990289,35.826782,11.295854,0.4110647,0.2077915,0.04
2036,-13.955799,3.5870855,30.244576,9.296166,0.25693524,0.0617649,0.04
2037,-13.960466,3.5914457,30.36517,9.34055,0.14426672,0.055628467,0.04
2038,-13.978854,3.6594112,31.547573,9.717806,0.693085,0.21829233,0.04
2039,-13.894165,3.4183352,28.116642,8.857255,0.19247796,0.06430464,0.04
2040,-13.944299,3.431501,29.318336,8.972131,0.39723423,0.13159877,0.04
2041,-13.861233,3.240877,26.518665,8.383842,0.59513646,0.14474341,0.04
2042,-14.033252,3.3381422,30.117985,9.283407,0.5500179,0.09508786,0.04
2043,-13.96774,3.3139942,27.898293,8.684317,0.1947059,0.038057845,0.04
2044,-13.995904,3.555847,31.138567,9.33698,0.23833452,0.21973538,0.04
2045,-13.933842,3.3952935,28.159771,8.712993,0.6956547,0.18431212,0.04
2046,-13.873353,3.2149684,25.407688,7.856118,0.2449095,0.049127102,0.04
2047,-13.909086,3.1384935,25.09398,7.843215,0.2446568,0.08058157,0.04
2048,-13.953261,3.1267235,26.081457,8.055232,0.53698426,0.18083344,0.04
2049,-13.944214,3.092595,25.582624,7.8569264,0.49757564,0.13429447,0.04
2050,-13.985463,3.1865432,27.262852,8.353031,0.48813725,0.1369653,0.04
2051,-14.026028,3.4294045,30.632315,9.354772,0.86222017,0.29315233,0.04
2052,-14.086868,3.7907526,34.025585,10.530001,1.9925364,0.31835148,0.04
2053,-14.100528,3.654227,35.154617,10.630442,0.4209291,0.1075327,0.04
2054,-13.958487,3.5210001,29.83716,9.405054,0.72252536,0.12799098,0.04
2055,-13.840055,3.120971,24.697176,7.7496357,0.6180914,0.13090947,0.04
2056,-13.959394,3.2363813,28.84859,8.702788,0.57914555,0.16912547,0.04
2057,-14.093461,3.114484,29.712227,9.124955,0.8647053,0.25089642,0.04
2058,-14.175465,3.417098,32.72179,10.162005,0.62385017,0.15294583,0.04
2059,-14.213758,3.6633003,36.00168,11.054143,0.91444385,0.32424924,0.04
2060,-14.001619,3.6810205,32.23283,10.065771,0.49654752,0.13734461,0.04
2061,-14.006172,3.518082,31.418835,9.544264,0.29002526,0.08056317,0.04
2062,-14.081328,3.6074169,33.193443,10.493586,0.61376995,0.13633029,0.04
2063,-14.058357,3.6349862,32.67377,9.958837,0.64780116,0.1317209,0.04
2064,-13.98065,3.4131434,28.91483,8.98558,0.45897642,0.10888754,0.04
2065,-14.028913,3.6296248,32.97679,10.026686,0.7421824,0.3464156,0.04
2066,-14.120725,3.5412786,32.026577,9.981162,0.51247334,0.090152726,0.04
2067,-14.004324,3.6741533,32.200783,10.063733,0.5802122,0.19164674,0.04
2068,-13.959367,3.5905485,31.389076,9.550432,0.26484254,0.046995535,0.04
2069,-13.972846,3.7096703,33.04416,10.208074,0.27060246,0.0520434,0.04
2070,-13.918581,3.622818,30.365946,9.286355,0.39560738,0.05503091,0.04
2071,-13.967984,3.6021383,31.086376,9.492791,0.56471646,0.24815291,0.04
2072,-14.041677,3.505296,31.012794,9.417234,0.16892354,0.06096312,0.04
2073,-13.920559,3.2833326,26.719954,8.226408,0.46864402,0.099689126,0.04
2074,-13.951179,3.2648077,27.687248,8.561694,0.4806343,0.11289945,0.04
2075,-14.019407,3.2185376,27.774435,8.773883,0.9195474,0.099135205,0.04
2076,-14.07415,3.2670584,29.565723,9.125836,0.23060046,0.05080359,0.04
2077,-14.050524,3.5273104,32.267498,9.939225,0.65747327,0.12043804,0.04
2078,-14.033326,3.4830275,31.086025,9.5953245,0.6519427,0.18975276,0.04
2079,-13.895125,3.0693514,24.814621,7.7413797,0.30148858,0.07052997,0.04
2080,-14.08401,3.410389,32.28739,9.819679,0.5808221,0.15082876,0.04
2081,-14.180446,3.7977731,36.57278,11.256594,1.0820878,0.27054033,0.04
2082,-14.065311,3.7604809,33.9885,10.517891,0.22361033,0.111632176,0.04
2083,-14.040166,3.7823994,33.340652,10.264814,0.75867385,0.17191017,0.04
2084,-13.953194,3.7936409,31.79465,9.826213,0.53683645,0.1588876,0.04
2085,-13.863404,3.441062,27.509428,8.606276,0.75376827,0.1552133,0.04
2086,-13.988617,3.5090628,30.853249,9.573015,0.2741939,0.07448885,0.04
2087,-13.882174,3.358894,26.925186,8.3769865,0.17769358,0.05101563,0.04
2088,-13.902619,3.3358932,27.190071,8.545339,0.15726613,0.03418347,0.04
2089,-13.936223,3.3616018,28.679604,8.799,0.9344419,0.19822039,0.04
2090,-14.041206,3.3144474,30.48467,9.254421,0.48978236,0.14032409,0.04
2091,-14.131543,3.5279398,32.36288,9.850535,0.57033014,0.11805974,0.04
2092,-13.963086,3.5682795,30.16033,9.302491,0.1349371,0.043406684,0.04
2093,-13.923756,3.679198,31.457674,9.905589,0.35283023,0.095976606,0.04
2094,-13.852085,3.3972363,27.776161,8.54402,0.7961009,0.2357068,0.04
2095,-13.909911,3.1296499,26.074175,8.095803,0.15899716,0.057672124,0.04
2096,-13.96494,3.223578,27.416683,8.486257,0.1931195,0.043635655,0.04
2097,-14.143637,3.5638921,33.83245,10.523212,0.25158003,0.058545027,0.04
2098,-13.980922,3.6115456,30.906422,9.634279,0.8301773,0.2126047,0.04
2099,-13.952608,3.5004816,29.538326,9.235583,0.8311236,0.164341,0.04
2100,-13.908443,3.448321,29.297115,9.09382,0.33840778,0.07633123,0.04
2101,-13.943527,3.389089,29.806993,9.232124,0.45086643,0.13247706,0.04
2102,-13.930665,3.207723,27.10558,8.449418,0.23326254,0.06758645,0.04
2103,-13.929684,3.1485522,26.635664,8.216502,0.50442356,0.16040194,0.04
2104,-14.095294,3.5163271,33.798183,10.3485365,0.68447155,0.14383338,0.04
2105,-14.092234,3.4789064,32.28564,10.049622,0.72183204,0.09917464,0.04
2106,-14.029036,3.4447527,29.80137,9.27894,0.17066994,0.0734498,0.04
2107,-13.936937,3.4641047,28.87384,8.826947,0.48187315,0.10781395,0.04
2108,-13.993138,3.6745358,31.614021,9.747512,0.6222681,0.14246683,0.04
2109,-13.898952,3.2078707,25.919718,8.062392,0.35645616,0.107385784,0.04
2110,-14.110626,3.4828281,33.201702,10.06223,0.5390527,0.2322406,0.04
2111,-14.05238,3.4120576,30.450294,9.307851,0.83617413,0.30491567,0.04
2112,-14.055549,3.6381693,33.056255,10.0954,0.75958633,0.15017758,0.04
2113,-14.005164,3.4253514,29.831375,9.211534,0.46758536,0.13145246,0.04
2114,-14.012548,3.5350442,31.12574,9.640676,0.92626894,0.214864,0.04
2115,-13.951343,3.48901,29.153502,9.126751,1.2933786,0.41314715,0.04
2116,-13.850457,3.0960345,23.885984,7.3205533,0.5178878,0.0848701,0.04
2117,-13.895619,3.0808132,24.911633,7.741543,0.1848912,0.042645574,0.04
2118,-14.070164,3.4257526,30.9499,9.466429,0.67876345,0.17803243,0.04
2119,-13.932392,3.4942932,28.961988,9.004755,0.5811478,0.16204502,0.04
2120,-13.9852085,3.2897737,28.567667,8.594963,0.52927226,0.19356774,0.04
2121,-14.0145645,3.3343902,28.785812,8.73678,0.36771533,0.12624693,0.04
2122,-14.044378,3.447968,30.271954,9.240197,0.15667732,0.04953161,0.04
2123,-14.060266,3.572276,32.255875,9.927446,0.53618646,0.11885464,0.04
2124,-13.825991,3.1199214,23.947096,7.287338,0.82095057,0.23445983,0.04
2125,-13.978894,3.1331196,26.916552,8.068925,0.8014539,0.46608424,0.04
2126,-14.0348625,3.2365718,27.963465,8.65481,0.52525526,0.09823156,0.04
2127,-13.956389,3.3365326,28.71172,8.73343,0.3822927,0.09866303,0.04
2128,-13.962549,3.3536093,28.550362,8.633361,0.8331181,0.28247917,0.04
2129,-14.023993,3.4252284,30.472565,9.466025,0.40482572,0.08210835,0.04
2130,-13.9289,3.2085617,26.772083,8.146793,0.5693053,0.1648342,0.04
2131,-13.991675,2.9809477,25.351744,7.878428,0.5701581,0.21460402,0.04
2132,-14.056299,3.147023,28.3226,8.583567,0.8175423,0.21043865,0.04
2133,-14.016064,3.1192644,26.907326,8.226985,0.24266122,0.11847092,0.04
2134,-14.080001,3.216745,28.612652,8.845159,0.50803405,0.13333178,0.04
2135,-14.084624,3.455836,31.606613,9.661076,0.36669695,0.12088327,0.04
2136,-14.132594,3.5830874,33.31371,10.317476,0.9371018,0.26934573,0.04
2137,-14.215076,3.7114623,36.473038,11.201192,0.6555791,0.13903132,0.04
2138,-14.110855,3.6318088,32.57776,10.157809,0.5860541,0.12528187,0.04
2139,-14.07623,3.7625813,33.41445,10.191414,0.28853214,0.07826648,0.04
2140,-13.977967,3.6053286,30.74417,9.36982,0.632195,0.20807579,0.04
2141,-13.898089,3.3129153,26.604086,8.321775,0.42699656,0.1291229,0.04
2142,-13.920067,3.1154068,25.470448,7.9250126,0.17862444,0.029812431,0.04
2143,-14.078712,3.3532798,30.15018,9.310329,0.5559241,0.109665476,0.04
2144,-14.141429,3.5890005,32.897366,10.173076,0.426279,0.1499684,0.04
2145,-14.108014,3.6555455,32.990532,10.142918,0.7620213,0.18173605,0.04
2146,-13.902495,3.5036917,28.992456,8.89685,0.6220861,0.19446453,0.04
2147,-13.887183,3.1597726,24.942005,7.7634,0.3418327,0.074672714,0.04
2148,-13.964754,3.1935797,26.763594,8.290225,0.510448,0.16362694,0.04
2149,-14.028186,3.248567,28.346016,8.630107,0.31926695,0.047313634,0.04
2150,-14.092262,3.4337225,31.221882,9.664883,0.45282456,0.21916188,0.04
2151,-14.043513,3.4947684,30.7988,9.436659,0.77809477,0.18215942,0.04
2152,-13.905184,3.286908,27.513268,8.582505,0.49593353,0.122970365,0.04
2153,-14.000697,3.219839,27.84959,8.4606285,0.21244055,0.06510634,0.04
2154,-14.085686,3.3369477,29.864697,9.00102,0.36149856,0.076345086,0.04
2155,-13.954774,3.2370667,27.217463,8.358121,0.595019,0.2093799,0.04
2156,-13.96549,3.3783493,28.492826,8.704441,1.3405225,0.33181968,0.04
2157,-14.072252,3.5166817,32.006653,9.644123,0.9153703,0.28086075,0.04
2158,-14.05651,3.4757886,32.03587,9.814724,0.6989144,0.20108023,0.04
2159,-13.964592,3.2633862,27.218008,8.400923,0.52046067,0.17484963,0.04
2160,-13.990272,3.3110254,29.494633,9.028905,0.40744683,0.088450916,0.04
2161,-13.956043,3.1193244,26.288595,8.035459,0.29566115,0.087397695,0.04
2162,-13.933361,3.0247507,24.682905,7.5674825,0.25158706,0.07716785,0.04
2163,-14.123418,3.2887318,29.926373,9.097821,0.3664599,0.12507112,0.04
2164,-14.2775,3.8321629,37.621685,11.748316,0.54627913,0.15804985,0.04
2165,-14.169935,3.8700397,36.131557,10.953876,0.490376,0.12674394,0.04
2166,-13.993773,3.6174047,29.374744,9.095507,1.3773907,0.32800344,0.04
2167,-13.920906,3.381396,26.84183,8.340816,0.27568132,0.06597941,0.04
2168,-13.963016,3.4509745,28.672853,8.79128,0.80272925,0.14684829,0.04
2169,-13.968508,3.530369,30.130445,9.46394,0.7964164,0.18984324,0.04
2170,-14.036807,3.493249,30.140856,9.293291,1.4648407,0.3534044,0.04
2171,-14.038805,3.4451985,31.567038,9.615449,0.7422784,0.21614748,0.04
2172,-13.916515,3.0734427,24.332071,7.519638,0.2886128,0.05708846,0.04
2173,-14.011903,3.173406,26.807873,8.125479,0.32470492,0.085950434,0.04
2174,-14.161044,3.6158042,34.457775,10.307259,0.42224106,0.10017817,0.04
2175,-14.109895,3.6612709,33.879364,10.329805,0.75344616,0.22082049,0.04
2176,-14.096617,3.5248926,31.291376,9.712568,0.44917098,0.11411572,0.04
2177,-14.002848,3.5513237,30.316872,9.250077,0.43192458,0.12935431,0.04
2178,-14.009883,3.4928477,29.77329,9.075704,0.2612774,0.10186262,0.04
2179,-13.829845,3.1456685,24.15301,7.4997997,0.72445524,0.26059443,0.04
2180,-14.0150175,3.282538,28.904129,8.80179,0.23943438,0.056377467,0.04
2181,-14.19639,3.6337228,35.20473,10.820043,0.45617318,0.0954834,0.04
2182,-14.12497,3.603703,33.536945,10.331927,0.17737703,0.03462952,0.04
2183,-13.989369,3.4344833,29.009205,8.891514,0.6742979,0.16282642,0.04
2184,-14.043284,3.5390413,31.338411,9.599265,0.11773136,0.0327454,0.04
2185,-14.040136,3.7810373,32.114223,10.005399,1.2504196,0.30277988,0.04
2186,-13.9697695,3.4938636,29.080359,8.950764,0.71888804,0.14539963,0.04
2187,-14.05844,3.581336,33.127052,10.187744,0.4361181,0.14054666,0.04
2188,-14.110732,3.7354293,34.74385,10.713372,0.5104593,0.09762834,0.04
2189,-13.919838,3.4324944,27.873676,8.583687,0.69105154,0.15260147,0.04
2190,-13.9018955,3.333672,27.693539,8.46291,0.22074772,0.051005498,0.04
2191,-13.971972,3.3043,28.469948,8.732805,0.45483312,0.12415556,0.04
2192,-13.950702,3.169536,26.936098,8.311738,0.46543348,0.076933585,0.04
2193,-13.866793,2.9960473,23.767687,7.3809175,0.46732593,0.11489713,0.04
2194,-14.113827,3.3029184,29.75064,9.210623,0.30746958,0.08952168,0.04
2195,-14.006564,3.3636787,29.530294,9.019852,0.48171148,0.15766467,0.04
2196,-14.083117,3.4492288,31.419641,9.824051,0.29124075,0.043547615,0.04
2197,-14.028375,3.418589,29.58723,9.095954,0.46417767,0.111480996,0.04
2198,-14.043801,3.599268,32.723537,9.977648,0.58658284,0.08851379,0.04
2199,-14.148229,3.9587042,36.45307,11.293162,1.5477866,0.2750288,0.04
2200,-13.961607,3.4050548,29.377642,9.16063,0.38915622,0.07831158,0.04
2201,-14.00593,3.3756874,29.678062,9.198255,0.569961,0.17094052,0.04
2202,-14.017479,3.365714,29.785711,9.066349,0.8026531,0.27795383,0.04
2203,-14.067057,3.634374,33.711353,10.430007,0.7042353,0.28845516,0.04
2204,-13.938774,3.2884579,27.751654,8.383659,1.0206567,0.3235924,0.04
2205,-14.024041,3.36891,29.653294,9.258803,0.44651043,0.22359581,0.04
2206,-14.068715,3.3888323,30.781832,9.298637,0.49917036,0.14140952,0.04
2207,-14.116881,3.6249294,33.50526,10.252991,0.73517734,0.26770395,0.04
2208,-14.05446,3.7845898,33.18809,10.211415,0.9585753,0.27508488,0.04
2209,-14.099576,3.8058496,35.101295,10.7776375,0.5153694,0.12575105,0.04
2210,-13.94462,3.515431,29.318853,9.167861,0.33192322,0.097312495,0.04
2211,-13.981827,3.5966003,31.668392,9.671817,0.96111435,0.25151068,0.04
2212,-13.949852,3.5438259,29.985584,9.187055,0.58673334,0.079342015,0.04
2213,-13.957698,3.5839782,30.20885,9.225088,0.48353028,0.21708086,0.04
2214,-13.9415655,3.5372832,29.871588,8.961368,0.34603125,0.1762363,0.04
2215,-14.009217,3.6771772,32.13171,9.944836,1.1398727,0.24627796,0.04
2216,-13.9947405,3.5528595,30.717035,9.273279,0.1902659,0.09418769,0.04
2217,-13.963128,3.586094,30.815752,9.643751,0.48638895,0.103735164,0.04
2218,-13.875082,3.4156137,27.550596,8.66972,0.54338986,0.10487269,0.04
2219,-13.987088,3.3098707,29.28276,9.021955,0.25018868,0.04465252,0.04
2220,-14.060717,3.4455557,31.18811,9.507577,0.8674047,0.18271223,0.04
2221,-13.987073,3.3784332,29.35015,9.007484,0.26164252,0.08135857,0.04
2222,-14.064336,3.4428983,30.352135,9.289728,0.77364665,0.16853975,0.04
2223,-14.004342,3.6754875,33.33424,10.29509,0.38728067,0.094153486,0.04
2224,-13.922643,3.4128008,28.543205,8.594693,0.47467512,0.094522804,0.04
2225,-13.976793,3.3483262,28.5407,8.778417,0.29836845,0.08083121,0.04
2226,-14.08949,3.5314562,31.773293,9.88344,0.29676592,0.07668145,0.04
2227,-14.035838,3.664599,31.01995,9.627956,1.9102964,0.6210028,0.04
2228,-13.936168,3.314672,27.65252,8.682339,0.35164723,0.08791777,0.04
2229,-14.002162,3.3810868,29.23326,9.009507,0.23262838,0.09364234,0.04
2230,-13.9817705,3.3805592,28.467083,8.771405,0.55487335,0.17348826,0.04
2231,-13.936168,3.249601,26.59844,8.22376,0.17977782,0.0392437,0.04
2232,-13.974433,3.3652728,28.652788,9.066867,0.1833071,0.046892,0.04
2233,-14.044797,3.5082397,31.975866,9.775423,0.71738344,0.24777463,0.04
2234,-14.007266,3.7883577,33.629925,10.298632,0.7072771,0.1834662,0.04
2235,-14.095172,3.6372867,32.89793,10.232667,1.2993004,0.43965316,0.04
2236,-14.073407,3.73047,34.05485,10.416089,0.6029007,0.16235597,0.04
2237,-13.947281,3.5978465,30.034168,9.086835,0.1420724,0.02365635,0.04
2238,-13.849979,3.4824705,27.518953,8.52025,0.47072336,0.10089792,0.04
2239,-13.981476,3.434008,29.095583,9.042249,0.12202942,0.030099837,0.04
2240,-13.94788,3.6368377,31.72036,9.706414,0.8846791,0.20862092,0.04
2241,-13.909238,3.3412106,28.256538,8.55153,0.47777015,0.1992561,0.04
2242,-13.885994,3.3219306,27.40421,8.300186,0.30210078,0.05219541,0.04
2243,-13.987624,3.3560336,30.008488,9.229287,0.381238,0.09904849,0.04
2244,-13.985723,3.3980248,30.494295,9.374225,0.6063668,0.2271001,0.04
2245,-14.011245,3.7610877,34.27067,10.6282,0.8961849,0.2684761,0.04
2246,-14.0790415,3.2727718,30.658741,9.37237,0.532222,0.17174454,0.04
2247,-14.014059,3.249479,29.249067,9.115845,0.23486924,0.0686074,0.04
2248,-14.039118,3.3911333,30.91519,9.484432,0.25800377,0.06635561,0.04
2249,-14.042387,3.5203588,32.047176,9.700307,0.27786595,0.1024591,0.04
2250,-13.854961,3.3948298,27.577328,8.610001,0.25912094,0.086906575,0.04
2251,-13.977678,3.3316581,29.300146,9.125177,0.6225305,0.16255577,0.04
2252,-14.006812,3.2778137,29.006283,8.887452,0.42481175,0.113457546,0.04
2253,-14.139639,3.5287306,32.543686,9.865948,0.6914086,0.1515988,0.04
2254,-14.133127,3.907836,36.16491,11.101164,0.43137667,0.101952605,0.04
2255,-13.972126,3.6834586,30.612534,9.521284,0.7865031,0.2563225,0.04
2256,-13.926343,3.619177,29.862736,9.470699,0.8074745,0.21312197,0.04
2257,-13.950527,3.3485844,27.743975,8.450594,0.1342616,0.031246059,0.04
2258,-14.057367,3.536411,30.83601,9.676061,0.6379513,0.057540927,0.04
2259,-14.07943,3.8101945,34.906334,10.809773,0.7100822,0.1676155,0.04
2260,-13.945549,3.6479514,30.689713,9.546684,0.6051324,0.15048818,0.04
2261,-13.953594,3.6077251,30.09828,9.248342,0.48041707,0.07109302,0.04
2262,-13.893885,3.3371143,26.778996,8.203158,0.074547864,0.02542093,0.04
2263,-13.895746,3.3962889,28.684593,8.818579,0.7441842,0.30425844,0.04
2264,-13.899962,3.2171981,27.079838,8.392385,0.44231713,0.099732205,0.04
2265,-13.998002,3.373265,29.927044,9.1563635,0.5278529,0.16820452,0.04
2266,-13.962853,3.4059258,29.48425,9.06191,0.8761857,0.23798393,0.04
2267,-13.942476,3.2325084,27.583952,8.49744,0.66691107,0.1517838,0.04
2268,-14.011646,3.3908002,29.952084,9.105934,0.46380836,0.1378277,0.04
2269,-14.143353,3.5792096,33.601627,10.339488,0.5343226,0.119745605,0.04
2270,-14.11798,3.721047,33.707684,10.497746,0.6117491,0.12076397,0.04
2271,-14.108674,3.7628322,33.60038,10.291073,0.19182746,0.046216168,0.04
2272,-13.963759,3.799379,31.641884,9.626224,0.12972449,0.051352933,0.04
2273,-13.980715,3.7184336,30.492529,9.26276,0.11977085,0.031143645,0.04
2274,-13.882279,3.7091198,30.12976,9.344655,0.4127528,0.101871915,0.04
2275,-13.79025,3.5452619,27.64379,8.632666,0.652813,0.10704512,0.04
2276,-13.8306465,3.2367387,25.67376,8.005807,0.42635033,0.07363466,0.04
2277,-13.871695,3.0961664,24.53321,7.655531,0.38646382,0.075856745,0.04
2278,-13.99647,3.2606525,28.571463,8.916513,0.8214959,0.21241687,0.04
2279,-13.971678,3.2502139,27.773315,8.567663,0.70513296,0.19212633,0.04
2280,-13.997943,3.3743885,29.258007,8.921214,0.26957905,0.051637128,0.04
2281,-13.958847,3.337004,28.92215,8.788112,1.0647366,0.3404137,0.04
2282,-13.999476,3.4193366,30.768595,9.382661,0.5701285,0.13266018,0.04
2283,-13.927682,3.2725835,27.469679,8.436157,0.35107324,0.11381639,0.04
2284,-13.96247,3.254375,27.863638,8.525553,0.57282746,0.43211105,0.04
2285,-14.014148,3.4081838,30.526999,9.536035,0.4072383,0.09662734,0.04
2286,-13.982246,3.2962952,28.158247,8.613943,0.53280133,0.20799528,0.04
2287,-13.949925,3.1176646,25.281857,7.9155803,0.32064056,0.08299353,0.04
2288,-13.913869,3.131806,25.90477,8.024458,0.35612163,0.06668688,0.04
2289,-14.023964,3.220344,27.657806,8.642474,0.4475543,0.16101159,0.04
2290,-14.10715,3.4091227,30.612974,9.289754,0.3147952,0.13766712,0.04
2291,-14.057427,3.449757,29.764364,9.151356,0.2780452,0.068691485,0.04
2292,-13.987742,3.5501387,31.003609,9.593645,0.48705524,0.13399163,0.04
2293,-14.0011425,3.6118574,31.577581,9.605192,0.114890814,0.027135136,0.04
2294,-13.919874,3.528461,28.468214,8.628315,0.24400891,0.04273121,0.04
2295,-13.929941,3.3769057,27.058466,8.417102,0.82156134,0.20320666,0.04
2296,-13.893533,3.3800461,27.782644,8.605937,0.40145054,0.19887197,0.04
2297,-13.927751,3.2077549,26.484793,8.104089,0.23592286,0.054855466,0.04
2298,-13.929459,3.267481,27.53524,8.565291,0.5150194,0.16501762,0.04
2299,-13.972097,3.251252,28.969404,8.73026,0.5734114,0.17497788,0.04
2300,-14.037473,3.3994207,30.3664,9.326532,0.76978093,0.21812594,0.04
2301,-14.079716,3.4282868,32.019604,9.789846,1.0249454,0.29411644,0.04
2302,-14.145207,3.6408503,34.09996,10.529655,0.7134272,0.18528163,0.04
2303,-13.991039,3.5127535,31.069565,9.618303,0.56564295,0.16289867,0.04
2304,-14.003668,3.4441686,30.11027,9.330611,0.68819135,0.2046439,0.04
2305,-13.879767,3.2433894,27.53525,8.426927,0.6661109,0.21134396,0.04
2306,-13.914217,3.270833,27.54165,8.586852,0.26366115,0.062231317,0.04
2307,-13.896621,3.294468,26.815771,8.088895,1.7013279,0.5199083,0.04
2308,-14.027338,3.38245,31.097425,9.490845,0.8436549,0.20431942,0.04
2309,-13.963534,3.3518016,30.816893,9.306206,0.71412194,0.17180108,0.04
2310,-13.91017,3.1359794,26.317862,8.166853,0.19149272,0.06857962,0.04
2311,-14.059456,3.3785546,31.46846,9.602894,0.6550197,0.17814739,0.04
2312,-14.129291,3.575325,33.523243,10.388999,0.54427415,0.12608506,0.04
2313,-14.02105,3.4370384,29.707792,9.219767,0.49825108,0.098597765,0.04
2314,-13.942977,3.5390527,29.981218,9.37656,0.39943644,0.12764327,0.04
2315,-13.843673,3.3375862,27.318853,8.472084,0.37971812,0.072528,0.04
2316,-13.911164,3.2181206,26.558048,8.102816,0.9150425,0.17168708,0.04
2317,-13.999233,3.1861804,27.042713,8.49551,0.39210588,0.113607526,0.04
2318,-14.042357,3.2344265,28.059675,8.443589,0.6511097,0.21912979,0.04
2319,-14.032974,3.556725,31.529364,9.582158,0.45867038,0.2652184,0.04
2320,-14.14985,3.6874745,34.848484,10.578055,0.5150385,0.13990168,0.04
2321,-13.896283,3.4119313,28.15798,8.871009,0.591134,0.15739405,0.04
2322,-14.020319,3.5554776,31.66873,9.924842,0.41099942,0.118642576,0.04
2323,-13.952489,3.514965,30.44173,9.13072,0.6297178,0.17977926,0.04
2324,-13.90817,3.2185678,25.283327,7.901888,0.16601887,0.035178714,0.04
2325,-13.969908,3.3050766,27.709438,8.680114,0.5759522,0.14170034,0.04
2326,-14.01733,3.4815357,30.10057,9.2746935,0.2990278,0.07129395,0.04
2327,-14.03256,3.449355,30.095182,9.370497,0.18201251,0.049626652,0.04
2328,-14.004172,3.4743817,29.681047,9.130385,0.29740816,0.15679623,0.04
2329,-13.988066,3.4861114,30.311996,9.533785,0.24158122,0.058227655,0.04
2330,-13.8329,3.3959389,27.500587,8.441771,0.40874043,0.11865259,0.04
2331,-13.93931,3.2440228,27.005886,8.313188,0.11877599,0.022998411,0.04
2332,-13.962864,3.447138,29.42578,9.009816,0.68416935,0.2845681,0.04
2333,-14.037022,3.5445561,31.911009,9.622984,0.68395716,0.19942078,0.04
2334,-14.128759,3.753329,34.68466,10.567178,0.49327552,0.1597867,0.04
2335,-13.954616,3.7738295,31.583628,9.684923,0.6419483,0.1654653,0.04
2336,-13.817819,3.4644787,27.581858,8.60212,0.9926153,0.21797395,0.04
2337,-13.911965,3.2837112,26.677126,8.345716,0.44001007,0.11760828,0.04
2338,-13.922511,3.1729746,26.18097,8.004362,0.18290721,0.07054781,0.04
2339,-13.930737,3.1105554,26.645628,8.188238,0.6866513,0.1655743,0.04
2340,-14.010205,3.167742,28.050068,8.549762,0.30840382,0.14704105,0.04
2341,-13.926157,3.0969732,25.554667,7.8464565,0.5881536,0.11573851,0.04
2342,-13.998707,3.136823,26.634275,8.183918,0.3060658,0.106881715,0.04
2343,-14.016978,3.211558,27.636143,8.5641365,0.49323982,0.087431975,0.04
2344,-14.016944,3.2968514,28.917015,8.964661,0.38265935,0.10367148,0.04
2345,-14.210901,3.5903997,34.6432,10.910271,0.6509822,0.19577262,0.04
2346,-14.169199,3.6921456,34.670906,10.740747,0.5873909,0.16719517,0.04
2347,-14.030445,3.5809076,29.923546,9.198967,0.2577439,0.07720453,0.04
2348,-14.039949,3.6896882,31.943016,10.026227,0.31059563,0.09228468,0.04
2349,-13.891109,3.5654402,28.812181,8.710086,0.29868695,0.10685607,0.04
2350,-13.833499,3.3500671,26.971697,8.32931,0.4142289,0.094570816,0.04
2351,-13.836658,3.1083975,23.981108,7.2956877,0.9533724,0.3126906,0.04
2352,-13.952896,3.0482514,25.714064,7.841183,0.21738245,0.052354567,0.04
2353,-14.058937,3.260045,28.676268,9.008075,0.851166,0.15775196,0.04
2354,-14.130584,3.5911436,33.993618,10.200551,0.65521944,0.16407017,0.04
2355,-14.074686,3.5685265,31.61889,9.685159,0.91902024,0.25365472,0.04
2356,-14.008158,3.5129921,30.239374,9.415617,0.82474065,0.196659,0.04
2357,-13.81682,3.1518605,24.100216,7.4852595,0.6927166,0.18693054,0.04
2358,-13.910717,3.1743307,25.703938,8.01755,0.1521722,0.03141258,0.04
2359,-13.976932,3.2945511,28.167767,8.864106,0.25992155,0.07160166,0.04
2360,-13.98775,3.2896297,28.128748,8.718837,0.31470782,0.07077091,0.04
2361,-14.105872,3.5281045,32.317772,10.2114,0.83987236,0.21419911,0.04
2362,-14.027115,3.566365,31.883121,9.878084,0.8785269,0.19947627,0.04
2363,-14.061204,3.5230458,31.786491,9.772033,0.4317719,0.12700175,0.04
2364,-14.090772,3.5450103,32.530704,9.951676,0.7853277,0.14931661,0.04
2365,-13.934562,3.3334904,27.9368,8.611864,0.41269314,0.109545775,0.04
2366,-13.91792,3.2745047,27.264467,8.391559,0.3721152,0.076742165,0.04
2367,-13.877683,3.0443747,24.088343,7.4350314,0.59758973,0.17562875,0.04
2368,-13.957815,3.155288,26.442892,7.9950204,0.19337365,0.03868292,0.04
2369,-14.082106,3.7493591,32.28518,9.794147,1.4088802,0.37836486,0.04
2370,-14.107426,3.5063834,33.729214,10.203287,0.3977338,0.122364596,0.04
2371,-13.958143,3.532387,30.130402,9.316139,0.23778613,0.07112648,0.04
2372,-13.891139,3.4122713,28.12061,8.612577,0.23480983,0.05999808,0.04
2373,-13.958774,3.4600189,30.247423,9.216489,0.48118302,0.13145857,0.04
2374,-14.022292,3.4134789,30.185707,9.287628,0.36623433,0.122223884,0.04
2375,-13.887898,3.326219,26.80096,8.300812,0.49182993,0.1084436,0.04
2376,-14.026179,3.53799,32.297737,10.007514,0.4124947,0.12011247,0.04
2377,-14.041059,3.5272832,30.477688,9.456099,0.20983183,0.076728046,0.04
2378,-13.906598,3.5466683,29.111904,9.054323,0.5724357,0.12294527,0.04
2379,-13.920969,3.465803,28.880949,8.864505,0.8112854,0.2838729,0.04
2380,-13.920348,3.3372798,26.843866,8.33496,0.34718543,0.1068408,0.04
2381,-14.029323,3.510167,31.545965,9.675016,0.25063437,0.0553689,0.04
2382,-13.936027,3.5581012,30.692287,9.404374,0.40634227,0.09038091,0.04
2383,-13.793241,3.2291489,25.479084,7.8537297,0.18364693,0.038606428,0.04
2384,-13.876912,3.1921499,26.566639,8.256893,0.4960867,0.095573395,0.04
2385,-14.0399065,3.3771896,30.618477,9.317196,0.88837063,0.16668499,0.04
2386,-14.11866,3.508275,32.1952,10.063123,0.18754278,0.052472096,0.04
2387,-14.064157,3.7263439,33.957176,10.50932,0.4602781,0.10797183,0.04
2388,-13.953919,3.4873383,28.515196,8.838964,0.31130978,0.07950896,0.04
2389,-13.907546,3.3990502,27.284262,8.367641,0.73962295,0.18601032,0.04
2390,-13.832917,3.1061175,24.198925,7.422305,0.12814401,0.028483156,0.04
2391,-14.010875,3.3426774,30.09675,8.992937,0.3658001,0.20750698,0.04
2392,-13.877154,3.0934985,25.000992,7.616178,0.69256574,0.17802912,0.04
2393,-14.02138,3.2153275,28.409704,8.74449,0.26294369,0.08119187,0.04
2394,-14.165736,3.4985797,31.754923,9.679215,0.7063215,0.19666477,0.04
2395,-13.976993,3.5968888,30.69983,9.199697,0.2889062,0.06152773,0.04
2396,-13.989181,3.477164,29.050749,9.082986,0.2297621,0.06779544,0.04
2397,-13.960961,3.5766718,31.011425,9.43741,0.5141105,0.107868224,0.04
2398,-13.924162,4.053816,32.84713,9.598811,2.38482,0.5837993,0.04
2399,-14.0376625,3.4406009,30.928274,9.565769,0.29930022,0.09301306,0.04
2400,-13.9577055,3.387743,29.574596,9.071029,0.5374288,0.13085732,0.04
2401,-14.027519,3.5811553,32.378166,9.876461,0.49205828,0.10661169,0.04
2402,-13.9621725,3.4996176,30.061556,9.360799,0.4281086,0.101090774,0.04
2403,-13.980186,3.3623664,28.872906,8.904512,0.6607084,0.3241635,0.04
2404,-13.98063,3.374336,29.15033,9.023344,0.3945927,0.08432803,0.04
2405,-14.013344,3.6516676,32.57732,10.008222,0.6988321,0.2189375,0.04
2406,-13.923424,3.423214,28.898521,8.873604,0.46814287,0.13092287,0.04
2407,-13.944289,3.557731,31.05492,9.269953,0.47319898,0.37195858,0.04
2408,-13.900629,3.2304406,26.478386,8.197274,0.3681549,0.04880943,0.04
2409,-13.954813,3.4695833,29.332703,8.970531,0.945164,0.2165533,0.04
2410,-13.993061,3.682674,32.997066,9.963255,0.7307166,0.20581149,0.04
2411,-13.927629,3.5544941,29.712708,9.108018,0.5252333,0.13699912,0.04
2412,-13.938459,3.4632864,28.897034,8.774199,0.41759428,0.14023961,0.04
2413,-13.92442,3.4019213,29.09565,8.778397,0.27336392,0.083249755,0.04
2414,-13.89315,3.2669888,27.356564,8.338891,0.65809965,0.1482509,0.04
2415,-13.979953,3.3689613,29.926811,9.255638,0.63682556,0.1469862,0.04
2416,-14.012224,3.225545,28.396631,8.959285,0.39836726,0.14836396,0.04
2417,-14.097692,3.531998,32.399597,10.089095,0.50883704,0.11284794,0.04
2418,-14.066622,3.5352392,32.338882,9.965299,0.6573907,0.14942291,0.04
2419,-14.008156,3.5191412,30.760021,9.519648,0.48599544,0.110669,0.04
2420,-14.164355,3.7067814,34.86515,10.682711,0.71534276,0.15205471,0.04
2421,-14.140041,3.9396522,37.11069,11.312541,0.46228093,0.10904664,0.04
2422,-13.940578,3.729522,31.091024,9.546292,0.6537289,0.11269068,0.04
2423,-13.701053,3.274088,24.244781,7.45268,0.23175761,0.051205844,0.04
2424,-13.832287,3.0934358,24.420485,7.6043944,0.21625395,0.046612427,0.04
2425,-14.020382,3.3519912,29.852205,9.030814,0.40375784,0.084679864,0.04
2426,-14.068082,3.482763,31.821692,9.766164,0.6852968,0.18950595,0.04
2427,-14.098504,3.615211,31.907768,9.620228,0.5533037,0.1275548,0.04
2428,-13.900478,3.423081,28.459322,8.59187,0.3458978,0.072332956,0.04
2429,-13.963897,3.5526133,30.868204,9.185868,0.73252,0.14649996,0.04
2430,-14.049403,3.567024,32.3613,9.8314495,1.0519038,0.28843075,0.04
2431,-13.986507,3.470076,29.57863,9.019851,0.61745375,0.21493652,0.04
2432,-13.997868,3.4306855,29.669294,9.225544,0.30192447,0.07072115,0.04
2433,-14.005577,3.5456333,31.268873,9.524386,0.8306144,0.21628593,0.04
2434,-14.012127,3.5221477,30.309372,9.366718,0.19483778,0.06682196,0.04
2435,-14.010333,3.620299,31.938889,9.891183,0.38817844,0.11778383,0.04
2436,-13.973432,3.5295014,29.713074,9.202128,0.5171155,0.15162587,0.04
2437,-13.932412,3.4358366,28.410639,8.745519,0.21982074,0.09126575,0.04
2438,-13.8244915,3.1166315,23.889326,7.397747,0.18206434,0.059648097,0.04
2439,-13.931154,3.1971312,26.372362,8.053592,0.7009714,0.1915416,0.04
2440,-14.009047,3.3164237,28.677792,8.87566,0.3563756,0.08622384,0.04
2441,-13.976071,3.3566132,28.275347,8.840663,0.8929627,0.2614103,0.04
2442,-14.025277,3.3089108,29.01747,8.925439,0.6746362,0.15692028,0.04
2443,-14.015983,3.4492998,29.952251,9.206115,0.5431751,0.1634013,0.04
2444,-14.056295,3.5877006,31.735437,9.70162,0.5543339,0.1478579,0.04
2445,-13.943626,3.5588799,29.555529,9.135339,0.9072849,0.10626426,0.04
2446,-14.048121,3.6512313,31.336012,9.67513,0.8709867,0.1257663,0.04
2447,-14.027924,3.6490057,30.379889,9.374763,0.5287879,0.27367505,0.04
2448,-13.998865,3.632601,30.52923,9.481954,0.4169531,0.14220794,0.04
2449,-13.968053,3.729783,30.767061,9.544406,0.65907097,0.30069777,0.04
2450,-13.941604,3.5517495,29.310474,9.26304,0.36464146,0.08882883,0.04
2451,-14.024479,3.5779953,31.918034,9.7081175,0.3974651,0.112989515,0.04
2452,-13.924758,3.3091638,26.970846,8.193945,0.16384771,0.035818025,0.04
2453,-13.93881,3.261975,26.64134,8.079869,0.12143004,0.020805098,0.04
2454,-13.982016,3.3495882,28.772772,8.728074,0.33255485,0.17249285,0.04
2455,-14.011426,3.475421,30.113768,9.206575,0.31706554,0.083316445,0.04
2456,-13.93664,3.264566,26.67569,8.107794,0.7098514,0.16010514,0.04
2457,-13.992393,3.3402557,28.28962,8.593579,0.5770817,0.17982094,0.04
2458,-14.005647,3.2609587,27.30553,8.460038,0.15219891,0.07113913,0.04
2459,-13.96126,3.2390652,26.791483,8.259908,0.12930733,0.024141885,0.04
2460,-13.930828,3.0890238,24.552423,7.547033,0.119121894,0.024292948,0.04
2461,-14.036137,3.351299,29.121836,8.959134,0.543001,0.13420978,0.04
2462,-14.114947,3.6060116,34.002003,10.314469,0.75760144,0.21354865,0.04
2463,-13.94946,3.245819,27.021433,8.545968,0.23713699,0.06874545,0.04
2464,-13.985702,3.2478914,28.126125,8.635413,0.64677554,0.19507834,0.04
2465,-14.006317,3.350562,29.301035,9.057721,0.7019822,0.2719697,0.04
2466,-14.035638,3.416929,30.105919,9.406227,0.2105603,0.043461014,0.04
2467,-13.971564,3.5129976,30.202906,9.471447,0.3696259,0.08401894,0.04
2468,-14.0357895,3.5041614,30.313305,9.217203,0.1573192,0.049079455,0.04
2469,-14.108766,3.8046918,34.927975,10.906541,0.29362947,0.09478736,0.04
2470,-13.983472,3.684137,31.440622,9.534271,0.71181977,0.15007685,0.04
2471,-13.928063,3.4596822,28.500648,8.844734,0.66698146,0.18414064,0.04
2472,-13.988724,3.4906483,30.197506,9.175556,0.6177535,0.14081338,0.04
2473,-13.9191265,3.2801075,26.89116,8.271176,0.10603941,0.032238416,0.04
2474,-14.02046,3.533442,30.217686,9.424152,0.66507393,0.14169548,0.04
2475,-13.923297,3.2399993,25.800192,8.017152,0.07865096,0.02016214,0.04
2476,-13.871893,3.1342402,24.826632,7.5446877,0.2237776,0.048800763,0.04
2477,-14.033799,3.2472594,28.571035,8.680505,0.23268893,0.16140011,0.04
2478,-14.039992,3.5476377,30.83065,9.56952,0.45574865,0.099666096,0.04
2479,-14.039237,3.639816,33.460484,10.245813,0.48306015,0.10476354,0.04
2480,-13.90041,3.3577607,27.08257,8.119797,0.5146444,0.1295445,0.04
2481,-13.959769,3.4294574,28.834007,8.699817,0.33266333,0.0741088,0.04
2482,-13.859358,3.1891723,24.92117,7.448142,0.55452913,0.18660848,0.04
2483,-13.996154,3.3187823,28.229975,8.665298,0.47907665,0.101508975,0.04
2484,-13.983863,3.3890183,30.711842,9.323386,0.5207259,0.09682856,0.04
2485,-14.068459,3.5349247,31.513409,9.584535,0.63140094,0.16233307,0.04
2486,-14.054943,3.7962332,33.49903,10.190091,0.882137,0.5036913,0.04
2487,-14.0394745,3.6754558,32.907944,9.977996,0.5245952,0.21715581,0.04
2488,-14.105782,3.807256,34.32659,10.364146,0.30536482,0.10121503,0.04
2489,-14.0823965,3.8063676,33.58639,10.401781,0.30533698,0.07096799,0.04
2490,-14.008038,3.788263,32.318356,10.122083,0.09696027,0.030430853,0.04
2491,-13.921554,3.6585073,29.970335,9.303558,0.4403122,0.08467398,0.04
2492,-13.883335,3.5341272,29.199032,8.824701,0.2998797,0.0569721,0.04
2493,-13.90994,3.3881042,28.498457,8.810884,0.51933473,0.12240201,0.04
2494,-13.883785,3.1389413,26.183002,7.962115,0.336687,0.09570949,0.04
2495,-13.973724,3.2111454,28.319971,8.567489,1.2130684,0.27505502,0.04
2496,-14.038696,3.329572,30.729784,9.427929,0.32701367,0.077257365,0.04
2497,-14.055291,3.5203538,32.63463,9.885642,0.43836692,0.14427397,0.04
2498,-14.060698,3.5264032,31.051498,9.471143,0.121115685,0.03579137,0.04
2499,-13.909877,3.4338052,27.537352,8.468953,0.18494238,0.067412205,0.04
2500,-13.81784,3.2337294,26.447792,7.92669,0.55887693,0.12991047,0.04
2501,-13.854518,3.1704714,25.465292,7.7570095,0.6097756,0.17895848,0.04
2502,-13.915229,3.1450484,26.823391,8.273141,0.8134186,0.19578381,0.04
2503,-14.022069,3.2686274,28.840725,8.816846,0.6121363,0.16259037,0.04
2504,-14.137314,3.244114,29.955492,9.179675,0.84249663,0.23687416,0.04
2505,-14.253252,3.7361674,35.695267,10.997681,0.414894,0.07527511,0.04
2506,-14.140114,4.0878305,37.795307,11.482388,0.90904075,0.25628158,0.04
2507,-14.087022,3.9276426,34.866608,10.706635,0.19788888,0.07397586,0.04
2508,-13.927949,3.7505846,30.747337,9.426306,0.31098953,0.05078816,0.04
2509,-13.931922,3.7271476,30.930098,9.51597,0.5189472,0.1819146,0.04
2510,-13.87231,3.50163,28.500574,8.671661,0.349259,0.106712304,0.04
2511,-13.921742,3.2683575,26.657417,8.246853,0.21709523,0.040929396,0.04
2512,-13.91191,3.273294,26.8899,8.430372,0.3986086,0.1286952,0.04
2513,-13.968347,3.0645885,24.886623,7.6753907,0.44057503,0.13886526,0.04
2514,-14.057576,3.4107616,30.961637,9.479043,0.4637158,0.11050608,0.04
2515,-14.122855,3.6473422,33.910122,10.322854,0.3416869,0.10656336,0.04
2516,-14.041707,3.6750355,31.779917,9.873537,0.25827008,0.073348515,0.04
2517,-13.936268,3.5329738,29.261272,9.101711,0.7024078,0.18059748,0.04
2518,-13.932598,3.3777022,27.948774,8.568706,0.51875484,0.13101166,0.04
2519,-14.075072,3.665117,33.305416,10.123267,0.44222727,0.17198147,0.04
2520,-14.026402,3.694027,32.76077,10.18041,0.51734465,0.14433712,0.04
2521,-13.8961,3.645762,29.735638,9.034812,0.89407474,0.33204406,0.04
2522,-13.899662,3.2548864,26.181463,8.100524,0.42935628,0.06534712,0.04
2523,-14.121654,3.5888062,33.39473,10.209488,0.26435927,0.1820565,0.04
2524,-14.170982,3.8830085,36.20097,10.913224,0.7845377,0.38925955,0.04
2525,-14.105387,3.9088595,35.68139,10.911134,0.3774326,0.20528986,0.04
2526,-14.059039,4.0990257,36.805923,10.831445,0.57761556,0.27064458,0.04
2527,-13.813673,3.553043,27.71829,8.457751,0.5788733,0.100349575,0.04
2528,-13.834768,3.4277282,27.407429,8.388091,0.74252707,0.19614995,0.04
2529,-13.755272,3.2004256,24.012197,7.4723625,0.2168074,0.068247765,0.04
2530,-13.794519,3.0281427,23.148943,7.1870313,0.34727278,0.09774314,0.04
2531,-14.018816,3.284293,29.481522,9.133836,0.5915431,0.100686565,0.04
2532,-14.048469,3.503428,32.10392,9.910743,0.7034001,0.19953169,0.04
2533,-14.101188,3.462297,31.7113,9.878362,0.7165056,0.14921454,0.04
2534,-14.139117,3.6598654,35.5397,10.688404,0.40920877,0.11871817,0.04
2535,-14.145742,3.6651099,33.57777,10.242582,0.7933587,0.19448856,0.04
2536,-14.114282,4.1054974,36.97704,11.493021,1.1923237,0.25333104,0.04
2537,-13.962676,3.7597919,31.230923,9.735655,0.8527496,0.23120126,0.04
2538,-13.80389,3.420217,26.315311,8.124933,0.27664453,0.0700592,0.04
2539,-13.865002,3.4669077,28.508831,8.746636,0.4190712,0.11155423,0.04
2540,-13.840468,3.2530632,26.1227,8.149564,0.32098734,0.08552098,0.04
2541,-13.978479,3.231508,27.007635,8.446148,0.72272986,0.17023887,0.04
2542,-14.093582,3.4735157,31.358704,9.64989,0.91827744,0.2983729,0.04
2543,-14.022768,3.398702,30.488054,9.278343,0.38416052,0.106372096,0.04
2544,-14.031204,3.6372945,32.98642,10.109841,0.43264732,0.06354475,0.04
2545,-13.954593,3.4391932,28.747753,8.959719,0.5148729,0.11480397,0.04
2546,-13.897323,3.3267322,27.711851,8.456663,0.25748357,0.057103448,0.04
2547,-13.996405,3.32279,28.764517,8.599968,0.3709858,0.10006853,0.04
2548,-14.027444,3.544937,32.2724,9.773948,1.2571816,0.26842174,0.04
2549,-14.138698,3.58182,33.851448,10.322789,0.6901936,0.22978772,0.04
2550,-14.002896,3.4854932,30.025791,9.385172,0.8432468,0.2360711,0.04
2551,-14.077622,3.5674324,31.980753,9.702901,0.29007182,0.07781709,0.04
2552,-13.997379,3.631196,30.937296,9.549036,1.0241123,0.25100604,0.04
2553,-13.99033,3.4788136,30.52616,9.28903,0.9222385,0.20866184,0.04
2554,-13.967906,3.3393562,27.777287,8.3848,0.3628163,0.10321942,0.04
2555,-13.945622,3.3637443,28.285248,8.577901,0.5800962,0.1514746,0.04
2556,-13.953211,3.3453796,28.96391,8.824478,0.33410433,0.08855835,0.04
2557,-13.95276,3.3934906,29.247515,8.981025,0.7059501,0.20911494,0.04
2558,-13.991383,3.4396775,28.987192,9.125106,2.018274,0.6949711,0.04
2559,-13.907408,3.1527193,26.697947,8.215546,0.5130476,0.1329064,0.04
2560,-13.917052,3.0341089,24.41278,7.6582603,0.161392,0.037224285,0.04
2561,-14.077343,3.370191,30.071077,9.46161,1.0107329,0.2692067,0.04
2562,-14.098616,3.532725,31.92024,9.977064,1.0228996,0.3257535,0.04
2563,-14.002504,3.284257,27.840992,8.707986,0.72287214,0.14434804,0.04
2564,-13.937068,3.1196713,26.343067,7.9430537,0.36097726,0.059950996,0.04
2565,-14.007777,3.1225755,26.484537,8.175447,0.5533271,0.13539457,0.04
2566,-13.9903965,3.255173,27.102682,8.325988,0.6119048,0.15865941,0.04
2567,-14.083597,3.370506,30.69975,9.405861,0.36158997,0.08932837,0.04
2568,-14.152737,3.6334784,33.652485,10.254478,0.5077353,0.12390685,0.04
2569,-14.048991,3.8669739,34.635643,10.602842,1.017652,0.25457072,0.04
2570,-13.901129,3.6056602,29.02115,8.808208,0.36593214,0.089343525,0.04
2571,-13.929302,3.4978197,28.875723,8.854083,1.044268,0.35037667,0.04
2572,-14.050023,3.5636797,30.85372,9.568386,0.26950368,0.06489607,0.04
2573,-13.829023,3.2512252,25.17853,7.955042,0.27491507,0.05092901,0.04
2574,-13.926754,3.2735355,27.115925,8.42309,0.1440727,0.03543929,0.04
2575,-14.06269,3.4733787,30.749062,9.477388,0.39516678,0.10117661,0.04
2576,-14.0906315,4.075202,36.238674,11.073504,1.7188562,0.40539566,0.04
2577,-14.114503,3.761962,33.115295,10.0113735,0.2921139,0.081638,0.04
2578,-14.066982,3.965858,35.708645,11.018387,0.46759364,0.108302444,0.04
2579,-13.850383,3.5539916,28.009003,8.533149,0.18540111,0.057500016,0.04
2580,-13.776636,3.1812825,23.687521,7.3288994,0.15394716,0.03747522,0.04
2581,-13.958676,3.3324103,28.436022,8.862611,0.20888719,0.06285373,0.04
2582,-14.012713,3.480718,30.977905,9.483848,0.29013526,0.08231405,0.04
2583,-14.092451,3.6608887,33.60977,10.311377,0.80358833,0.23198669,0.04
2584,-14.059109,4.049056,38.096123,11.517439,1.4009099,0.22739638,0.04
2585,-13.919917,3.6705325,30.814795,9.466872,0.67867565,0.1861646,0.04
2586,-13.939025,3.4181824,28.381027,8.8875885,0.30004984,0.058934484,0.04
2587,-13.977864,3.4126432,29.678669,9.189916,0.39674005,0.099517874,0.04
2588,-14.02539,3.5038989,30.409834,9.401812,0.51345277,0.11864146,0.04
2589,-14.063492,3.6429453,33.24341,10.292091,0.53581035,0.14301933,0.04
2590,-14.032357,3.6373615,31.733318,9.881867,0.7306073,0.19498163,0.04
2591,-14.028308,3.638334,32.83868,9.825378,0.5857694,0.19510002,0.04
2592,-14.026731,3.5540607,31.104645,9.687131,0.34887528,0.062792175,0.04
2593,-13.996483,3.5744982,31.92557,9.82193,0.58353806,0.1524782,0.04
2594,-13.985818,3.830647,33.616737,10.136859,1.0341185,0.2948157,0.04
2595,-14.089737,3.9495356,37.75497,11.621043,0.74945605,0.19915202,0.04
2596,-13.909834,3.5623178,29.622757,9.133819,0.7394327,0.21240988,0.04
2597,-13.889113,3.3821528,28.31466,8.9345455,0.76159626,0.21926235,0.04
2598,-14.011051,3.386165,30.529104,9.551643,0.42074433,0.12070121,0.04
2599,-14.051894,3.5434537,32.61307,10.035689,0.43186355,0.12282145,0.04
2600,-13.937715,3.4313893,30.947815,9.394022,0.8064796,0.39239648,0.04
2601,-13.941159,3.2644172,27.0907,8.396835,0.6956137,0.13963719,0.04
2602,-13.884772,3.0464468,24.890984,7.722013,0.34229726,0.09758925,0.04
2603,-14.012925,3.2539334,28.015223,8.527627,0.35154542,0.06110176,0.04
2604,-13.940428,3.2365527,26.394476,8.337119,0.643077,0.14792016,0.04
2605,-14.035203,3.2290323,27.37975,8.751202,0.4463834,0.08826184,0.04
2606,-13.972617,3.1303265,26.167547,8.1453,1.0216286,0.28121194,0.04
2607,-13.981326,3.19707,27.570845,8.684704,0.4962718,0.1263409,0.04
2608,-14.062415,3.266789,29.181633,9.060196,0.27634808,0.06631182,0.04
2609,-14.129726,3.4360254,30.927862,9.647862,0.4412008,0.088412434,0.04
2610,-14.115279,3.674764,33.70447,10.442909,0.5535853,0.1025227,0.04
2611,-14.073857,3.9115174,36.57626,11.277027,0.4811855,0.17071235,0.04
2612,-14.069744,3.7825806,34.00337,10.427665,0.5750799,0.19574492,0.04
2613,-14.169918,3.969277,37.19417,11.653454,1.1329392,0.30252647,0.04
2614,-13.9020815,3.6435337,29.658869,9.089822,0.68127096,0.21998975,0.04
2615,-13.953541,3.600526,30.288183,9.251419,0.07087153,0.017129594,0.04
2616,-13.869242,3.4435475,27.289873,8.351689,0.33792767,0.088859744,0.04
2617,-13.800774,3.226263,25.1274,7.8189087,0.546735,0.14631246,0.04
2618,-14.017766,3.4672801,30.644531,9.464547,0.29484162,0.0747885,0.04
2619,-13.91557,3.3186572,27.454037,8.552849,0.16831972,0.06428695,0.04
2620,-13.9248495,3.3202553,27.697556,8.625411,0.25563514,0.0612331,0.04
2621,-13.971445,3.3137147,28.042572,8.646442,0.2498481,0.050213635,0.04
2622,-13.89613,3.2262902,26.66058,8.194701,0.058085717,0.025639322,0.04
2623,-13.886753,3.3058023,27.68045,8.473719,0.8626803,0.19732918,0.04
2624,-14.0611315,3.4671361,31.586262,9.533541,0.41351217,0.1664931,0.04
2625,-14.045049,3.4975386,30.393345,9.4197645,1.2671951,0.2679265,0.04
2626,-13.974442,3.3904197,30.867218,9.511822,0.44086945,0.15976387,0.04
2627,-13.954232,3.2836246,27.969555,8.704917,0.38664433,0.08632781,0.04
2628,-13.9750805,3.2724984,27.746164,8.530333,0.29112673,0.051431905,0.04
2629,-13.962096,3.2053897,26.853949,8.235701,0.41135135,0.037493978,0.04
2630,-13.849659,2.951784,22.889048,7.1121826,0.67253184,0.2019271,0.04
2631,-13.959088,2.9708114,25.108532,7.6910567,0.31054303,0.112368934,0.04
2632,-14.200281,3.2805893,30.572102,9.482048,0.25508806,0.060290206,0.04
2633,-14.176672,3.6354587,33.730328,10.518166,0.40936005,0.1062324,0.04
2634,-14.1156225,3.7576752,33.628426,10.410132,0.8474353,0.23220791,0.04
2635,-14.06773,3.7791395,33.233074,10.260168,0.17986922,0.034470852,0.04
2636,-13.943864,3.5225062,28.48284,8.648293,0.15579538,0.043129344,0.04
2637,-13.968799,3.5152671,29.265373,9.010305,0.5319731,0.14984664,0.04
2638,-14.017583,3.5562305,30.208025,9.440666,0.452197,0.07721537,0.04
2639,-13.852528,3.392223,26.87106,8.381546,0.3474642,0.07433027,0.04
2640,-13.855293,3.1736875,24.674744,7.822278,0.20522515,0.03740875,0.04
2641,-13.907126,3.0991275,25.512812,7.827113,0.12337166,0.037134703,0.04
2642,-13.984433,3.237632,27.916647,8.453483,0.6234765,0.15895449,0.04
2643,-13.985346,3.1709704,26.251707,8.1915045,0.7741402,0.14337845,0.04
2644,-14.099214,3.2139227,28.465347,8.81281,0.15569304,0.068539314,0.04
2645,-14.0109,3.3284435,28.47658,8.875497,0.40723848,0.07047511,0.04
2646,-14.087052,3.731502,33.79509,10.296197,0.8942159,0.27864042,0.04
2647,-13.925528,3.5345263,28.806183,8.8819065,0.7606385,0.17183082,0.04
2648,-13.939509,3.3192122,26.767557,8.405789,0.23785883,0.052403197,0.04
2649,-13.967052,3.3379,27.847925,8.624934,0.22323878,0.054814298,0.04
2650,-13.891586,3.3601985,27.176222,8.408248,0.866997,0.23582739,0.04
2651,-13.940633,3.0866573,25.238884,8.032869,0.5837681,0.21319818,0.04
2652,-14.01465,3.2060392,28.18759,8.716927,0.3169634,0.12945926,0.04
2653,-14.180727,3.641062,35.030315,10.838088,0.50218046,0.1491397,0.04
2654,-14.036017,3.515064,30.338968,9.296287,0.08375991,0.03394873,0.04
2655,-13.986468,3.701832,32.453373,9.816082,0.60788924,0.1386388,0.04
2656,-14.084309,3.8925786,35.598705,11.144788,0.654274,0.265695,0.04
2657,-14.094326,3.7450027,33.40122,10.121427,0.65072054,0.26800597,0.04
2658,-13.973047,3.6615222,30.367147,9.318844,0.16316241,0.058654938,0.04
2659,-13.919965,3.6352863,29.814348,9.192932,0.6118456,0.10738634,0.04
2660,-13.892146,3.3064218,26.345242,8.146548,0.8896394,0.18461132,0.04
2661,-13.900282,3.2344382,25.168282,7.8597803,0.97473407,0.29480463,0.04
2662,-14.061518,3.3356767,30.922535,9.497426,0.65717953,0.14112785,0.04
2663,-14.1703415,3.6824486,34.56491,10.356654,1.299258,0.40046194,0.04
2664,-14.106168,3.8805902,36.20289,11.214928,0.53563756,0.11565862,0.04
2665,-14.077321,3.8557217,34.21089,10.2319355,0.5089315,0.1649129,0.04
2666,-14.0431795,3.7381701,31.787937,9.800246,0.24692462,0.07104195,0.04
2667,-13.85706,3.4654896,27.200665,8.2767315,0.48168626,0.13518405,0.04
2668,-13.839886,3.2244415,25.667698,7.886109,0.4453755,0.11562366,0.04
2669,-13.914051,3.218812,26.267305,8.191956,0.23159108,0.059061814,0.04
2670,-14.019165,3.2697675,28.446032,8.742724,0.19870578,0.090559274,0.04
2671,-13.926085,3.1915703,25.666697,8.111248,0.21873827,0.056813322,0.04
2672,-13.911157,3.0035164,24.170313,7.5444255,0.3203196,0.07341851,0.04
2673,-14.004483,3.1444263,28.11984,8.760412,0.52012646,0.14619766,0.04
2674,-14.10359,3.2812836,30.036888,9.073579,0.5508974,0.13479179,0.04
2675,-14.173545,3.5044186,32.638702,10.059669,0.29931396,0.051481515,0.04
2676,-14.191287,3.810195,35.86077,11.130319,0.52507937,0.10494808,0.04
2677,-14.082881,3.7677553,32.883045,9.930893,0.26362455,0.03855599,0.04
2678,-13.936248,3.6794653,30.493399,9.331108,0.17333011,0.03599163,0.04
2679,-13.927662,3.5769606,29.656603,9.020901,1.0237188,0.28680965,0.04
2680,-13.885608,3.4696836,28.299221,8.510157,0.43101725,0.13803728,0.04
2681,-14.067994,3.6577733,32.90763,10.108687,0.23073997,0.06541447,0.04
2682,-13.962693,3.5785906,30.096146,9.309156,0.85355264,0.28464174,0.04
2683,-13.992838,3.5980477,30.675978,9.455511,1.0334301,0.24959888,0.04
2684,-13.907294,3.1900682,25.662542,7.9528146,0.19834928,0.05098601,0.04
2685,-14.099821,3.5165696,32.13628,9.817237,0.2114501,0.05769328,0.04
2686,-14.021698,3.4137268,29.513412,8.844802,0.057541717,0.026380397,0.04
2687,-13.961601,3.405269,28.317484,8.594264,0.14190878,0.037335183,0.04
2688,-13.947778,3.3492706,28.03123,8.658854,0.23492,0.050870243,0.04
2689,-13.912743,3.3920016,28.844276,9.075372,0.43591446,0.10476387,0.04
2690,-14.0173025,3.3997018,29.860064,9.156585,0.10821096,0.033209972,0.04
2691,-13.951511,3.3883743,28.481022,8.838928,0.22629604,0.053136975,0.04
2692,-14.010239,3.5454822,31.134146,9.581279,0.43390492,0.11584678,0.04
2693,-13.916305,3.4564803,28.427708,8.670232,1.1858555,0.27249864,0.04
2694,-13.879844,3.047598,24.345436,7.5197515,0.646414,0.1814765,0.04
2695,-14.057249,3.2286322,28.835396,8.805883,0.27228078,0.0613632,0.04
2696,-14.102946,3.6087809,32.7448,9.935305,0.83622116,0.2405997,0.04
2697,-14.046266,3.5046823,31.09686,9.440274,0.27403855,0.08191353,0.04
2698,-14.029979,3.503797,31.3745,9.499501,0.45811135,0.20466416,0.04
2699,-13.906653,3.3814826,27.676271,8.539789,0.7981335,0.21519211,0.04
2700,-13.943955,3.335579,28.36676,8.8286915,0.55818725,0.1454398,0.04
2701,-13.945985,3.2259786,26.984913,8.249687,0.2595309,0.0933016,0.04
2702,-14.025816,3.3492382,29.731684,8.924259,0.274287,0.12319301,0.04
2703,-14.03471,3.4693313,30.20032,9.456133,0.1787917,0.04266767,0.04
2704,-13.957682,3.369131,27.826185,8.737177,0.6419507,0.36416548,0.04
2705,-13.977219,3.49622,29.806063,9.079136,0.28352883,0.089574195,0.04
2706,-13.857304,3.2675002,26.11831,8.108986,0.49552816,0.10957462,0.04
2707,-13.953524,3.4450717,29.085268,8.79644,1.1142626,0.29545557,0.04
2708,-14.030302,3.3880138,30.527605,9.28956,0.45712113,0.14407338,0.04
2709,-13.995087,3.3444023,29.006628,9.002293,0.18120004,0.04739351,0.04
2710,-13.993095,3.3598912,29.867855,9.229808,0.4940048,0.11193971,0.04
2711,-14.124987,3.545343,32.930714,10.174547,0.3849441,0.09705516,0.04
2712,-14.024172,3.6432195,31.919584,9.856099,0.27817437,0.05715365,0.04
2713,-13.931582,3.630748,30.685411,9.295255,0.38630635,0.118447766,0.04
2714,-13.921738,3.3913925,28.09561,8.60757,0.8940319,0.30306423,0.04
2715,-13.840364,3.0887744,24.324873,7.439537,0.24434766,0.057186652,0.04
2716,-13.889851,3.0412664,25.53924,7.776552,0.18255043,0.042900797,0.04
2717,-13.88943,2.9474978,24.049105,7.2471824,0.25287786,0.07612134,0.04
2718,-13.957665,2.943661,25.931646,7.980657,0.58362365,0.13684963,0.04
2719,-14.141834,3.091712,28.887024,8.840837,0.45021436,0.17448388,0.04
2720,-14.2287035,3.383538,32.87249,9.893546,0.55537444,0.13094519,0.04
2721,-14.158666,3.689561,34.60199,10.478695,0.25491184,0.07769495,0.04
2722,-14.097962,3.900923,35.73742,10.968128,0.58761054,0.13481179,0.04
2723,-14.101249,3.9659858,35.761215,10.847162,0.3505397,0.122442745,0.04
2724,-13.934202,3.707079,30.438974,9.359983,0.49857804,0.10766495,0.04
2725,-13.873668,3.5325618,28.005777,8.788683,0.18476498,0.040375117,0.04
2726,-13.913533,3.3616977,27.301289,8.172281,0.2301216,0.05128242,0.04
2727,-13.972883,3.4615955,29.314457,9.061606,0.46882454,0.13735686,0.04
2728,-13.85645,3.2095013,25.795403,7.8249907,0.42019328,0.11475276,0.04
2729,-13.973715,3.2291007,27.44906,8.515255,0.67458564,0.18901813,0.04
2730,-13.962747,3.176241,27.460253,8.35249,0.15410984,0.027988119,0.04
2731,-14.0619335,3.3444786,30.674963,9.428788,0.23538376,0.050635792,0.04
2732,-14.061192,3.3674283,30.204588,9.389149,0.3747845,0.10800686,0.04
2733,-14.104408,3.6736248,34.413826,10.436846,0.43227968,0.17926228,0.04
2734,-13.939343,3.596653,31.359907,9.516695,0.5014864,0.27012604,0.04
2735,-14.034105,3.40835,30.289814,9.315364,0.45424002,0.11616696,0.04
2736,-13.864951,3.2267194,26.27119,8.130814,0.4128732,0.11193856,0.04
2737,-14.0310955,3.2206366,28.104298,8.779909,0.6036875,0.11379033,0.04
2738,-14.038356,3.3597598,31.438822,9.677697,0.35269913,0.1458445,0.04
2739,-14.056242,3.3676012,30.91295,9.392629,0.39515072,0.09212177,0.04
2740,-14.003711,3.3025115,27.979486,8.562294,0.3441223,0.10499216,0.04
2741,-14.024209,3.4756522,30.788847,9.292905,0.89738095,0.25608128,0.04
2742,-14.05213,3.425275,30.539934,9.263125,0.37550187,0.12139226,0.04
2743,-14.01494,3.4318569,29.534618,8.882081,0.20064051,0.17202605,0.04
2744,-13.889096,3.3069568,26.707865,8.253473,0.77400875,0.16932555,0.04
2745,-14.009937,3.346689,29.669662,9.066709,0.49799234,0.16383305,0.04
2746,-14.115561,3.5122275,32.81904,10.188477,0.31810722,0.081612885,0.04
2747,-14.023838,3.5183241,31.106972,9.436366,0.22883305,0.100071706,0.04
2748,-14.047978,3.5118334,30.398449,9.253121,0.46555,0.09369959,0.04
2749,-14.116412,3.7549996,34.681995,10.565852,0.18135351,0.043332227,0.04
2750,-13.903621,3.4471467,27.788233,8.449114,0.26328954,0.061327666,0.04
2751,-13.898834,3.3690255,27.60844,8.371741,0.24209298,0.054526426,0.04
2752,-13.975217,3.591942,31.057373,9.275714,0.60798097,0.13967791,0.04
2753,-14.017215,3.4599626,31.532812,9.685761,0.47715446,0.12002849,0.04
2754,-14.042443,3.5361364,32.033585,9.978019,0.6334146,0.15723482,0.04
2755,-13.947804,3.5007672,30.173393,9.320794,0.54792297,0.19899325,0.04
2756,-14.036835,3.5335312,32.50926,9.837863,0.38083252,0.11149895,0.04
2757,-14.028993,3.514667,30.822422,9.353287,0.1467066,0.04697081,0.04
2758,-13.957331,3.3823218,28.38646,8.71841,0.21425456,0.055839483,0.04
2759,-14.061586,3.645494,32.80875,10.15548,0.42854962,0.094169624,0.04
2760,-13.985613,3.528841,29.669512,9.207952,0.096565716,0.028328935,0.04
2761,-13.860476,3.4618876,27.562717,8.575092,0.61343116,0.2851693,0.04
2762,-13.891814,3.3360596,27.528952,8.498957,0.7412156,0.21042147,0.04
2763,-13.959061,3.2454145,27.7933,8.562985,0.11349044,0.023460628,0.04
2764,-13.950449,3.188495,26.703396,8.285429,0.18196651,0.049422584,0.04
2765,-13.996261,3.3327167,29.459846,9.038638,0.6481322,0.17073132,0.04
2766,-13.889697,3.2526097,26.822062,8.331396,0.54361653,0.115110435,0.04
2767,-13.851334,2.7732806,21.481682,6.597002,0.09089336,0.029765835,0.04
2768,-13.962547,2.797257,23.294308,7.10219,0.275969,0.068118505,0.04
2769,-13.985929,2.9395392,25.346256,7.8015604,0.13544537,0.049366165,0.04
2770,-14.098931,3.1625881,28.933123,8.920377,0.4070942,0.113390245,0.04
2771,-14.045244,3.245238,29.369486,9.134044,0.80804265,0.30582273,0.04
2772,-14.092871,3.33182,30.425867,9.153238,0.7759567,0.18058649,0.04
2773,-14.064047,3.5009172,31.877478,9.823044,0.6826737,0.21083514,0.04
2774,-13.942031,3.3758278,27.90086,8.667807,0.2862519,0.055701848,0.04
2775,-14.00422,3.353117,28.525505,8.913756,0.23657112,0.05096922,0.04
2776,-14.073032,3.5088065,31.230684,9.6053505,0.12564386,0.01928772,0.04
2777,-14.091022,3.6998982,33.303852,10.265733,0.32243085,0.106046334,0.04
2778,-14.000451,3.64516,31.002808,9.465832,0.64452994,0.1751607,0.04
2779,-13.850983,3.361309,26.681776,8.486602,0.24097724,0.06706458,0.04
2780,-13.856436,3.082493,23.935472,7.420839,0.12204481,0.02868484,0.04
2781,-14.03487,3.3127491,29.139544,8.952693,0.24403389,0.057176683,0.04
2782,-14.018402,3.3679705,30.085892,9.278827,0.3782966,0.07237021,0.04
2783,-14.051046,3.4641187,32.399395,9.886556,0.75190395,0.17677553,0.04
2784,-14.120257,3.5973132,33.514317,10.272064,0.9685499,0.26701275,0.04
2785,-14.063388,3.6494532,32.49502,9.931795,0.61514926,0.08767247,0.04
2786,-13.96506,3.5022926,29.951145,9.2492695,0.32215875,0.055589307,0.04
2787,-13.954429,3.3943372,27.936619,8.6130705,0.53711665,0.16050674,0.04
2788,-13.988125,3.4183335,29.894247,9.318339,0.24043599,0.0512112,0.04
2789,-13.899829,3.0096147,23.680668,7.3763423,0.1477575,0.032923013,0.04
2790,-14.073252,3.2472658,28.584227,8.728892,0.20785727,0.041159935,0.04
2791,-14.110433,3.4959571,32.232204,9.92323,0.5236452,0.10232644,0.04
2792,-14.084652,3.559397,32.165154,9.979732,0.6806754,0.16624993,0.04
2793,-13.930324,3.4734588,28.764614,8.945359,0.34274834,0.075997666,0.04
2794,-13.937319,3.3677466,27.776445,8.582744,0.4733935,0.05926425,0.04
2795,-14.054288,3.4764216,30.832197,9.4894495,0.6252719,0.1783476,0.04
2796,-14.062487,3.6501193,32.654694,10.042747,0.36167523,0.048279162,0.04
2797,-13.968346,3.4653697,28.64746,8.8888855,0.27917224,0.052937992,0.04
2798,-14.05248,3.5803356,31.87973,9.851866,0.7571878,0.24586873,0.04
2799,-14.00949,3.7845364,33.01509,10.229563,0.93825155,0.33215344,0.04
2800,-13.929321,3.5201547,29.36133,9.08258,0.5114719,0.13513999,0.04
2801,-14.065502,3.7248268,34.86478,10.458196,0.6453451,0.2249913,0.04
2802,-13.984771,3.5162618,30.185232,9.126014,0.65597636,0.19354671,0.04
2803,-14.042673,3.4739811,30.940163,9.467742,0.7986837,0.2086166,0.04
2804,-14.0096445,3.5226688,30.34516,9.205745,0.3902753,0.09061634,0.04
2805,-13.975925,3.5826316,30.73595,9.342395,0.6884295,0.37054533,0.04
2806,-13.967205,3.4520164,28.800951,8.804514,0.5259914,0.13681911,0.04
2807,-14.087873,3.893495,35.247425,10.971624,0.86268586,0.20698097,0.04
2808,-14.02591,3.7872925,32.552105,10.047772,0.53886044,0.15781195,0.04
2809,-13.882806,3.5633965,28.808521,8.840821,0.1926994,0.05468137,0.04
2810,-13.833094,3.3166356,26.586277,8.173358,0.28702232,0.0690148,0.04
2811,-13.875891,3.2878668,26.526558,8.086602,0.5122296,0.14015573,0.04
2812,-13.919761,3.0359354,25.414263,7.82829,0.17117988,0.0411031,0.04
2813,-13.918387,2.9036932,24.108183,7.471502,0.2038284,0.06322622,0.04
2814,-14.0190525,3.2276826,28.898096,8.859474,0.85462534,0.24924167,0.04
2815,-14.104768,3.1841204,29.965714,9.060031,0.42226002,0.12538669,0.04
2816,-14.261871,3.4118292,33.087585,10.351067,0.38565567,0.11339233,0.04
2817,-14.221601,3.888127,36.957012,11.269307,0.54719955,0.14630389,0.04
2818,-14.106789,3.7995133,33.34381,10.390036,0.70488364,0.16503169,0.04
2819,-13.967233,3.6566656,30.56302,9.551107,0.10559791,0.026139282,0.04
2820,-13.9104395,3.505934,28.10772,8.758313,0.14374574,0.036849607,0.04
2821,-13.937393,3.5200236,29.7955,9.240965,0.3769223,0.07188149,0.04
2822,-13.970049,3.4911914,29.4325,8.984177,0.41184834,0.11033235,0.04
2823,-13.891385,3.2041862,25.963114,7.9847856,0.2582458,0.06679569,0.04
2824,-13.993551,3.3493261,29.914412,9.226249,0.48626366,0.13127229,0.04
2825,-14.061686,3.381204,30.87798,9.576034,0.4255676,0.11068865,0.04
2826,-14.058591,3.3282387,30.249863,9.215156,0.4417348,0.13765232,0.04
2827,-14.091885,3.51585,32.70997,9.974133,0.5120624,0.16952014,0.04
2828,-13.986304,3.3349469,27.717522,8.546437,0.1683861,0.026653416,0.04
2829,-13.99283,3.424884,29.03437,9.024972,0.26584983,0.06281779,0.04
2830,-13.981671,3.3995657,28.920523,8.92463,0.27339536,0.07109158,0.04
2831,-13.937219,3.2986555,27.330082,8.356088,0.27152246,0.11286115,0.04
2832,-14.155359,4.0792375,35.490288,10.760813,4.133527,0.7862618,0.04
2833,-14.053504,3.3067036,30.191362,9.123588,0.8146518,0.18212987,0.04
2834,-14.087334,3.4401288,31.986607,9.87882,0.63997674,0.12746085,0.04
2835,-14.027232,3.5039556,31.628786,9.682694,0.17642161,0.04421182,0.04
2836,-13.959972,3.5553372,30.624285,9.558347,0.3016089,0.08269703,0.04
2837,-13.949433,3.528454,29.62884,9.006623,0.30133724,0.10896838,0.04
2838,-14.019186,3.6454844,33.392467,10.187083,0.8254692,0.24969931,0.04
2839,-13.985355,3.5614977,31.379475,9.603172,0.34715334,0.08436124,0.04
2840,-14.079288,3.838224,36.07427,11.132439,0.7852617,0.20738018,0.04
2841,-13.925642,3.663928,30.803175,9.507828,0.4555713,0.072569296,0.04
2842,-13.882339,3.3928814,27.550814,8.482497,0.6360964,0.12342303,0.04
2843,-14.031763,3.6363914,33.169857,10.041743,0.8673672,0.24911062,0.04
2844,-13.96769,3.5135117,31.97235,9.75405,0.39976048,0.15862866,0.04
2845,-13.977079,3.6305587,31.794912,9.798538,0.6152692,0.20230266,0.04
2846,-14.035941,3.5422394,31.488335,9.930628,0.43682167,0.1016097,0.04
2847,-14.029948,3.6070542,31.96215,9.859824,0.5853951,0.13256861,0.04
2848,-13.997268,3.4879704,30.634163,9.355993,0.87749356,0.32051605,0.04
2849,-14.033447,3.5259256,31.257599,9.569264,0.22336024,0.028920816,0.04
2850,-14.015447,3.8599505,34.18993,10.471982,1.1085999,0.20924354,0.04
2851,-14.096526,3.8467329,35.293007,10.71899,0.7764794,0.34061924,0.04
2852,-13.948207,3.7537956,30.814228,9.399945,0.9444084,0.45057938,0.04
2853,-13.804177,3.1703887,24.288185,7.375138,0.8096568,0.24921635,0.04
2854,-14.0045805,3.3364995,28.45252,8.737044,0.39177105,0.086023696,0.04
2855,-13.988086,3.3574288,29.608973,9.240582,0.37167904,0.09461525,0.04
2856,-13.93142,3.23097,26.55002,8.096265,0.14360736,0.04250688,0.04
2857,-14.179308,3.8990462,37.40997,11.391806,0.7009636,0.16166955,0.04
2858,-14.063197,3.6209128,32.56119,9.885977,0.6618059,0.1673903,0.04
2859,-13.971354,3.5701973,29.9065,9.37001,0.39364266,0.05880503,0.04
2860,-13.954867,3.453997,28.272787,8.813618,0.51214343,0.05868721,0.04
2861,-14.012621,3.7023783,33.06309,10.267477,0.5270117,0.24658841,0.04
2862,-13.903602,3.5255718,29.258205,8.81817,0.86400825,0.3600541,0.04
2863,-14.046842,3.3485374,29.591047,9.187612,0.23930097,0.07140961,0.04
2864,-14.006844,3.2735434,28.627575,8.903529,0.28346747,0.060147766,0.04
2865,-14.081189,3.4062512,29.817741,9.2440405,0.5566429,0.08454539,0.04
2866,-14.026845,3.4270582,30.362885,9.151032,0.53890663,0.12276408,0.04
2867,-13.979665,3.2748141,27.198807,8.338966,0.547185,0.11269287,0.04
2868,-13.99424,3.358637,29.670149,8.919817,0.65194714,0.2205954,0.04
2869,-14.065719,3.431271,30.643057,9.166636,0.19958076,0.048733387,0.04
2870,-13.999109,3.4694529,29.925592,9.009268,0.3368309,0.16574886,0.04
2871,-13.978418,3.3596408,28.46473,8.741001,0.60716707,0.19362108,0.04
2872,-13.9839115,3.4710274,30.362434,9.254023,0.56609327,0.10628398,0.04
2873,-14.027541,3.3803184,30.147636,9.403823,0.74531704,0.2152157,0.04
2874,-14.083453,3.6335633,33.140976,9.994492,0.4320824,0.120116435,0.04
2875,-14.068011,3.5902343,31.625473,9.795707,0.22865804,0.058757424,0.04
2876,-13.909577,3.3511927,26.719868,8.241937,0.2726934,0.049221236,0.04
2877,-14.074197,3.5234137,31.528534,9.513703,0.33051702,0.06618335,0.04
2878,-13.871719,3.2453816,25.299335,7.8798285,0.28857285,0.06319445,0.04
2879,-14.027713,3.472902,30.63737,9.36142,0.2890235,0.07988662,0.04
2880,-13.989612,3.3545477,28.846876,8.8397255,0.33935285,0.123191565,0.04
2881,-14.034876,3.540905,31.439089,9.697455,1.1714573,0.23981535,0.04
2882,-14.069895,3.5854454,31.81061,9.752302,0.45313063,0.11701813,0.04
2883,-14.03424,3.580802,31.481087,9.674026,0.14185521,0.042990312,0.04
2884,-13.912721,3.4892776,28.66909,8.864799,0.7209377,0.1592636,0.04
2885,-13.90219,3.2869918,26.921314,8.401851,1.1524447,0.30443466,0.04
2886,-14.083439,3.4332092,31.305983,9.322328,0.25971228,0.10518315,0.04
2887,-14.099607,3.6054635,32.763916,10.175312,0.42575228,0.100987844,0.04
2888,-14.098057,3.7225642,33.780052,10.472003,0.49527252,0.15872951,0.04
2889,-14.030783,3.7409163,32.792263,10.282212,0.5475367,0.12172583,0.04
2890,-14.039288,3.755474,31.4197,9.665343,1.103371,0.29546824,0.04
2891,-13.881491,3.4379048,28.223095,8.669676,0.38832256,0.18522984,0.04
2892,-13.976074,3.4967184,30.667456,9.319719,0.75418454,0.20295355,0.04
2893,-14.005768,3.4954,30.420012,9.254137,0.6145792,0.16443245,0.04
2894,-14.104129,3.5807753,32.852177,10.0371275,0.587164,0.10781266,0.04
2895,-14.063426,3.6860833,32.797638,10.271021,0.3365743,0.090142064,0.04
2896,-14.14457,3.898686,36.87541,11.283168,0.73355013,0.16364373,0.04
2897,-13.931325,3.6158178,30.044653,9.35245,0.4155477,0.11671958,0.04
2898,-13.88965,3.301914,26.449589,8.211536,0.16534539,0.051146563,0.04
2899,-13.913367,3.3900576,28.831867,8.712843,0.21367441,0.04584341,0.04
2900,-13.850528,3.1406567,24.8566,7.599251,0.19681996,0.053173162,0.04
2901,-14.077172,3.5036998,33.579395,10.184868,0.67247313,0.15216954,0.04
2902,-14.050377,3.4480586,31.070925,9.269942,0.43943298,0.17007631,0.04
2903,-13.986052,3.3397799,28.671238,8.66183,0.3096021,0.12292773,0.04
2904,-13.962371,3.3256834,28.787104,8.698994,0.6592584,0.1423169,0.04
2905,-14.130185,3.531084,34.04631,10.26623,0.35206744,0.14405075,0.04
2906,-14.22689,3.7820435,36.62136,11.223195,0.6409937,0.20808782,0.04
2907,-14.123535,3.7038753,33.855057,10.203037,0.11754766,0.031870738,0.04
2908,-14.048871,4.232573,32.750416,10.319396,3.6368902,0.9741735,0.04
2909,-13.995885,3.473312,30.400595,9.47653,0.3569419,0.116964936,0.04
2910,-13.988879,3.5411365,31.30145,9.805311,0.63406515,0.12767892,0.04
2911,-14.004301,3.4526315,30.869745,9.444436,0.5128473,0.10182081,0.04
2912,-13.962023,3.355057,28.838339,8.880808,0.5355432,0.15051849,0.04
2913,-13.881092,3.0430617,24.64118,7.6501174,0.45093685,0.17414238,0.04
2914,-13.9334955,3.0235481,25.464624,7.9059696,0.90019923,0.28928214,0.04
2915,-14.100238,3.2978542,30.520624,9.3762245,0.7613724,0.18763368,0.04
2916,-13.948939,3.0557253,25.377354,7.801365,0.12617646,0.027189951,0.04
2917,-13.971436,3.1194532,27.520926,8.588055,1.3178682,0.3950114,0.04
2918,-14.031609,3.446933,32.159798,9.975082,0.43249354,0.14025652,0.04
2919,-14.086648,3.347764,30.91139,9.412929,0.4402079,0.101650044,0.04
2920,-14.098345,3.4906383,32.673542,9.851706,0.61206794,0.15496214,0.04
2921,-14.039411,3.544697,32.008625,9.948363,0.9989914,0.26237378,0.04
2922,-13.976819,3.3764887,29.129803,9.165521,0.50684255,0.113980584,0.04
2923,-14.034489,3.1950166,27.374298,8.613507,0.67679554,0.15751095,0.04
2924,-14.164359,3.5338461,33.715607,10.414166,0.6332473,0.14397801,0.04
2925,-14.079957,3.533752,31.583025,9.936036,0.25642908,0.062029522,0.04
2926,-14.021982,3.4700105,29.661564,9.255204,0.09364976,0.021732815,0.04
2927,-13.926852,3.5656981,28.858675,8.959235,0.98647094,0.31330672,0.04
2928,-14.036803,3.461183,30.11131,9.511545,0.75924164,0.15426326,0.04
2929,-14.202152,4.0453854,38.5897,11.831365,1.5182788,0.23817621,0.04
2930,-14.045889,3.7943645,34.066986,10.614571,0.49765912,0.15898217,0.04
2931,-13.89162,3.5517647,28.810297,9.0049305,0.6493585,0.14637412,0.04
2932,-13.858627,3.3256161,26.533192,8.212946,0.36648813,0.076930866,0.04
2933,-13.941537,3.3379624,28.283054,8.55766,0.7646249,0.25209147,0.04
2934,-14.012546,3.5187218,31.396442,9.709287,0.50971395,0.08176816,0.04
2935,-14.014352,3.4846704,29.273294,9.038651,0.6022195,0.19892962,0.04
2936,-13.972672,3.5186539,29.780157,8.939768,0.17190112,0.052597597,0.04
2937,-13.858934,3.4238899,26.433624,8.273714,0.43228513,0.1048564,0.04
2938,-13.935,3.302216,28.42971,8.714943,0.6872856,0.13124312,0.04
2939,-13.9473915,3.3293428,28.013842,8.548532,0.32919988,0.0789725,0.04
2940,-14.025778,3.4039795,29.872782,9.129724,0.19020142,0.04697781,0.04
2941,-13.98813,3.5565486,30.601044,9.348144,0.488653,0.1669919,0.04
2942,-14.079496,3.6186073,32.27419,9.916604,0.38140824,0.11983264,0.04
2943,-13.922499,3.4683626,28.887474,8.940132,0.65933937,0.18968008,0.04
2944,-14.013054,3.510514,30.666758,9.682881,0.30108854,0.05579661,0.04
2945,-13.969694,3.5148504,30.487959,9.407846,0.3267786,0.084561184,0.04
2946,-14.121466,3.5628939,32.36623,10.09211,0.21703936,0.09859213,0.04
2947,-13.903686,3.3137026,26.15687,8.257465,0.14752658,0.041148677,0.04
2948,-13.93605,3.2597003,26.734709,8.252005,0.12948883,0.033162635,0.04
2949,-14.140774,3.6914985,33.885647,10.551602,0.4650565,0.08032702,0.04
2950,-14.009984,4.025656,33.661106,10.375256,1.3214362,0.4407567,0.04
2951,-13.998982,3.663828,31.72889,9.949933,0.68350184,0.16900997,0.04
2952,-13.944959,3.5080101,29.931772,9.303553,0.427239,0.10791664,0.04
2953,-13.864371,3.5175416,28.917976,8.87597,0.44164845,0.12570412,0.04
2954,-14.012778,3.494128,30.559828,9.482359,0.33663905,0.044244338,0.04
2955,-13.949785,3.4038897,28.022894,8.587473,0.24283609,0.119052686,0.04
2956,-14.047397,3.6218867,30.995232,9.47424,1.1464373,0.35952488,0.04
2957,-13.938133,3.4855556,28.955143,8.790046,0.61909086,0.13685466,0.04
2958,-13.912053,3.3553996,26.776161,8.46443,1.506315,0.34842122,0.04
2959,-14.0364485,3.2479634,27.993277,8.765991,0.21661429,0.11530577,0.04
2960,-14.074084,3.3729835,30.855688,9.454505,0.2656967,0.064905494,0.04
2961,-14.011383,3.302602,28.241375,8.724848,0.13723522,0.03672641,0.04
2962,-14.031048,3.2969043,28.641508,8.891819,0.65785915,0.1503614,0.04
2963,-14.0875,3.4518871,31.763952,9.641657,0.74456793,0.22167818,0.04
2964,-13.990903,3.3062298,27.747356,8.657046,0.79615015,0.23956917,0.04
2965,-13.959064,3.2045674,26.01009,8.02098,0.35123822,0.095192,0.04
2966,-14.1068535,3.4013834,30.501211,9.555358,0.3588586,0.10197003,0.04
2967,-14.109606,3.5735087,32.588272,10.175587,0.48195645,0.21509242,0.04
2968,-13.99855,3.4785597,30.29592,9.448757,0.3144195,0.17840153,0.04
2969,-13.954948,3.2198694,26.70057,8.29409,0.38614672,0.07747087,0.04
2970,-13.986783,3.3592594,29.190865,8.957952,0.55172396,0.18528615,0.04
2971,-13.938889,3.0199845,24.673565,7.505418,0.30294937,0.06603435,0.04
2972,-14.082423,3.2031574,27.436369,8.508334,0.9585411,0.27292758,0.04
2973,-14.150682,3.3294501,30.978155,9.632042,0.93022484,0.2670923,0.04
2974,-14.017693,3.2148268,27.080595,8.163908,0.09730595,0.02424965,0.04
2975,-13.946781,3.2800603,27.279192,8.560127,0.285794,0.060305603,0.04
2976,-13.966402,3.2354686,27.556889,8.427547,0.30731905,0.059253514,0.04
2977,-13.962578,3.1226,26.073832,7.859583,0.21330984,0.11179415,0.04
2978,-14.086992,3.3748426,30.287346,9.44827,0.23335455,0.055929787,0.04
2979,-14.160257,3.5761414,33.318195,10.275184,0.31788933,0.09605225,0.04
2980,-14.076576,3.8285065,34.431976,10.353259,0.45856664,0.09882785,0.04
2981,-13.955903,3.5755544,29.467531,9.165162,0.9858439,0.25298065,0.04
2982,-13.947873,3.5342906,29.375412,9.000172,0.5380429,0.14084783,0.04
2983,-13.93292,3.3230054,27.214787,8.213306,0.79563516,0.16898443,0.04
2984,-13.938908,3.1903799,26.557705,8.022792,0.44558057,0.20352665,0.04
2985,-13.888258,2.9898381,23.50751,7.182856,0.17326732,0.041915163,0.04
2986,-14.073572,3.2380407,28.812613,8.817155,0.35604155,0.11181834,0.04
2987,-14.0408125,3.2587278,28.641336,8.96737,0.37736994,0.12802246,0.04
2988,-14.1272745,3.517474,32.2675,10.006951,0.36866543,0.07771356,0.04
2989,-14.0209875,3.489507,30.908012,9.398659,0.64025897,0.2206792,0.04
2990,-13.925924,3.2471807,27.170038,8.183856,1.0453205,0.29001203,0.04
2991,-14.079438,3.5142803,32.005276,9.848276,0.31500217,0.087426335,0.04
2992,-13.99057,3.3450239,28.29253,8.663339,0.45310557,0.10444472,0.04
2993,-13.930964,3.1441793,25.71885,7.9716306,0.597658,0.14585537,0.04
2994,-13.989012,3.094245,26.693521,8.203865,0.2472153,0.061232213,0.04
2995,-13.959547,3.0607257,25.263247,7.895351,0.2722662,0.06549901,0.04
2996,-14.081125,3.2970648,29.388489,9.120076,0.5236541,0.13997833,0.04
2997,-14.019736,3.1744592,27.029232,8.381599,0.9598379,0.21516925,0.04
2998,-14.091029,3.245702,29.243612,9.0422125,0.72809225,0.19837584,0.04
2999,-14.155488,3.6873684,34.183247,10.302986,1.1164006,0.2840705,0.04
3000,-14.092119,3.5244894,32.099613,9.840113,0.31900924,0.07803062,0.04
3001,-13.997588,3.4978669,30.315117,9.209313,0.46035895,0.16785938,0.04
3002,-13.99817,3.481073,30.570967,9.321314,0.22561355,0.05064358,0.04
3003,-13.921432,3.3068113,27.074247,8.319414,0.31880847,0.07420621,0.04
3004,-14.021322,3.437112,30.002617,9.306559,0.14450745,0.026266595,0.04
3005,-14.034802,3.478036,29.385191,9.094967,0.3186272,0.06834009,0.04
3006,-14.011408,3.553532,30.375673,9.382878,0.37140808,0.11081835,0.04
3007,-13.974352,3.5123146,30.38382,9.331626,0.5869462,0.11692286,0.04
3008,-13.890262,3.269331,26.381502,8.243136,0.9723689,0.22721362,0.04
3009,-13.888072,3.018214,24.223028,7.384491,0.24648125,0.06402075,0.04
3010,-14.100096,3.0717835,27.121908,8.355216,0.17235738,0.038168553,0.04
3011,-14.093592,3.383521,30.375793,9.538299,0.89406264,0.18217869,0.04
3012,-14.032814,3.2874894,28.286673,8.647333,0.3199541,0.08713911,0.04
3013,-14.060982,3.470406,30.86006,9.293049,0.4076338,0.21461223,0.04
3014,-14.022993,3.5305862,30.112284,9.41065,0.43148297,0.09454917,0.04
3015,-14.022187,3.5318153,30.418505,9.450977,0.8615624,0.31876838,0.04
3016,-13.953543,3.3937697,28.377384,8.747585,0.29078862,0.053041387,0.04
3017,-13.991019,3.3844361,28.497404,8.675719,0.5301772,0.24280812,0.04
3018,-14.024734,3.3704555,29.71585,9.1537695,0.79214066,0.23225066,0.04
3019,-14.058844,3.4774156,31.241947,9.49891,0.343893,0.077033386,0.04
3020,-14.088838,3.6055984,32.56423,9.96818,0.26302966,0.050122343,0.04
3021,-13.918459,3.4448354,28.56892,8.666998,0.33576545,0.12301788,0.04
3022,-13.963507,3.254598,27.169,8.431557,0.28797147,0.06216302,0.04
3023,-14.023309,3.2811546,28.023413,8.860241,0.68406004,0.15074837,0.04
3024,-13.978523,3.2663662,28.366028,8.909137,0.89153147,0.19454311,0.04
3025,-14.050908,3.0941396,27.028097,8.342663,0.17132688,0.036602322,0.04
3026,-14.103183,3.2660384,29.817026,9.154933,0.42722178,0.15398206,0.04
3027,-14.159432,3.4346611,32.42684,9.908756,0.8728044,0.19128296,0.04
3028,-14.116076,3.5316625,32.309124,10.054809,0.45538393,0.10921713,0.04
3029,-13.965144,3.3316984,27.46965,8.380162,0.9308725,0.24634402,0.04
3030,-13.828895,3.0690415,23.622852,7.2900376,0.2608423,0.06567288,0.04
3031,-13.994907,3.0003324,25.79377,7.921335,0.34253696,0.11521986,0.04
3032,-14.093101,3.19318,28.844627,8.797611,0.62250865,0.15123683,0.04
3033,-14.020543,3.0781279,26.622139,8.250616,0.7262886,0.19262996,0.04
3034,-14.128098,3.3139951,30.442184,9.380565,0.6888923,0.19141498,0.04
3035,-14.093555,3.4458077,31.365276,9.514148,0.5500433,0.14538479,0.04
3036,-14.2160425,3.5320253,32.909904,10.24188,0.60981596,0.09856902,0.04
3037,-14.118807,3.6774654,32.991714,10.378189,0.73837185,0.19618459,0.04
3038,-14.070898,3.7121482,33.41486,10.366851,0.81738585,0.17494814,0.04
3039,-14.00486,3.661545,31.365372,9.743618,0.5520596,0.11687936,0.04
3040,-13.9804,3.4520004,29.501598,9.176184,0.75436014,0.20043193,0.04
3041,-13.970026,3.2767053,26.91497,8.514203,0.90788436,0.32569125,0.04
3042,-14.158871,3.4752853,32.11249,9.866967,0.40731424,0.07378523,0.04
3043,-14.177082,3.5991194,32.99607,10.398566,0.3593119,0.082301095,0.04
3044,-14.003034,3.5144145,29.071138,8.974654,0.29653078,0.062873416,0.04
3045,-14.008745,3.469694,29.163382,8.945267,0.13506922,0.030048935,0.04
3046,-13.942236,3.485328,28.931856,8.864733,0.28691894,0.0765769,0.04
3047,-14.075009,3.698498,33.77136,10.283825,0.5694304,0.13988939,0.04
3048,-13.963656,3.4985719,29.95064,9.145647,0.3889636,0.119888194,0.04
3049,-14.009461,3.4202213,28.804836,8.7614765,0.10102433,0.03164215,0.04
3050,-14.069377,3.553995,31.389738,9.799514,0.75929004,0.1569452,0.04
3051,-14.087986,3.6020243,31.953924,9.802123,0.5809676,0.18599017,0.04
3052,-14.057801,3.7152762,33.04724,10.256519,0.43081164,0.08358382,0.04
3053,-13.97871,3.5021884,29.507153,9.219785,0.5746117,0.14861768,0.04
3054,-13.928572,3.400515,27.934845,8.54534,0.16807239,0.08974485,0.04
3055,-13.94986,3.2059438,26.416656,8.177125,0.8273718,0.19701599,0.04
3056,-13.9172945,3.3035543,28.426966,8.8410015,0.33195508,0.09128341,0.04
3057,-13.958401,3.1390338,26.17289,8.051251,0.2713525,0.06426013,0.04
3058,-14.083115,3.3887765,30.816206,9.465232,0.3427943,0.06887727,0.04
3059,-14.066939,3.475692,31.607395,9.518888,0.23522383,0.065624066,0.04
3060,-14.095328,3.5586112,32.20698,9.785518,0.5787718,0.1419582,0.04
3061,-14.057019,3.482667,31.40313,9.639865,0.34482256,0.06915725,0.04
3062,-14.066061,3.4725964,30.648582,9.312428,0.18191583,0.053607464,0.04
3063,-13.973109,3.345995,27.759474,8.493538,0.5040156,0.16987036,0.04
3064,-14.026641,3.4325469,29.570347,9.212191,0.33741018,0.10669379,0.04
3065,-13.911424,3.179484,26.118055,7.808084,0.6413872,0.1621549,0.04
3066,-14.067262,3.2717228,28.314165,8.650327,0.59380704,0.13164777,0.04
3067,-14.075806,3.519076,30.738497,9.526459,0.85616773,0.20748085,0.04
3068,-14.040153,3.6165702,31.971586,9.837732,0.44877768,0.10227882,0.04
3069,-14.038477,3.7316928,32.993332,10.065168,0.3716545,0.0720943,0.04
3070,-13.894779,3.3018537,26.278234,8.10256,1.2540362,0.3641565,0.04
3071,-14.085026,3.5345676,31.923937,9.589484,0.34905627,0.15049961,0.04
3072,-14.024851,3.5141747,29.897226,9.14613,0.29610664,0.11321147,0.04
3073,-13.93099,3.4253583,28.087782,8.617373,0.46059942,0.16642958,0.04
3074,-13.828908,3.1053836,24.35998,7.443927,0.35602832,0.08367491,0.04
3075,-13.966694,3.1506736,27.414005,8.354969,0.6974825,0.18277368,0.04
3076,-14.116814,3.2759295,30.03892,9.142418,0.22148517,0.056623142,0.04
3077,-14.096437,3.4051917,31.66542,9.543981,0.49850184,0.17272341,0.04
3078,-14.089842,3.3803942,31.254995,9.498017,0.7904338,0.26872864,0.04
3079,-14.149896,3.5605984,33.067505,9.882105,0.5237711,0.24463448,0.04
3080,-14.034004,3.4605124,30.116617,9.333365,0.4238234,0.11272588,0.04
3081,-13.975013,3.405823,28.625935,8.688644,0.42313972,0.18876585,0.04
3082,-13.98406,3.3458316,28.103954,8.597925,0.75974625,0.18482018,0.04
3083,-13.998002,3.3808858,28.802572,8.833808,0.7284047,0.18717822,0.04
3084,-14.101904,3.393257,30.904692,9.483183,0.15400636,0.06197854,0.04
3085,-14.14428,3.8405807,35.552353,10.808249,0.98331815,0.45242506,0.04
3086,-13.987643,3.75214,32.58146,9.852265,0.16603023,0.057004694,0.04
3087,-13.875052,3.389381,26.919546,8.225434,0.42552435,0.0400262,0.04
3088,-14.001376,3.5492969,31.049133,9.32252,0.66861796,0.4203134,0.04
3089,-14.001984,3.5222592,30.688652,9.30186,0.65641737,0.2335085,0.04
3090,-14.076793,3.675241,33.978344,10.37077,0.6986088,0.1870713,0.04
3091,-13.957713,3.3933034,28.32825,8.830693,0.30253032,0.07537288,0.04
3092,-13.948816,3.3702416,28.667646,8.727072,0.57637507,0.1575825,0.04
3093,-13.919344,3.0397284,24.009321,7.481578,0.105578095,0.025812315,0.04
3094,-14.104191,3.241448,28.976456,8.845767,0.6865366,0.18324406,0.04
3095,-14.062431,3.3950803,29.880087,9.097055,0.34966192,0.07342231,0.04
3096,-14.136072,3.5241387,32.36046,9.958373,0.5678177,0.13624415,0.04
3097,-14.090713,3.597524,32.282425,9.818878,0.32366276,0.17066945,0.04
3098,-13.945111,3.4771328,29.735676,9.00104,0.57477194,0.14733778,0.04
3099,-14.030866,3.3494864,29.15929,9.180244,0.71950877,0.19601764,0.04
3100,-14.008286,3.4119704,29.72919,9.128782,0.35859063,0.23607388,0.04
3101,-14.023135,3.315987,28.195532,8.762115,0.21934979,0.044998877,0.04
3102,-13.990791,3.4790835,30.046959,9.099375,0.24293275,0.082858756,0.04
3103,-13.941045,3.3969257,28.31261,8.802002,0.5369426,0.109068014,0.04
3104,-14.003258,3.3338544,28.653666,8.843497,0.26932916,0.05017028,0.04
3105,-14.037013,3.4214423,30.117994,9.346251,0.13924685,0.036607865,0.04
3106,-14.011545,3.5251508,30.293295,9.188159,0.59988546,0.15502709,0.04
3107,-13.983579,3.3763292,28.303452,8.701412,0.2939167,0.07378187,0.04
3108,-14.109305,3.640835,33.29337,10.141228,0.6678217,0.21497333,0.04
3109,-14.127102,3.8466897,35.533108,10.893592,0.34975928,0.09730904,0.04
3110,-13.99532,3.7235348,32.348923,9.922987,0.37773347,0.08152481,0.04
3111,-14.056147,3.691173,32.597828,10.056784,0.4471993,0.14530545,0.04
3112,-13.960529,3.6503646,30.695795,9.427781,0.2686822,0.03983952,0.04
3113,-13.957372,3.6898558,31.34586,9.597896,0.36750057,0.084407456,0.04
3114,-13.817599,3.309275,25.969698,7.821575,0.80312276,0.18409994,0.04
3115,-13.829018,2.8986497,21.850454,6.754307,0.60681707,0.1308501,0.04
3116,-14.027371,3.0617142,26.125017,7.9926157,0.36347663,0.067720994,0.04
3117,-14.07047,3.2397902,29.931053,9.061817,0.5619411,0.17224419,0.04
3118,-14.145293,3.3148174,30.554193,9.472931,0.37798613,0.08379692,0.04
3119,-14.170478,3.5698407,33.13474,9.989684,0.69535047,0.19330081,0.04
3120,-14.047427,3.6077616,32.063858,9.657134,0.48248816,0.21539286,0.04
3121,-13.937672,3.425745,28.312027,8.958755,0.21356066,0.051644884,0.04
3122,-13.996611,3.3885512,28.740728,8.731194,0.24202894,0.054081924,0.04
3123,-14.026358,3.3767312,28.930744,8.86965,0.51986206,0.11888864,0.04
3124,-14.086633,3.5247586,31.313366,9.509378,0.46324793,0.0889438,0.04
3125,-14.014756,3.3037798,28.245996,8.805519,0.9424744,0.22812954,0.04
3126,-13.936009,3.2941048,26.781336,8.148537,0.54907864,0.14276661,0.04
3127,-14.053757,3.3483553,28.894176,8.917918,0.24594142,0.056856874,0.04
3128,-14.056545,3.536145,31.058134,9.625974,0.5313347,0.10602136,0.04
3129,-14.114117,3.710929,33.997097,10.213305,0.34715044,0.07311801,0.04
3130,-14.043479,3.6439764,31.422667,9.547886,0.23974995,0.049487498,0.04
3131,-13.976296,3.711216,31.36464,9.395665,0.32028002,0.19789267,0.04
3132,-13.896861,3.5709882,28.395489,8.814178,0.70363367,0.16332614,0.04
3133,-13.8975315,3.4449458,29.248997,9.004636,0.48526692,0.12058309,0.04
3134,-14.081139,3.3278868,29.46195,9.064019,0.68398595,0.13756718,0.04
3135,-14.056875,3.4439309,30.177155,9.22331,0.3137669,0.11082005,0.04
3136,-14.183221,3.9298782,35.778927,11.106952,1.0739578,0.28113467,0.04
3137,-14.211586,4.317126,39.57814,11.847962,1.8982323,0.5599,0.04
3138,-13.980422,3.8413324,34.084003,10.451598,1.0451108,0.40860835,0.04
3139,-13.906252,3.667984,30.553299,9.424646,1.0296918,0.3272717,0.04
3140,-13.790475,3.2515616,24.7555,7.999614,0.3327607,0.08223875,0.04
3141,-13.947687,3.2782288,28.066761,8.521369,0.59179395,0.18160689,0.04
3142,-14.050786,3.146785,27.633099,8.46907,0.5260244,0.099656045,0.04
3143,-14.142006,3.4544718,32.811523,10.080183,0.7457781,0.1462255,0.04
3144,-14.08712,3.454592,30.69119,9.464412,0.21110661,0.08405045,0.04
3145,-14.036653,3.549706,31.579594,9.750517,0.40310958,0.07434881,0.04
3146,-14.034549,3.3852422,28.45356,8.931075,0.1559324,0.036550257,0.04
3147,-14.036487,3.4004426,29.107193,9.060843,0.3155013,0.0756978,0.04
3148,-14.009889,3.439011,29.200243,9.1722145,0.6185019,0.5131911,0.04
3149,-13.966982,3.436964,29.332373,9.052162,0.45819303,0.12309633,0.04
3150,-13.95057,3.387834,28.154545,8.697195,0.43322322,0.072602056,0.04
3151,-14.007106,3.3450758,28.71093,8.589161,0.15259697,0.037436243,0.04
3152,-13.955216,3.348215,28.361094,8.368604,0.34958252,0.2832147,0.04
3153,-14.031101,3.4069715,30.12976,9.132238,0.5546398,0.16271992,0.04
3154,-14.124231,3.4449184,31.623198,9.625872,0.45027605,0.18269019,0.04
3155,-14.103913,3.491376,31.2092,9.445364,0.31604964,0.12003866,0.04
3156,-14.052863,3.5798848,31.553413,9.502696,0.7169179,0.16529766,0.04
3157,-14.079459,3.8610892,34.567005,10.529541,0.33722675,0.09846277,0.04
3158,-13.949733,3.5757957,29.328543,9.014062,0.50495875,0.14995785,0.04
3159,-13.863701,3.3355336,26.192587,7.9517384,0.18429223,0.06083275,0.04
3160,-13.8411875,3.0914145,24.28954,7.422262,0.5910758,0.11819179,0.04
3161,-13.934434,2.939185,23.173796,7.2992043,0.22587533,0.079980135,0.04
3162,-13.966687,2.9860647,25.29046,7.828357,0.48686987,0.12322255,0.04
3163,-14.024346,3.0541477,26.866842,8.370467,0.24183847,0.07722188,0.04
3164,-13.992652,2.97426,24.859972,7.708912,0.35849515,0.09788284,0.04
3165,-14.074538,3.2617536,29.065617,9.046481,0.64427876,0.15146843,0.04
3166,-13.962949,3.089879,25.983957,8.047823,0.42343962,0.13378617,0.04
3167,-14.024714,3.2169323,27.892895,8.744127,1.0996779,0.25441322,0.04
3168,-14.08483,3.259647,29.167122,8.878465,0.81112105,0.18843472,0.04
3169,-14.125225,3.309967,30.188444,9.344705,0.31655875,0.096725166,0.04
3170,-14.007112,3.5260546,31.63029,9.803631,0.5568082,0.17542362,0.04
3171,-13.981584,3.2846086,28.427929,8.711433,0.42496338,0.084833235,0.04
3172,-14.009563,3.1127558,27.223145,8.305357,0.46174413,0.12891024,0.04
3173,-14.0577965,3.222519,28.112194,8.725191,0.40439788,0.07710886,0.04
3174,-14.120469,3.3208187,30.047228,9.297718,0.17098248,0.05134332,0.04
3175,-14.274924,3.797364,37.637566,11.607437,0.35673785,0.11404309,0.04
3176,-14.060793,3.6673238,31.831934,9.8042755,0.4640604,0.108172454,0.04
3177,-13.989068,3.6608453,30.872622,9.306905,0.4959434,0.15904023,0.04
3178,-13.85558,3.5178843,28.200146,8.655943,1.0971272,0.3215849,0.04
3179,-13.976724,3.3226497,27.91056,8.549464,0.29140607,0.086429335,0.04
3180,-13.994642,3.3681197,28.599936,8.734523,0.32968026,0.052809037,0.04
3181,-13.966009,3.3115423,27.96593,8.609523,0.11629264,0.021683054,0.04
3182,-14.080604,3.5676205,33.362858,10.280752,0.34757793,0.10819546,0.04
3183,-14.0029,3.445007,29.204184,9.006058,0.541641,0.112491764,0.04
3184,-14.016833,3.5643833,31.206305,9.362329,0.4711279,0.14107156,0.04
3185,-14.027107,3.5372043,31.47857,9.7538805,0.24827927,0.053491753,0.04
3186,-14.040398,3.5401554,31.19382,9.501009,0.9300995,0.2240937,0.04
3187,-13.967637,3.5805733,30.38048,9.299924,0.83387214,0.17559436,0.04
3188,-13.909802,3.1250718,25.69112,8.061514,0.6942218,0.1341354,0.04
3189,-14.106949,3.3917935,31.768335,9.631382,0.2643654,0.060214214,0.04
3190,-13.951163,3.357982,29.151659,8.842112,0.1861305,0.05821788,0.04
3191,-14.03967,3.4598005,30.425743,9.358726,0.5038893,0.22811429,0.04
3192,-13.999489,3.5902815,31.32151,9.767013,0.503707,0.14036626,0.04
3193,-13.968527,3.5304692,30.485512,9.188535,0.55444705,0.19327375,0.04
3194,-14.033161,3.5323796,31.450956,9.707755,0.8671055,0.20684756,0.04
3195,-14.084011,3.5349486,32.951797,9.956492,0.3095825,0.06576177,0.04
3196,-14.083786,3.5435317,32.485336,9.645645,0.51853216,0.13542192,0.04
3197,-14.12557,3.7928739,34.532997,10.660854,0.24088338,0.03771221,0.04
3198,-13.890207,3.3815331,26.632101,8.173845,0.119042784,0.026257124,0.04
3199,-13.893996,3.2557077,26.781961,8.193761,0.39040855,0.16129626,0.04
3200,-14.00264,3.4361851,29.747084,8.905729,0.92503,0.22791065,0.04
3201,-13.944481,3.205209,26.421461,8.199155,0.2149704,0.036998723,0.04
3202,-14.020375,3.2178676,27.802776,8.461765,0.28301916,0.08362828,0.04
3203,-14.167732,3.5615225,33.624138,10.354909,0.44457203,0.12765749,0.04
3204,-14.177028,3.8731203,36.998974,11.293536,0.6986995,0.15638176,0.04
3205,-13.962494,3.4406455,29.244862,9.125702,0.67387897,0.19351788,0.04
3206,-13.96399,3.5212536,30.392513,9.512219,0.6463502,0.17591543,0.04
3207,-14.044446,3.318159,29.410368,9.167268,0.6317177,0.14382128,0.04
3208,-14.011472,3.3207815,28.459724,8.644888,0.15889555,0.11492962,0.04
3209,-14.051229,3.401152,29.69235,9.196266,0.15404706,0.035525415,0.04
3210,-13.961583,3.3901908,27.995779,8.741408,0.20452274,0.06677294,0.04
3211,-14.023768,3.5214539,31.405794,9.689184,0.5624825,0.17279308,0.04
3212,-14.104871,3.5484002,32.42916,9.926954,0.30769613,0.06717287,0.04
3213,-14.02724,3.6159112,32.10057,9.704256,0.13794358,0.035787366,0.04
3214,-14.074651,3.8302922,33.706173,10.331097,0.6573869,0.17886463,0.04
3215,-13.989887,3.6827476,30.846437,9.400399,0.17713626,0.07776495,0.04
3216,-13.907907,3.511522,28.171513,8.805622,0.20631802,0.05449858,0.04
3217,-13.973675,3.4734156,30.214,9.292435,0.21981199,0.047819782,0.04
3218,-13.973516,3.5860417,31.074083,9.306949,0.29331848,0.115186095,0.04
3219,-13.938967,3.4209702,28.603436,8.684109,0.2343768,0.04841753,0.04
3220,-13.899043,3.2737174,26.496809,8.059925,0.32206416,0.08761176,0.04
3221,-13.888797,3.2123241,26.815006,8.063529,0.48095274,0.09987095,0.04
3222,-14.066522,3.1940362,28.301983,8.585958,0.33092135,0.10720945,0.04
3223,-14.117575,3.3870645,30.249313,9.439876,1.230957,0.2825693,0.04
3224,-14.070203,3.4489055,31.436567,9.856474,0.8340298,0.19079971,0.04
3225,-14.183051,3.5700386,33.84927,10.28926,0.79429877,0.15544316,0.04
3226,-14.127208,3.579838,33.17093,10.2192135,0.30028084,0.07331721,0.04
3227,-13.988907,3.3351758,27.74088,8.581769,0.17665444,0.050887447,0.04
3228,-13.988482,3.345684,28.547644,8.631163,0.20057686,0.050767753,0.04
3229,-14.025204,3.5149608,32.080048,9.520628,0.5059128,0.122151755,0.04
3230,-14.0733595,3.308421,29.047482,8.871257,0.4004502,0.10161697,0.04
3231,-14.146789,3.6393995,33.491405,10.094211,0.4958429,0.10055438,0.04
3232,-14.179253,3.7846985,34.813515,10.884767,0.57091177,0.11245842,0.04
3233,-13.992239,3.6956265,31.124155,9.677159,0.4535186,0.09184836,0.04
3234,-14.0527315,3.7144449,32.771523,9.919039,0.45705402,0.24614255,0.04
3235,-13.878442,3.4889855,27.792873,8.619825,0.6491578,0.19425437,0.04
3236,-13.875855,3.2126544,26.728735,8.177489,0.52269655,0.15018511,0.04
3237,-13.96191,3.2048838,27.601175,8.530149,0.60293025,0.12803304,0.04
3238,-13.93873,3.0615103,25.49102,7.765438,0.2630847,0.037274722,0.04
3239,-13.98949,3.1168087,27.90689,8.648759,0.6601257,0.16620158,0.04
3240,-13.963884,3.1133158,26.173717,7.963653,0.41534823,0.15833578,0.04
3241,-14.060195,3.232994,28.53844,8.780861,0.36774853,0.12410385,0.04
3242,-14.106541,3.5650609,32.495922,9.8071165,0.5419427,0.2382451,0.04
3243,-14.104698,3.478614,31.59959,9.845943,0.40817818,0.12990591,0.04
3244,-14.238317,3.8225162,37.60879,11.473385,0.4094255,0.062382855,0.04
3245,-14.0962305,3.631466,32.63414,9.978547,0.26113147,0.06744004,0.04
3246,-13.996004,3.63307,31.596718,9.805642,0.54335773,0.20349991,0.04
3247,-13.973169,3.6637533,31.430899,9.732731,0.5907549,0.13615529,0.04
3248,-13.880037,3.2288928,25.591284,7.960628,0.29847682,0.08196036,0.04
3249,-14.020594,3.2001371,27.443228,8.447873,0.19239317,0.046993535,0.04
3250,-14.064219,3.3654506,30.057634,9.239186,0.7945697,0.15769525,0.04
3251,-14.156149,3.5279603,32.9803,9.9417515,0.8248721,0.27928084,0.04
3252,-14.021295,3.4250672,29.339666,9.277692,0.3913116,0.070776395,0.04
3253,-14.021287,3.6017535,31.836489,9.8411255,0.6017273,0.15292943,0.04
3254,-14.017057,3.379257,29.243338,8.872228,0.22230192,0.10265256,0.04
3255,-14.121027,3.6053472,32.438423,9.981127,1.097298,0.3507688,0.04
3256,-14.15112,3.6343842,33.395607,10.325785,0.38781062,0.10532129,0.04
3257,-14.047373,3.7259426,32.408,9.8615055,0.42779675,0.11191648,0.04
3258,-14.0294,3.6318028,31.877813,9.659649,1.0755597,0.325484,0.04
3259,-13.894209,3.4058707,27.883743,8.622177,0.5024724,0.13085982,0.04
3260,-13.954389,3.3283122,27.4821,8.409421,0.1819236,0.03372482,0.04
3261,-13.944209,3.3849638,28.266104,8.980568,0.34211436,0.08419385,0.04
3262,-14.052467,3.2881021,28.825092,9.003753,0.38492385,0.07890102,0.04
3263,-14.060632,3.4956589,30.372469,9.421103,1.8411791,0.5624591,0.04
3264,-14.133248,3.530591,32.73797,10.188359,1.1184553,0.26694602,0.04
3265,-14.164563,3.6083925,33.55945,10.368426,0.60045725,0.26255137,0.04
3266,-14.105557,3.6883357,33.820652,10.63056,0.4528739,0.10842582,0.04
3267,-14.003608,3.5687773,30.771269,9.52706,0.32509348,0.053232465,0.04
3268,-13.997976,3.6064527,30.870892,9.295607,0.19409876,0.05704677,0.04
3269,-13.935237,3.5127673,28.487316,8.65127,0.07724428,0.021781046,0.04
3270,-13.845094,3.3457446,26.175856,8.028597,0.2070298,0.054917514,0.04
3271,-13.889574,3.2009363,25.3381,7.8489094,0.18878154,0.046869274,0.04
3272,-13.854444,3.0460181,23.482431,7.266084,0.6661138,0.15151228,0.04
3273,-13.970547,2.9807928,25.583258,7.7836533,0.8037596,0.28496876,0.04
3274,-14.125113,3.1797931,29.298782,8.820154,0.49408603,0.20482437,0.04
3275,-14.122721,3.2871573,30.115353,9.423695,0.95885,0.20636642,0.04
3276,-14.156447,3.658574,34.41899,10.566136,0.6003687,0.121663526,0.04
3277,-14.0654,3.6678061,33.258762,9.985831,0.44732386,0.13571297,0.04
3278,-13.955583,3.5417452,29.855213,9.14619,0.60318977,0.12432922,0.04
3279,-13.993663,3.5127625,30.524183,9.360672,0.24126978,0.047919814,0.04
3280,-13.871943,3.187013,25.817188,8.092119,0.38010156,0.106400274,0.04
3281,-14.043452,3.1549137,27.811544,8.604179,0.19619523,0.0341582,0.04
3282,-14.083072,3.2984326,30.034367,9.238803,0.49357194,0.1228947,0.04
3283,-14.042014,3.4323952,30.490587,9.379558,1.0247113,0.2543498,0.04
3284,-13.996752,3.3572907,28.518059,8.656507,0.9610693,0.24304874,0.04
3285,-14.066706,3.4817326,31.01997,9.517414,0.6862652,0.13673443,0.04
3286,-13.908597,3.274459,27.009785,8.152768,0.5444699,0.16268213,0.04
3287,-13.991198,3.2620568,28.01159,8.672491,0.63034075,0.13786331,0.04
3288,-14.132947,3.3218834,30.621256,9.337859,0.31549042,0.11557432,0.04
3289,-14.155873,3.3940308,31.353136,9.543821,0.94302785,0.22020167,0.04
3290,-14.161994,3.7131393,34.059628,10.357563,0.6658732,0.31122866,0.04
3291,-14.068088,3.8389559,34.888027,10.356395,0.67152023,0.23021461,0.04
3292,-13.930543,3.6727965,30.104109,9.317727,0.31690067,0.06186237,0.04
3293,-13.850915,3.4139352,26.985104,8.313927,0.35275298,0.109043285,0.04
3294,-13.935409,3.3583229,28.079268,8.686259,0.4804461,0.10384357,0.04
3295,-13.92443,3.305692,27.709908,8.44836,0.17885116,0.06714743,0.04
3296,-13.873346,3.1514363,25.52948,7.824624,0.31411713,0.08030072,0.04
3297,-13.879699,2.9633667,24.077238,7.324976,0.17559563,0.046883646,0.04
3298,-13.951597,2.855891,23.397938,7.286391,0.26184452,0.054033563,0.04
3299,-14.1318865,3.206069,30.025719,9.207625,0.4200099,0.18958665,0.04
3300,-14.190025,3.263362,30.904041,9.509494,0.20507242,0.05594657,0.04
3301,-14.2191305,3.6140723,34.84119,10.642608,0.5799776,0.104981616,0.04
3302,-14.057422,3.6278412,32.195877,9.934966,0.64765835,0.17334293,0.04
3303,-13.973307,3.5781891,30.153639,9.332887,0.44074678,0.07333836,0.04
3304,-14.072357,3.6362853,32.01961,9.830203,0.6803151,0.2557446,0.04
3305,-14.056727,3.7588954,33.896442,10.536837,0.4186079,0.12034778,0.04
3306,-13.97702,3.7607055,32.81649,10.076615,0.5050419,0.13944505,0.04
3307,-13.904873,3.3211925,27.634556,8.520934,0.30042154,0.06868329,0.04
3308,-13.8890915,3.1292682,25.438385,7.9594283,0.33496013,0.07028104,0.04
3309,-14.064932,3.3779783,30.0076,9.318645,0.20719539,0.042967707,0.04
3310,-14.012871,3.3619306,28.982595,8.950589,0.6033524,0.14933266,0.04
3311,-13.985335,3.4058423,29.231277,9.069859,0.41545475,0.10654314,0.04
3312,-14.080187,3.5224185,32.73456,9.937532,0.6006423,0.32287428,0.04
3313,-13.870129,3.0278168,24.338226,7.2740054,0.5946834,0.22565435,0.04
3314,-13.977784,3.0679302,27.308275,8.463439,0.54579335,0.13182802,0.04
3315,-14.0106325,3.1017668,26.8515,8.299849,0.3232834,0.10475692,0.04
3316,-14.018539,3.0783095,26.472767,8.292574,0.3904708,0.0992546,0.04
3317,-14.158563,3.4134393,32.109585,10.075511,0.43560806,0.0676895,0.04
3318,-14.185343,3.5683722,33.705303,10.445243,0.8561812,0.2177611,0.04
3319,-14.195396,3.5997083,33.57994,10.220053,0.36622778,0.1516576,0.04
3320,-14.213784,3.958632,38.374043,11.791817,0.2433021,0.07481292,0.04
3321,-14.041826,3.959613,35.159054,10.614455,0.41742328,0.08207469,0.04
3322,-13.947322,3.7030704,31.041054,9.17137,0.34675,0.12852369,0.04
3323,-14.08583,3.6935694,32.65517,10.158174,0.2775343,0.092165254,0.04
3324,-13.946242,3.6601286,30.741486,9.663409,0.2865988,0.077745885,0.04
3325,-13.781801,3.25742,24.986364,7.5730295,0.20471856,0.07939781,0.04
3326,-13.894463,3.0587296,25.223282,7.677877,0.16369025,0.033658285,0.04
3327,-14.029191,3.1535301,27.93135,8.464618,0.32328144,0.06901812,0.04
3328,-14.022744,3.3129373,29.428368,8.995002,0.45681456,0.13573353,0.04
3329,-14.17433,3.577464,34.526787,10.723981,0.62307775,0.14372985,0.04
3330,-14.070014,3.5787394,32.424313,10.075876,0.8146614,0.19278878,0.04
3331,-13.920797,3.1424203,25.248253,7.799736,0.24785456,0.13663872,0.04
3332,-14.093544,3.3641496,30.496664,9.482621,0.3761904,0.105243765,0.04
3333,-14.040781,3.4645844,30.687487,9.374678,0.4013468,0.092577815,0.04
3334,-14.118793,3.7650683,35.256863,10.779331,0.5954637,0.20259368,0.04
3335,-13.946768,3.4730237,29.625061,9.0861845,1.0124416,0.32889655,0.04
3336,-14.0238905,3.5048854,30.082996,9.312544,0.28954962,0.06233635,0.04
3337,-13.901065,3.2852988,26.569324,8.141892,0.5687413,0.12779589,0.04
3338,-13.972596,3.3252416,28.789566,8.848194,0.41455418,0.14493161,0.04
3339,-14.069732,3.4343665,31.198444,9.572575,0.3281487,0.110695705,0.04
3340,-13.997039,3.3402672,28.405369,8.84768,0.2043354,0.059291184,0.04
3341,-14.048867,3.4096882,29.295052,9.131509,0.46954632,0.11307603,0.04
3342,-14.108614,3.6438148,33.877506,10.352632,0.24879959,0.097186625,0.04
3343,-14.068342,3.7385223,32.901863,10.074914,0.49700278,0.13710424,0.04
3344,-13.903584,3.5780475,29.373428,8.967201,0.5339109,0.110236354,0.04
3345,-13.978966,3.4827824,30.146626,9.376788,0.8290204,0.19813684,0.04
3346,-14.008745,3.3424184,27.920666,8.572375,0.4978303,0.12129319,0.04
3347,-14.032699,3.3750522,29.452581,9.147796,0.5202931,0.111363485,0.04
3348,-13.954198,3.306635,28.081879,8.734938,0.33138254,0.093321025,0.04
3349,-14.081713,3.4969084,31.944822,9.785012,0.8943149,0.34146956,0.04
3350,-14.007438,3.2318459,26.899147,8.351252,0.19331376,0.08726633,0.04
3351,-14.077401,3.279723,28.582273,8.781312,0.09508038,0.026262699,0.04
3352,-13.938371,3.2655082,26.436893,8.09011,0.56395906,0.17425136,0.04
3353,-14.0548315,3.254798,28.216824,8.804643,0.17123914,0.043802556,0.04
3354,-14.010179,3.3249671,29.08613,8.977892,0.29488298,0.060067352,0.04
3355,-14.12787,3.489502,31.97409,9.57587,0.4263057,0.12048929,0.04
3356,-14.134395,3.67715,34.121254,10.705463,0.57003754,0.13602555,0.04
3357,-14.0433855,3.3316712,28.513222,8.666145,0.38946337,0.07725232,0.04
3358,-14.060931,3.5358243,31.370918,9.78887,0.45834616,0.14580709,0.04
3359,-14.133379,3.6557949,33.104755,10.124003,0.4203854,0.088541456,0.04
3360,-14.050951,3.7163856,32.437405,9.99154,0.3260558,0.090700604,0.04
3361,-14.048191,3.7638872,32.959393,10.110082,0.37704572,0.11859847,0.04
3362,-13.927341,3.4656868,28.227577,8.658772,0.0919922,0.033161577,0.04
3363,-13.951073,3.451216,28.827198,8.794114,0.45790234,0.1346755,0.04
3364,-14.034891,3.6111255,31.807865,9.634695,0.5946215,0.16566902,0.04
3365,-14.026798,3.5592546,30.61107,9.240502,0.20585194,0.06579138,0.04
3366,-14.043255,3.676453,31.470018,9.813162,0.8854509,0.2326525,0.04
3367,-14.011825,3.4932973,30.214293,9.481789,0.448469,0.082912005,0.04
3368,-14.0668125,3.5729861,31.891073,9.823491,0.30822483,0.07372896,0.04
3369,-14.012994,3.7674952,33.25391,10.230622,1.2783386,0.43448484,0.04
3370,-14.095058,3.7644548,33.652634,10.299634,0.5673332,0.1033284,0.04
3371,-14.0001955,3.60084,31.237911,9.662391,0.39422423,0.1320895,0.04
3372,-13.84862,3.2070735,24.986694,7.712729,0.7999322,0.18213385,0.04
3373,-14.036058,3.2485824,28.402409,8.783246,0.16459969,0.045171987,0.04
3374,-14.1360235,3.632089,35.064266,10.684069,0.6639382,0.16604887,0.04
3375,-13.977916,3.4819663,30.005571,9.0985365,0.2454355,0.04600607,0.04
3376,-13.9483795,3.3684886,28.290636,8.617289,0.30734387,0.10201652,0.04
3377,-13.9131775,3.2852776,27.575382,8.223772,0.5298054,0.27811706,0.04
3378,-14.060994,3.3149703,28.620766,8.874671,1.0815787,0.3911519,0.04
3379,-14.198602,3.6235423,35.093258,10.639006,0.9211552,0.23503482,0.04
3380,-13.992984,3.4945264,29.956383,9.167383,0.51532996,0.1553695,0.04
3381,-13.95669,3.1910772,26.64255,8.155989,0.5699009,0.26820832,0.04
3382,-14.217039,3.5005627,33.566742,10.128519,0.7412856,0.1521204,0.04
3383,-14.106957,3.4755485,31.45764,9.59674,0.42055693,0.07978992,0.04
3384,-14.102396,3.6749604,32.883614,10.174432,0.569679,0.20834514,0.04
3385,-13.984,3.3252466,27.805239,8.432406,0.2972572,0.08160797,0.04
3386,-13.992653,3.3818512,29.77168,9.1431265,0.25072947,0.0699658,0.04
3387,-13.992637,3.2877398,28.28544,8.710974,0.25662774,0.076725535,0.04
3388,-14.050953,3.352826,29.840849,9.215107,0.12026527,0.030517438,0.04
3389,-14.028527,3.375306,29.194067,9.060778,0.64992285,0.16885632,0.04
3390,-14.0684805,3.3000412,28.483273,8.753972,0.42786077,0.10771329,0.04
3391,-14.019537,3.3355508,28.709415,8.778461,0.2547273,0.053521957,0.04
3392,-14.058164,3.7222471,33.259068,9.954764,1.021694,0.29413855,0.04
3393,-14.11669,3.4749146,31.592815,9.751449,0.47215137,0.14355364,0.04
3394,-14.022035,3.6106853,31.359211,9.471528,0.2886807,0.09278366,0.04
3395,-13.971271,3.568299,30.470251,9.404741,0.2440018,0.05900137,0.04
3396,-13.957807,3.450498,29.164995,8.886271,0.16923971,0.045985363,0.04
3397,-13.952201,3.6977503,31.892456,9.730061,1.2584503,0.28272232,0.04
3398,-13.963036,3.3567598,28.572168,8.787668,0.4506997,0.11041896,0.04
3399,-14.040904,3.5284612,30.939302,9.422206,0.66408616,0.13836719,0.04
3400,-14.018955,3.5652256,30.59945,9.622962,0.50380725,0.1260454,0.04
3401,-14.046037,3.5641546,30.95576,9.709052,0.74133724,0.24966897,0.04
3402,-13.920629,3.4447095,28.401428,8.567698,0.44696656,0.21529566,0.04
3403,-13.964238,3.3310966,28.175638,8.680496,0.3741997,0.07016464,0.04
3404,-13.944921,3.3179228,28.50225,8.793418,1.0555016,0.22142714,0.04
3405,-14.03509,3.2137165,28.507158,8.911475,0.69131184,0.14799045,0.04
3406,-14.153045,3.4772635,32.175606,10.022566,0.22612898,0.093586326,0.04
3407,-14.221554,3.7761319,36.260952,11.2621975,0.52007186,0.10232543,0.04
3408,-14.075186,3.7685773,34.018784,10.557414,0.4586444,0.19383726,0.04
3409,-13.922739,3.3113265,26.595842,8.333258,0.3563946,0.10797137,0.04
3410,-13.933829,3.2361448,26.306208,8.148781,0.117298506,0.033169437,0.04
3411,-13.90912,3.0680194,24.931791,7.5405717,0.2785614,0.09987855,0.04
3412,-14.04338,3.2155042,28.50065,8.743069,1.0437707,0.44642138,0.04
3413,-14.122438,3.2777593,29.858711,9.305472,0.6172615,0.15497369,0.04
3414,-14.137951,3.493662,31.485153,9.755197,0.1696632,0.106614925,0.04
3415,-14.131454,3.681202,33.359634,10.340398,0.277081,0.083506115,0.04
3416,-14.099318,3.648681,31.764126,9.960965,0.4090945,0.082901835,0.04
3417,-14.095222,3.7867029,32.94212,10.383488,0.20767078,0.025806023,0.04
3418,-13.907146,3.5171757,28.034908,8.898313,0.3068746,0.06175249,0.04
3419,-13.9977865,3.4914367,30.061897,9.201443,0.6548888,0.14374438,0.04
3420,-13.920662,3.3594918,27.471043,8.455527,0.3728152,0.09941664,0.04
3421,-13.92811,3.248534,26.477423,8.133822,0.74729514,0.17787589,0.04
3422,-14.025025,3.412802,30.802576,9.492286,0.29329765,0.048485007,0.04
3423,-14.057929,3.3734875,29.271545,9.008601,0.174437,0.02732859,0.04
3424,-14.016807,3.4363978,29.166069,8.906781,0.38583842,0.06948491,0.04
3425,-14.00589,3.4745486,30.98127,9.522768,0.5334492,0.1373894,0.04
3426,-14.1125,3.7264955,35.37886,10.79075,0.5034823,0.10938327,0.04
3427,-14.035477,3.6557696,31.994146,9.928678,0.5901294,0.098890506,0.04
3428,-13.959381,3.5027924,29.220522,9.054457,0.9868601,0.27439803,0.04
3429,-13.84927,3.256017,25.53499,7.9998507,0.15134205,0.050053976,0.04
3430,-13.90054,3.1427011,25.189564,7.763436,0.16864058,0.07005215,0.04
3431,-13.981766,3.2319102,27.952885,8.568469,0.37243894,0.047245994,0.04
3432,-14.038334,3.3803785,29.921276,9.210037,0.3186059,0.068318225,0.04
3433,-14.076496,3.5642881,32.181335,9.958051,0.60995704,0.14281964,0.04
3434,-14.046004,3.6656199,31.748762,9.739459,0.20812269,0.028954701,0.04
3435,-13.914232,3.4990547,28.437815,8.783322,0.39114657,0.12087701,0.04
3436,-14.055326,3.6690764,32.20929,9.867619,0.37306327,0.11326409,0.04
3437,-13.973851,3.7322533,32.755882,10.124713,0.25099415,0.067503184,0.04
3438,-14.039107,3.6283007,31.852598,9.891026,1.3553393,0.2829923,0.04
3439,-13.9231415,3.3086038,26.590322,8.221355,0.11331297,0.020031178,0.04
3440,-13.928715,3.3384347,28.530157,8.821068,0.29841223,0.08411645,0.04
3441,-13.90755,3.1437829,25.153345,7.918065,0.43489295,0.09891619,0.04
3442,-13.941411,3.1049557,25.398115,7.8079715,0.18551528,0.038945433,0.04
3443,-14.006258,3.3069494,29.72407,9.170572,0.5843482,0.15951021,0.04
3444,-14.019797,3.15545,27.95955,8.511409,0.3846852,0.12926382,0.04
3445,-13.976244,3.058102,25.419024,7.767401,0.6760077,0.21291701,0.04
3446,-14.020775,3.1276124,27.045942,8.5388365,0.5181108,0.20785323,0.04
3447,-14.113486,3.3239663,31.169296,9.645193,0.31212112,0.09492377,0.04
3448,-14.032815,3.3263123,28.859669,9.003677,0.20941827,0.07914305,0.04
3449,-14.120238,3.610368,32.402596,10.117171,0.5151046,0.14007472,0.04
3450,-14.030646,3.4201958,29.474619,9.053834,0.62782943,0.20461555,0.04
3451,-13.973725,3.3948045,29.171871,8.896937,0.20925839,0.05174663,0.04
3452,-13.985433,3.4062405,28.72192,8.9775715,0.21693102,0.08610671,0.04
3453,-13.992716,3.4857347,30.211283,9.428687,0.517885,0.11432592,0.04
3454,-14.057718,3.374872,30.264986,9.381769,0.47031555,0.19794287,0.04
3455,-14.074886,3.6603768,32.64249,10.212807,0.7456246,0.19938256,0.04
3456,-14.136413,3.6435845,32.86719,10.239518,0.29288316,0.06627015,0.04
3457,-13.9623575,3.360652,27.191906,8.349415,0.049070388,0.016329013,0.04
3458,-13.974512,3.6568031,30.958183,9.510436,1.2090483,0.30548772,0.04
3459,-13.925144,3.1826818,25.008749,7.841698,1.2485387,0.38012773,0.04
3460,-13.855771,3.178464,24.43808,7.62318,0.63583606,0.193523,0.04
3461,-13.960123,2.9436736,24.422043,7.5728507,0.39670184,0.10427263,0.04
3462,-14.046199,3.1135437,27.123722,8.500449,0.52880913,0.16178076,0.04
3463,-14.063134,3.2792988,29.508444,9.057171,0.3204874,0.12928633,0.04
3464,-14.054369,3.3115146,29.270557,9.056213,0.20500648,0.05525739,0.04
3465,-13.983453,3.178476,26.693592,8.41628,0.29517502,0.06099535,0.04
3466,-14.000349,3.172192,27.229134,8.507333,0.34011674,0.113862604,0.04
3467,-14.046458,3.1923084,27.157557,8.566364,0.14743276,0.022261307,0.04
3468,-14.103859,3.471356,31.444738,9.549345,0.4060743,0.11833851,0.04
3469,-14.022235,3.4506721,29.710455,8.95476,0.21243541,0.07488771,0.04
3470,-13.899267,3.2429578,26.093622,8.091121,0.69757843,0.15845503,0.04
3471,-13.981987,3.3498893,28.160133,8.47299,0.55647314,0.22237939,0.04
3472,-13.981341,3.212805,27.32501,8.427731,0.4955489,0.13778473,0.04
3473,-14.0617285,3.2864156,29.782774,8.951389,0.22296967,0.052825525,0.04
3474,-14.059246,3.3038847,27.97633,8.846848,0.2661779,0.04612752,0.04
3475,-14.029527,3.379463,29.222296,9.070504,0.39929512,0.117974915,0.04
3476,-13.996162,3.3694649,29.394054,9.085407,0.5052294,0.14722732,0.04
3477,-13.991889,3.292212,27.6928,8.558428,0.3228598,0.15103416,0.04
3478,-13.921329,3.1054862,25.333462,7.7703075,0.53222823,0.18564166,0.04
3479,-13.995473,3.0693722,25.843283,8.274967,0.13367462,0.028791005,0.04
3480,-14.027381,3.1633453,27.353645,8.513095,0.3305093,0.22900166,0.04
3481,-14.068315,3.3030727,29.157425,9.1732025,0.34479198,0.09250988,0.04
3482,-14.041619,3.4172463,29.722202,9.153165,0.83086926,0.17650977,0.04
3483,-14.060582,3.5194545,31.245712,9.767221,0.3543657,0.07071895,0.04
3484,-14.01034,3.3416567,28.835222,9.100342,0.5045505,0.12015242,0.04
3485,-14.009024,3.3814723,28.95095,9.122535,0.4008842,0.086235926,0.04
3486,-14.112507,3.4560857,31.693739,10.18451,0.48026443,0.10999416,0.04
3487,-13.995761,3.2218454,27.670332,8.661646,0.47919095,0.17398378,0.04
3488,-13.978029,3.3492806,29.345776,9.225408,0.40140024,0.08406436,0.04
3489,-13.954727,3.032375,24.773178,7.6642475,0.11894436,0.03322121,0.04
3490,-14.112381,3.358383,30.999365,9.63553,0.5888939,0.17517246,0.04
3491,-14.147992,3.4706552,31.742655,9.938606,0.44870973,0.068202056,0.04
3492,-13.9816675,3.3104372,27.946932,8.752127,0.39337772,0.11658595,0.04
3493,-14.026781,3.3661828,28.346893,8.86527,0.14154817,0.09047824,0.04
3494,-14.078505,3.5180962,30.649124,9.443987,0.2555468,0.04468752,0.04
3495,-14.061498,3.677148,32.489307,10.046746,0.27724406,0.05913077,0.04
3496,-13.99327,3.5719376,31.039244,9.487802,0.80306804,0.16500226,0.04
3497,-13.987133,3.5321832,28.951931,8.970002,1.287937,0.37384436,0.04
3498,-13.938752,3.3274772,27.555458,8.54275,0.22699742,0.07632795,0.04
3499,-13.90535,3.2103472,25.812227,7.9706182,0.54396456,0.14538248,0.04
3500,-14.06974,3.3869982,30.097746,9.25841,0.24948885,0.09411411,0.04
3501,-14.074942,3.5337477,32.19667,10.199642,0.28137627,0.059115674,0.04
3502,-14.040017,3.5292811,30.543098,9.54702,0.71357346,0.26030856,0.04
3503,-14.190529,3.8241992,35.756306,10.997791,0.7189346,0.25819743,0.04
3504,-14.096488,3.8882906,34.701668,10.646026,0.27397922,0.061179705,0.04
3505,-13.903944,3.6197202,29.408514,8.992147,0.27236742,0.08207334,0.04
3506,-13.899479,3.4866202,28.12544,8.510382,0.6059386,0.17078501,0.04
3507,-13.921324,3.5922892,30.829117,9.381505,0.42951873,0.114121534,0.04
3508,-13.83569,3.2935128,25.872118,7.9975457,0.34490234,0.07681661,0.04
3509,-13.904262,3.1930914,26.065922,8.03503,0.36367068,0.073732704,0.04
3510,-14.011636,3.0481164,25.345764,7.786103,0.15073678,0.090158276,0.04
3511,-14.087668,3.326461,29.70209,9.175315,0.20127861,0.049674593,0.04
3512,-13.960531,3.1934075,26.563353,8.204481,0.6446041,0.18219496,0.04
3513,-13.966404,3.1649487,27.213501,8.11566,0.15108304,0.10858875,0.04
3514,-14.015722,3.1539235,27.534943,8.431355,0.34717292,0.107221805,0.04
3515,-13.968545,3.0513787,25.60947,8.005177,0.062992625,0.017393693,0.04
3516,-14.031608,3.1791527,27.464794,8.476775,0.32764608,0.0655511,0.04
3517,-14.212346,3.5171864,33.384846,10.437417,0.7066883,0.20144169,0.04
3518,-14.133543,3.6435218,33.70527,10.505835,0.7001472,0.17709738,0.04
3519,-14.022228,3.6034236,31.874418,9.572036,0.30899036,0.07678323,0.04
3520,-13.917494,3.439829,28.680067,8.789077,0.8513142,0.20574588,0.04
3521,-13.907416,3.2804122,27.052973,8.286342,0.81423366,0.26288155,0.04
3522,-13.931449,3.309051,27.675854,8.43529,0.40398097,0.12313279,0.04
3523,-14.045822,3.4909985,30.600779,9.563445,0.54538655,0.13366102,0.04
3524,-14.146106,3.7179532,33.66501,10.285606,0.34137988,0.21579725,0.04
3525,-14.066354,3.7139823,32.27908,10.012707,0.23947814,0.058249757,0.04
3526,-14.113096,3.826413,33.585464,10.271212,0.22238842,0.061403386,0.04
3527,-14.037288,4.0123706,34.416595,10.499804,0.2905294,0.0788825,0.04
3528,-13.83672,3.704994,29.130701,9.08475,0.35742897,0.10670635,0.04
3529,-13.855515,3.5647206,29.53555,9.064687,0.38909146,0.10197939,0.04
3530,-13.797678,3.049568,23.374477,7.2076535,0.7283535,0.14225048,0.04
3531,-13.911323,3.041729,24.86834,7.6638665,0.21175016,0.045122847,0.04
3532,-14.03743,3.1771407,27.87941,8.546259,0.34940132,0.12602444,0.04
3533,-14.074098,3.2419813,28.850792,8.824828,0.33853877,0.076114655,0.04
3534,-14.076616,3.369772,29.696363,9.196645,0.27555636,0.04980818,0.04
3535,-13.864334,3.2653327,26.007465,8.150725,0.5429386,0.15645961,0.04
3536,-13.971341,3.3875499,28.142445,8.903762,0.9042285,0.26418138,0.04
3537,-13.991735,3.5840218,30.384447,9.715817,0.9326485,0.17985739,0.04
3538,-14.074952,3.493418,30.905806,9.633445,0.21171424,0.050659142,0.04
3539,-13.969949,3.395076,28.400066,8.837866,1.0029488,0.27653694,0.04
3540,-13.949392,3.500363,30.086338,9.258898,0.4193412,0.098456085,0.04
3541,-13.96374,3.5939233,30.709967,9.667979,0.5362359,0.12089253,0.04
3542,-14.004693,3.2570448,27.581882,8.787662,0.39661205,0.10397036,0.04
3543,-14.013532,3.4519496,30.59605,9.237293,0.5445663,0.27290586,0.04
3544,-13.999506,3.4958496,30.16468,9.269115,0.6360364,0.12663652,0.04
3545,-14.099469,3.5457158,31.810371,9.959851,0.38174134,0.13498972,0.04
3546,-14.01767,3.5944216,31.197002,9.770882,0.82542276,0.20120975,0.04
3547,-14.054703,3.7314582,33.626812,10.396405,0.55965793,0.13590051,0.04
3548,-13.942474,3.4044936,28.822498,8.849735,0.4497171,0.09742905,0.04
3549,-13.948594,3.380355,28.575338,8.766937,0.77008194,0.23657392,0.04
3550,-14.005318,3.1783702,27.262081,8.367391,0.3653592,0.09424967,0.04
3551,-13.999905,3.2611575,27.006355,8.469261,0.67912966,0.15022005,0.04
3552,-14.095081,3.4880908,31.4122,9.655189,1.0077122,0.32252398,0.04
3553,-14.098592,3.624614,33.540565,10.09148,0.32531738,0.1671257,0.04
3554,-14.025182,3.6070974,31.880156,9.832864,0.8524403,0.25073117,0.04
3555,-13.987951,3.4151583,28.729149,8.740859,0.19918045,0.054786365,0.04
3556,-14.08145,3.5634341,31.903446,9.735125,0.16637585,0.048298277,0.04
3557,-14.009453,3.6997921,30.939182,9.570962,0.26269165,0.059467435,0.04
3558,-14.112657,4.028159,36.874626,11.241547,0.6373221,0.18562384,0.04
3559,-13.906675,3.6584065,29.295525,9.186222,1.1673954,0.3300171,0.04
3560,-13.869929,3.596495,28.352795,8.944011,0.5466673,0.20389102,0.04
3561,-13.952365,3.7216332,30.474459,9.149828,1.1283534,0.29177886,0.04
3562,-13.91349,3.5329685,29.105957,8.979875,0.55671954,0.13369381,0.04
3563,-13.941216,3.3325543,28.079462,8.544083,0.23706514,0.06602346,0.04
3564,-13.946715,3.2528317,26.558447,8.271999,0.12602246,0.03209522,0.04
3565,-13.994078,3.5164108,31.224169,9.815201,0.7487944,0.21112268,0.04
3566,-13.964322,3.4001997,30.015652,9.08921,0.57886094,0.16747741,0.04
3567,-14.033069,3.3455994,30.04182,9.130694,0.5071356,0.14333133,0.04
3568,-14.04768,3.5183365,32.0057,9.88725,0.37507242,0.08197192,0.04
3569,-13.950841,3.4829671,29.78404,9.252576,0.42276138,0.09809749,0.04
3570,-13.909586,3.1977556,26.031929,7.995665,0.6296861,0.15322857,0.04
3571,-14.12119,3.5902867,33.69198,10.433149,0.4429835,0.13048206,0.04
3572,-14.051862,3.6478593,32.223522,9.795021,0.70174116,0.3344368,0.04
3573,-14.011065,3.7046967,31.68914,9.648607,0.2659633,0.07150234,0.04
3574,-13.9247875,3.6541996,30.189589,9.151751,0.47641173,0.107522555,0.04
3575,-13.990055,3.6534834,31.140905,9.499306,0.09982884,0.03912806,0.04
3576,-13.86165,3.398147,26.441238,8.296163,0.5649935,0.111856036,0.04
3577,-13.858302,3.1038857,24.05321,7.5551534,0.28884146,0.031667236,0.04
3578,-14.026429,3.1551964,26.878706,8.335519,0.16995125,0.060107272,0.04
3579,-14.152722,3.5305936,33.154354,10.115872,0.16114603,0.05485312,0.04
3580,-14.163695,3.8420668,36.24277,11.023364,0.3363244,0.0942584,0.04
3581,-14.067713,3.8864932,34.195557,10.435634,0.50879526,0.14931357,0.04
3582,-13.946475,3.7684488,31.349947,9.70052,0.5856977,0.14780971,0.04
3583,-13.935667,3.6452205,30.776005,9.33075,0.21582334,0.04675613,0.04
3584,-13.763985,3.1597874,23.540577,7.310716,0.42046648,0.08087855,0.04
3585,-13.9249,3.1168687,26.054487,8.058922,0.37839666,0.0739556,0.04
3586,-14.012054,3.1443486,27.819733,8.554694,0.07933702,0.017402338,0.04
3587,-14.058644,3.3080604,28.997875,8.876466,0.49168763,0.121870235,0.04
3588,-14.164564,3.6044443,33.733803,10.421288,0.35925686,0.07668148,0.04
3589,-14.079092,3.7083313,33.507927,10.150725,0.17014654,0.061290722,0.04
3590,-13.960723,3.51315,29.014114,8.695293,0.12967846,0.052526183,0.04
3591,-13.795574,3.2798996,24.986225,7.6102166,0.1391153,0.030370174,0.04
3592,-13.79854,3.0418644,22.843664,6.95652,0.13077448,0.049153678,0.04
3593,-13.975,3.1215775,26.362377,8.00656,0.46215165,0.12084189,0.04
3594,-13.984112,3.0672536,25.566212,7.8908405,0.18734723,0.05567746,0.04
3595,-14.1489725,3.3945327,32.643085,9.741555,0.44240168,0.16863558,0.04
3596,-14.15799,3.4727726,32.24098,9.921752,0.28389657,0.06658849,0.04
3597,-14.020422,3.427591,29.25202,9.061016,0.712358,0.21239123,0.04
3598,-13.977622,3.442931,30.109543,9.283847,0.59974736,0.17432074,0.04
3599,-13.937353,3.2984614,27.630108,8.534058,0.44107866,0.086213306,0.04
3600,-14.033781,3.389556,29.790657,9.194154,0.71126413,0.13270177,0.04
3601,-14.17767,3.5400858,33.305527,10.399321,0.3085243,0.08498609,0.04
3602,-14.157034,3.93243,35.777065,11.3232975,1.4762555,0.345345,0.04
3603,-14.035617,3.7294827,32.4116,10.01169,0.24116431,0.06486739,0.04
3604,-13.925887,3.6252358,30.023067,9.158265,0.43083692,0.12877159,0.04
3605,-13.839306,3.2708066,25.692785,8.021872,0.1645738,0.023951434,0.04
3606,-13.891259,3.125051,25.126276,7.722803,0.5795129,0.18483256,0.04
3607,-13.956648,3.037326,25.702255,7.946916,0.28345993,0.057733975,0.04
3608,-14.058062,3.306602,30.05135,9.078948,0.8320865,0.21108279,0.04
3609,-14.165768,3.4555755,32.041794,9.823652,0.8118324,0.21867444,0.04
3610,-14.07078,3.465942,31.067162,9.789306,0.3835223,0.093672834,0.04
3611,-14.169146,3.7572222,34.79112,10.934206,0.77512807,0.1837301,0.04
3612,-13.953333,3.3961234,27.935297,8.830944,0.38660517,0.044847053,0.04
3613,-14.068928,3.4876592,30.56497,9.374885,0.19339958,0.09303445,0.04
3614,-13.963042,3.361789,27.895758,8.628326,1.1185402,0.2701216,0.04
3615,-14.004616,3.3868823,29.394377,8.976532,0.978059,0.23350976,0.04
3616,-13.940276,3.3958948,28.445948,8.712842,0.47526684,0.19145896,0.04
3617,-13.901951,3.1961699,25.58613,7.8335776,0.09463741,0.054898903,0.04
3618,-13.87476,3.0886467,24.215631,7.479979,0.61478966,0.05393225,0.04
3619,-14.128992,3.4363813,30.926796,9.4739895,0.6807464,0.14411594,0.04
3620,-14.059727,3.448184,30.382702,9.275304,0.24869664,0.07992727,0.04
3621,-13.956492,3.3953395,28.073244,8.515195,0.18130778,0.0671049,0.04
3622,-14.006088,3.4863663,30.090868,9.147277,0.81536436,0.21130629,0.04
3623,-13.991007,3.4199595,29.176424,8.943207,0.474955,0.14271037,0.04
3624,-13.962104,3.4644513,28.564228,8.814173,0.2748671,0.051895753,0.04
3625,-13.890146,3.43579,28.324846,8.900571,0.27070063,0.06596316,0.04
3626,-13.951913,3.3470259,28.58645,8.8948345,0.72466695,0.3574873,0.04
3627,-14.05351,3.544823,32.70953,9.829933,0.49178144,0.13786319,0.04
3628,-14.058784,3.5704594,33.25013,10.2219095,0.39945042,0.061504044,0.04
3629,-14.143225,3.650998,33.936356,10.430477,0.7307708,0.20672084,0.04
3630,-14.101726,3.7548082,34.304592,10.523365,0.7084041,0.13581038,0.04
3631,-13.991549,3.801798,33.507442,10.204387,0.56566525,0.11720032,0.04
3632,-13.98898,3.615902,30.621658,9.343727,0.6561279,0.11116308,0.04
3633,-13.88435,3.3643641,26.990803,8.329426,0.48780754,0.15630746,0.04
3634,-13.974356,3.4550009,29.083456,8.9134655,0.23232837,0.05855718,0.04
3635,-13.960592,3.3396792,27.453611,8.512352,0.6191027,0.15708193,0.04
3636,-13.917883,3.3670156,26.849436,8.265274,0.9349072,0.25069118,0.04
3637,-13.995845,3.5505788,31.276423,9.392981,0.4502049,0.11846611,0.04
3638,-13.903465,3.2754278,26.061821,8.141162,0.034915462,0.014591452,0.04
3639,-13.965359,3.485777,29.44257,9.082843,0.66769534,0.16205448,0.04
3640,-14.017908,3.564007,31.118046,9.520106,0.25494006,0.05609534,0.04
3641,-13.988957,3.68899,31.76345,9.7138,0.2131474,0.061612554,0.04
3642,-13.921238,3.514209,28.629656,8.831773,0.68865114,0.31471193,0.04
3643,-14.001903,3.5783575,31.444881,9.572633,0.28731966,0.070903756,0.04
3644,-13.927699,3.4076881,28.431492,8.639139,0.104647815,0.053791124,0.04
3645,-13.924952,3.4578817,28.739065,8.895037,0.15339115,0.048292853,0.04
3646,-13.963681,3.5288436,29.770494,9.374056,0.43171847,0.08610972,0.04
3647,-14.010999,3.566028,30.633648,9.490776,0.46137846,0.1544328,0.04
3648,-13.979613,3.4851065,29.850412,9.057915,0.4049924,0.116024226,0.04
3649,-13.956,3.3310227,27.834373,8.5664,0.27256712,0.062446836,0.04
3650,-13.967783,3.3698497,28.537611,8.755459,0.15066612,0.03168878,0.04
3651,-14.124638,3.6563938,33.272923,10.218641,0.50280905,0.12557313,0.04
3652,-14.044469,3.7646413,32.17422,9.784965,1.0803878,0.32581106,0.04
3653,-14.0130205,3.5172646,30.779985,9.359666,0.60226816,0.1835869,0.04
3654,-13.989373,3.3524623,29.25019,9.051986,0.42697015,0.14421415,0.04
3655,-13.990898,3.466366,31.17078,9.513366,0.5328884,0.12384714,0.04
3656,-13.996896,3.3299706,28.756445,8.757009,0.3845863,0.11958884,0.04
3657,-14.003383,3.3885388,29.930664,9.04035,0.35321882,0.041769505,0.04
3658,-14.042475,3.3997192,29.922,9.06911,0.7537118,0.21192314,0.04
3659,-13.975839,3.6183066,31.408224,9.598858,0.644365,0.19772099,0.04
3660,-13.925822,3.407111,28.027763,8.463561,0.18357253,0.05044109,0.04
3661,-13.935166,3.4334903,29.059404,8.919986,0.79123986,0.23328255,0.04
3662,-13.8921175,3.0725808,24.570642,7.5578876,0.172653,0.119835965,0.04
3663,-13.869689,3.1067824,25.288734,7.951872,0.6096883,0.1855996,0.04
3664,-13.960132,2.957701,24.681292,7.774372,0.18740304,0.055534422,0.04
3665,-14.062081,3.194804,28.299967,8.7799,0.5376309,0.14899226,0.04
3666,-14.091392,3.34035,30.774687,9.642605,0.1858605,0.06982298,0.04
3667,-14.059541,3.432527,31.163708,9.618311,0.26881602,0.053721394,0.04
3668,-13.873624,3.24152,25.925318,8.068141,0.4902571,0.08850111,0.04
3669,-14.04082,3.4004824,30.883116,9.512149,0.47710505,0.12593012,0.04
3670,-14.032492,3.3677,29.748587,9.022037,0.3094317,0.1728085,0.04
3671,-14.044252,3.5310106,31.557428,9.767173,0.91672,0.23042658,0.04
3672,-14.002002,3.3638914,28.207392,8.591881,0.15219983,0.04866958,0.04
3673,-14.10201,3.5239253,31.666344,9.790688,0.5981709,0.13244154,0.04
3674,-14.042731,3.544593,30.466516,9.334645,0.89620215,0.28047627,0.04
3675,-14.027794,3.6639261,31.954794,9.547615,0.3935467,0.12273384,0.04
3676,-14.026988,3.699138,32.291412,9.844766,0.8795652,0.32813507,0.04
3677,-13.875848,3.3181603,26.965364,8.349025,0.8248299,0.1553131,0.04
3678,-14.082024,3.4894173,32.333458,9.889084,0.35984677,0.11084267,0.04
3679,-13.944863,3.4009879,28.40826,8.816831,0.5999931,0.121793225,0.04
3680,-14.079088,3.7250347,34.337894,10.656657,0.7289721,0.19261482,0.04
3681,-14.07289,3.691414,33.68956,10.029205,0.5966916,0.2171296,0.04
3682,-13.992575,3.4978611,29.32819,9.14556,0.25129944,0.054150496,0.04
3683,-14.081487,3.5588923,31.30018,9.646569,0.22837514,0.048250876,0.04
3684,-14.02026,3.7292619,32.26616,9.921959,0.552989,0.1614623,0.04
3685,-13.951964,3.40263,27.766306,8.767117,0.4239416,0.12880242,0.04
3686,-13.976923,3.4114077,29.687414,9.088359,0.8742995,0.24162462,0.04
3687,-13.987154,3.34715,27.42099,8.49101,0.21666418,0.031746224,0.04
3688,-14.006933,3.6617854,31.561056,9.714854,0.48249564,0.12864837,0.04
3689,-13.9416,3.3223684,26.543583,8.264823,0.030542914,0.013422266,0.04
3690,-14.045922,3.6858494,33.138584,10.180525,0.6009582,0.11642267,0.04
3691,-14.099522,3.8169646,34.37057,10.285408,0.21669237,0.068827085,0.04
3692,-14.032356,3.7728024,32.187733,9.735812,0.19695477,0.079545796,0.04
3693,-13.943744,3.752608,31.122873,9.574421,0.41453907,0.049905993,0.04
3694,-13.879324,3.4109597,26.978579,8.274676,0.5888132,0.12255402,0.04
3695,-13.919524,3.4719915,28.36463,8.790002,0.288428,0.07421867,0.04
3696,-13.875598,3.301669,26.710918,8.386015,0.4183196,0.09044861,0.04
3697,-13.947512,3.147437,26.762459,8.109239,0.40758264,0.09499776,0.04
3698,-13.981522,3.2038713,28.346718,8.670904,0.24731606,0.1384577,0.04
3699,-14.083744,3.3051007,29.575935,8.955975,0.35418364,0.07834241,0.04
3700,-13.973896,3.1219265,25.4515,7.8318205,0.56971145,0.12405203,0.04
3701,-13.970176,3.2085042,26.766417,8.386716,0.5792151,0.09682367,0.04
3702,-14.1181965,3.2801971,29.313166,8.905562,0.331097,0.1245666,0.04
3703,-14.090374,3.3224983,29.298876,9.125511,0.22673133,0.04306463,0.04
3704,-14.206231,3.6329396,34.153362,10.598062,0.36764598,0.07660482,0.04
3705,-14.044835,3.6951237,32.775223,10.094092,0.49141753,0.08411138,0.04
3706,-14.059188,3.631984,32.580025,9.842087,0.32170445,0.100763425,0.04
3707,-14.003627,3.5202777,29.404266,8.918735,0.759676,0.20468308,0.04
3708,-14.021902,3.3979056,29.31965,8.876168,0.9656389,0.2527564,0.04
3709,-13.985113,3.486554,29.856451,9.243647,0.29501823,0.08586041,0.04
3710,-14.020795,3.4702332,30.349005,9.378302,0.65937877,0.15191801,0.04
3711,-14.09291,3.813242,34.733555,10.523864,0.7211951,0.19323844,0.04
3712,-13.927002,3.4779253,28.489445,8.888609,0.28829396,0.089250095,0.04
3713,-13.937957,3.5126853,29.944984,9.172224,0.2530528,0.0526088,0.04
3714,-13.90743,3.4555554,29.286701,9.032427,0.65057456,0.14231946,0.04
3715,-14.001536,3.5083008,30.445055,9.307062,0.18272628,0.03671241,0.04
3716,-13.836895,3.2820058,25.637241,7.8467855,0.6741674,0.21668902,0.04
3717,-13.933256,3.222435,26.45946,8.283379,0.41701242,0.13082482,0.04
3718,-13.99628,3.5196552,29.35225,8.80861,1.4809299,0.52776057,0.04
3719,-14.042766,3.3139641,28.82776,8.918111,0.43027398,0.060490668,0.04
3720,-13.967811,3.1937416,26.287863,8.231612,0.34281763,0.093658604,0.04
3721,-14.196306,3.5265477,32.8591,10.205951,0.4882366,0.18736145,0.04
3722,-14.077571,3.5483203,31.341972,9.726572,0.18479784,0.03691105,0.04
3723,-14.1105585,3.7997262,34.23788,10.327179,0.3466334,0.09247942,0.04
3724,-14.164729,3.9722006,36.871017,11.334873,0.95041966,0.3299537,0.04
3725,-14.075728,3.9922962,34.196194,10.623124,0.73410684,0.08166154,0.04
3726,-13.960069,3.8373892,31.860619,9.906442,0.18625535,0.048511147,0.04
3727,-13.960077,3.853737,32.34527,10.103211,0.23360011,0.047569398,0.04
3728,-13.851717,3.6411147,29.532997,8.963855,0.39917,0.10308988,0.04
3729,-13.891529,3.4108877,27.778103,8.584468,0.2995799,0.06539675,0.04
3730,-14.045329,3.4369025,30.259188,9.3181,0.8244947,0.21457767,0.04
3731,-13.894391,3.426124,28.815521,8.947121,0.5941717,0.17443152,0.04
3732,-13.949454,3.155584,26.449102,8.110109,0.28621298,0.082815975,0.04
3733,-13.963195,3.2582185,27.788134,8.442812,0.24903426,0.049260587,0.04
3734,-13.965674,3.0400352,25.701046,7.8734736,0.56451434,0.21800049,0.04
3735,-13.90185,3.0198448,24.365917,7.335625,0.22169386,0.06959957,0.04
3736,-14.010899,3.1245182,26.74504,8.334397,0.57887286,0.1200427,0.04
3737,-13.9818125,3.0096684,25.323633,7.6116085,0.22117426,0.14575942,0.04
3738,-14.031579,3.295868,29.400173,8.936426,0.30999863,0.0795501,0.04
3739,-14.089068,3.7148361,32.18378,9.965159,2.4260795,0.28333378,0.04
3740,-13.917525,3.099397,25.471533,7.9071045,0.6445029,0.1721013,0.04
3741,-14.021835,3.162741,26.60153,8.296083,0.19571564,0.059320647,0.04
3742,-14.111282,3.544301,32.61459,10.060657,0.5562618,0.16160017,0.04
3743,-14.110221,3.696966,33.917004,10.252714,1.1029536,0.36425373,0.04
3744,-14.030096,3.4404905,29.911062,9.219304,0.53764296,0.13445681,0.04
3745,-14.021458,3.511846,30.80542,9.575117,0.70187116,0.21131192,0.04
3746,-13.91184,3.2237308,27.054493,8.313479,0.4532959,0.11579655,0.04
3747,-13.959414,3.165373,26.735352,8.284903,0.45041248,0.08478352,0.04
3748,-14.136039,3.554449,33.24157,9.953849,0.6389818,0.20342316,0.04
3749,-14.132762,3.578305,32.71339,10.028938,0.6476775,0.21665597,0.04
3750,-14.1004925,3.6681974,32.208065,9.986196,0.38426223,0.067232855,0.04
3751,-14.090311,3.8638186,33.70705,10.575883,0.25096223,0.06260871,0.04
3752,-13.956545,3.7393653,30.196583,9.391045,0.12930477,0.032003425,0.04
3753,-13.921091,3.8291996,31.335434,9.70425,0.46572638,0.1333703,0.04
3754,-13.872848,3.5391269,29.093493,8.959553,0.21977107,0.052449845,0.04
3755,-13.782015,3.1061003,23.943195,7.290352,0.39256558,0.05681793,0.04
3756,-13.863863,2.9473436,23.17687,7.170091,0.6087342,0.26146284,0.04
3757,-13.968841,2.9814656,25.262827,7.762935,0.28501886,0.061718326,0.04
3758,-14.00795,2.9824207,25.530203,7.915014,0.31077063,0.08189032,0.04
3759,-14.15972,3.2892072,30.607645,9.224627,0.50545913,0.12509654,0.04
3760,-14.14736,3.441302,31.84669,9.836505,0.6823741,0.21924059,0.04
3761,-14.071262,3.596145,31.769192,9.99317,0.2997322,0.05747929,0.04
3762,-13.979092,3.429975,28.639769,8.797723,0.16172579,0.059330966,0.04
3763,-13.889285,3.25424,25.725046,8.067507,0.26807988,0.09187471,0.04
3764,-13.833141,3.0005503,23.182568,7.0955896,0.5300699,0.23084337,0.04
3765,-13.866468,2.7763603,21.668652,6.5707464,0.158887,0.056463335,0.04
3766,-14.077452,3.0284257,27.709751,8.64395,0.15336679,0.04532334,0.04
3767,-14.16766,3.1543393,29.792126,9.057413,0.2711799,0.07729596,0.04
3768,-14.10414,3.290913,30.117638,9.036592,0.3835889,0.117744386,0.04
3769,-14.176309,3.4823189,33.34374,10.060881,0.9881078,0.2362168,0.04
3770,-14.1340885,3.4415143,30.65689,9.386414,0.1430976,0.021736143,0.04
3771,-14.090981,3.7476408,33.255505,9.905445,0.55108243,0.15562308,0.04
3772,-14.02775,3.5721502,30.31178,9.177351,0.17059013,0.03854105,0.04
3773,-13.93062,3.7293675,31.00037,9.267974,0.18755569,0.084533714,0.04
3774,-13.941175,3.5595772,28.92292,9.029317,0.17703524,0.043166436,0.04
3775,-13.928916,3.460288,27.976725,8.729818,0.38725182,0.09758533,0.04
3776,-13.891344,3.3462095,26.57718,8.286264,0.1292519,0.028039448,0.04
3777,-13.899848,3.254267,26.463217,8.089029,0.47946158,0.23893847,0.04
3778,-13.9759245,3.4680715,29.55118,9.100071,0.27473485,0.08115527,0.04
3779,-14.030816,3.521179,30.126211,9.250963,0.40893576,0.117767505,0.04
3780,-13.916742,3.3109136,26.87351,8.108461,0.16436888,0.061349165,0.04
3781,-13.883858,3.2119768,24.946966,7.703436,1.2963946,0.45541653,0.04
3782,-14.026627,3.2314372,28.57209,8.825282,0.5727782,0.13353126,0.04
3783,-14.224337,3.7075584,35.978943,10.918601,0.856549,0.18328747,0.04
3784,-14.043195,3.6996403,32.53097,9.737333,0.7596559,0.1719571,0.04
3785,-13.960101,3.540895,29.052113,9.0845375,0.3789053,0.06626057,0.04
3786,-13.992862,3.6025653,29.753357,9.271593,0.21359406,0.025164183,0.04
3787,-13.924359,3.5984735,29.054272,8.95896,0.1406181,0.032853536,0.04
3788,-13.916482,3.5754967,29.378916,8.853667,0.14909643,0.050127335,0.04
3789,-14.006607,3.6008084,30.563425,9.384032,0.20375745,0.072433025,0.04
3790,-13.95335,3.6080744,29.780415,9.273619,0.45432162,0.10684097,0.04
3791,-13.875842,3.4901667,28.59984,8.736865,0.7694255,0.22238706,0.04
3792,-13.87041,3.264923,26.839813,8.207491,0.35639393,0.09918804,0.04
3793,-13.911441,3.0956564,25.400387,7.8832536,0.4927461,0.10550358,0.04
3794,-13.952877,3.0771074,25.142563,7.7938914,0.4577871,0.13362691,0.04
3795,-13.956194,3.1499164,26.481472,8.154331,0.481716,0.13678794,0.04
3796,-14.046441,3.4038067,29.517715,9.149609,0.50729185,0.137906,0.04
3797,-14.023224,3.2953937,28.26885,8.570736,0.12914638,0.059891317,0.04
3798,-14.040975,3.5134962,31.940882,9.751723,0.2367199,0.077666976,0.04
3799,-14.071946,3.7402422,33.941628,10.322231,1.1936024,0.30352592,0.04
3800,-14.078688,3.4471285,29.961878,9.373377,0.26580983,0.072027035,0.04
3801,-14.099848,3.543756,31.413702,9.780484,0.5941503,0.13302395,0.04
3802,-14.051791,3.601838,31.525806,9.574942,0.1553308,0.032797545,0.04
3803,-14.0313225,3.5403252,29.903664,9.1533165,0.6299456,0.2401221,0.04
3804,-14.072348,3.7414954,32.76635,10.095086,0.13915004,0.06999148,0.04
3805,-13.86776,3.456185,27.795961,8.672917,0.3690223,0.071508415,0.04
3806,-13.816507,3.2241368,25.444674,7.8538847,0.6262994,0.18201306,0.04
3807,-13.966127,3.2803411,28.849497,8.795999,0.51254183,0.10349958,0.04
3808,-14.066746,3.264274,29.038801,8.889372,0.30381033,0.089890674,0.04
3809,-14.101228,3.516842,31.908852,9.851012,0.32733983,0.08196316,0.04
3810,-14.045409,3.5143464,30.743319,9.324707,1.0934478,0.23609442,0.04
3811,-13.945828,3.4174683,28.877428,8.790056,0.14606959,0.038145177,0.04
3812,-14.016053,3.5425725,31.191347,9.427945,0.24922049,0.054851115,0.04
3813,-14.087392,3.5472178,31.059214,9.663599,0.47060508,0.10704679,0.04
3814,-14.115367,3.6084366,32.483116,9.800328,0.31543702,0.09667132,0.04
3815,-14.007495,3.7425098,32.0881,9.81891,1.0242201,0.27377027,0.04
3816,-13.9715605,3.8794312,33.76978,10.257714,0.33709392,0.08172873,0.04
3817,-13.890604,3.5938873,29.049398,8.990501,0.3483468,0.07814094,0.04
3818,-13.974281,3.3554072,27.989864,8.60367,0.14125812,0.03481397,0.04
3819,-14.025907,3.573848,31.501663,9.688021,0.36327437,0.101919636,0.04
3820,-13.968652,3.3719282,28.13506,8.481516,0.2375551,0.059543386,0.04
3821,-14.082992,3.6558774,33.63033,10.132428,0.31151056,0.085380726,0.04
3822,-14.05944,3.7000651,33.276028,10.161083,0.51278526,0.30759346,0.04
3823,-13.979611,3.5906665,30.083881,9.210023,0.5519483,0.13392836,0.04
3824,-14.001328,3.6326134,31.609015,9.615267,0.7723264,0.22506624,0.04
3825,-13.938469,3.4190106,27.970251,8.570959,0.1906412,0.052566867,0.04
3826,-13.997167,3.4996102,30.331923,9.355642,0.26789165,0.13770282,0.04
3827,-14.042529,3.5457802,31.26352,9.554903,0.5184172,0.13003823,0.04
3828,-13.990349,3.4978063,29.613684,9.038797,0.35224098,0.08818663,0.04
3829,-14.046834,3.5272415,30.900087,9.425494,0.63515466,0.18487917,0.04
3830,-14.005575,3.5274005,30.74375,9.333909,1.0018966,0.24256699,0.04
3831,-13.954043,3.3560662,27.709826,8.421034,0.8149847,0.21249309,0.04
3832,-14.019563,3.3915844,28.956482,8.770421,0.5558864,0.17192253,0.04
3833,-14.046238,3.6870968,33.38327,10.188974,0.43956876,0.097937346,0.04
3834,-14.113018,3.5766995,31.931595,9.74309,0.202748,0.036361437,0.04
3835,-14.016644,3.575324,30.33256,9.419622,0.22785684,0.05152502,0.04
3836,-13.897527,3.5765798,29.093582,9.010935,0.93584734,0.23090278,0.04
3837,-13.903298,3.2698116,26.77249,8.202706,0.2519486,0.05721448,0.04
3838,-13.997006,3.409914,30.096912,9.256954,0.46472794,0.091385946,0.04
3839,-14.027281,3.3295417,29.124422,8.8595295,0.39306936,0.07594482,0.04
3840,-13.986992,3.2915123,28.020147,8.675081,0.5435322,0.13420498,0.04
3841,-14.024179,3.4387631,30.000765,9.182194,0.61109364,0.16249853,0.04
3842,-13.863394,3.2149782,25.704908,7.82035,0.2677054,0.07488648,0.04
3843,-14.053855,3.401707,31.306652,9.549737,0.46373641,0.131396,0.04
3844,-14.008146,3.3749804,29.284801,8.999256,0.34877747,0.08206268,0.04
3845,-14.085292,3.4246883,30.899967,9.4952345,0.24059233,0.10722452,0.04
3846,-13.998804,3.2357705,27.088486,8.336476,0.15444557,0.042120267,0.04
3847,-14.004432,3.3017914,27.7164,8.662324,0.14273807,0.03700875,0.04
3848,-14.002637,3.3687985,28.803314,8.852091,0.42049122,0.14849204,0.04
3849,-14.054619,3.4683836,30.256851,9.350375,0.9847377,0.25240335,0.04
3850,-14.020688,3.4880197,29.477852,9.074459,0.18895014,0.097767025,0.04
3851,-13.939467,3.4827087,29.310013,9.101646,0.7623369,0.1688079,0.04
3852,-13.951267,3.6195488,30.945501,9.309987,0.5650653,0.15616083,0.04
3853,-14.064203,3.5924144,32.448242,9.841738,0.29310778,0.09092206,0.04
3854,-14.076641,3.635673,32.302406,10.100693,0.700528,0.21642196,0.04
3855,-14.051063,3.48015,29.68509,9.188782,0.15614873,0.04641219,0.04
3856,-13.876985,3.3798184,26.459366,8.293846,0.15899126,0.053579815,0.04
3857,-14.0309925,3.6901805,33.4308,9.898717,0.3234074,0.08206152,0.04
3858,-13.986517,3.4829192,29.303104,8.936843,0.3015203,0.093444504,0.04
3859,-13.968342,3.5012925,29.068062,8.998562,0.46007064,0.05845955,0.04
3860,-13.99618,3.374695,28.278254,8.746656,0.052748423,0.016659936,0.04
3861,-14.010157,3.4827485,30.183016,9.237191,0.53301525,0.1415243,0.04
3862,-13.99443,3.4163477,28.54818,8.877786,0.045689195,0.011990111,0.04
3863,-14.038547,3.650233,32.19932,10.031868,0.26861614,0.056534592,0.04
3864,-13.981197,3.5670118,30.213522,9.235937,0.24080457,0.028068904,0.04
3865,-13.971974,3.4560604,28.97383,8.937084,0.3926097,0.06841304,0.04
3866,-13.952771,3.473101,29.677353,9.063249,0.20348282,0.04135541,0.04
3867,-13.926109,3.256002,26.702457,8.191664,0.7306863,0.20412003,0.04
3868,-13.965763,3.2717867,27.8149,8.549554,0.77054435,0.16635121,0.04
3869,-14.065517,3.494848,30.693758,9.431911,0.8683117,0.22364196,0.04
3870,-14.091673,3.4872112,31.394894,9.699237,0.34919834,0.10829497,0.04
3871,-14.089802,4.0969954,33.17711,10.365783,3.5600085,0.7259801,0.04
3872,-13.973708,3.6350245,30.483412,9.477003,0.6412507,0.18604323,0.04
3873,-13.900664,3.5506363,27.898285,8.716472,0.73283094,0.2744805,0.04
3874,-13.887245,3.334816,26.584646,8.142408,0.4801981,0.116227485,0.04
3875,-13.861727,3.1831148,25.17346,7.678153,0.6302128,0.2103497,0.04
3876,-14.031544,3.307472,28.762224,8.7059355,0.44686362,0.15605702,0.04
3877,-14.1149235,3.40773,30.784054,9.473837,0.29179257,0.07870036,0.04
3878,-14.111065,3.5879729,32.78653,10.070445,0.55691487,0.17342325,0.04
3879,-14.1315975,3.851268,35.706245,11.104292,0.4763967,0.08552368,0.04
3880,-13.996979,3.7033446,31.606167,9.844854,0.69961023,0.15397123,0.04
3881,-14.004205,3.5509443,29.499054,9.122825,0.23932013,0.06571816,0.04
3882,-14.020472,3.7031236,31.135859,9.521587,0.12739871,0.027003417,0.04
3883,-13.880905,3.4915664,27.720936,8.513438,0.2908716,0.07392195,0.04
3884,-13.805367,3.192477,24.60937,7.285295,0.51865345,0.33467308,0.04
3885,-14.101854,3.4197984,31.374222,9.583051,0.34046757,0.08939389,0.04
3886,-13.976186,3.3428378,28.139406,8.685418,0.50620776,0.10287172,0.04
3887,-13.940902,3.0071077,24.581945,7.4031763,0.12009714,0.030782335,0.04
3888,-14.071777,3.2898314,30.00927,9.356026,0.22914085,0.093169615,0.04
3889,-14.083136,3.312777,29.307026,8.931954,0.70846784,0.18983461,0.04
3890,-14.077775,3.3826838,29.617758,9.171683,0.2144148,0.069788486,0.04
3891,-14.101238,3.5446882,32.236984,9.844408,0.67966056,0.15923397,0.04
3892,-14.062422,4.03965,34.943794,10.798315,2.3362088,0.31919312,0.04
3893,-13.987328,3.5987396,30.853245,9.512909,0.8201332,0.21963066,0.04
3894,-14.028913,3.4899979,30.00905,9.183422,0.20827074,0.08430296,0.04
3895,-14.049305,3.7593782,33.24902,10.320839,0.35467738,0.08932173,0.04
3896,-13.891638,3.5198853,28.367594,8.642346,1.0572367,0.24691637,0.04
3897,-13.91602,3.5639732,29.90537,9.226388,0.60630286,0.16954689,0.04
3898,-13.96982,3.479455,29.954723,9.345367,0.35436663,0.08198214,0.04
3899,-13.88467,3.3814871,28.712687,8.7809305,0.3644559,0.12423462,0.04
3900,-14.0563965,3.6872842,34.63778,10.59495,0.66123706,0.15035106,0.04
3901,-14.084664,3.5495994,31.864796,9.856846,1.3334036,0.27452654,0.04
3902,-14.009158,3.5454247,31.183641,9.564236,0.68166167,0.19390897,0.04
3903,-13.955583,3.3812003,27.94952,8.60167,0.2831883,0.10664282,0.04
3904,-13.935034,3.3344412,27.68382,8.335316,0.37313667,0.1441362,0.04
3905,-14.016082,3.4130466,29.770912,9.093817,0.5573342,0.18115331,0.04
3906,-14.104714,3.7337673,34.588737,10.559663,0.4198538,0.07034072,0.04
3907,-14.080095,3.725984,33.964306,10.114685,0.3561104,0.106948234,0.04
3908,-13.921201,3.3196204,26.726078,8.186624,0.19614133,0.074850634,0.04
3909,-14.056875,3.5003698,30.20813,9.513726,0.3608726,0.097501084,0.04
3910,-14.072849,3.6647782,32.280735,10.076612,1.1383301,0.33520108,0.04
3911,-13.971765,3.4389162,29.452532,8.945787,0.9102565,0.24536619,0.04
3912,-13.95535,3.1925015,26.129229,8.10325,0.19071174,0.047670078,0.04
3913,-14.148456,3.6589544,34.44416,10.648344,0.32613108,0.07059979,0.04
3914,-14.040399,3.694991,33.204273,10.214581,0.32872093,0.08251668,0.04
3915,-13.951786,3.5571177,29.296286,9.080363,0.30197552,0.071184605,0.04
3916,-13.898264,3.3522587,26.391462,8.182741,0.102512896,0.03145862,0.04
3917,-13.944568,3.323778,27.02197,8.370933,0.6754002,0.177406,0.04
3918,-13.99327,3.5527217,31.834719,9.459356,0.32089627,0.1102822,0.04
3919,-14.034326,3.5931907,31.97187,9.705512,0.15871477,0.051097874,0.04
3920,-14.101747,3.7745888,33.735043,10.380638,0.26856926,0.11324847,0.04
3921,-13.96386,3.7065597,30.742874,9.551734,0.097985126,0.029618211,0.04
3922,-13.918808,3.56345,28.399979,8.791741,0.5149235,0.102940634,0.04
3923,-13.883105,3.408797,28.250225,8.766903,0.8651086,0.2431981,0.04
3924,-13.922446,3.461197,28.7662,8.896872,0.7678554,0.18426403,0.04
3925,-13.952341,3.1113224,26.306786,8.040285,0.1281611,0.039046325,0.04
3926,-13.895178,3.082561,24.953299,7.632253,0.28629524,0.07715342,0.04
3927,-13.974867,3.0793037,25.560516,7.8390427,0.24556601,0.05185223,0.04
3928,-13.983754,3.1534145,26.880941,8.208288,0.9362725,0.30244637,0.04
3929,-13.98375,3.310751,28.66016,8.989369,0.2711064,0.05174551,0.04
3930,-13.84591,3.1739357,25.562452,7.8830442,0.36445087,0.07124302,0.04
3931,-13.913294,3.102798,26.17553,7.8861604,0.29691976,0.12923701,0.04
3932,-13.914424,2.7562466,21.80697,6.709941,0.3376064,0.09952045,0.04
3933,-14.09085,2.9787652,26.647644,8.244984,0.13432564,0.033836357,0.04
3934,-14.172356,3.2917635,31.022741,9.565346,0.4255835,0.12888676,0.04
3935,-14.200316,3.595705,34.482594,10.582508,0.31952143,0.12246505,0.04
3936,-14.085893,3.6959891,32.565315,9.903739,0.6084346,0.15467526,0.04
3937,-13.94733,3.5425894,29.713686,9.299931,0.5572927,0.17201823,0.04
3938,-13.9868765,3.4560053,29.279835,9.062906,0.47334117,0.14366952,0.04
3939,-14.000479,3.476093,30.080729,9.3646345,0.3203655,0.092488535,0.04
3940,-13.991903,3.5541034,30.652912,9.593234,0.5040174,0.084066086,0.04
3941,-14.091035,3.7371144,34.390537,10.689111,0.39939004,0.11658936,0.04
3942,-13.878027,3.5080214,28.490168,8.776201,0.55035895,0.11064956,0.04
3943,-14.0049515,3.4054272,29.41076,9.088484,0.4390599,0.07680497,0.04
3944,-13.982644,3.3038666,27.405272,8.558441,0.61488897,0.15233949,0.04
3945,-14.082125,3.5329204,32.13415,10.104831,0.21232334,0.038215473,0.04
3946,-14.055605,3.615165,32.114117,9.904127,0.19365475,0.06751326,0.04
3947,-13.941943,3.4829774,29.187088,8.961176,0.5544959,0.14117205,0.04
3948,-14.084048,3.7785025,35.127243,10.631832,0.35153726,0.07882959,0.04
3949,-14.088629,3.8965497,36.331226,11.138656,0.34771425,0.0945089,0.04
3950,-14.024727,3.8596718,34.315956,10.354584,0.25755316,0.066781014,0.04
3951,-13.919672,3.5681672,30.017618,9.349579,0.78576124,0.21151438,0.04
3952,-13.914617,3.5528345,26.977129,8.502782,1.9435923,0.35885644,0.04
3953,-13.952486,3.4058344,29.989405,9.234838,0.6240596,0.22596213,0.04
3954,-13.917215,3.2449055,26.947723,8.44416,0.57051677,0.14129844,0.04
3955,-14.014181,3.3377283,28.715397,8.923445,0.3429798,0.053323608,0.04
3956,-14.103311,3.4582264,30.462437,9.405946,0.33480826,0.11347832,0.04
3957,-14.022815,3.4886978,30.699041,9.506992,0.9242449,0.1839222,0.04
3958,-14.019543,3.4666212,29.970833,9.350246,0.5634074,0.2025223,0.04
3959,-14.01247,3.4807296,30.52751,9.312895,0.22736563,0.06272428,0.04
3960,-13.851968,3.3087435,27.193987,8.537881,0.57641745,0.17840724,0.04
3961,-13.954514,3.1861415,26.577707,8.290947,0.37317863,0.10324542,0.04
3962,-14.042126,3.1932878,28.442444,8.860988,0.28263202,0.06817102,0.04
3963,-14.153973,3.1987102,29.343395,9.06358,0.20094599,0.04899258,0.04
3964,-14.1426325,3.6137145,33.68192,10.425859,0.40821293,0.07877002,0.04
3965,-14.037814,3.459334,30.206068,9.096338,0.4443383,0.18401647,0.04
3966,-14.035416,3.496184,30.040426,9.193228,0.37725925,0.05408049,0.04
3967,-14.003887,3.5792837,31.103144,9.500419,0.42849612,0.13320436,0.04
3968,-13.8739805,3.3116868,26.24817,8.23441,0.9775156,0.19714354,0.04
3969,-14.073957,3.4832191,31.92886,9.476468,0.31297308,0.07285064,0.04
3970,-14.055118,3.5117998,30.796572,9.300054,0.7789105,0.18361185,0.04
3971,-13.94094,3.3909345,28.26433,8.627499,0.31094676,0.08268501,0.04
3972,-13.938874,3.2336037,27.215881,8.288471,0.5868354,0.21008967,0.04
3973,-14.040229,3.2548656,28.535307,8.890638,0.30433133,0.09004825,0.04
3974,-14.269488,3.602688,35.509144,10.9953785,0.2281517,0.07506679,0.04
3975,-14.068949,3.5665524,31.423908,9.623045,0.4779609,0.115501486,0.04
3976,-14.0145445,3.5413494,31.601507,9.614173,0.45835078,0.10969286,0.04
3977,-13.939088,3.3474483,28.297129,8.59642,0.984193,0.265353,0.04
3978,-13.9865055,3.3708546,29.763613,8.895055,0.3908605,0.12884925,0.04
3979,-14.030043,3.2647672,28.904451,8.919367,0.7017419,0.16720983,0.04
3980,-14.177157,3.5967276,33.66709,10.233217,0.69436187,0.19878791,0.04
3981,-14.169484,3.6485765,33.129612,10.472016,0.3308035,0.09678918,0.04
3982,-14.125539,3.6877744,33.36367,10.367703,0.16161859,0.038531814,0.04
3983,-14.009155,3.7065728,30.918087,9.626955,0.18757513,0.028298413,0.04
3984,-13.967062,3.5792277,29.535442,9.213163,0.17871344,0.03575442,0.04
3985,-13.875609,3.4062567,26.960644,8.198469,0.1560227,0.06228509,0.04
3986,-13.889168,3.2338142,26.979134,8.230452,0.38944036,0.078808844,0.04
3987,-13.979201,3.2615101,28.546747,8.746083,0.41531816,0.08493707,0.04
3988,-13.910023,3.2251558,27.357565,8.610108,0.24419165,0.056569107,0.04
3989,-14.007837,3.1776037,27.673494,8.674244,0.84695864,0.22147767,0.04
3990,-14.140336,3.4650936,33.14988,10.256222,0.81506264,0.12113912,0.04
3991,-14.053613,3.3661847,29.714008,9.306892,0.35435513,0.10562722,0.04
3992,-14.105666,3.695927,34.58454,10.646286,0.7571098,0.2948673,0.04
3993,-14.090631,3.6843584,32.378334,9.960444,0.5098516,0.108978346,0.04
3994,-13.9569025,3.498999,28.355886,9.002735,0.18708897,0.03886697,0.04
3995,-13.967414,3.7451398,32.88963,10.114523,0.65908504,0.13422489,0.04
3996,-13.936817,3.3149812,28.660744,8.8469,0.68164873,0.14995962,0.04
3997,-14.101264,3.4262033,30.931175,9.472208,0.41455066,0.10729196,0.04
3998,-14.197355,3.8108926,36.547394,11.412048,0.6629324,0.15552655,0.04
3999,-14.075744,3.8137677,34.274765,10.549552,0.1798567,0.041414764,0.04
4000,-13.962164,3.6321862,30.10012,9.230377,0.28544876,0.13372305,0.04
4001,-13.922971,3.5625436,29.911646,9.150148,0.2985671,0.086975954,0.04
4002,-13.914892,3.4742296,29.105549,8.946803,0.8083692,0.20682381,0.04
4003,-13.8974085,3.4201705,28.102335,8.742497,0.5142365,0.17018783,0.04
4004,-13.881976,3.1313183,25.425438,7.8842716,0.5101865,0.11470395,0.04
4005,-13.982135,3.1915224,27.565422,8.405023,0.33551735,0.099693045,0.04
4006,-14.133335,3.4492426,32.82576,10.03659,0.39880124,0.07149214,0.04
4007,-14.101871,3.5474904,32.803608,10.08631,0.28236172,0.053710133,0.04
4008,-13.940543,3.358141,28.218033,8.590318,0.19285882,0.06897389,0.04
4009,-13.93142,3.2483046,27.157953,8.380134,0.5119165,0.09927198,0.04
4010,-13.965631,3.2005093,26.77502,8.177117,0.3579575,0.10733531,0.04
4011,-14.031918,3.2824442,28.755327,8.762316,1.2819533,0.3547978,0.04
4012,-14.188041,3.605298,35.253124,10.887164,0.76921034,0.21196507,0.04
4013,-14.054991,3.6370363,33.09052,9.813196,0.87139964,0.28568897,0.04
4014,-14.105389,3.5851238,33.54048,9.926493,0.46104914,0.1781404,0.04
4015,-14.085327,3.640792,33.35735,10.071447,0.25337455,0.07798357,0.04
4016,-14.004999,3.5550182,30.891682,9.520828,0.22467917,0.06708191,0.04
4017,-13.933707,3.3105383,27.1712,8.158358,0.5256849,0.1318935,0.04
4018,-13.9988365,3.3157501,28.533993,8.752649,0.17128578,0.034214392,0.04
4019,-13.952805,3.3353047,27.62892,8.467674,0.3408376,0.11339449,0.04
4020,-14.01458,3.5620766,31.34201,9.658402,0.6519247,0.14660142,0.04
4021,-13.99835,3.5708408,30.54258,9.600599,0.83961636,0.21776551,0.04
4022,-13.961214,3.644004,30.71144,9.363438,0.45870218,0.105063684,0.04
4023,-14.110707,3.863964,34.418602,10.640496,1.4714494,0.26077726,0.04
4024,-14.125207,3.815581,36.07351,11.039519,1.0070285,0.19457316,0.04
4025,-13.912127,3.5581431,30.031818,9.285427,1.0477798,0.24908964,0.04
4026,-13.86656,3.266595,26.113535,8.082849,0.20490663,0.05077168,0.04
4027,-13.931289,3.370093,28.41795,8.861233,0.24985987,0.1230592,0.04
4028,-13.951986,3.3647735,28.424109,8.686554,0.35827547,0.10633912,0.04
4029,-13.952922,3.2724934,26.819973,8.190438,0.14791662,0.048678935,0.04
4030,-13.990488,3.3970325,28.248802,8.854673,0.4783397,0.09922208,0.04
4031,-13.995715,3.455492,30.953548,9.507655,0.61253494,0.140259,0.04
4032,-14.016701,3.5327015,31.606754,9.700576,0.37729815,0.095544234,0.04
4033,-14.040332,3.670066,32.97433,10.382454,0.48855895,0.0918904,0.04
4034,-14.052149,3.4338112,30.616776,9.502364,0.5120158,0.16579784,0.04
4035,-14.020248,3.3894587,29.71324,9.064346,0.38707882,0.086162984,0.04
4036,-13.987219,3.3847134,28.541527,8.789295,0.20895967,0.075086325,0.04
4037,-13.879832,3.1970854,25.568197,7.8442664,0.7005481,0.15978937,0.04
4038,-14.131418,3.4959543,33.638412,10.375294,0.5501883,0.14321677,0.04
4039,-14.032564,3.3472857,30.238289,9.353066,0.7013486,0.20595783,0.04
4040,-13.98856,3.3507068,28.867142,8.948837,0.7737205,0.17966561,0.04
4041,-13.921696,3.2485006,27.321062,8.3464365,0.22318359,0.056362476,0.04
4042,-13.843532,3.0434804,23.951544,7.3188725,0.58801174,0.18810932,0.04
4043,-14.002792,3.1202497,27.749323,8.501926,0.27681637,0.07908096,0.04
4044,-14.079502,3.0212448,27.156416,8.420612,0.31907278,0.078495175,0.04
4045,-14.129421,3.2271633,29.785671,9.116431,0.43150574,0.084592395,0.04
4046,-14.176053,3.5798194,34.655247,10.774462,0.22844662,0.056103524,0.04
4047,-14.010384,3.6032312,31.254494,9.509675,0.13757652,0.08297875,0.04
4048,-13.948943,3.4742172,28.570747,8.903337,0.6191237,0.23314856,0.04
4049,-13.830681,3.1613214,25.2077,7.7742467,0.33346525,0.10394417,0.04
4050,-14.083222,3.448987,33.123936,9.832038,0.9401373,0.2805828,0.04
4051,-14.107012,3.3919556,30.705729,9.252387,0.5128098,0.1751869,0.04
4052,-14.085674,3.475511,31.221027,9.563562,0.12477713,0.033078466,0.04
4053,-14.0142145,3.4555297,30.364052,9.387388,0.77446723,0.17149098,0.04
4054,-14.064966,3.5840373,32.80089,10.082672,0.6617744,0.16455413,0.04
4055,-14.036989,3.4112933,30.531933,9.4825115,0.25070736,0.054598134,0.04
4056,-13.8823395,3.274821,27.105612,8.322454,0.3809188,0.09468974,0.04
4057,-13.932163,3.1031861,25.385492,7.7987127,0.21638748,0.029133342,0.04
4058,-13.952588,3.2197902,27.608995,8.322319,0.26069608,0.100364156,0.04
4059,-13.978196,3.213822,27.65093,8.50064,0.49626657,0.16080187,0.04
4060,-13.991399,3.2615342,28.536932,8.759177,0.115659855,0.061563082,0.04
4061,-13.977102,3.2900245,28.23217,8.599371,0.46220967,0.13772433,0.04
4062,-13.987341,3.233683,28.891466,8.785793,0.97094476,0.21918263,0.04
4063,-13.991943,3.1298974,27.016083,8.244644,0.11062909,0.022853063,0.04
4064,-13.865838,2.9856737,23.754772,7.265904,0.19700114,0.064432055,0.04
4065,-14.0139065,3.0427005,26.75885,8.273603,0.54022694,0.10501732,0.04
4066,-14.1775875,3.3652942,32.150055,10.0287,0.36111245,0.07917628,0.04
4067,-14.02859,3.152965,27.037868,8.313673,0.67827064,0.16479659,0.04
4068,-14.056074,3.233797,27.78429,8.622672,0.10144987,0.026225843,0.04
4069,-14.095838,3.512471,31.70222,9.777005,0.7711693,0.28626618,0.04
4070,-14.081422,3.6400414,32.659496,9.778475,0.19421375,0.08009131,0.04
4071,-14.012695,3.7227361,32.091866,9.831492,0.8809369,0.26028252,0.04
4072,-14.064866,3.8953998,32.89875,10.138739,1.1849616,0.32111657,0.04
4073,-14.008232,3.569135,30.884583,9.621879,0.8957447,0.16848281,0.04
4074,-14.141253,3.8321984,36.440357,11.015886,0.34627435,0.08991168,0.04
4075,-14.008992,3.817312,33.46012,10.321335,0.32910085,0.07344974,0.04
4076,-14.03659,3.799511,34.217888,10.377362,0.457815,0.1609727,0.04
4077,-14.006393,3.7124553,32.39845,9.97595,0.4810034,0.10246872,0.04
4078,-14.011773,3.6597748,31.2604,9.690116,0.90816295,0.16200581,0.04
4079,-14.035056,3.6485455,33.320587,10.176459,0.40103978,0.093437806,0.04
4080,-13.941429,3.3316512,27.301588,8.360983,0.4765234,0.1309774,0.04
4081,-13.86237,3.1468067,24.767107,7.6560616,0.55807006,0.12619658,0.04
4082,-13.946176,3.2163863,26.965008,8.308592,0.08753592,0.024362871,0.04
4083,-13.966485,3.2688246,27.969612,8.662164,0.15812461,0.040860675,0.04
4084,-14.07956,3.3367603,30.463032,9.248016,0.27054968,0.15106753,0.04
4085,-14.052617,3.5379915,31.928144,9.716452,0.3573831,0.1430967,0.04
4086,-14.014054,3.4514086,30.196022,9.389197,0.47139037,0.19010451,0.04
4087,-14.048226,3.4393725,29.880907,9.196665,0.124017246,0.025703631,0.04
4088,-13.980138,3.5007656,30.020803,9.195265,0.21282381,0.04574274,0.04
4089,-13.979704,3.6086855,30.85368,9.660784,0.2922462,0.090677716,0.04
4090,-13.917442,3.358179,27.487375,8.5409,0.031827033,0.016678466,0.04
4091,-13.91645,3.2848015,26.567892,8.178283,0.14514023,0.04194418,0.04
4092,-14.009551,3.454101,29.970512,9.261024,0.2654531,0.07643701,0.04
4093,-13.943299,3.2819784,26.99914,8.38633,0.28263536,0.073775925,0.04
4094,-13.998556,3.253877,27.798267,8.304839,0.55125093,0.13990901,0.04
4095,-14.077466,3.3241332,29.41717,8.90913,0.26498458,0.051968634,0.04
4096,-14.100731,3.5355055,31.908245,9.84116,0.24241914,0.07793545,0.04
4097,-14.128105,3.8166928,34.22374,10.629372,0.27352563,0.09228166,0.04
4098,-14.11294,3.9175732,35.709076,10.978941,0.9178176,0.2503826,0.04
4099,-13.998885,3.7088912,31.365,9.659461,0.15769596,0.033255152,0.04
4100,-13.887758,3.506586,27.703453,8.53974,0.22954543,0.042862616,0.04
4101,-13.890057,3.3103716,25.961182,8.072867,0.8273322,0.21547782,0.04
4102,-13.9,3.1710773,26.403442,8.036659,0.23098579,0.05141512,0.04
4103,-14.071655,3.3729537,30.91307,9.430435,0.57815933,0.14588584,0.04
4104,-14.166306,3.3814,32.18071,9.69863,0.4357703,0.20307322,0.04
4105,-14.076428,3.3615198,30.222515,9.426954,0.69412994,0.17302431,0.04
4106,-14.111695,3.3826857,30.521708,9.373717,0.6588175,0.19451573,0.04
4107,-14.213148,3.7450166,35.263493,10.751667,0.6922338,0.14674458,0.04
4108,-14.06987,3.8013463,34.442608,10.483007,0.33908343,0.13369706,0.04
4109,-13.913003,3.482952,28.504776,8.778981,0.075916834,0.020084316,0.04
4110,-13.911612,3.359184,27.611752,8.486755,0.35541642,0.0843086,0.04
4111,-13.925869,3.2887113,27.26533,8.353635,0.17107874,0.03507196,0.04
4112,-13.907705,3.2239802,26.446774,7.893401,0.36898762,0.09987396,0.04
4113,-13.983631,3.1314456,26.594215,8.174838,0.5700763,0.059923597,0.04
4114,-14.020864,3.1550367,28.560175,8.80718,0.46067604,0.11964748,0.04
4115,-14.058707,3.115967,27.60641,8.656013,0.3246721,0.06924894,0.04
4116,-14.126197,3.1614094,28.070606,8.62788,0.14060967,0.031013936,0.04
4117,-14.113405,3.3742135,30.991674,9.533762,0.285667,0.09517673,0.04
4118,-13.911696,3.1272137,25.147102,7.675933,0.2582548,0.109085865,0.04
4119,-14.034611,3.2203336,27.990084,8.565689,0.22689784,0.0732245,0.04
4120,-14.06031,3.3535218,30.23817,9.107778,0.44211414,0.12968251,0.04
4121,-14.119994,3.4189289,30.452684,9.425511,0.6177673,0.17535347,0.04
4122,-14.101236,3.6025438,32.588177,9.899853,0.23816958,0.06505212,0.04
4123,-14.004689,3.4824073,28.863054,8.860084,0.12111792,0.019699719,0.04
4124,-14.055809,3.6661088,32.01202,9.77253,0.54876256,0.11012214,0.04
4125,-13.905948,3.5195115,28.088696,9.043788,0.84894,0.18167563,0.04
4126,-13.891189,3.2975023,26.820168,8.123138,0.34605572,0.12090102,0.04
4127,-13.879032,3.0470915,24.222218,7.4757795,0.53977,0.47538644,0.04
4128,-14.055906,3.079849,28.47427,8.707302,0.29115218,0.06856941,0.04
4129,-14.107219,3.418269,31.685745,9.794079,0.47647503,0.2607021,0.04
4130,-14.094113,3.3015683,29.021515,9.049974,0.6350318,0.19741581,0.04
4131,-14.119124,3.4131513,30.229027,9.351208,0.29027516,0.10475382,0.04
4132,-14.134195,3.5799458,31.89772,10.017468,0.427316,0.1039259,0.04
4133,-14.042677,3.6066391,31.12834,9.48066,0.29745612,0.080493875,0.04
4134,-13.90652,3.4448583,27.522161,8.432309,0.22148363,0.057158332,0.04
4135,-13.981887,3.5498812,29.834051,9.194431,0.2778836,0.07316566,0.04
4136,-13.935858,3.581338,30.401722,8.982979,0.41873255,0.14035104,0.04
4137,-13.837785,3.2257164,25.015965,7.8251634,0.4729362,0.097137146,0.04
4138,-13.94606,3.005631,23.924177,7.4610434,0.4150191,0.109203264,0.04
4139,-14.091619,3.2445903,28.873808,8.841144,0.49151155,0.1407702,0.04
4140,-14.034754,3.3088799,29.470919,9.392798,0.2906826,0.049802236,0.04
4141,-13.972529,3.304197,28.009853,8.712855,0.29464135,0.06313366,0.04
4142,-14.01454,3.1957822,27.674873,8.556874,0.20143723,0.0498242,0.04
4143,-14.196381,3.4891078,32.549,10.137439,0.6273719,0.14461985,0.04
4144,-14.148345,3.6813083,33.780025,10.310381,0.34522456,0.08992373,0.04
4145,-14.007286,3.6550064,31.632511,9.572417,0.21747243,0.07038873,0.04
4146,-14.043346,3.5570304,31.031916,9.492938,0.33164808,0.16202183,0.04
4147,-13.854041,3.1753714,25.054192,7.841213,0.42672342,0.10621025,0.04
4148,-13.961824,3.1448438,27.169573,8.306583,0.4352218,0.1303116,0.04
4149,-14.119137,3.4295907,32.62223,10.192384,0.7353238,0.1799883,0.04
4150,-14.097927,3.4594476,31.270761,9.514831,0.2664223,0.04243046,0.04
4151,-14.032371,3.612436,31.926928,9.9263315,0.3348247,0.09910771,0.04
4152,-14.043539,3.4410677,30.183704,9.3961935,0.48952585,0.13267383,0.04
4153,-14.067605,3.5818548,31.39181,9.694957,0.4847032,0.12233923,0.04
4154,-14.020949,3.6844866,32.349598,9.960991,0.7545478,0.21933444,0.04
4155,-13.88684,3.5627534,29.207506,8.870761,0.6815584,0.15902592,0.04
4156,-14.053985,3.722528,33.322487,10.237005,0.67852354,0.19274788,0.04
4157,-14.070728,3.9024723,34.933426,10.739846,0.51480144,0.101321064,0.04
4158,-14.007956,3.8137846,33.20347,10.383712,0.4268913,0.13325216,0.04
4159,-14.011244,3.7987697,34.162388,10.569123,0.8357324,0.21057916,0.04
4160,-13.872043,3.4576118,27.583757,8.631028,0.28601244,0.05804352,0.04
4161,-13.904116,3.3853405,27.69733,8.557205,0.25740683,0.04539013,0.04
4162,-13.889479,3.2081158,26.078554,8.111841,0.20161575,0.044214714,0.04
4163,-13.980742,3.239353,27.039091,8.301853,0.5354112,0.18169655,0.04
4164,-13.924942,3.1369033,26.09707,7.895553,0.10349337,0.025227964,0.04
4165,-14.062612,3.3457499,29.66882,9.06471,0.2644293,0.055576853,0.04
4166,-13.888233,3.2082129,25.869509,7.9669995,0.67023647,0.14314675,0.04
4167,-13.952338,3.1231673,25.764774,8.033692,0.15158792,0.02759331,0.04
4168,-14.052442,3.2405796,28.571918,8.798467,0.6672992,0.16048713,0.04
4169,-13.958782,3.130694,26.493404,8.187147,0.5788557,0.14374396,0.04
4170,-14.034448,3.0215538,26.511719,8.264192,0.5573209,0.15896545,0.04
4171,-14.09717,3.3808432,31.40088,9.65356,0.47198132,0.13908027,0.04
4172,-14.106922,3.3467917,30.057133,9.1772785,0.37341017,0.092544205,0.04
4173,-14.132056,3.5457764,31.649698,9.470629,0.40031433,0.14185849,0.04
4174,-14.035147,3.4386578,28.84807,8.855121,0.11039027,0.04780938,0.04
4175,-13.928822,3.421159,28.114267,8.647304,0.24152513,0.047983672,0.04
4176,-13.9475155,3.351952,27.870447,8.589705,0.32489917,0.0969191,0.04
4177,-13.928951,3.2682114,26.82873,8.263859,0.3566302,0.08219809,0.04
4178,-13.986852,3.214714,27.333303,8.510734,0.112339295,0.03114579,0.04
4179,-14.0336275,3.3456764,29.11836,9.175531,0.65680766,0.1446271,0.04
4180,-14.055426,3.391365,30.762936,9.641782,0.8131539,0.24202736,0.04
4181,-14.097497,3.4777975,31.508816,9.912378,1.0016809,0.25802708,0.04
4182,-14.03587,3.4086072,29.330885,8.957017,0.39980507,0.1727492,0.04
4183,-14.085998,3.5808516,33.22194,10.406748,0.3038587,0.06675915,0.04
4184,-14.071824,3.6011314,32.31465,9.815791,0.42502722,0.25418252,0.04
4185,-14.021,3.6244843,32.096916,9.762552,0.61287093,0.17822602,0.04
4186,-13.987621,3.4386973,28.867113,8.804768,0.22193955,0.04079422,0.04
4187,-13.921433,3.310083,27.060717,8.284352,0.32775941,0.076975875,0.04
4188,-13.907197,3.1319044,25.588814,7.873694,0.13025188,0.03722931,0.04
4189,-14.02283,3.3348927,30.078606,9.117977,0.4455328,0.1088084,0.04
4190,-14.019975,3.3526278,28.935246,9.001893,0.10888473,0.03047598,0.04
4191,-14.049588,3.4545615,30.538101,9.516905,0.43094498,0.10144748,0.04
4192,-14.124409,3.6203265,33.160778,10.134914,0.2263521,0.1206771,0.04
4193,-14.052265,3.755622,32.680134,10.074677,0.48153308,0.12103884,0.04
4194,-13.942213,3.6226025,29.437635,9.117509,0.47038966,0.11671609,0.04
4195,-13.936123,3.4724007,28.136925,8.573639,0.37288502,0.10795682,0.04
4196,-13.9078245,3.4386554,29.01998,8.82793,0.4954825,0.13939194,0.04
4197,-13.993786,3.501422,29.799072,9.0340185,0.98856723,0.30177185,0.04
4198,-14.119733,3.4741871,32.834385,9.94449,0.6910662,0.23025225,0.04
4199,-14.004521,3.523201,29.853859,9.103801,1.0104076,0.23045407,0.04
4200,-13.895119,3.2343273,25.803757,7.915019,0.6598652,0.14484037,0.04
4201,-13.945203,3.2279038,26.892944,8.060696,0.2081089,0.1318799,0.04
4202,-13.944695,3.2939067,28.58233,8.732452,0.41342163,0.10851572,0.04
4203,-14.020893,3.2833357,28.659914,8.621257,0.3130387,0.1222653,0.04
4204,-14.134643,3.4510093,32.798374,9.989553,0.3658878,0.16182932,0.04
4205,-14.160117,3.7685733,36.29494,11.047503,0.5850412,0.14075762,0.04
4206,-14.07119,3.7570324,34.050514,10.30315,1.5521847,0.45095342,0.04
4207,-13.978275,3.2750926,27.482681,8.569407,0.15889768,0.03218287,0.04
4208,-13.933164,3.2080128,26.390745,8.135133,0.8706107,0.23373878,0.04
4209,-14.135333,3.3064241,30.911863,9.279605,0.6661931,0.19475858,0.04
4210,-14.13318,3.441745,31.747877,9.675447,0.64523363,0.147938,0.04
4211,-14.061315,3.3922265,29.95966,9.149603,0.3448518,0.08303107,0.04
4212,-14.143605,3.6564178,33.774788,10.263674,0.7173615,0.15528294,0.04
4213,-14.026971,3.4717188,30.199398,9.267666,0.17573413,0.0415533,0.04
4214,-14.063984,3.709158,33.526947,10.135983,0.3515531,0.113503754,0.04
4215,-13.936604,3.3719223,28.070848,8.694519,0.2698303,0.059588224,0.04
4216,-14.065828,3.343126,29.348639,9.032322,0.6754596,0.15823236,0.04
4217,-14.06177,3.5312893,31.982836,9.625429,0.37629846,0.12435388,0.04
4218,-14.172883,3.767417,37.442493,11.558441,0.76434624,0.25354907,0.04
4219,-14.089116,3.5901828,32.391293,9.950337,1.4696009,0.45651025,0.04
4220,-14.012659,3.6242726,31.222898,9.663466,0.7258959,0.21737474,0.04
4221,-14.0142145,3.4687243,30.145512,9.238197,0.40533382,0.10109202,0.04
4222,-13.945593,3.4505756,28.840734,8.8715515,0.5814406,0.1412956,0.04
4223,-13.930586,3.479631,29.753664,9.28079,0.21176408,0.07229287,0.04
4224,-13.930049,3.4443078,28.84856,8.767299,0.54448974,0.17435235,0.04
4225,-14.094304,3.524768,32.085144,9.648109,0.30677736,0.07102437,0.04
4226,-14.0738125,3.5926504,32.024563,9.76664,0.36021236,0.09795991,0.04
4227,-13.946183,3.4272017,28.807503,8.813712,0.42915845,0.057726398,0.04
4228,-13.982338,3.324225,27.722431,8.519749,0.23216127,0.06864641,0.04
4229,-14.033248,3.440282,29.603458,9.253992,0.32577336,0.07709979,0.04
4230,-14.013156,3.3894656,29.475767,9.026599,0.18231556,0.08928004,0.04
4231,-14.005485,3.3335598,28.210758,8.783247,0.115537986,0.03119738,0.04
4232,-13.945584,3.2050803,25.517847,7.926006,0.08509745,0.045689423,0.04
4233,-14.013042,3.4074562,28.60383,8.756628,0.6630524,0.08278621,0.04
4234,-14.16018,3.6729856,33.332478,10.146206,0.31835338,0.09791054,0.04
4235,-14.042995,3.7280824,32.24238,10.000961,0.6562046,0.1972375,0.04
4236,-13.977736,3.5631204,30.212847,9.553652,0.55880696,0.16429605,0.04
4237,-13.990723,3.4942744,30.067953,9.30441,0.61534995,0.1961521,0.04
4238,-14.048914,3.5728953,31.428509,9.616783,0.13553102,0.057744257,0.04
4239,-13.855707,3.272707,25.888205,7.859256,0.25191593,0.06293419,0.04
4240,-14.046712,3.4404619,30.454388,9.368191,0.37526372,0.101254076,0.04
4241,-14.042561,3.3181221,28.63198,8.969191,0.23030677,0.044267546,0.04
4242,-13.945582,3.2131395,26.648039,8.315114,0.45848686,0.06830524,0.04
4243,-14.178414,3.3234751,31.158978,9.574336,0.19035278,0.04525166,0.04
4244,-14.15064,3.6919665,34.32141,10.373718,0.7412772,0.16128431,0.04
4245,-14.109557,3.7762806,34.67243,10.575209,1.035412,0.30077484,0.04
4246,-14.0917225,4.014931,35.874355,10.883466,0.7493323,0.15605661,0.04
4247,-14.02368,3.8003106,32.88609,10.129472,0.3509118,0.062266354,0.04
4248,-13.882259,3.548724,28.709587,8.956725,0.38314807,0.07853932,0.04
4249,-13.919014,3.5936189,29.547874,9.2774935,0.8671778,0.1510133,0.04
4250,-13.959614,3.3356602,28.472248,8.717256,0.17943107,0.029756723,0.04
4251,-14.134061,3.6721377,33.848015,10.688404,0.68638337,0.10232562,0.04
4252,-14.005722,3.562413,30.183603,9.270982,0.24497162,0.088543005,0.04
4253,-13.968487,3.4798074,29.571114,9.022059,0.23326083,0.13607305,0.04
4254,-13.888322,3.1383417,25.003613,7.648002,0.13659094,0.028786302,0.04
4255,-14.027076,3.1563141,26.61669,8.196985,0.0886546,0.033360936,0.04
4256,-14.127232,3.583635,32.94334,10.007382,0.29343328,0.07274552,0.04
4257,-14.08242,3.7600021,34.395622,10.453066,0.84212494,0.25458091,0.04
4258,-13.942582,3.4840937,28.06172,8.55457,0.6472319,0.15753755,0.04
4259,-13.957483,3.5974407,30.888636,9.607354,0.9649193,0.27597353,0.04
4260,-13.979481,3.479323,28.874186,9.038123,0.7827614,0.17826146,0.04
4261,-13.860859,3.4532278,28.409122,8.774761,0.5818188,0.10763898,0.04
4262,-13.869603,3.3030043,27.182533,8.439723,0.6389831,0.20252304,0.04
4263,-14.028272,2.9859784,25.493687,7.7955313,0.3847053,0.09952585,0.04
4264,-14.039242,3.1096916,27.405115,8.457975,0.21329035,0.05405863,0.04
4265,-14.147727,3.461081,32.900986,10.062371,0.572319,0.15540896,0.04
4266,-14.0854025,3.5612202,32.18539,9.808863,0.6710374,0.12406277,0.04
4267,-14.070977,3.3991988,30.164253,9.063498,0.22519034,0.08225001,0.04
4268,-14.092088,3.557334,32.242405,9.937496,0.1949277,0.067169435,0.04
4269,-14.028863,3.62062,31.28538,9.77817,0.323312,0.11087861,0.04
4270,-13.917334,3.4678886,29.039932,9.129766,1.0169423,0.32030973,0.04
4271,-14.093463,3.617761,33.118042,10.293356,0.6013163,0.14865418,0.04
4272,-14.097302,3.6583374,32.480244,9.9205,0.3302751,0.18084311,0.04
4273,-14.008967,3.564256,30.08834,9.19808,0.08421127,0.039474756,0.04
4274,-13.837678,3.3205,25.47997,7.745263,0.27434266,0.077327035,0.04
4275,-13.981212,3.5003304,30.145422,9.420759,0.7851541,0.19450492,0.04
4276,-13.999264,3.4596658,29.730976,9.04463,0.63089716,0.17537022,0.04
4277,-13.983593,3.4776654,29.576614,9.023276,0.2470371,0.06329949,0.04
4278,-13.89758,3.1638844,25.342981,7.7460237,0.19118568,0.03153337,0.04
4279,-13.84899,2.9885724,23.22075,7.2460923,0.8424362,0.19152822,0.04
4280,-14.168021,3.3690133,32.260807,9.999653,0.3640229,0.10082446,0.04
4281,-14.146534,3.3960087,31.599323,9.661083,0.36065826,0.06224003,0.04
4282,-14.026052,3.2302825,27.792362,8.594956,0.8773931,0.23755075,0.04
4283,-14.06431,3.3339577,28.939825,8.927445,0.25865194,0.07883786,0.04
4284,-14.077119,3.4582317,30.468584,9.2950735,0.19917405,0.086101264,0.04
4285,-14.058764,3.547315,31.549398,9.564208,0.119198315,0.024738941,0.04
4286,-13.987984,3.442703,28.808853,8.938032,0.1808853,0.05331335,0.04
4287,-14.070469,3.4676661,30.07925,9.244214,0.78960735,0.17657277,0.04
4288,-13.973316,3.3159301,26.801762,8.467131,0.122477934,0.039619967,0.04
4289,-14.104979,3.700958,33.51238,10.271753,0.5260216,0.13893922,0.04
4290,-14.0566025,3.6866145,33.25973,10.343,0.57312757,0.15583022,0.04
4291,-13.998504,3.6798096,31.534735,9.854819,0.3217875,0.11048896,0.04
4292,-13.893529,3.4880533,27.88836,8.615179,0.6867719,0.29112244,0.04
4293,-13.980618,3.4033382,28.848839,8.775283,0.41339937,0.098048076,0.04
4294,-13.915434,3.2610478,26.422474,8.314847,0.20421909,0.04545627,0.04
4295,-13.948266,3.1931033,26.256721,8.2501745,0.15659316,0.021546278,0.04
4296,-14.126935,3.570046,32.97272,10.109824,0.80033803,0.20676374,0.04
4297,-13.971806,3.2211099,26.752453,8.215994,0.43014055,0.11622539,0.04
4298,-14.057171,3.3927858,29.74486,9.263031,0.21880363,0.06435969,0.04
4299,-13.983874,3.1927295,26.353245,8.218389,0.10644019,0.024800135,0.04
4300,-13.898322,3.082466,24.933348,7.657113,0.18480946,0.03326375,0.04
4301,-14.041492,3.3364387,30.369068,9.135189,0.751158,0.19821146,0.04
4302,-13.909053,3.0530329,24.739065,7.5724587,0.57784903,0.1937047,0.04
4303,-14.131282,3.2944276,30.161917,9.1982565,0.31465113,0.08700023,0.04
4304,-14.213608,3.6533957,34.388947,10.593388,0.34816712,0.06196139,0.04
4305,-14.09394,3.6388228,32.164654,9.817575,0.67997724,0.16948994,0.04
4306,-14.0166,3.711967,31.449207,9.658354,0.25487646,0.052380845,0.04
4307,-13.961578,3.6848247,30.475344,9.60568,0.26603067,0.061637755,0.04
4308,-14.016978,3.7578533,32.197594,10.02968,0.46552584,0.16594443,0.04
4309,-14.030466,3.7772233,32.44686,10.093699,0.16752811,0.045796804,0.04
4310,-13.829824,3.375188,25.883692,7.958808,0.2695064,0.06436439,0.04
4311,-13.913137,3.2483532,25.997648,8.150528,0.3026198,0.060122374,0.04
4312,-13.929278,3.3402414,28.071545,8.629621,0.74750364,0.58965296,0.04
4313,-13.873752,3.109905,25.362057,7.7285013,0.21009943,0.042704344,0.04
4314,-14.024027,3.2245264,27.527617,8.524601,0.1447003,0.03222376,0.04
4315,-14.063428,3.4700513,31.528852,9.690476,0.46852797,0.1341144,0.04
4316,-14.053338,3.2935712,27.983767,8.630699,0.43498513,0.123592384,0.04
4317,-14.174135,3.6937907,34.367126,10.664077,0.5143603,0.1026486,0.04
4318,-14.195197,3.7926323,34.41897,10.596027,0.53371483,0.13909659,0.04
4319,-14.109321,4.1823583,37.446976,11.427347,0.49329847,0.24313483,0.04
4320,-13.934686,4.129482,34.785305,10.561068,0.5418614,0.1445216,0.04
4321,-13.879202,3.8264065,31.116207,9.336948,0.15944979,0.08752145,0.04
4322,-13.775303,3.4065046,25.719908,7.767198,0.6416375,0.20947637,0.04
4323,-13.907876,3.3722258,27.488504,8.513292,0.22375819,0.04164784,0.04
4324,-14.033235,3.4413137,30.810373,9.464937,0.40513396,0.10376284,0.04
4325,-14.0904875,3.535103,32.781616,9.950286,0.36163494,0.071890265,0.04
4326,-14.112819,3.4925718,33.384144,10.120059,0.43477887,0.103345305,0.04
4327,-13.982899,3.2779083,27.20003,8.386465,0.07800806,0.024037758,0.04
4328,-13.992027,3.4589999,30.131878,9.032539,0.40271887,0.1246176,0.04
4329,-13.971908,3.4954512,30.734339,9.427707,0.5309699,0.11550679,0.04
4330,-14.078158,3.4558554,31.357914,9.510883,0.5919534,0.17815465,0.04
4331,-14.144217,3.6265035,33.37511,10.316096,0.45625257,0.08987768,0.04
4332,-14.082229,3.6668918,32.428585,9.878789,0.27245677,0.19301736,0.04
4333,-13.864493,3.4502137,27.30231,8.539937,0.34096122,0.102236144,0.04
4334,-14.019456,3.6389534,30.341063,9.42353,2.0228329,0.47012755,0.04
4335,-14.042998,3.541959,31.445082,9.56433,0.4665421,0.17297792,0.04
4336,-13.947892,3.4548512,28.409527,8.682718,0.9328903,0.23922698,0.04
4337,-13.886005,3.344996,27.078575,8.264696,0.7228805,0.13871953,0.04
4338,-14.16322,3.6908135,34.62657,10.758555,0.35277265,0.111444235,0.04
4339,-14.1157465,3.7955666,34.331238,10.5743,1.0277339,0.22735679,0.04
4340,-14.032063,3.784918,32.59346,9.98696,0.72846794,0.2319694,0.04
4341,-13.892939,3.6450624,29.20258,8.865718,0.6709734,0.2701696,0.04
4342,-13.937262,3.6772733,30.519833,9.280721,0.10279223,0.024400692,0.04
4343,-13.900902,3.553613,27.98586,8.5957775,0.7523357,0.22741202,0.04
4344,-13.874454,3.3990412,27.064535,8.389852,0.37356532,0.07965985,0.04
4345,-13.96547,3.4121523,28.7154,8.880068,0.350528,0.073003635,0.04
4346,-13.867596,3.1024575,24.125084,7.446435,0.112445876,0.034257248,0.04
4347,-13.963742,3.2182443,27.179054,8.359393,0.26141125,0.048588414,0.04
4348,-14.065789,3.511885,31.695515,9.459499,1.0386972,0.44413936,0.04
4349,-14.040939,3.2840292,29.365868,9.173566,0.54280734,0.20889917,0.04
4350,-14.137536,3.3927355,31.635792,9.688596,0.40213236,0.13363525,0.04
4351,-14.101469,3.5228667,31.304897,9.647553,0.25833982,0.062449817,0.04
4352,-13.9185705,3.382623,27.487984,8.175538,0.82910967,0.21203396,0.04
4353,-13.900927,3.2784278,26.663399,8.0141535,0.3059819,0.036346074,0.04
4354,-13.847438,3.067787,23.853954,7.331709,0.9529687,0.26959622,0.04
4355,-14.012796,3.0845728,26.987917,8.22544,0.2910741,0.07004303,0.04
4356,-14.150519,3.3790257,31.839596,10.144632,0.91953176,0.1645955,0.04
4357,-14.1048765,3.278856,30.12265,9.436434,0.62819797,0.1282808,0.04
4358,-14.038119,3.491325,30.99499,9.408589,0.28687438,0.08689363,0.04
4359,-13.9665785,3.3641245,28.94388,8.951364,0.5270586,0.11910366,0.04
4360,-14.092327,3.3285334,30.18962,9.284815,0.2977702,0.0673228,0.04
4361,-14.06812,3.4855216,30.89632,9.56177,0.4525213,0.11629132,0.04
4362,-14.060752,3.568953,32.427376,9.671985,0.3698845,0.11280734,0.04
4363,-13.978946,3.4689558,29.831442,9.23764,0.38824108,0.09796305,0.04
4364,-13.910696,3.1313264,25.850868,8.141351,0.72847986,0.19338088,0.04
4365,-13.998236,3.2128768,27.648632,8.497779,0.23494872,0.040657714,0.04
4366,-14.0038185,3.340225,29.116844,8.890942,0.53481525,0.09454265,0.04
4367,-14.004248,3.2550395,27.971197,8.49297,0.5545714,0.1801519,0.04
4368,-13.950776,3.2095842,26.979929,8.457196,0.55580497,0.1310056,0.04
4369,-14.066682,3.2803948,29.115046,8.978697,0.5357874,0.13664009,0.04
4370,-13.998012,3.2742245,27.745424,8.606822,0.6269113,0.18105252,0.04
4371,-13.998434,3.2669342,28.199549,8.684561,0.17324199,0.07043035,0.04
4372,-14.029214,3.3090146,29.04904,8.885731,0.5477949,0.13331133,0.04
4373,-14.126754,3.451011,31.230669,9.697687,0.508139,0.112763494,0.04
4374,-14.096588,3.5236666,32.630383,9.816598,0.2935356,0.08339139,0.04
4375,-13.919434,3.2895892,27.181768,8.256777,0.45748875,0.12074901,0.04
4376,-13.839336,3.1797104,25.478765,7.7523174,0.32787693,0.106970415,0.04
4377,-14.022187,3.1888995,28.246105,8.6619835,0.33778515,0.07631053,0.04
4378,-14.087225,3.215485,29.450136,9.127711,0.59865594,0.13819404,0.04
4379,-14.081853,3.1779578,28.45069,8.682941,0.12839839,0.047244973,0.04
4380,-14.126106,3.4654791,32.06672,9.835771,0.84777886,0.17229237,0.04
4381,-14.03634,3.2505372,27.762535,8.65958,0.3040607,0.08666341,0.04
4382,-14.112351,3.4325335,30.628305,9.552413,0.3640958,0.10462432,0.04
4383,-14.104071,3.533294,31.82259,9.942559,0.568514,0.1632062,0.04
4384,-14.078296,3.7249246,33.03318,10.248831,0.6765437,0.16227977,0.04
4385,-14.017822,3.6428096,30.582758,9.534343,0.4449098,0.10067608,0.04
4386,-14.056554,3.7227702,32.123707,9.954356,0.25819233,0.054344673,0.04
4387,-13.801659,3.454951,27.208769,8.261745,0.54729813,0.16783226,0.04
4388,-13.868088,3.3944948,27.458687,8.227521,0.2637647,0.11829105,0.04
4389,-13.794991,3.0696828,23.86596,7.193683,0.91171837,0.29165006,0.04
4390,-13.958183,3.1852298,27.269497,8.251727,0.26147416,0.05746929,0.04
4391,-13.914616,2.9685812,23.717539,7.276467,0.12055686,0.052279864,0.04
4392,-14.009629,3.0262883,25.477352,8.013998,0.41479567,0.07976945,0.04
4393,-14.102111,3.3981328,30.951824,9.53332,0.669118,0.16430442,0.04
4394,-14.117795,3.4588315,33.081818,9.84996,0.6164644,0.17406906,0.04
4395,-13.9240055,3.067714,25.564772,7.739066,0.5559145,0.15449174,0.04
4396,-13.974666,3.1561644,27.33949,8.4195,0.58995736,0.15264527,0.04
4397,-14.107045,3.2716017,29.463076,9.135339,0.36644813,0.08685793,0.04
4398,-14.099575,3.377352,29.896248,9.109734,0.32485116,0.08352713,0.04
4399,-14.03759,3.4822693,30.717886,9.589899,0.28209308,0.053772278,0.04
4400,-13.884615,3.1392434,25.461658,8.004742,0.436848,0.100419335,0.04
4401,-13.986959,3.138205,27.33925,8.405123,0.16131073,0.0817338,0.04
4402,-14.062524,3.4430037,30.54367,9.172688,0.5041817,0.14055166,0.04
4403,-14.097375,3.5083752,31.073078,9.442903,0.2153077,0.06587805,0.04
4404,-13.921657,3.560149,30.197474,9.217874,0.396668,0.08829905,0.04
4405,-13.982948,3.6490538,31.66144,9.660964,0.42498899,0.19581954,0.04
4406,-14.071326,3.6316082,32.20668,9.757107,0.28943467,0.13040443,0.04
4407,-13.976789,3.523386,28.79937,8.883337,0.07869854,0.022057287,0.04
4408,-13.984643,3.6718004,31.667854,9.936044,0.16839801,0.03603036,0.04
4409,-13.891071,3.4706612,28.58782,8.636691,0.7243971,0.14356261,0.04
4410,-13.858152,3.2105896,25.091818,7.7996426,0.5197958,0.10211326,0.04
4411,-13.92468,3.216808,26.821552,8.135481,0.30206603,0.09217855,0.04
4412,-14.09058,3.3241017,29.710888,8.954137,0.34408438,0.035026904,0.04
4413,-14.015127,3.4019175,29.212305,8.845272,0.32355094,0.08547204,0.04
4414,-13.8724785,3.0902848,24.064949,7.3413057,0.07458779,0.024759663,0.04
4415,-13.96525,3.1975908,26.852121,8.315879,0.4317712,0.109474145,0.04
4416,-14.06119,3.239015,28.551992,8.723045,0.8701613,0.21356761,0.04
4417,-14.060174,3.479686,31.680891,9.591069,0.5637287,0.11752495,0.04
4418,-14.117306,3.6312234,34.010532,10.411949,0.24283376,0.053275503,0.04
4419,-14.029797,3.6783574,32.56683,10.157725,0.54561675,0.13189925,0.04
4420,-14.022817,3.5432038,30.372063,9.478339,0.48042256,0.063239396,0.04
4421,-14.021935,3.678086,32.584984,9.958166,0.7485069,0.2085177,0.04
4422,-13.995491,3.6317263,31.592798,9.673326,0.7438657,0.21464744,0.04
4423,-14.048513,3.4633934,30.741568,9.599689,0.32255742,0.076229826,0.04
4424,-13.9721155,3.425229,29.825222,8.941373,0.4506375,0.099076994,0.04
4425,-13.971627,3.237694,27.195728,8.400859,0.29731843,0.06530788,0.04
4426,-13.862669,3.219843,25.996208,7.971853,0.23573752,0.057157546,0.04
4427,-13.953156,3.1563623,26.935547,8.073895,0.1758319,0.07045453,0.04
4428,-13.916852,3.0458083,25.45122,7.7702484,0.8488149,0.1982704,0.04
4429,-14.047366,3.161356,28.169933,8.609021,0.2659671,0.05439107,0.04
4430,-14.125086,3.300198,30.147858,9.378439,0.67958415,0.18029647,0.04
4431,-14.141758,3.5739877,32.67607,10.1491785,0.9713285,0.25130293,0.04
4432,-14.035504,3.6609678,32.23681,9.960687,0.96516526,0.32512152,0.04
4433,-14.019991,3.3681827,29.98391,9.199776,0.4051442,0.09773154,0.04
4434,-14.077184,3.4811096,32.444523,9.912151,0.3407685,0.08321756,0.04
4435,-14.100635,3.4787958,31.564793,9.696474,0.28630644,0.07339145,0.04
4436,-14.038735,3.6726854,33.453445,10.273666,0.4936628,0.1694568,0.04
4437,-13.874342,3.4882746,28.27814,8.658839,0.3594438,0.0981789,0.04
4438,-13.934984,3.5440423,30.04679,9.09628,0.6552218,0.15890273,0.04
4439,-14.012062,3.423531,29.709116,9.193757,0.3401897,0.09346134,0.04
4440,-13.982519,3.3985546,29.125237,8.812248,0.4206442,0.10519749,0.04
4441,-14.051538,3.462352,30.462202,9.360369,1.0391594,0.22355804,0.04
4442,-13.951978,3.396365,29.266422,8.82458,0.20449586,0.052776296,0.04
4443,-14.033879,3.449964,30.199825,9.201272,0.3825326,0.054274943,0.04
4444,-14.022456,3.6230454,32.344616,10.105324,0.51618606,0.18140167,0.04
4445,-14.017457,3.4361506,30.700882,9.28748,0.51404494,0.13530225,0.04
4446,-13.900227,3.2924867,27.307804,8.111892,0.14165145,0.0574216,0.04
4447,-14.009279,3.254762,27.472673,8.638174,0.32987383,0.099244416,0.04
4448,-13.986185,3.3512676,29.088718,8.86703,0.21265453,0.06292306,0.04
4449,-14.019161,3.3868902,29.711477,9.261397,0.6933896,0.28801256,0.04
4450,-14.020657,3.4103377,29.821342,9.1500435,0.6136941,0.18477921,0.04
4451,-14.059189,3.4711134,31.237034,9.553887,0.87720966,0.35166195,0.04
4452,-14.028371,3.459845,30.74889,9.499688,0.32574874,0.10161086,0.04
4453,-14.180178,3.6463745,34.174606,10.428778,0.35434774,0.10491865,0.04
4454,-14.198458,4.015203,37.752888,11.428578,0.67989784,0.15045583,0.04
4455,-14.009788,3.6096768,30.682737,9.440072,0.52857006,0.12748913,0.04
4456,-13.953142,3.5127926,28.878748,8.916413,0.09548069,0.025075894,0.04
4457,-14.011564,3.6583872,31.860355,9.600668,0.80890113,0.30288446,0.04
4458,-13.945922,3.5605,29.90064,9.049542,0.42373773,0.084508,0.04
4459,-14.016846,3.4761403,30.143087,9.266673,0.2622698,0.074074306,0.04
4460,-14.065493,3.5797975,31.875074,9.817458,0.504686,0.107689716,0.04
4461,-14.010183,3.5406628,30.882408,9.585254,0.62312436,0.16992919,0.04
4462,-13.977166,3.3267689,28.842358,8.809755,0.9161003,0.30089116,0.04
4463,-14.052142,3.3995683,30.404778,9.270651,0.5582479,0.17713119,0.04
4464,-14.04061,3.656455,30.98097,9.561852,1.1097379,0.28890687,0.04
4465,-14.1027355,3.5769353,31.824518,9.882161,1.1000121,0.22960712,0.04
4466,-13.991713,3.3981302,29.01497,8.95308,0.98579913,0.23812512,0.04
4467,-14.034203,3.4748943,30.573671,9.129468,0.3509547,0.17428176,0.04
4468,-13.937552,3.2690055,26.928907,8.3885145,0.23342805,0.058258593,0.04
4469,-13.989653,3.2946725,28.380457,8.709472,0.15998237,0.030640045,0.04
4470,-14.037226,3.302616,28.82671,8.903102,0.6093502,0.15984194,0.04
4471,-14.061195,3.3870125,29.425062,9.143724,0.6592429,0.14597175,0.04
4472,-14.11216,3.5666518,31.871624,9.580022,0.22623704,0.056292783,0.04
4473,-14.13817,3.7419045,33.43494,10.2712345,0.27588132,0.07600036,0.04
4474,-14.082061,4.0635495,35.90683,11.108378,1.0559214,0.40926024,0.04
4475,-13.822772,3.1968741,24.76625,7.7165294,0.40007797,0.0788214,0.04
4476,-14.014657,3.4084945,30.099674,9.196345,0.29692584,0.14954364,0.04
4477,-14.01991,3.3221734,28.993332,9.221632,0.33528212,0.16691333,0.04
4478,-14.015992,3.411052,30.406784,9.21684,0.502823,0.16156179,0.04
4479,-14.077265,3.568469,31.895683,9.745115,0.74740964,0.13212405,0.04
4480,-14.1035595,3.7077959,33.842545,10.318709,0.660413,0.19956042,0.04
4481,-14.01123,3.6527016,31.660053,9.503537,0.365235,0.102761135,0.04
4482,-13.99842,3.7066963,31.986511,9.713903,0.2866483,0.058244172,0.04
4483,-13.938516,3.570265,29.785563,9.107832,0.39947927,0.10482276,0.04
4484,-13.9546175,3.558682,30.75138,9.371378,0.40641114,0.12982562,0.04
4485,-14.02525,3.5996652,30.206062,9.419272,2.1392038,0.41047436,0.04
4486,-14.048121,3.2750888,29.039358,8.945811,0.4677615,0.12858829,0.04
4487,-13.954847,3.1424687,25.623068,7.896412,0.4054158,0.11509272,0.04
4488,-14.053018,3.2694988,29.092096,8.909705,0.17202537,0.06824825,0.04
4489,-13.956476,3.178184,26.931267,8.198269,0.2834107,0.06530666,0.04
4490,-14.110035,3.4678624,32.03808,9.860408,0.38037488,0.111457884,0.04
4491,-14.075322,3.5635405,31.367971,9.666444,0.44581234,0.08838452,0.04
4492,-14.095957,3.6818233,33.7547,10.218133,0.35835323,0.119428456,0.04
4493,-14.054473,3.587919,31.095829,9.696504,0.16690627,0.042193197,0.04
4494,-14.077967,3.6537948,32.380764,9.94252,0.1540248,0.029247098,0.04
4495,-13.972524,3.670581,31.593485,9.640603,0.426553,0.13746096,0.04
4496,-13.968815,3.5247574,29.47587,8.865325,0.463553,0.13153717,0.04
4497,-13.941364,3.3703103,27.223331,8.501219,0.54240674,0.14600898,0.04
4498,-13.89001,3.2024457,25.749386,8.009417,0.45409504,0.11906165,0.04
4499,-13.967996,3.3418825,30.150845,9.435973,0.7614703,0.23461583,0.04
4500,-14.018739,3.4231355,31.4722,9.659702,0.36118215,0.14144142,0.04
4501,-14.019362,3.2833798,28.017214,8.549457,0.3215764,0.14134312,0.04
4502,-14.080748,3.5261724,31.218805,9.63878,0.54120946,0.12801868,0.04
4503,-13.969834,3.4630897,28.655813,8.746261,0.45505166,0.117754266,0.04
4504,-14.042255,3.4558508,30.426167,9.2616005,0.2322992,0.05161394,0.04
4505,-14.000079,3.4909635,30.044065,9.377931,0.6011402,0.19107552,0.04
4506,-14.039238,3.539509,30.866896,9.564361,0.32225785,0.09253196,0.04
4507,-14.060076,3.6373887,31.83167,9.88325,0.94250154,0.20594332,0.04
4508,-13.989554,3.5229573,30.819517,9.647324,0.69420004,0.22704019,0.04
4509,-13.975567,3.5219028,29.215763,9.061135,0.4326003,0.09864891,0.04
4510,-14.149934,3.5382502,32.498287,10.199982,0.38840026,0.092307076,0.04
4511,-14.131073,3.8314576,34.584526,10.924042,0.27573714,0.06643399,0.04
4512,-14.018394,3.8850107,34.123207,10.569252,0.5144703,0.14069676,0.04
4513,-13.889486,3.5155835,28.18835,8.574381,0.5176844,0.12325174,0.04
4514,-13.841312,3.3649743,26.35324,8.115846,0.47264042,0.15272883,0.04
4515,-14.0850935,3.4871585,31.642286,9.753063,0.38734883,0.13245219,0.04
4516,-14.127284,3.726382,35.06218,10.713554,0.6967582,0.14683881,0.04
4517,-13.987098,3.5827377,30.670294,9.544736,0.35039037,0.08175279,0.04
4518,-13.874047,3.1705978,25.444408,8.047877,0.7334646,0.16054794,0.04
4519,-13.989368,3.1431026,27.67868,8.243269,0.38389418,0.09362301,0.04
4520,-13.980297,3.1085548,27.213854,8.1526165,0.30276573,0.16829701,0.04
4521,-14.010619,3.0713215,26.37562,8.072533,0.3492934,0.11292142,0.04
4522,-14.077716,3.1613743,28.204096,8.587035,0.54920596,0.11749059,0.04
4523,-14.046027,3.1303458,27.080162,8.227506,0.08599772,0.018868955,0.04
4524,-14.151938,3.5488744,33.745037,10.373679,0.54999685,0.13403954,0.04
4525,-14.041491,3.415845,29.859339,9.338681,0.37614793,0.089502044,0.04
4526,-14.165456,3.612264,33.305225,10.31432,0.562154,0.13939427,0.04
4527,-14.09191,3.733046,32.84188,10.075166,0.21666604,0.06647806,0.04
4528,-14.068994,3.8551743,33.895042,10.590825,0.24285875,0.070437945,0.04
4529,-14.03089,4.011599,35.0775,10.778928,0.55894285,0.18013068,0.04
4530,-13.870125,3.918873,30.796326,9.483504,1.7811596,0.40762413,0.04
4531,-13.917215,3.3831377,27.413252,8.493244,0.15471517,0.032837108,0.04
4532,-13.964422,3.496875,29.925585,9.187754,0.6035157,0.17670685,0.04
4533,-13.938812,3.2212722,27.100159,8.485039,0.35046968,0.083118506,0.04
4534,-13.944381,2.9854841,23.993496,7.5412116,0.14329195,0.041026,0.04
4535,-13.960913,3.0525553,25.445066,7.955703,0.32509115,0.07825276,0.04
4536,-14.074936,3.081014,27.188576,8.467537,0.16066366,0.0384704,0.04
4537,-14.0438,3.1381557,26.881094,8.317924,0.12047062,0.022044823,0.04
4538,-14.1317625,3.4064424,31.006065,9.67151,0.5587093,0.12387616,0.04
4539,-14.136465,3.6080258,33.768402,10.353614,1.2436174,0.52775735,0.04
4540,-14.055399,3.5579443,31.200264,9.743609,0.6887547,0.18205461,0.04
4541,-14.110582,3.680676,32.992924,10.234155,0.6325661,0.15031178,0.04
4542,-14.073826,3.7305443,33.084263,10.080391,0.4925908,0.19806157,0.04
4543,-13.978784,3.761656,31.71633,9.624383,0.95295954,0.25077507,0.04
4544,-13.993013,3.5951767,29.89622,9.256184,0.27817428,0.08483158,0.04
4545,-13.964965,3.4510622,28.692724,8.885353,0.7135196,0.36116374,0.04
4546,-14.039963,3.4379046,30.061752,9.3824215,0.4428396,0.15331236,0.04
4547,-13.982578,3.504851,29.75965,9.135855,0.33917874,0.13245532,0.04
4548,-14.02793,3.5795212,31.604023,9.562117,0.6181383,0.22252941,0.04
4549,-14.026727,3.478104,30.174473,9.36878,0.59552604,0.16126253,0.04
4550,-13.965621,3.4918072,29.318018,9.234328,0.5259008,0.21417992,0.04
4551,-13.932818,3.4116857,28.459064,8.633541,0.269896,0.05352808,0.04
4552,-13.95575,3.477311,29.53121,8.929289,0.6832456,0.20695777,0.04
4553,-13.924832,3.388009,27.992298,8.7078705,0.37892845,0.0681096,0.04
4554,-14.031365,3.407695,29.621387,9.066536,0.29043734,0.07689411,0.04
4555,-14.014824,3.3592644,28.522268,8.804342,0.1568692,0.039348423,0.04
4556,-14.033544,3.5360758,30.11498,9.34601,1.1271894,0.30499014,0.04
4557,-14.080157,3.4672654,30.508118,9.374153,0.1146666,0.03794813,0.04
4558,-13.996429,3.4358563,28.329145,8.884284,0.28396612,0.06513807,0.04
4559,-13.947084,3.5090158,29.02651,8.924581,0.74519265,0.2008776,0.04
4560,-14.000278,3.452897,30.224215,9.225284,0.8172421,0.13964894,0.04
4561,-13.942564,3.2840798,27.271868,8.384978,0.8718162,0.37236494,0.04
4562,-14.102742,3.4920666,33.170353,10.096221,0.6537987,0.1914258,0.04
4563,-14.121813,3.4779592,31.51824,9.576982,0.7804693,0.17187257,0.04
4564,-13.985711,3.434111,28.988981,8.895992,0.31206995,0.08664929,0.04
4565,-13.990764,3.375511,28.764004,8.650295,0.3600018,0.07816208,0.04
4566,-14.007734,3.350435,28.197746,8.813858,0.25076652,0.063264765,0.04
4567,-13.9547825,3.4631894,29.65907,9.082172,0.71954113,0.23722175,0.04
4568,-14.013873,3.3949797,30.096218,9.025882,0.15445393,0.044739414,0.04
4569,-13.978817,3.5014334,30.794369,9.533354,0.74382603,0.18086222,0.04
4570,-14.1528015,3.483233,32.779312,10.226403,0.40473896,0.15541176,0.04
4571,-14.094536,3.5729446,32.354317,10.1061535,0.24570681,0.037593026,0.04
4572,-14.0328455,3.615861,31.883688,9.845901,0.6326811,0.15105593,0.04
4573,-13.953604,3.4461794,28.902395,8.79522,0.5394975,0.1718228,0.04
4574,-13.958071,3.2943835,27.366476,8.343306,0.18412222,0.034289315,0.04
4575,-13.953785,3.3916702,28.827536,8.820489,0.34496185,0.16218469,0.04
4576,-13.967527,3.2784898,27.689365,8.57577,0.3073226,0.06480737,0.04
4577,-13.943252,3.1072764,26.07009,8.114075,0.7564772,0.19250531,0.04
4578,-14.049738,3.3178315,29.705742,9.327089,0.64169365,0.119945385,0.04
4579,-14.087995,3.3481188,30.369425,9.438224,0.66355014,0.16246617,0.04
4580,-14.077375,3.432303,30.84849,9.184157,0.31071225,0.12667765,0.04
4581,-14.07916,3.604578,32.617405,9.941743,0.19354671,0.08896013,0.04
4582,-13.975927,3.5135176,29.756607,9.10818,0.3579126,0.10306201,0.04
4583,-13.984187,3.523697,29.926203,9.352074,1.1512064,0.30407897,0.04
4584,-13.987807,3.7364972,33.115746,10.185524,0.783631,0.20545202,0.04
4585,-13.87496,3.3805127,26.723688,8.19967,0.1941666,0.06573247,0.04
4586,-13.914539,3.2802358,26.189325,8.247247,0.362182,0.07467651,0.04
4587,-13.931533,3.3000937,27.561176,8.610672,0.10274958,0.024345722,0.04
4588,-14.00202,3.4478166,30.410534,9.3349495,0.7331543,0.1756369,0.04
4589,-13.95455,3.2846467,26.96213,8.280413,0.21213755,0.049740575,0.04
4590,-13.878336,3.123247,25.165745,7.545804,0.29972664,0.053042054,0.04
4591,-14.026965,3.200841,27.380695,8.4232235,0.51418275,0.1023946,0.04
4592,-14.156166,3.4670281,31.803673,9.7311125,0.84165895,0.45611122,0.04
4593,-14.170172,3.6954725,35.338806,10.606595,0.4620716,0.16524361,0.04
4594,-13.994288,3.8011596,33.144302,10.214932,0.7124668,0.19947957,0.04
4595,-13.839233,3.1781876,23.891499,7.5189614,0.51021564,0.13158567,0.04
4596,-14.1080885,3.6140115,32.9613,10.286788,0.9291776,0.24350858,0.04
4597,-14.057849,3.620852,32.092278,9.813866,0.421614,0.13140641,0.04
4598,-14.086335,3.6369674,32.458553,9.889216,0.31078085,0.072242066,0.04
4599,-13.923127,3.3613832,27.018677,8.372694,0.6756255,0.1759881,0.04
4600,-13.865355,3.1953363,25.299053,7.7473407,0.24399926,0.086585246,0.04
4601,-14.027432,3.345611,29.479748,9.007854,0.6047143,0.159404,0.04
4602,-14.093854,3.4030712,30.102484,9.2344885,0.24328707,0.06792543,0.04
4603,-14.003038,3.4172168,29.336256,8.993492,0.83521444,0.17262158,0.04
4604,-13.930515,3.3717246,28.086971,8.789409,0.40763363,0.07327862,0.04
4605,-14.128675,3.567284,33.181637,10.409696,0.39956212,0.12549481,0.04
4606,-14.047988,3.4797087,30.194427,9.430208,0.20354053,0.0425992,0.04
4607,-14.061366,3.618906,30.896633,9.441106,1.0452108,0.28111005,0.04
4608,-14.032568,3.633276,31.690008,9.537557,0.25391868,0.06272046,0.04
4609,-14.01681,3.7256362,32.397934,9.952032,0.27223787,0.06343333,0.04
4610,-13.988894,3.654272,30.667114,9.352676,0.39833084,0.09266367,0.04
4611,-13.985501,3.562023,29.457003,9.200919,0.5975437,0.17318527,0.04
4612,-14.07359,3.7973952,33.906788,10.475367,0.2755259,0.10967528,0.04
4613,-13.89671,3.486925,28.011467,8.632729,0.5564237,0.12565911,0.04
4614,-14.002225,3.3812234,28.668194,9.044029,0.3472213,0.079162024,0.04
4615,-13.931631,3.1852193,26.14744,7.934976,0.37256584,0.07847174,0.04
4616,-14.086334,3.4388192,31.131838,9.464373,1.0165334,0.28028783,0.04
4617,-14.052217,3.3645523,30.619884,9.426839,0.56567526,0.16557263,0.04
4618,-14.021101,3.4731252,30.637468,9.574427,0.24408412,0.056870766,0.04
4619,-13.884822,3.4516373,27.400415,8.496902,0.9858357,0.21189444,0.04
4620,-13.791311,2.7909791,20.904427,6.697249,0.71808696,0.20236744,0.04
4621,-13.917217,2.8225555,23.267254,7.2062736,0.6857737,0.1688195,0.04
4622,-14.169255,3.1775172,30.134523,9.171911,0.6492503,0.18260214,0.04
4623,-14.220455,3.4467635,33.368282,10.251908,0.38523412,0.12689912,0.04
4624,-14.05189,3.6405547,32.75674,10.097262,0.58459866,0.18326396,0.04
4625,-13.843478,3.136261,24.792156,7.656498,0.39254713,0.12843166,0.04
4626,-14.01063,3.097184,26.186674,8.123915,0.25234368,0.0723223,0.04
4627,-14.00154,3.447058,30.237343,9.368851,1.2223977,0.23566745,0.04
4628,-14.081385,3.2015016,28.85076,8.819747,0.78577226,0.2579705,0.04
4629,-14.182379,3.4604642,33.877823,10.395608,0.41495812,0.11617607,0.04
4630,-14.122816,3.4181607,30.93117,9.785892,0.4225395,0.13848403,0.04
4631,-14.049644,3.4649065,29.682236,9.286303,0.3652087,0.09510674,0.04
4632,-14.0480585,3.5297606,31.52893,9.50859,0.5068515,0.12688242,0.04
4633,-13.996448,3.4655557,29.792206,9.191909,0.25248277,0.054246247,0.04
4634,-13.956308,3.3839223,28.450514,8.739025,0.57033944,0.24204013,0.04
4635,-14.001562,3.5339622,31.693989,9.703408,0.7701767,0.19096376,0.04
4636,-14.091294,3.6218371,33.583256,10.501051,0.43373254,0.11595755,0.04
4637,-14.078084,3.413442,30.75174,9.678297,0.5797541,0.16693795,0.04
4638,-13.901158,3.0961864,24.533953,7.7302847,0.7894904,0.20243707,0.04
4639,-13.989512,3.2601082,28.392155,8.786443,0.44040498,0.07903368,0.04
4640,-14.073216,3.3023682,29.829355,9.166275,0.53122234,0.07428893,0.04
4641,-14.175394,3.4947486,31.758337,9.824775,0.46342131,0.17311853,0.04
4642,-14.104278,3.5252497,31.094572,9.7100525,0.31607962,0.058965586,0.04
4643,-14.041079,3.5741827,31.372274,9.653652,0.19241215,0.043871757,0.04
4644,-14.02993,3.5695124,30.87996,9.449146,0.09779601,0.024735115,0.04
4645,-13.893187,3.4216647,27.444273,8.466942,0.1371684,0.027699409,0.04
4646,-13.832837,3.2238364,25.097622,7.6560235,0.251941,0.114338115,0.04
4647,-13.972777,3.214142,27.177868,8.442874,0.17763013,0.027317703,0.04
4648,-14.061069,3.3332963,30.16123,9.232032,0.924262,0.24991198,0.04
4649,-14.043906,3.2806726,28.33146,8.65062,0.9870733,0.27809858,0.04
4650,-14.069198,3.5159454,31.131292,9.395253,0.7319184,0.20024727,0.04
4651,-13.960576,3.3106809,27.45193,8.535852,0.2008176,0.08139941,0.04
4652,-14.022692,3.3632488,29.16308,8.928394,0.2824541,0.07563946,0.04
4653,-13.961444,3.213054,26.389626,7.971661,0.0972434,0.026711375,0.04
4654,-14.008796,3.3453574,28.542782,8.7366295,0.72538775,0.1547543,0.04
4655,-14.002334,3.4228597,30.078714,8.968785,0.71139544,0.15255962,0.04
4656,-14.065169,3.5549579,32.48718,9.832423,0.36564776,0.14256309,0.04
4657,-13.88966,3.210544,25.683325,8.169327,0.7822725,0.25180426,0.04
4658,-14.151336,3.6005518,34.534454,10.575483,0.335798,0.073309675,0.04
4659,-13.939837,3.4248767,28.400698,8.650882,0.37283832,0.033859663,0.04
4660,-13.922149,3.2102685,25.883574,8.017367,0.65371096,0.16455089,0.04
4661,-13.935287,3.182521,26.873688,8.314416,0.6271667,0.15542561,0.04
4662,-13.993492,3.2418513,28.15783,8.6796055,0.49133214,0.11480525,0.04
4663,-14.061851,3.280735,29.032171,8.947225,0.7718474,0.21499617,0.04
4664,-14.084095,3.5274062,31.712725,9.633688,1.0202564,0.23444907,0.04
4665,-14.055166,3.4049637,29.590181,8.999046,0.30862087,0.07060512,0.04
4666,-14.109282,3.6980774,33.5598,10.378672,0.62981385,0.18121079,0.04
4667,-13.960842,3.297703,27.104433,8.42612,0.22561923,0.09889484,0.04
4668,-13.965545,3.2465794,27.199312,8.393156,0.23696585,0.066813916,0.04
4669,-14.002799,3.2750049,28.661633,8.672265,0.29537663,0.08999428,0.04
4670,-14.0628,3.3596907,29.802607,9.060262,0.14809954,0.05466391,0.04
4671,-14.0139475,3.3561382,28.649277,8.738205,0.19699596,0.045949683,0.04
4672,-14.031621,3.4808135,29.752846,9.039738,0.6962405,0.18055137,0.04
4673,-14.066977,3.376727,29.98795,9.22065,0.91735953,0.31336886,0.04
4674,-14.194518,3.6451597,34.33887,10.723102,0.6106211,0.122284204,0.04
4675,-14.001263,3.5038795,29.175758,9.071506,0.079468064,0.027517915,0.04
4676,-13.996948,3.606113,30.341778,9.240432,0.28667128,0.045326937,0.04
4677,-13.933084,3.4545605,28.180029,8.8085985,0.41841316,0.10553142,0.04
4678,-13.944498,3.45534,29.60097,9.323962,0.6654635,0.15167923,0.04
4679,-13.945059,3.3451648,28.42495,8.700618,0.36021465,0.09166369,0.04
4680,-13.862609,3.2553716,26.599482,8.1461115,0.24420856,0.06580021,0.04
4681,-14.018692,3.372436,30.147507,9.179963,0.22519675,0.088471174,0.04
4682,-14.000873,3.2907343,28.14764,8.525126,0.14141712,0.11384701,0.04
4683,-13.994137,3.3144987,28.21091,8.706422,0.421971,0.10682726,0.04
4684,-13.992586,3.2400372,27.578957,8.41473,0.217253,0.059942294,0.04
4685,-14.166965,3.6596425,34.85483,10.76437,0.43306834,0.08627868,0.04
4686,-13.9512205,3.345573,27.822535,8.62158,0.11261636,0.031081554,0.04
4687,-13.972422,3.4330194,29.231615,8.853462,0.17725213,0.05927845,0.04
4688,-13.905863,3.2997358,26.34826,8.048947,0.4447552,0.11119721,0.04
4689,-13.957135,3.4389992,29.36908,8.998356,0.29204974,0.059080515,0.04
4690,-14.0239725,3.4115875,29.699911,9.219448,0.9048095,0.21134904,0.04
4691,-13.998477,3.2622838,27.046524,8.331574,0.59452486,0.13479242,0.04
4692,-14.0046,3.2179232,26.839209,8.398175,0.77040154,0.21877944,0.04
4693,-14.104313,3.5161147,32.588707,9.961743,0.38352045,0.13080348,0.04
4694,-14.052427,3.747519,34.331886,10.449691,0.49758625,0.10825648,0.04
4695,-13.975152,3.578022,29.87587,9.298681,0.23546195,0.07111941,0.04
4696,-13.996066,3.5612323,31.044985,9.56064,0.09634198,0.03028465,0.04
4697,-13.8977375,3.3547697,26.568026,7.995296,0.2954733,0.08957295,0.04
4698,-13.939498,3.3000822,27.543087,8.57792,0.1619109,0.036673326,0.04
4699,-13.831927,3.273284,27.321062,8.416991,0.3478371,0.08909866,0.04
4700,-13.9022255,3.058574,24.979704,7.784238,0.36929744,0.080152296,0.04
4701,-14.190812,3.4937112,34.514038,10.546359,0.832553,0.19076201,0.04
4702,-14.11844,3.3399043,30.15134,9.206897,0.37881625,0.09686132,0.04
4703,-13.990459,3.3659666,28.793003,8.952778,0.24362335,0.054676477,0.04
4704,-13.995207,3.3761413,29.260408,9.081298,0.42261383,0.09110325,0.04
4705,-14.120658,3.6226892,32.76786,10.032298,0.95988554,0.25698817,0.04
4706,-14.015142,3.6372547,31.719418,9.830596,0.58453816,0.16334765,0.04
4707,-13.914383,3.449444,28.280575,8.958838,0.7983336,0.2571954,0.04
4708,-14.042327,3.536058,31.990644,9.888606,0.36585543,0.07507421,0.04
4709,-13.941808,3.4145014,28.805872,8.847734,1.0993152,0.26997674,0.04
4710,-14.029476,3.267053,28.553673,8.856774,0.24935494,0.07822752,0.04
4711,-14.01551,3.31422,28.622202,8.926775,0.17368153,0.060378503,0.04
4712,-14.0943985,3.4827425,31.02407,9.5711775,0.66850877,0.16141526,0.04
4713,-13.925593,3.2687871,26.815811,8.372324,0.439484,0.09884103,0.04
4714,-14.054104,3.6630256,33.51878,10.137599,0.6953719,0.30450362,0.04
4715,-14.063191,3.6288204,33.466965,10.269819,0.32077858,0.05359512,0.04
4716,-13.930328,3.4239056,28.064995,8.8575945,0.70779616,0.16945754,0.04
4717,-14.005113,3.4064665,29.749304,9.226031,0.47014946,0.12570605,0.04
4718,-13.966101,3.4623742,29.5027,9.161991,0.9312758,0.24274626,0.04
4719,-14.063228,3.3771152,29.274298,9.07129,0.34237954,0.093350954,0.04
4720,-14.007524,3.3417532,29.155142,8.972342,0.6345301,0.15679991,0.04
4721,-13.977328,3.2282138,27.18334,8.430939,0.5601405,0.17510152,0.04
4722,-13.948983,3.2659752,27.336533,8.207603,0.62926465,0.18223882,0.04
4723,-13.992319,3.4803395,30.56555,9.310594,0.8255885,0.16994873,0.04
4724,-13.984541,3.2767506,27.142284,8.328667,0.098309316,0.03395542,0.04
4725,-13.8877945,3.255298,26.379932,8.013294,0.43826306,0.14656942,0.04
4726,-13.996818,3.1746242,27.282177,8.432296,0.31324944,0.07653239,0.04
4727,-13.970102,3.0700786,25.794794,7.8858533,0.23219594,0.04775591,0.04
4728,-14.162603,3.4513383,31.798594,9.724528,0.6473915,0.16671751,0.04
4729,-14.110348,3.4131503,30.379496,9.453602,0.14710075,0.048009075,0.04
4730,-14.108985,3.7140846,33.456646,10.273719,0.32400596,0.07883894,0.04
4731,-13.911125,3.5714743,29.285252,9.120219,0.2564478,0.072585724,0.04
4732,-13.94289,3.54598,29.706745,9.024631,0.91163075,0.21165463,0.04
4733,-13.908984,3.305107,26.281403,8.209883,0.13790941,0.042841095,0.04
4734,-13.976658,3.391044,29.530798,8.896153,0.36887208,0.11671649,0.04
4735,-14.060182,3.5966039,32.451153,9.922316,0.88313603,0.21525991,0.04
4736,-13.932062,3.377707,28.784199,8.702109,0.345043,0.1108221,0.04
4737,-13.892595,3.0686607,24.859625,7.5799623,0.13636836,0.03754927,0.04
4738,-14.04397,3.2434063,28.571566,8.59405,0.19209383,0.064085536,0.04
4739,-13.946464,3.2111773,27.11474,8.2225,0.24712257,0.041599534,0.04
4740,-13.995728,3.0747066,25.845652,7.908657,0.1833967,0.07361876,0.04
4741,-14.092637,3.2505648,29.390537,8.987426,0.22540887,0.046862867,0.04
4742,-14.236268,3.5348115,34.361916,10.436643,0.3527581,0.07932257,0.04
4743,-14.100725,3.547877,31.276554,9.684905,0.35189578,0.08651422,0.04
4744,-13.983612,3.52831,29.417295,9.054225,0.08109134,0.029321358,0.04
4745,-13.982336,3.5951276,30.819036,9.390641,0.3313837,0.09567271,0.04
4746,-13.97693,3.5925138,30.645401,9.411809,0.12517403,0.04165952,0.04
4747,-13.92884,3.544701,29.72674,9.195505,0.437443,0.11132757,0.04
4748,-13.917504,3.4228559,28.295809,8.485857,0.39761424,0.17090997,0.04
4749,-13.933309,3.2800162,27.011204,8.449339,0.23702182,0.035899628,0.04
4750,-13.975941,3.3088846,28.693247,8.872751,0.29123545,0.08869838,0.04
4751,-14.059792,3.2469137,28.05285,8.74789,0.096927926,0.025855064,0.04
4752,-14.0197935,3.2477684,27.402185,8.491737,0.11567272,0.02294214,0.04
4753,-13.931289,3.1725233,25.793207,8.067925,0.30248317,0.07798793,0.04
4754,-13.974198,3.1574202,26.55187,8.205318,0.601524,0.14613073,0.04
4755,-14.095262,3.3345935,29.811443,9.17044,0.56191015,0.17952867,0.04
4756,-14.060412,3.3510478,29.416946,9.005502,0.72590697,0.16728221,0.04
4757,-13.950673,3.2194226,26.832047,8.2415,0.2858907,0.050134633,0.04
4758,-13.995605,3.3063934,28.448637,8.836647,0.43841723,0.09206938,0.04
4759,-14.048866,3.367054,29.169111,8.82773,0.23752299,0.063751444,0.04
4760,-13.983421,3.3960238,28.332502,8.704725,0.4440218,0.13154116,0.04
4761,-13.931123,3.365422,28.58002,8.945726,0.795449,0.23113403,0.04
4762,-14.079221,3.6336005,33.86728,10.39677,0.94654965,0.20206268,0.04
4763,-14.04159,3.609824,32.404655,9.962127,0.43773976,0.0646937,0.04
4764,-13.978383,3.4490583,29.247274,9.128589,0.26169902,0.085398905,0.04
4765,-14.00717,3.6248329,32.052147,9.90643,0.4991538,0.08834302,0.04
4766,-13.928416,3.4119413,28.450638,8.661977,0.81852573,0.21498188,0.04
4767,-13.904092,3.2913456,27.248905,8.345522,0.34017155,0.17642128,0.04
4768,-13.917639,3.2580192,27.615417,8.399984,0.27768555,0.057875115,0.04
4769,-14.030933,3.4691412,31.557095,9.729741,0.30945367,0.083454795,0.04
4770,-13.966549,3.3933926,29.613914,8.9731455,0.39001006,0.13763592,0.04
4771,-13.973864,3.2495654,28.083261,8.600369,0.20191342,0.06590617,0.04
4772,-14.038414,3.3529663,29.583506,9.211697,0.3294072,0.14929606,0.04
4773,-14.17405,3.6873188,34.842754,10.621188,0.47665432,0.16046478,0.04
4774,-13.898422,3.4630857,27.50311,8.705653,0.5926909,0.16933756,0.04
4775,-13.956056,3.4286733,28.202501,8.759803,0.84190434,0.1969782,0.04
4776,-13.891207,3.2241316,26.425968,8.176513,0.5769347,0.13833636,0.04
4777,-13.763941,2.8311813,20.3382,6.340346,0.25265205,0.05691333,0.04
4778,-13.968033,3.0269868,25.08285,7.8114524,0.6320113,0.13600634,0.04
4779,-14.010642,3.0141063,25.712002,7.9694715,0.5298683,0.12375243,0.04
4780,-14.081339,3.2003248,28.294153,8.7019005,0.57923955,0.15007922,0.04
4781,-14.15555,3.4274292,31.76232,9.942377,0.5683496,0.16982187,0.04
4782,-14.167207,3.6409948,34.92289,10.634075,0.47052264,0.13877586,0.04
4783,-14.035318,3.6530669,32.779648,9.932181,0.16242084,0.05040213,0.04
4784,-14.018017,3.638134,31.837002,9.891317,0.8037762,0.1763105,0.04
4785,-13.919133,3.246087,26.552708,8.240789,0.6605111,0.18676284,0.04
4786,-14.0610075,3.5837784,33.15821,10.230465,0.40165612,0.17223872,0.04
4787,-13.909275,3.134897,25.676119,7.7915893,0.7956372,0.19568361,0.04
4788,-13.95579,3.1068118,26.210756,8.008593,0.47709677,0.1320735,0.04
4789,-14.01124,3.2442336,28.075943,8.573968,0.3783966,0.17064154,0.04
4790,-13.923308,3.602639,29.380632,8.9262,1.3179945,0.33693022,0.04
4791,-13.983268,3.1653953,27.706137,8.540085,0.50431377,0.11814518,0.04
4792,-14.083212,3.2304993,29.27187,8.934064,0.22354479,0.10882997,0.04
4793,-14.116552,3.4457448,31.55944,9.761074,0.767581,0.2065504,0.04
4794,-13.95868,3.3537176,27.889835,8.833438,0.6034406,0.18890277,0.04
4795,-13.980828,3.3831387,28.692604,8.941684,0.4493499,0.08970953,0.04
4796,-13.998595,3.4057727,29.980497,9.341007,0.24749033,0.05182707,0.04
4797,-13.881205,3.2225492,25.814886,7.9638267,0.6476595,0.2349139,0.04
4798,-13.963882,3.2451737,27.473757,8.436715,0.30765358,0.08062975,0.04
4799,-14.067127,3.2103138,28.478329,8.720097,0.20096932,0.044393554,0.04
4800,-14.111604,3.5539768,32.97862,10.132253,0.56695896,0.20877442,0.04
4801,-13.961079,3.5141551,30.47626,9.245843,0.3654865,0.097607575,0.04
4802,-13.939941,3.285227,27.598597,8.521236,0.7464207,0.19552965,0.04
4803,-13.944028,3.1144133,26.111542,7.98727,0.20265259,0.03876863,0.04
4804,-14.011501,3.2543182,28.408686,8.549234,0.36143512,0.06855522,0.04
4805,-14.0247755,3.2514572,28.409575,8.707621,0.50903267,0.11249914,0.04
4806,-13.937551,3.2080247,27.350887,8.406915,0.24345271,0.090562776,0.04
4807,-14.107178,3.36927,30.884182,9.770069,0.48817664,0.088280044,0.04
4808,-14.175226,3.787559,36.927227,11.2345,1.0118488,0.25879422,0.04
4809,-14.1338005,3.6681113,34.47856,10.543661,0.9295999,0.24442483,0.04
4810,-13.924135,3.3229902,27.084114,8.4015465,0.776476,0.26833707,0.04
4811,-13.868033,3.1073272,24.201895,7.5287347,0.6461384,0.18967062,0.04
4812,-14.008492,3.164853,27.099447,8.360861,0.16454892,0.038874745,0.04
4813,-14.095328,3.2448783,28.886295,8.997616,0.17083472,0.03849179,0.04
4814,-14.026412,3.2956896,29.62037,9.0137,0.91593754,0.2105132,0.04
4815,-14.068984,3.3590188,30.544067,9.341565,0.3803282,0.124876365,0.04
4816,-13.951321,3.1196463,25.930231,8.190199,0.2294931,0.06202316,0.04
4817,-14.037521,3.3103795,29.007866,9.070734,0.16926898,0.03292816,0.04
4818,-14.024576,3.442488,30.113758,9.213947,0.3233237,0.10140382,0.04
4819,-14.023801,3.4957328,30.888199,9.6155405,0.5058554,0.16806054,0.04
4820,-13.890448,3.3083415,26.754707,8.389657,0.3020512,0.07897053,0.04
4821,-13.879988,3.2352645,26.662392,8.297926,0.43623343,0.088168815,0.04
4822,-13.904533,3.0771503,24.687077,7.810388,0.1802556,0.04897816,0.04
4823,-14.026762,3.203507,28.538025,8.647954,0.25159046,0.121060126,0.04
4824,-13.989469,3.2432048,28.213495,8.574311,0.41302764,0.10907259,0.04
4825,-14.097198,3.3160353,30.580412,9.538429,0.26361784,0.07766479,0.04
4826,-14.02239,3.3997045,29.92464,9.297062,0.1644024,0.066459514,0.04
4827,-14.175721,3.7748044,36.122364,11.187062,0.4816481,0.1344421,0.04
4828,-14.0698185,4.0422606,36.579765,11.344799,0.43806562,0.090037994,0.04
4829,-13.900402,3.4323058,27.617165,8.613343,0.5441438,0.12841189,0.04
4830,-13.921796,3.389751,28.571682,8.773201,0.121321365,0.044151433,0.04
4831,-13.94509,3.2962265,28.451899,8.689395,0.76543355,0.17602317,0.04
4832,-13.959609,3.3133824,28.464964,8.513346,0.08935265,0.06547955,0.04
4833,-14.004964,3.56588,31.767643,9.854019,0.29695356,0.077885605,0.04
4834,-14.045076,3.3990414,30.832977,9.613127,0.59232277,0.23904309,0.04
4835,-13.892326,3.2298727,26.284575,8.101497,0.5433833,0.1088223,0.04
4836,-13.933284,3.4687314,30.058386,8.990278,0.56961304,0.27799186,0.04
4837,-13.987329,3.1450288,27.040375,8.334816,0.6506725,0.16524059,0.04
4838,-14.026912,3.3493803,30.111752,9.156719,0.2998923,0.08740158,0.04
4839,-14.049887,3.4586897,31.373976,9.456475,0.7375598,0.19689374,0.04
4840,-13.996715,3.4649277,30.763075,9.378195,0.5156152,0.13612504,0.04
4841,-13.872957,3.1796403,25.821362,7.8388004,0.5966802,0.17551833,0.04
4842,-13.911528,3.1354735,25.8966,7.8595304,0.27994385,0.07908941,0.04
4843,-14.009788,3.252681,28.569841,8.820578,0.5047021,0.063241325,0.04
4844,-14.023707,3.2464077,28.513723,8.655038,0.56099427,0.17769125,0.04
4845,-13.995564,3.3082843,28.895607,8.84618,0.08589387,0.028488182,0.04
4846,-14.025525,3.3368254,29.702671,9.029947,0.19520985,0.04300622,0.04
4847,-14.010638,3.3797224,28.368813,8.717433,1.4675958,0.2670409,0.04
4848,-13.902053,3.340915,28.2411,8.555489,0.41321537,0.16343217,0.04
4849,-13.984063,3.4455404,30.762314,9.58733,0.49565735,0.118669815,0.04
4850,-14.030016,3.5381067,32.135555,9.996831,0.98294747,0.1941763,0.04
4851,-14.038854,3.4620075,30.819618,9.725239,0.30745742,0.05775077,0.04
4852,-14.06615,3.482009,31.941193,9.815385,0.46612445,0.11953175,0.04
4853,-13.933488,3.4009092,28.232565,8.7024765,0.08163557,0.0523278,0.04
4854,-13.904744,3.3854048,28.058151,8.734839,0.32851616,0.07847733,0.04
4855,-13.952486,3.2757993,27.58833,8.409109,0.23343635,0.063062325,0.04
4856,-13.956853,3.1017866,25.392778,7.9706745,0.77795243,0.20476305,0.04
4857,-14.039255,3.4539087,31.07933,9.555715,0.67075115,0.10734757,0.04
4858,-14.090959,3.5610354,32.183216,9.894614,0.39181086,0.09722214,0.04
4859,-14.057559,3.7001898,32.728607,10.084713,0.4160247,0.12878428,0.04
4860,-14.00443,3.7034671,32.77183,10.219694,0.98785657,0.19806448,0.04
4861,-13.907098,3.3361506,26.669447,8.182718,0.24912515,0.06674766,0.04
4862,-14.028296,3.6477945,32.570534,9.95945,1.177984,0.2667019,0.04
4863,-14.020817,3.5432775,31.3215,9.671051,0.32853878,0.077873416,0.04
4864,-13.981964,3.568127,31.384115,9.636972,0.27974445,0.07998167,0.04
4865,-13.868008,3.4553497,28.083523,8.621923,0.67710525,0.20706335,0.04
4866,-13.9224,3.2724783,26.962807,8.278018,0.7793989,0.21100217,0.04
4867,-13.961032,3.2942762,27.95341,8.557877,1.1054231,0.40861425,0.04
4868,-14.052809,3.249318,29.644424,9.190331,0.5777673,0.16393258,0.04
4869,-14.018084,3.2155752,27.452662,8.522104,0.8350406,0.20766246,0.04
4870,-14.019764,3.4060085,29.74097,9.310431,0.5815346,0.15728542,0.04
4871,-14.022783,3.2712443,27.881016,8.523324,0.2753009,0.1515181,0.04
4872,-14.0076885,3.3261738,27.84395,8.821087,0.1706242,0.04321707,0.04
4873,-14.016725,3.4349654,29.3072,9.063509,0.17880458,0.04246307,0.04
4874,-13.963698,3.3674417,28.731195,8.675477,0.20335695,0.05366289,0.04
4875,-13.903709,3.1829247,25.032337,7.798622,0.24076228,0.041924026,0.04
4876,-13.891231,3.0820212,24.606483,7.572584,0.29232702,0.07434965,0.04
4877,-14.070912,3.3242733,28.857498,8.984323,0.8881357,0.25687853,0.04
4878,-14.1360445,3.5762482,32.527378,10.037659,0.21726881,0.08194128,0.04
4879,-14.057354,3.7158744,32.12267,9.899147,0.80119485,0.19683875,0.04
4880,-13.857921,3.3121045,25.419214,7.870563,0.14925724,0.036378562,0.04
4881,-13.905797,3.3546493,27.178339,8.3569765,0.5187729,0.2077138,0.04
4882,-13.977062,3.3112767,27.560766,8.593194,0.42199636,0.10410038,0.04
4883,-14.0305605,3.3367903,28.34945,8.991206,0.4587679,0.107791424,0.04
4884,-13.971428,3.3401566,27.134232,8.556373,0.4632582,0.08115078,0.04
4885,-13.937482,3.2926762,27.318016,8.462595,0.43899095,0.1037701,0.04
4886,-14.110328,3.4944785,31.912758,10.055223,0.7233687,0.17098887,0.04
4887,-14.131586,3.6802328,34.314068,10.508595,0.56519985,0.19647077,0.04
4888,-13.98873,3.558406,31.391748,9.620898,0.585625,0.145723,0.04
4889,-13.949018,3.2459195,26.579142,7.9162498,0.22272018,0.103963815,0.04
4890,-14.123893,3.4600549,30.989515,9.440179,0.2226873,0.05221616,0.04
4891,-13.992386,3.5411944,30.714582,9.336842,0.30351725,0.09976298,0.04
4892,-13.961794,3.4743314,29.295029,9.006597,0.7150702,0.09330006,0.04
4893,-14.029301,3.4085326,29.532768,9.120829,0.53412306,0.13539952,0.04
4894,-14.146455,3.5437598,32.471146,10.070713,0.42465398,0.14125167,0.04
4895,-14.029055,3.4348698,29.844818,9.192611,0.10831009,0.036663905,0.04
4896,-14.041718,3.492666,30.274734,9.164805,0.13108747,0.0986313,0.04
4897,-14.0121355,3.575952,30.67408,9.340506,0.18407738,0.03902113,0.04
4898,-13.958103,3.5851681,30.002592,9.035559,0.62867856,0.14313132,0.04
4899,-13.9206295,3.284683,26.371506,8.13862,0.5878584,0.08178413,0.04
4900,-14.118996,3.7844512,35.467678,10.846746,0.70065033,0.19370684,0.04
4901,-14.066504,3.772414,33.07742,10.064565,0.20049562,0.050287634,0.04
4902,-13.98143,3.681355,30.793024,9.356614,0.06963569,0.019991225,0.04
4903,-13.912348,3.4834368,28.235762,8.685165,0.30259633,0.06419462,0.04
4904,-13.949832,3.5550182,29.907803,9.160699,1.0549686,0.25222978,0.04
4905,-13.9120035,3.408902,27.10999,8.430054,1.2700385,0.39133987,0.04
4906,-14.036095,3.4020395,30.318598,9.465766,0.9713913,0.27774,0.04
4907,-14.148047,3.4328945,30.83685,9.487467,0.22847904,0.06300913,0.04
4908,-14.023827,3.5443776,30.176846,9.0164995,0.98953575,0.794162,0.04
4909,-13.854159,3.128025,24.057198,7.447699,0.1599585,0.049686242,0.04
4910,-13.952852,3.1637752,26.278372,7.935788,0.41818878,0.11665991,0.04
4911,-13.91375,3.1142478,25.616808,7.7380557,0.23417592,0.069095016,0.04
4912,-14.053947,3.263831,28.82571,8.970241,0.69089055,0.18956304,0.04
4913,-14.062016,3.2961757,29.32141,9.131674,0.39475828,0.10280885,0.04
4914,-13.877535,3.0333056,24.830484,7.7650084,0.5037009,0.13367933,0.04
4915,-13.951183,3.0492568,25.755306,7.9354935,0.7704467,0.1998413,0.04
4916,-14.162123,3.166088,29.725193,9.101198,0.7319258,0.26375377,0.04
4917,-14.255547,3.737278,36.73703,11.315462,0.5262168,0.17412366,0.04
4918,-14.204411,3.8527257,36.658504,11.088159,0.8818265,0.27174702,0.04
4919,-14.018565,3.7665904,32.029945,9.728006,0.8256954,0.19029097,0.04
4920,-13.8664255,3.2791188,25.221113,7.8673663,0.23187129,0.081415504,0.04
4921,-13.952732,3.2265,26.277977,8.298211,0.18125929,0.079692855,0.04
4922,-14.014736,3.3226476,28.693163,8.739984,0.41702574,0.046127077,0.04
4923,-14.028743,3.3213956,28.468966,8.753135,0.33406273,0.07486981,0.04
4924,-14.035346,3.3157985,28.151861,8.564743,0.39283803,0.075299576,0.04
4925,-13.949223,3.236496,26.6605,8.151758,0.4791574,0.08881729,0.04
4926,-13.916625,3.078976,24.290798,7.480022,0.2151758,0.05810978,0.04
4927,-14.018727,3.0931,26.324726,8.059315,0.17172122,0.063254386,0.04
4928,-13.983441,3.1484172,26.403679,8.110904,0.1477518,0.051170263,0.04
4929,-14.009545,3.2325401,28.264805,8.735561,0.26762763,0.072127186,0.04
4930,-14.169959,3.3689044,30.912186,9.521157,0.68632776,0.17497711,0.04
4931,-14.167588,3.7344942,35.421417,10.904751,0.39930603,0.08663316,0.04
4932,-14.173797,3.9008102,36.59169,11.2409115,0.32773766,0.08942777,0.04
4933,-13.948043,3.6682491,29.771559,9.098112,0.79269576,0.24683328,0.04
4934,-13.988572,3.788017,32.229763,9.875751,0.18786202,0.06102396,0.04
4935,-13.944396,3.7541459,31.075949,9.824406,0.37804428,0.10925796,0.04
4936,-13.953306,3.7360606,31.16262,9.541661,0.8008951,0.15421589,0.04
4937,-13.859048,3.2418225,25.807293,7.870919,0.27655777,0.07300234,0.04
4938,-14.029449,3.1933012,27.560764,8.477048,0.13349937,0.04573808,0.04
4939,-13.941896,3.2049553,26.917522,8.212231,0.5048896,0.12966986,0.04
4940,-14.030405,3.4738739,31.352448,9.599216,0.7869797,0.19474554,0.04
4941,-14.172522,3.4467485,31.951988,9.7027445,0.46511722,0.18111017,0.04
4942,-14.246128,3.7783873,37.36314,11.430776,0.48675108,0.16298978,0.04
4943,-14.238204,3.9872718,37.58365,11.659059,0.5516346,0.1908258,0.04
4944,-14.168621,4.1209545,37.681522,11.536372,0.3926144,0.092626765,0.04
4945,-13.878634,3.7168186,29.630987,9.305289,0.5186282,0.14641908,0.04
4946,-13.739396,3.2007442,23.079973,7.0645995,0.23216768,0.063314945,0.04
4947,-13.881076,3.2387536,26.527203,8.168352,0.584462,0.09467302,0.04
4948,-14.02086,3.3712246,30.238768,9.194472,0.42081183,0.13672669,0.04
4949,-14.017022,3.516986,30.870407,9.600953,0.38434452,0.062735215,0.04
4950,-13.909995,3.2722678,26.50092,8.326027,0.26702815,0.06311995,0.04
4951,-13.962493,3.301134,27.48951,8.342012,0.35158125,0.076307796,0.04
4952,-13.9055195,3.1029384,24.969494,7.5946345,0.2001732,0.09128927,0.04
4953,-13.943693,3.0319085,24.856606,7.720374,0.27816886,0.04886906,0.04
4954,-14.007034,3.068269,25.788683,7.947313,0.31950733,0.07784576,0.04
4955,-14.042632,3.23377,28.761229,8.849978,0.52385575,0.14671977,0.04
4956,-14.02298,3.3076477,28.61035,8.645607,0.36560723,0.09220795,0.04
4957,-14.121748,3.5599594,32.920868,10.186997,0.6216615,0.121529795,0.04
4958,-13.933731,3.2237225,26.640701,8.084717,0.22361742,0.05360517,0.04
4959,-14.008045,3.3031986,28.45044,8.751001,0.32092008,0.06340136,0.04
4960,-14.026918,3.4673395,30.846209,9.33653,0.33204868,0.18876915,0.04
4961,-14.037652,3.4196587,29.375422,8.88482,0.35981128,0.073476285,0.04
4962,-14.019099,3.4591508,30.077766,9.27914,0.5301483,0.16179973,0.04
4963,-14.022086,3.5836875,31.483913,9.49718,0.25989997,0.055213727,0.04
4964,-13.87873,3.3394976,27.656513,8.398528,0.8611866,0.32435828,0.04
4965,-13.9782295,3.3461776,28.838102,8.7734,0.24393164,0.05565894,0.04
4966,-13.991722,3.396571,29.917997,9.155845,0.48333186,0.09697706,0.04
4967,-13.969902,3.1974995,26.671654,8.221147,0.35348475,0.05734041,0.04
4968,-14.051452,3.325395,29.425898,9.119351,0.69074756,0.20519221,0.04
4969,-14.056494,3.2654061,29.324156,8.955029,0.46078786,0.11327202,0.04
4970,-13.979972,3.2882576,28.676147,8.651508,0.53361017,0.15658416,0.04
4971,-14.05675,3.3171961,30.368288,9.385413,0.5454452,0.19557582,0.04
4972,-14.05216,3.4145343,31.733397,9.938733,0.38376805,0.0667081,0.04
4973,-14.100407,3.390404,31.576778,9.898485,0.8480124,0.226083,0.04
4974,-14.091206,3.4116113,30.524622,9.355354,0.5395232,0.16252188,0.04
4975,-14.130232,3.607538,33.784786,10.384709,0.6016606,0.15402427,0.04
4976,-14.053637,3.4441764,30.508152,9.490982,0.19730017,0.045158982,0.04
4977,-13.85986,3.1215215,24.790335,7.717729,0.17855209,0.051246174,0.04
4978,-13.965996,3.1499517,28.197577,8.835262,0.6391583,0.1914729,0.04
4979,-14.016077,3.2981427,29.433788,9.117181,0.26447022,0.09807497,0.04
4980,-13.997428,3.2004604,27.575615,8.517096,0.33338207,0.06633346,0.04
4981,-14.108456,3.3914037,31.085854,9.636066,0.40153083,0.083762944,0.04
4982,-13.9872265,3.1837354,26.511063,8.269408,0.25422373,0.09055003,0.04
4983,-14.016084,3.3710556,29.920872,9.323578,0.21915983,0.06585983,0.04
4984,-14.07333,3.5375721,32.14048,9.912124,0.6483912,0.15024053,0.04
4985,-14.080306,3.6969213,33.132027,10.19012,0.23970824,0.1001573,0.04
4986,-14.084478,3.781657,33.75813,10.392232,0.2353998,0.05876178,0.04
4987,-14.05444,3.7970667,33.77259,10.531434,0.74248654,0.22180612,0.04
4988,-13.928795,3.6740794,29.640926,9.133485,0.81205285,0.21918543,0.04
4989,-14.010672,3.6272025,31.275331,9.654005,0.19038357,0.01753881,0.04
4990,-13.901141,3.462848,27.25155,8.629392,0.15236056,0.033369053,0.04
4991,-13.866468,3.315755,26.638914,8.315809,0.24901012,0.04832993,0.04
4992,-13.985257,3.3928847,29.82871,9.051112,0.9724966,0.40099207,0.04
4993,-14.016438,3.3435109,29.437744,8.986654,0.9254111,0.2882378,0.04
4994,-13.97904,3.337829,28.859324,8.801605,0.55036557,0.109406345,0.04
4995,-13.898327,3.1449935,25.89756,7.965587,0.24796467,0.11769643,0.04
4996,-13.990734,3.1489341,26.548048,8.354778,0.14853823,0.035904866,0.04
4997,-14.098164,3.5858264,32.42402,10.030054,0.6965131,0.23834224,0.04
4998,-13.951447,3.2693448,27.07975,8.59624,0.58428454,0.12646581,0.04
4999,-14.057643,3.2906332,29.041842,9.110165,0.34998524,0.08345725,0.04
5000,-14.102084,3.3672523,30.338936,9.404634,0.28752336,0.05287706,0.04
5001,-14.148426,3.5915043,32.52032,10.209078,0.31588975,0.07478062,0.04
5002,-14.149157,3.818663,35.347786,10.949912,0.69710994,0.22005473,0.04
5003,-14.0999565,3.880894,35.076065,10.98001,0.5080053,0.13178252,0.04
5004,-13.9123535,3.4748168,28.984907,9.054273,0.5989259,0.14675725,0.04
5005,-14.037853,3.5111563,30.5596,9.64874,0.18208969,0.04860904,0.04
5006,-13.974973,3.5342813,29.845362,9.213636,0.34549925,0.09324537,0.04
5007,-13.873971,3.2499743,25.460003,8.119414,0.29006773,0.06690885,0.04
5008,-13.929285,3.150975,26.18114,7.9106264,0.3956622,0.25319934,0.04
5009,-14.007768,3.3016393,28.96629,8.877581,1.1120799,0.29260632,0.04
5010,-13.982109,3.1436467,26.470585,8.3866625,0.5557775,0.14943331,0.04
5011,-14.106354,3.211292,29.687105,9.215891,0.39576453,0.096359946,0.04
5012,-14.171966,3.5163045,32.653492,10.20285,1.2234579,0.36645776,0.04
5013,-14.1144705,3.636325,34.57068,10.510466,0.8496498,0.27254564,0.04
5014,-14.017058,3.5236325,30.123966,9.234025,0.6580008,0.2186871,0.04
5015,-14.004461,3.5481946,29.645157,9.138611,0.7314082,0.17997572,0.04
5016,-14.074848,3.6074815,32.413372,10.084925,0.4424794,0.12816708,0.04
5017,-13.948828,3.4337018,28.13039,8.769543,1.2056302,0.3382726,0.04
5018,-14.043749,3.7116451,33.11044,10.191245,0.3060199,0.09377443,0.04
5019,-13.934713,3.6074903,30.220955,9.231565,0.21172962,0.08346091,0.04
5020,-13.886915,3.4292526,27.745962,8.789771,0.2824759,0.08238125,0.04
5021,-14.016153,3.5946894,31.821733,9.823418,0.87182045,0.21145566,0.04
5022,-13.963143,3.4257061,28.605743,9.012993,0.64231855,0.1799526,0.04
5023,-13.943803,3.4733698,29.363745,8.963999,0.16502024,0.033701938,0.04
5024,-13.970733,3.4563978,29.44384,9.155592,0.14409778,0.04584013,0.04
5025,-14.048001,3.5367842,31.92456,9.767534,0.46237904,0.11025701,0.04
5026,-13.938521,3.3311992,28.41092,8.7573595,0.19418772,0.045904163,0.04
5027,-13.959318,3.1685429,27.039944,8.44514,0.39898553,0.08685515,0.04
5028,-14.123756,3.2393389,29.86824,9.220509,0.3213945,0.047678277,0.04
5029,-14.17131,3.4236343,31.897457,9.915862,0.7499007,0.22008836,0.04
5030,-14.003296,3.4896135,29.944387,9.462808,0.5060987,0.09650519,0.04
5031,-14.046661,3.2511322,27.84178,8.637856,0.091394335,0.0304419,0.04
5032,-13.993408,3.4009151,28.412481,8.938333,0.3566892,0.15729904,0.04
5033,-13.955494,3.6268063,31.34126,9.793147,0.376432,0.12458894,0.04
5034,-14.032935,3.3891697,30.20878,9.337033,0.7642464,0.15509714,0.04
5035,-13.978651,3.3412352,29.049726,8.931234,0.6439221,0.17909487,0.04
5036,-14.011314,3.345703,28.622694,9.119166,0.5262403,0.13851532,0.04
5037,-14.006505,3.2835152,27.295769,8.743664,0.46459085,0.1119777,0.04
5038,-14.020196,3.3846707,29.427282,9.155568,0.61119527,0.17105441,0.04
5039,-14.111466,3.5821843,32.882057,10.161116,0.5746775,0.14569616,0.04
5040,-14.134631,3.654955,33.48851,10.441903,0.4479394,0.06348601,0.04
5041,-14.132805,3.6769516,32.79491,9.924543,0.1596619,0.07408897,0.04
5042,-14.008461,3.608429,30.122675,9.30145,0.05957346,0.019446269,0.04
5043,-14.044769,3.790084,32.315716,9.915317,0.93124485,0.19870394,0.04
5044,-13.901371,3.6493785,29.286852,9.061043,0.5581691,0.13816519,0.04
5045,-13.828546,3.3632183,25.548958,7.9631906,0.65873307,0.15401322,0.04
5046,-13.931357,3.1926386,26.31488,8.088163,0.60614556,0.13591725,0.04
5047,-13.971656,3.1290796,26.041847,8.220514,0.2128107,0.07532216,0.04
5048,-14.081851,3.257429,28.982288,8.985724,0.32980123,0.09806057,0.04
5049,-14.060896,3.353661,29.963684,9.354151,0.35780296,0.09756094,0.04
5050,-14.009232,3.4333537,29.787634,9.275085,0.36268303,0.086546324,0.04
5051,-13.957233,3.3375893,26.96746,8.382568,1.1874981,0.32200068,0.04
5052,-14.005629,3.1723897,27.811903,8.82038,0.555879,0.14009434,0.04
5053,-14.197614,3.3132832,31.578522,9.811142,0.49788794,0.23157755,0.04
5054,-14.271488,3.6831417,36.310986,11.192982,0.60372186,0.14432049,0.04
5055,-14.207134,3.9218686,37.000183,11.602062,0.41971138,0.10594142,0.04
5056,-14.03924,3.8248162,32.173817,10.149904,0.4865636,0.11841798,0.04
5057,-13.982692,3.7270942,31.50183,9.657457,0.42936006,0.17162769,0.04
5058,-13.939347,3.4776447,28.818232,8.698556,0.25868964,0.14044395,0.04
5059,-14.00419,3.4943802,29.96666,9.316613,0.44935808,0.10387637,0.04
5060,-14.024414,3.599523,31.813625,9.525681,0.51036745,0.12399854,0.04
5061,-14.0526285,3.6041203,33.23472,10.14182,0.27239525,0.098674476,0.04
5062,-14.013051,3.7368617,32.365253,10.011169,0.5291856,0.11696978,0.04
5063,-13.868869,3.3200383,26.388664,8.331913,0.31174126,0.057356484,0.04
5064,-13.83858,2.9880242,23.397362,7.3717284,0.29136282,0.087195896,0.04
5065,-14.088089,3.3704035,30.944197,9.430981,1.6146492,0.46711633,0.04
5066,-14.274219,3.5930128,36.141354,10.974269,1.0555518,0.36775652,0.04
5067,-14.097852,3.3937793,30.056538,9.18386,0.7684606,0.22751938,0.04
5068,-14.07454,3.6257763,32.545937,10.165839,0.32303894,0.047868926,0.04
5069,-13.974549,3.2881505,27.153564,8.566311,0.11588306,0.035385583,0.04
5070,-13.973532,3.3773034,29.02394,9.003081,0.529814,0.09781694,0.04
5071,-14.030617,3.5037045,30.39728,9.506896,0.5405845,0.1527467,0.04
5072,-14.008907,3.2960172,27.872696,8.745757,0.22314964,0.05783731,0.04
5073,-13.96053,3.2596776,27.548077,8.556626,0.6395761,0.22038426,0.04
5074,-13.947778,3.0194988,24.922264,7.594425,0.17757326,0.044401098,0.04
5075,-13.9947195,3.029461,25.544224,7.932971,0.109230705,0.023342822,0.04
5076,-14.096861,3.3400903,30.2056,9.344999,0.5334378,0.1780396,0.04
5077,-14.154381,3.4501579,31.496872,9.431828,0.45241943,0.17867586,0.04
5078,-14.128535,3.806026,34.97336,10.63051,0.945942,0.22864181,0.04
5079,-14.056609,3.821457,33.63384,10.270774,0.22983393,0.09363698,0.04
5080,-13.894615,3.575288,28.38096,8.703236,0.3170558,0.08353296,0.04
5081,-13.990261,3.4363205,28.573393,8.788822,0.12940434,0.03030756,0.04
5082,-13.903455,3.4345627,27.921131,8.515437,0.29567137,0.07640679,0.04
5083,-13.890787,3.335278,26.967707,8.289545,0.7640075,0.20982808,0.04
5084,-13.988683,3.2481613,27.796255,8.565968,0.34077322,0.1025702,0.04
5085,-14.043181,3.2503378,27.69759,8.454532,0.20116857,0.040325426,0.04
5086,-14.151814,3.4360907,31.606962,9.740619,0.2193283,0.052079916,0.04
5087,-14.0336485,3.3770854,29.319706,9.099459,0.30859837,0.13255925,0.04
5088,-13.982053,3.3415234,28.328402,8.611617,0.5784763,0.20884332,0.04
5089,-14.094809,3.5050092,31.712107,9.596503,0.105946265,0.041583326,0.04
5090,-14.058515,3.6868842,32.232956,9.863748,0.43330383,0.16768861,0.04
5091,-14.085905,3.736384,32.777317,10.094308,0.86477256,0.20640936,0.04
5092,-14.071379,3.938845,34.90713,10.761717,0.53000516,0.13928449,0.04
5093,-13.900145,3.4220772,26.888712,8.234747,0.18492742,0.0665978,0.04
5094,-13.983445,3.423338,28.756357,9.016349,0.75662595,0.4640761,0.04
5095,-14.060896,3.5658302,31.610344,9.537928,0.72232884,0.21988711,0.04
5096,-14.0850315,3.7069082,33.350315,9.986268,0.25708732,0.08401448,0.04
5097,-14.022464,3.707164,32.3794,9.697278,0.42214715,0.11697016,0.04
5098,-14.091476,4.0072064,36.449444,11.438055,1.2715232,0.28307977,0.04
5099,-14.027808,3.7181687,32.45351,9.954674,0.40118688,0.1077095,0.04
5100,-13.968236,3.4381378,28.636528,8.864101,0.1985645,0.091251686,0.04
5101,-14.036662,3.439234,29.57614,9.210207,0.63656193,0.08006253,0.04
5102,-13.9635315,3.2702732,26.664862,8.254884,0.09559297,0.023236295,0.04
5103,-13.990564,3.2505727,27.166777,8.24934,0.3760543,0.09788712,0.04
5104,-14.015002,3.3738136,29.142435,8.873336,0.11389632,0.02410062,0.04
5105,-13.940782,3.2371607,26.71143,8.185625,0.30590266,0.06696217,0.04
5106,-13.957619,3.3122318,28.640324,8.722595,0.77283627,0.24301639,0.04
5107,-14.056345,3.3109539,28.757235,8.753244,0.5099379,0.098109365,0.04
5108,-13.922793,3.0859587,25.253174,7.851258,0.60863245,0.18014862,0.04
5109,-14.036266,3.226791,28.409311,8.700381,0.28926653,0.09403694,0.04
5110,-14.0479,3.1874886,27.689627,8.635202,0.412659,0.09147228,0.04
5111,-14.164523,3.6074324,34.25918,10.433231,0.7516844,0.23925567,0.04
5112,-13.977602,3.3645968,28.726501,8.89592,0.49960607,0.119328886,0.04
5113,-14.060412,3.4448607,30.54585,9.250924,0.3482601,0.06510815,0.04
5114,-14.057255,3.458101,30.64989,9.479757,0.96100974,0.17912076,0.04
5115,-14.183669,3.5757167,33.02312,10.160335,0.42083582,0.15354027,0.04
5116,-13.994012,3.647038,31.221605,9.522038,0.8425624,0.13561083,0.04
5117,-13.908021,3.3063715,26.4615,8.227409,0.26907778,0.08064626,0.04
5118,-13.957468,3.3814197,28.858376,8.650976,0.3344157,0.0982913,0.04
5119,-13.982437,3.2610412,27.757318,8.414947,0.17829935,0.04183802,0.04
5120,-13.965539,3.2482202,27.706228,8.406796,0.20153113,0.06087585,0.04
5121,-14.009111,3.299051,28.5382,8.80534,0.26679227,0.14956479,0.04
5122,-14.109656,3.3842824,30.18153,9.332735,0.2608771,0.13279378,0.04
5123,-14.0860815,3.502012,30.877457,9.514124,0.5260427,0.17251652,0.04
5124,-14.022884,3.4708006,30.22142,9.334686,0.6548819,0.17621504,0.04
5125,-13.846953,3.126126,24.033375,7.432531,0.14079773,0.043007117,0.04
5126,-13.863164,2.9024851,22.631853,7.024007,0.31838688,0.066849835,0.04
5127,-13.976352,2.98077,25.188051,7.7710977,0.31808552,0.061263546,0.04
5128,-14.0717325,3.1172295,28.023787,8.457845,0.66731983,0.18451242,0.04
5129,-14.1459,3.1320703,29.195604,8.952943,0.68698823,0.18885955,0.04
5130,-14.283041,3.4499016,33.749336,10.212781,0.3310953,0.075154565,0.04
5131,-14.159735,3.592973,33.812725,10.450184,0.7887508,0.20156534,0.04
5132,-14.06501,3.3908541,29.02477,9.012462,0.31850705,0.03947112,0.04
5133,-14.073078,3.5248387,31.029495,9.654426,0.3338221,0.14094548,0.04
5134,-13.994996,3.407885,28.667862,8.964302,0.22186668,0.047206268,0.04
5135,-13.999297,3.4118352,29.312952,9.027947,0.9189459,0.24318661,0.04
5136,-13.944287,3.3677642,28.148134,8.895235,0.61821824,0.1641938,0.04
5137,-14.012313,3.1926198,27.192888,8.547868,0.7910166,0.23094395,0.04
5138,-14.140491,3.4412098,31.608541,9.8064785,0.3314244,0.047750458,0.04
5139,-14.067252,3.5670404,31.627483,9.628055,0.69891065,0.22870895,0.04
5140,-13.848189,3.1961856,25.0722,7.854284,0.43282118,0.09814822,0.04
5141,-13.847412,2.950038,22.573765,6.9129734,0.106900916,0.032339618,0.04
5142,-14.118517,3.247682,29.177591,9.058183,0.97600025,0.27193218,0.04
5143,-14.053308,3.381384,30.060074,9.209248,0.21000837,0.04305104,0.04
5144,-13.994804,3.4429946,29.927902,9.283238,0.6603942,0.16208306,0.04
5145,-13.918023,3.2165322,26.066334,7.9353576,0.55845803,0.124168724,0.04
5146,-13.869308,2.9372556,22.668268,7.1682215,0.316487,0.07483673,0.04
5147,-13.980763,3.0546193,25.71932,8.002022,0.6094023,0.15684918,0.04
5148,-14.108918,3.223625,29.70453,9.120415,0.5248083,0.14417325,0.04
5149,-14.154049,3.380312,31.877129,9.834057,0.388565,0.08471553,0.04
5150,-14.038761,3.3148396,29.686783,9.019182,0.4300908,0.08822602,0.04
5151,-14.117068,3.3456194,30.094664,9.165622,0.37415448,0.12393054,0.04
5152,-14.114528,3.3793855,30.058207,9.135529,0.13103426,0.028607542,0.04
5153,-14.199083,3.683513,34.42362,10.604594,0.2465885,0.062486593,0.04
5154,-14.135343,3.8079474,34.794724,10.572812,0.22821863,0.07475242,0.04
5155,-13.926501,3.4780667,28.115377,8.667928,0.7531851,0.24944174,0.04
5156,-13.847653,3.2452488,25.727188,7.9066405,0.7584821,0.17847444,0.04
5157,-13.907488,3.0953054,25.259901,7.7598357,0.42315447,0.109110266,0.04
5158,-13.975166,3.030866,25.333502,7.82214,0.30343118,0.07496203,0.04
5159,-14.114861,3.2181382,28.852114,8.927454,0.30497807,0.07497508,0.04
5160,-14.2310705,3.5033753,33.35084,10.114266,0.65349084,0.13324276,0.04
5161,-13.952375,3.4486108,28.611282,8.954845,0.15654549,0.0284393,0.04
5162,-13.900776,3.231096,25.70168,7.9963446,0.13850395,0.030633993,0.04
5163,-14.062403,3.4603126,30.887558,9.5202,0.4208748,0.12861733,0.04
5164,-13.966434,3.2291806,26.78883,8.238043,0.15075651,0.0635523,0.04
5165,-14.109221,3.5335977,31.995726,9.7218895,0.35078433,0.07148962,0.04
5166,-14.169579,3.6834006,33.79459,10.503367,0.25440893,0.058685526,0.04
5167,-14.107834,3.7340734,33.52107,10.327096,0.32957968,0.065556325,0.04
5168,-14.059276,3.7685492,32.453484,10.0496645,0.3431286,0.19256817,0.04
5169,-13.924543,3.5079043,28.335667,8.690908,0.16255528,0.037722252,0.04
5170,-13.8103895,3.1858625,23.879606,7.469443,0.3512619,0.09934366,0.04
5171,-13.830305,3.049571,24.23914,7.293725,0.3904723,0.14147405,0.04
5172,-14.090582,3.189383,29.417952,8.937949,0.36941513,0.09482727,0.04
5173,-14.153339,3.6221657,32.536545,10.290925,1.249356,0.2919919,0.04
5174,-14.138704,3.4676962,32.021706,9.959645,0.61997384,0.12534384,0.04
5175,-14.036942,3.4063237,29.505604,9.173583,0.29367492,0.064233184,0.04
5176,-13.972031,3.453402,29.691507,9.3637085,0.46281317,0.13824418,0.04
5177,-14.009284,3.1410837,26.471262,8.196628,0.4839023,0.17231873,0.04
5178,-14.036533,3.2530742,28.371765,8.81935,0.44044372,0.122896515,0.04
5179,-13.99121,3.1417072,26.51495,8.222361,0.30575794,0.08786464,0.04
5180,-14.079851,3.2432966,28.869421,8.810292,0.39428496,0.09686686,0.04
5181,-14.036293,3.2031589,27.322788,8.36651,0.16148813,0.037845302,0.04
5182,-14.069695,3.3694131,29.174532,9.150051,0.8013254,0.27185467,0.04
5183,-14.08019,3.4274962,30.707756,9.6044235,0.37624002,0.099941865,0.04
5184,-13.990504,3.4110782,28.894144,8.830696,0.6643268,0.32461214,0.04
5185,-14.093586,3.3729901,29.9446,9.238408,0.1636591,0.052099813,0.04
5186,-14.034464,3.5064282,30.28376,9.203746,0.29156566,0.089289896,0.04
5187,-14.006898,3.4499705,29.211994,8.946284,0.15829006,0.045174573,0.04
5188,-13.940293,3.345817,27.181767,8.41173,0.294536,0.08447282,0.04
5189,-14.139012,3.716313,34.642754,10.639598,0.64365137,0.18424167,0.04
5190,-14.092358,3.7184625,33.694027,10.380972,0.4082484,0.22348201,0.04
5191,-14.02373,3.606525,32.058983,9.795331,0.4808404,0.13850944,0.04
5192,-14.125012,3.8882403,35.759693,10.819752,1.1589171,0.3156589,0.04
5193,-14.122781,3.934213,35.227043,10.565342,0.28960377,0.09510552,0.04
5194,-13.827863,3.6180608,27.775887,8.629193,0.4873996,0.17623569,0.04
5195,-13.90049,3.295079,25.933588,8.000917,0.330855,0.0746028,0.04
5196,-13.919211,3.2766843,26.643974,8.161845,0.1846078,0.044141117,0.04
5197,-13.997033,3.3159516,28.285854,8.80521,0.8014016,0.2464706,0.04
5198,-14.000971,3.3970606,29.715757,9.115731,0.62617874,0.22733444,0.04
5199,-14.024027,3.40558,29.688877,9.081061,0.3453996,0.08258705,0.04
5200,-13.956146,3.3225703,27.681747,8.500008,0.36647484,0.12012966,0.04
5201,-14.060906,3.2863832,29.253313,8.779853,0.46494994,0.06338184,0.04
5202,-13.943713,3.0876951,25.367579,7.785356,0.14029892,0.03204915,0.04
5203,-14.012495,3.1104896,26.75117,8.281416,0.3646614,0.098288216,0.04
5204,-13.965567,3.0445957,25.307835,7.8108582,0.16867517,0.04141068,0.04
5205,-13.989957,3.1094491,26.70481,8.310715,0.16083884,0.023123277,0.04
5206,-14.1509,3.4740443,31.667727,9.841746,0.62272483,0.19738145,0.04
5207,-14.120853,3.6781552,33.53571,10.385705,0.51018995,0.12411688,0.04
5208,-14.093762,3.5322814,31.268795,9.620714,0.7486611,0.17969096,0.04
5209,-14.106019,3.7497933,34.21196,10.57223,0.521517,0.14144967,0.04
5210,-14.033601,3.6435833,31.23744,9.682443,0.33245766,0.07642414,0.04
5211,-14.077879,3.756523,32.68885,10.080003,0.2703122,0.070664495,0.04
5212,-13.950752,3.4689128,28.107214,8.551802,1.1296692,0.398906,0.04
5213,-13.830622,3.2255805,24.855108,7.580552,0.486994,0.1672921,0.04
5214,-13.937633,3.432087,29.015364,8.917792,0.22551872,0.05283048,0.04
5215,-13.973537,3.5035534,30.130486,9.108914,0.639895,0.1362643,0.04
5216,-14.165797,3.7504537,35.12411,10.626198,0.37742186,0.091427445,0.04
5217,-14.167286,3.856618,35.082996,10.685335,0.24404204,0.06265066,0.04
5218,-13.99849,3.9450603,33.67913,10.314715,0.7995606,0.20753245,0.04
5219,-13.9565325,3.7016592,30.866684,9.247837,0.6115041,0.3502826,0.04
5220,-13.90564,3.293076,26.15758,8.049016,0.1192581,0.032746926,0.04
5221,-14.060505,3.483955,30.634626,9.344829,0.24269362,0.06307948,0.04
5222,-14.022983,3.3995743,28.99454,8.953469,0.6421604,0.1400409,0.04
5223,-13.918328,3.3024092,27.327148,8.42908,0.22119452,0.067241885,0.04
5224,-13.905084,3.191725,25.770678,8.009342,0.5087662,0.11399936,0.04
5225,-13.871366,2.9025438,23.340456,7.097546,0.29859114,0.07173563,0.04
5226,-14.013048,2.8169503,24.365574,7.542221,0.09116668,0.029249914,0.04
5227,-14.114851,3.1304066,28.53467,8.877725,0.11217315,0.027000252,0.04
5228,-14.048963,3.1403463,27.184832,8.349534,0.23458791,0.05522644,0.04
5229,-14.074598,3.3219392,29.212732,8.892418,0.36909506,0.132952,0.04
5230,-14.065244,3.3954334,29.892813,9.129609,0.41590288,0.10225018,0.04
5231,-14.027399,3.429267,28.958178,9.014594,0.17127094,0.062410273,0.04
5232,-14.103205,3.5249577,30.700026,9.5648,0.18372497,0.050277434,0.04
5233,-14.01301,3.5050511,29.692554,9.118365,0.091320895,0.03759765,0.04
5234,-13.930889,3.3039086,26.775826,8.34125,0.89033884,0.22866043,0.04
5235,-14.099514,3.5461025,32.244442,9.869345,0.9515336,0.23190457,0.04
5236,-14.057297,3.3906505,29.822866,9.260008,0.70833874,0.19543365,0.04
5237,-14.074686,3.601342,33.09015,9.930669,0.35566625,0.096025385,0.04
5238,-14.081464,3.5501428,31.772718,9.627768,0.4174997,0.113101296,0.04
5239,-13.88017,3.3593946,26.501762,8.10891,0.43322262,0.15730134,0.04
5240,-13.984427,3.4034023,29.449902,9.00277,0.45375764,0.09077418,0.04
5241,-14.051276,3.462249,31.693308,9.485312,0.39670956,0.19188657,0.04
5242,-13.8993025,3.0893936,25.392805,7.7363544,0.38358507,0.07802061,0.04
5243,-13.989718,3.0952158,26.657003,8.188095,0.16497135,0.050700095,0.04
5244,-14.162498,3.4969037,32.98772,10.229552,0.48934922,0.1944873,0.04
5245,-14.1996155,3.4043365,31.580578,9.7292385,0.40992665,0.15004127,0.04
5246,-14.092912,3.6214154,32.506374,10.0019045,0.6119336,0.15386279,0.04
5247,-14.010032,3.6141207,32.124454,9.849185,0.5484138,0.12779191,0.04
5248,-13.988591,3.3329968,28.587315,8.894328,0.23702253,0.12965822,0.04
5249,-14.07271,3.402747,30.224676,9.404841,0.73374593,0.24982849,0.04
5250,-14.055168,3.3446786,28.71967,8.708117,0.2149988,0.043712005,0.04
5251,-13.950477,3.2922268,27.553192,8.395816,0.4749627,0.11624912,0.04
5252,-13.955721,3.109829,26.469719,8.19202,0.46718764,0.11748767,0.04
5253,-14.0493765,3.1742187,27.328312,8.493899,0.24597311,0.05633787,0.04
5254,-14.014174,3.1594865,27.163782,8.489389,0.23620683,0.06472212,0.04
5255,-14.082844,3.3246315,30.661789,9.198856,0.6033554,0.13052057,0.04
5256,-14.112207,3.351162,31.008171,9.364277,0.379559,0.16253905,0.04
5257,-14.194586,3.4107985,31.876795,9.71703,0.27476805,0.02570543,0.04
5258,-14.236723,3.672324,34.581562,10.846689,0.35132226,0.059414733,0.04
5259,-14.058276,3.6090326,31.311419,9.670945,0.6426775,0.121174596,0.04
5260,-14.142605,3.869278,35.39691,10.932743,0.7368534,0.17080767,0.04
5261,-14.009688,3.7424517,31.977524,10.046933,0.30568555,0.09204085,0.04
5262,-13.988498,3.6963105,31.179895,9.699156,0.32725543,0.11570949,0.04
5263,-13.907771,3.633475,30.733126,9.3461275,0.8852629,0.19521964,0.04
5264,-14.030518,3.4539587,29.561779,9.047635,0.49771088,0.12607986,0.04
5265,-13.999393,3.4290688,29.45912,9.116176,0.43839836,0.05312006,0.04
5266,-13.894697,3.0197308,23.41038,7.3949795,0.21073557,0.058065042,0.04
5267,-14.097158,3.2971315,29.609394,9.116947,0.3766654,0.092289664,0.04
5268,-14.166994,3.7591708,33.64517,10.538219,1.5729792,0.3049735,0.04
5269,-14.256023,3.8144119,36.44743,11.332174,0.4615726,0.13561061,0.04
5270,-14.106636,3.8431842,33.662167,10.697125,0.41834122,0.07249151,0.04
5271,-14.013872,3.854166,32.736164,10.080955,0.5787233,0.14207412,0.04
5272,-13.89231,3.5320494,28.123009,8.766447,0.28813905,0.053919055,0.04
5273,-13.918198,3.3534188,27.123531,8.37355,0.74216866,0.36810625,0.04
5274,-13.918971,3.4262702,28.329626,8.625989,0.6200554,0.17814237,0.04
5275,-13.839195,2.944686,22.239325,6.9527845,0.39154586,0.12902741,0.04
5276,-14.019233,3.090265,26.624504,8.259216,0.109464414,0.035578232,0.04
5277,-14.145149,3.4957035,31.246964,9.554248,1.2401916,0.3566306,0.04
5278,-14.103558,3.4854224,32.536777,10.081477,0.382546,0.09377078,0.04
5279,-14.105385,3.5245202,31.493326,9.677478,0.39871088,0.1806599,0.04
5280,-14.007719,3.551049,30.290659,9.377824,0.7768807,0.25336635,0.04
5281,-14.010137,3.6171777,30.82091,9.422111,0.2451164,0.082424425,0.04
5282,-14.012781,3.5211718,29.575508,9.205671,0.18438704,0.039683364,0.04
5283,-13.857073,3.348055,25.977762,8.104261,0.09188903,0.022507578,0.04
5284,-13.802971,3.0141628,22.44214,6.9292645,0.78271544,0.2399233,0.04
5285,-13.9351015,3.0580473,25.555244,7.8436575,0.6718433,0.19063523,0.04
5286,-14.132562,3.5402324,33.51127,10.1252165,0.7939193,0.29138938,0.04
5287,-14.085805,3.2827764,29.53908,9.027679,0.21257691,0.04465873,0.04
5288,-14.185309,3.6856356,35.6545,10.7595215,0.3201752,0.15090927,0.04
5289,-14.037184,3.6696093,33.38058,10.5502405,0.5892949,0.1479844,0.04
5290,-13.936375,3.3273118,27.41058,8.359929,0.37699905,0.12703028,0.04
5291,-13.962327,3.0855548,25.802584,7.966302,0.5147245,0.1522806,0.04
5292,-14.052202,3.2312298,28.426476,8.683079,0.6871224,0.23783985,0.04
5293,-13.99043,3.2455428,27.556234,8.66708,0.44713122,0.1658003,0.04
5294,-13.982045,3.230419,27.187576,8.592123,0.45009065,0.09440579,0.04
5295,-13.976895,3.1226962,26.535921,8.275467,0.32028964,0.087562084,0.04
5296,-14.158795,3.2913113,30.422163,9.383419,0.44248715,0.14366522,0.04
5297,-14.116629,3.2919405,29.990105,9.123148,0.23447424,0.101600274,0.04
5298,-14.037605,3.3118443,29.320456,8.90581,0.78313005,0.20698339,0.04
5299,-14.040356,3.2471712,28.61793,8.878848,0.3274841,0.13227244,0.04
5300,-14.161515,3.3792348,32.14363,9.735801,0.23113474,0.08220717,0.04
5301,-14.224455,3.5131817,33.95926,10.371582,0.4156343,0.095238395,0.04
5302,-14.237921,3.776009,35.901665,10.96213,0.8565432,0.21964796,0.04
5303,-14.108744,3.723375,32.54331,10.066155,0.57223946,0.12191034,0.04
5304,-14.055963,3.7310653,32.013268,9.701305,0.9827956,0.23263884,0.04
5305,-14.012777,3.7448099,32.30518,9.929551,0.27069667,0.14084595,0.04
5306,-13.840572,3.3100336,25.469564,8.065971,0.35764217,0.08926848,0.04
5307,-14.039947,3.4308696,30.701307,9.264689,0.31454936,0.062158015,0.04
5308,-14.038365,3.44091,30.551592,9.604547,0.38531077,0.10155001,0.04
5309,-14.101024,3.533086,32.354984,9.881791,0.49043545,0.18672349,0.04
5310,-14.02349,3.510621,30.33599,9.377096,0.38379997,0.07735631,0.04
5311,-14.05193,3.6091757,33.00949,10.0052595,0.3294676,0.07898034,0.04
5312,-13.922328,3.273827,26.439562,8.187405,0.16742234,0.040215526,0.04
5313,-14.014224,3.249345,28.066418,8.587892,0.3963552,0.058761716,0.04
5314,-14.113891,3.5197284,33.130173,10.097461,0.4389485,0.10200775,0.04
5315,-14.177224,3.6054778,33.821114,10.465296,0.4380722,0.14894539,0.04
5316,-14.192873,3.6402752,34.375744,10.626285,0.32586333,0.09636269,0.04
5317,-14.15042,3.7452064,34.22248,10.51573,0.5587572,0.10001382,0.04
5318,-14.099213,3.7904608,33.801743,10.283803,0.26953712,0.07110723,0.04
5319,-14.041756,3.8076158,33.34552,10.268876,0.33276364,0.085445516,0.04
5320,-13.990441,3.527493,29.95314,9.337148,0.25073174,0.05725598,0.04
5321,-13.796289,3.1574528,24.342253,7.658777,0.22737204,0.07228259,0.04
5322,-13.975491,3.023697,25.539333,7.842562,0.12412651,0.059174277,0.04
5323,-13.999462,3.0738132,26.718811,8.042454,0.21894081,0.069472075,0.04
5324,-14.097582,3.1859984,29.574192,8.997879,0.7195087,0.1835875,0.04
5325,-14.169421,3.38111,32.616592,9.982217,0.39914596,0.107018545,0.04
5326,-13.967149,3.1481712,25.564232,8.126355,0.36531267,0.10489559,0.04
5327,-14.063807,3.2885165,29.445713,9.087303,0.49958152,0.14143023,0.04
5328,-14.081212,3.4263442,30.874344,9.661584,0.3521826,0.066850506,0.04
5329,-14.124802,3.4271755,32.12843,9.706313,0.3100168,0.09723873,0.04
5330,-14.025123,3.4139087,29.538036,9.004864,0.26007134,0.044480562,0.04
5331,-13.914332,3.3488963,28.347235,8.788366,0.56824005,0.19275454,0.04
5332,-14.025734,3.371726,30.3486,9.204523,0.29123253,0.11359251,0.04
5333,-14.090671,3.4002166,31.935268,9.67718,0.23016712,0.06574919,0.04
5334,-14.082433,3.3773503,30.303352,9.418336,0.68802834,0.14932692,0.04
5335,-14.084112,3.5139325,31.59259,9.578099,0.35796207,0.10404945,0.04
5336,-13.940547,3.2709928,26.451002,8.175016,0.52825874,0.13032115,0.04
5337,-13.971629,3.5170076,30.941076,9.351649,0.36273438,0.11078189,0.04
5338,-13.974498,3.3034062,28.368853,8.621729,0.89972275,0.33445928,0.04
5339,-13.99304,3.172116,26.702606,8.119704,0.78301495,0.17703019,0.04
5340,-14.103527,3.5158036,33.053288,10.161025,0.30460313,0.087507874,0.04
5341,-14.077097,3.5748546,33.322727,10.27205,0.5704283,0.19847795,0.04
5342,-14.051141,3.5556617,32.161633,9.815043,0.60323036,0.19081706,0.04
5343,-14.153637,3.6714125,34.155266,10.632474,0.31034884,0.07024959,0.04
5344,-14.064994,3.6946082,32.728718,9.851832,0.33589858,0.19822851,0.04
5345,-13.940771,3.402883,28.999853,8.881971,1.1118181,0.16386198,0.04
5346,-14.077073,3.6394682,32.87592,10.033849,0.21219325,0.0351588,0.04
5347,-13.996961,3.5660262,30.13657,9.305046,0.16132638,0.03534977,0.04
5348,-13.911832,3.502651,29.223806,8.948338,0.94425803,0.2342756,0.04
5349,-13.982292,3.460108,30.664104,9.351204,0.91739285,0.24314965,0.04
5350,-14.055135,3.5682027,32.56973,10.126631,0.5360254,0.16453578,0.04
5351,-13.945703,3.3258286,27.377434,8.35626,0.3352589,0.10001429,0.04
5352,-13.98663,3.2418594,27.155819,8.347716,0.66855824,0.18425423,0.04
5353,-14.069429,3.43161,30.085518,9.243393,0.2292134,0.04401605,0.04
5354,-13.985102,3.392621,29.067776,8.920902,0.4529594,0.13439327,0.04
5355,-13.979059,3.42335,29.945524,8.943424,0.13999921,0.06222609,0.04
5356,-14.021594,3.4149215,29.200945,8.997112,0.19053295,0.044205274,0.04
5357,-13.892717,3.3353994,27.241528,8.397313,0.4006694,0.088299334,0.04
5358,-14.025379,3.185728,27.391287,8.47558,0.31107694,0.0887624,0.04
5359,-14.1809635,3.5952785,33.734627,10.242632,0.6782382,0.1637795,0.04
5360,-14.039984,3.5007086,29.905458,9.120568,0.31414127,0.08944018,0.04
5361,-14.038439,3.6713324,32.08215,9.8189335,0.41806194,0.1451618,0.04
5362,-14.04898,3.6811776,32.265175,9.8662405,0.29760572,0.05760924,0.04
5363,-13.960664,3.5456104,29.110323,8.997872,0.22750977,0.038982645,0.04
5364,-13.898846,3.3996394,28.105797,8.6953745,0.34898794,0.082396455,0.04
5365,-13.897521,3.2694654,26.648989,8.319558,0.38874206,0.13523568,0.04
5366,-14.011251,3.2443514,28.488638,8.687928,0.54759294,0.17887895,0.04
5367,-14.044883,3.054172,26.950214,8.427676,0.18947446,0.03759886,0.04
5368,-14.097207,3.342282,29.982237,9.3669,0.49346676,0.068211935,0.04
5369,-14.069172,3.3884785,30.11567,9.400177,0.22687367,0.048312545,0.04
5370,-13.954227,3.2771394,27.198067,8.421165,0.41194233,0.09269994,0.04
5371,-14.084262,3.2627254,29.282234,9.06716,1.3923947,0.40811867,0.04
5372,-14.173896,3.4966757,32.649548,10.028128,0.7504961,0.21876809,0.04
5373,-14.137655,3.6206691,32.97171,10.235173,0.2964094,0.102731064,0.04
5374,-13.91008,3.372566,26.765038,8.162981,0.07718552,0.024658218,0.04
5375,-13.897967,3.1965353,25.1584,7.866303,0.09058692,0.023492679,0.04
5376,-13.902048,3.1270902,24.679373,7.617815,0.49157414,0.0898787,0.04
5377,-13.970466,3.184975,27.11128,8.501218,0.4015506,0.08493017,0.04
5378,-14.083711,3.3886075,31.189295,9.587429,0.6146882,0.16813935,0.04
5379,-13.95207,3.210306,26.907545,8.465158,0.29467812,0.114916936,0.04
5380,-14.122401,3.360297,30.646662,9.465986,0.28861952,0.049777154,0.04
5381,-14.03814,3.515717,31.246668,9.742593,0.5802177,0.16162038,0.04
5382,-14.122946,3.7308028,34.392086,10.524491,0.4557092,0.21812874,0.04
5383,-13.99154,3.6497416,31.050655,9.533376,0.90196854,0.1892539,0.04
5384,-13.987782,3.4179444,29.163671,8.95206,0.368918,0.07435893,0.04
5385,-14.039511,3.4386363,30.273478,9.317758,0.36160114,0.07367062,0.04
5386,-13.892338,3.1359608,24.362709,7.7757373,0.24446186,0.060431566,0.04
5387,-14.022886,3.2290597,27.634905,8.823956,0.7114712,0.1387431,0.04
5388,-14.14573,3.400552,30.921688,9.441972,0.4054871,0.10407109,0.04
5389,-14.127288,3.5475504,33.089684,10.077884,0.39487654,0.10334537,0.04
5390,-14.103351,3.8072498,34.461258,10.39984,0.44472274,0.09519204,0.04
5391,-14.075301,3.837268,33.950436,10.251769,0.15303488,0.05721736,0.04
5392,-13.989228,3.749208,31.478336,9.823499,0.14154474,0.044516727,0.04
5393,-13.896255,3.5682566,28.36454,8.871128,0.31139377,0.06705825,0.04
5394,-13.891367,3.334721,27.091303,8.1645355,0.16678306,0.056116,0.04
5395,-13.825549,3.055377,23.16516,7.179728,0.3534328,0.073684394,0.04
5396,-13.962142,3.131765,26.021023,8.083981,0.24170335,0.04464552,0.04
5397,-14.0461445,3.2441645,28.404444,8.797593,0.63235843,0.17864548,0.04
5398,-14.075107,3.3208003,29.476957,9.215613,0.58988553,0.1109166,0.04
5399,-14.048913,3.294597,29.020576,9.141151,0.74182475,0.19351368,0.04
5400,-14.107154,3.5499928,32.798634,10.135137,0.8289883,0.2308599,0.04
5401,-14.127914,3.5443814,32.736782,9.953619,0.3782935,0.075156495,0.04
5402,-14.026814,3.3578584,29.334524,8.904139,0.5800279,0.17393959,0.04
5403,-13.985584,3.1828783,26.816677,8.232161,0.24215564,0.071728595,0.04
5404,-14.0012045,3.1035397,26.456945,8.254969,0.276361,0.054248795,0.04
5405,-14.095121,3.2832959,30.041842,9.353042,0.52531433,0.09409602,0.04
5406,-14.114986,3.3218613,30.013933,9.320299,0.5360693,0.18357502,0.04
5407,-14.021467,3.274589,28.288633,8.72513,0.3013826,0.091623805,0.04
5408,-14.063131,3.3112755,29.375957,9.058529,0.41645497,0.0839295,0.04
5409,-13.987551,3.3250754,28.977205,8.860098,0.45240083,0.13713574,0.04
5410,-14.088008,3.1037827,27.375372,8.614554,0.5996805,0.1352967,0.04
5411,-14.168125,3.3431067,31.521107,9.833649,0.22478466,0.04895584,0.04
5412,-14.068824,3.4501448,31.383753,9.753295,0.66675127,0.16900404,0.04
5413,-14.188641,3.605533,34.930107,10.5547085,0.57931936,0.15110353,0.04
5414,-14.117588,3.6853077,34.04929,10.372448,0.34392792,0.09793906,0.04
5415,-13.992135,3.5331,29.576838,9.025632,0.160906,0.053208083,0.04
5416,-13.911158,3.3693783,27.411552,8.44752,0.6916314,0.19331872,0.04
5417,-13.969494,3.3370466,28.319067,8.632008,0.54849035,0.3110293,0.04
5418,-13.956683,3.314622,29.624863,9.415175,0.8916887,0.1972213,0.04
5419,-14.165541,3.2899666,31.785719,9.615055,0.38676974,0.08299982,0.04
5420,-14.14966,3.3718228,30.643482,9.350388,0.15426473,0.06537589,0.04
5421,-13.960127,3.2740407,26.818575,8.213383,0.44185054,0.16453004,0.04
5422,-14.101167,3.4955144,31.19977,9.686852,0.11807841,0.04691037,0.04
5423,-14.083818,3.6475775,32.40285,9.857389,0.35941935,0.097186,0.04
5424,-14.084044,3.7259762,32.628265,10.082398,0.38866994,0.1175741,0.04
5425,-13.943545,3.4985013,28.666634,8.767489,0.30303234,0.09693434,0.04
5426,-13.973664,3.4257452,29.470251,8.860245,0.42152953,0.17296354,0.04
5427,-14.007932,3.269215,28.503391,8.591619,0.12846102,0.041196186,0.04
5428,-13.963872,3.1996284,26.862804,8.2159815,0.18758999,0.03326203,0.04
5429,-14.042035,3.2665486,28.465342,8.905578,0.33366865,0.071633406,0.04
5430,-14.115039,3.4788444,31.76951,9.82001,0.3667489,0.11716503,0.04
5431,-14.102629,3.4700015,31.425426,9.709017,0.7285623,0.15515517,0.04
5432,-14.09323,3.5266166,31.48106,9.47566,0.45998263,0.12193394,0.04
5433,-13.914395,3.2342885,26.0849,8.143888,0.81674397,0.23086293,0.04
5434,-14.03568,3.3973627,30.953173,9.577317,0.3320792,0.08284315,0.04
5435,-14.111285,3.6366522,32.563236,10.195949,1.2575625,0.27339247,0.04
5436,-14.0536585,3.2401211,28.202831,8.681097,0.16292307,0.023832835,0.04
5437,-14.0094,3.2682908,27.138689,8.396847,0.08696012,0.018196946,0.04
5438,-14.019192,3.4621181,30.300306,9.274109,0.3335757,0.111402795,0.04
5439,-13.937198,3.1989214,25.987553,8.123561,0.16371194,0.048473857,0.04
5440,-14.026838,3.3560464,29.254124,9.079086,0.6189107,0.10416167,0.04
5441,-14.136947,3.442431,31.950142,9.868305,0.6257728,0.15943073,0.04
5442,-14.015189,3.478982,29.869686,9.274133,0.43295175,0.11290579,0.04
5443,-14.034596,3.4153526,29.511778,9.238863,0.41607964,0.12306399,0.04
5444,-14.066,3.477171,30.552168,9.490076,0.6006493,0.33984607,0.04
5445,-14.031181,3.3689668,29.295176,9.046692,0.27195,0.07147422,0.04
5446,-14.009789,3.4295378,29.4289,9.010997,0.6136357,0.15099421,0.04
5447,-13.897736,3.1668916,25.521223,8.062064,0.2761675,0.066413954,0.04
5448,-13.967992,3.0963132,26.638247,8.083585,0.52521795,0.15719259,0.04
5449,-14.059051,3.1418896,26.724644,8.417331,0.66895664,0.15911777,0.04
5450,-14.045238,3.0437195,26.238895,8.171844,0.47756153,0.11074087,0.04
5451,-14.062621,3.055003,26.474672,8.115144,0.41205123,0.08795126,0.04
5452,-14.227129,3.4262483,33.13719,10.141313,0.51011866,0.14333902,0.04
5453,-14.231252,3.6051543,35.02506,10.770578,0.60922384,0.1364319,0.04
5454,-14.219277,3.9565158,37.311996,11.474499,0.8900478,0.22272153,0.04
5455,-14.013324,3.6515403,30.779528,9.535542,0.17074597,0.043194115,0.04
5456,-13.922101,3.4446466,27.945377,8.656723,0.16348496,0.076625735,0.04
5457,-14.021652,3.4961834,30.109404,9.304613,0.12150813,0.031175723,0.04
5458,-13.903328,3.2975192,26.847279,8.35403,0.2609868,0.06770144,0.04
5459,-14.038826,3.258019,28.18414,8.776487,0.09325451,0.025814688,0.04
5460,-14.093441,3.529186,31.903515,9.794706,0.25210163,0.07188651,0.04
5461,-13.94792,3.3792045,28.279099,8.809288,0.5100068,0.12547657,0.04
5462,-13.992721,3.1602478,26.760067,8.479528,0.23054427,0.04951552,0.04
5463,-14.057187,3.135009,27.550842,8.510328,0.25782344,0.06612762,0.04
5464,-14.094673,3.3212965,29.902056,9.244153,0.21092904,0.03409881,0.04
5465,-14.12481,3.5214686,32.695625,10.095814,0.20896073,0.057606272,0.04
5466,-13.945189,3.307749,27.03029,8.383525,0.6583337,0.1625918,0.04
5467,-14.022539,3.4497116,30.987745,9.335272,0.4658774,0.107134774,0.04
5468,-14.017629,3.207405,26.95487,8.362405,0.5127836,0.1516857,0.04
5469,-14.08248,3.4139698,29.978039,9.401558,0.5099776,0.112706006,0.04
5470,-14.106864,3.501835,31.45952,9.813313,0.40828893,0.12118675,0.04
5471,-14.185432,3.6535382,34.182354,10.511145,0.5906767,0.1644364,0.04
5472,-14.07395,3.6028078,31.03802,9.551602,0.2574669,0.0633606,0.04
5473,-14.038177,3.7264452,32.237156,9.850565,0.42341626,0.09059042,0.04
5474,-13.878756,3.3367758,26.869226,8.275605,0.08765395,0.028314495,0.04
5475,-13.858613,3.1523385,25.054844,7.871496,0.5440844,0.14271566,0.04
5476,-13.908834,3.0596087,25.107517,7.822419,0.45089194,0.17248906,0.04
5477,-14.014861,3.1523569,27.818846,8.704045,0.2815846,0.09721868,0.04
5478,-14.086638,3.2136796,28.166706,8.710788,0.20148265,0.043294206,0.04
5479,-14.121951,3.3442454,29.875038,9.262245,0.37811348,0.081793286,0.04
5480,-14.126428,3.484011,30.770964,9.611401,0.38128233,0.16626564,0.04
5481,-13.991931,3.4254494,28.008453,8.535632,0.104707085,0.025830667,0.04
5482,-13.941742,3.2973032,25.947702,8.114169,0.28775784,0.13844782,0.04
5483,-14.072601,3.5625074,31.895649,9.974591,0.2773923,0.10025618,0.04
5484,-13.917984,3.3487618,27.170237,8.338611,0.49779448,0.15555252,0.04
5485,-13.934469,3.1815183,26.425325,8.2025385,0.1819934,0.04705369,0.04
5486,-13.936912,3.030489,24.480257,7.5812616,0.23694508,0.048802745,0.04
5487,-14.018631,2.984089,25.11108,7.843341,0.09512297,0.053503904,0.04
5488,-14.107504,3.2081475,28.928534,8.874491,0.3650498,0.13200128,0.04
5489,-14.120572,3.304456,29.537554,9.266418,0.774278,0.18917352,0.04
5490,-14.10969,3.3658278,30.164349,9.308772,0.6239128,0.11969922,0.04
5491,-14.126924,3.5262926,32.380997,9.992541,0.47647887,0.10922344,0.04
5492,-14.106136,3.682058,34.159863,10.432563,0.93627065,0.22474092,0.04
5493,-14.03979,3.5119863,31.004244,9.533971,0.90676826,0.34720936,0.04
5494,-14.061301,3.3787053,29.903059,9.240455,0.6182849,0.1937872,0.04
5495,-14.129857,3.504518,31.370699,9.72613,0.13433343,0.03529083,0.04
5496,-13.914206,3.226209,25.334457,7.9915276,0.17361097,0.038180422,0.04
5497,-13.942644,3.1453862,25.153667,7.8627014,0.5024958,0.12446815,0.04
5498,-14.137373,3.4534786,31.811333,9.715924,0.27482063,0.08023914,0.04
5499,-14.01972,3.4147894,29.68712,9.134113,0.35212994,0.09555636,0.04
5500,-14.151538,3.6726692,35.365128,10.909577,0.5930731,0.11774482,0.04
5501,-14.0578165,3.4808314,30.417624,9.543353,0.13544716,0.036398847,0.04
5502,-13.982544,3.533741,29.93276,9.274412,0.266127,0.047218725,0.04
5503,-13.8694,3.1622903,24.464634,7.5763116,0.40029478,0.0945127,0.04
5504,-14.015548,3.3337157,29.136692,9.221968,0.15433267,0.032645687,0.04
5505,-14.047835,3.501349,30.730757,9.8171,0.3295094,0.17142352,0.04
5506,-13.985669,3.396581,28.588356,8.970512,0.16750546,0.048527222,0.04
5507,-14.039347,3.4461029,30.382029,9.301621,0.27446967,0.15322964,0.04
5508,-14.270605,3.913006,38.34124,11.967764,0.24081929,0.055112798,0.04
5509,-14.035537,3.7521365,32.395927,10.192053,0.44809598,0.17142785,0.04
5510,-13.87142,3.400104,27.29433,8.361421,0.14359325,0.033089522,0.04
5511,-13.955079,3.361458,28.08863,8.636966,0.16645156,0.040765718,0.04
5512,-14.060318,3.5391612,29.674747,9.177091,2.0198128,0.39453435,0.04
5513,-14.038714,3.4744565,31.79449,9.772717,0.38289058,0.08658013,0.04
5514,-14.003311,3.2410798,27.487192,8.640812,0.40807492,0.07719079,0.04
5515,-13.962949,3.2455602,26.812696,8.285473,0.15803581,0.0375406,0.04
5516,-13.965894,3.2889714,27.286673,8.318265,0.04234656,0.016855003,0.04
5517,-13.950984,3.3748243,28.64664,8.711134,0.32233864,0.043081503,0.04
5518,-14.038591,3.5804346,31.602665,9.749435,0.6021955,0.11831984,0.04
5519,-14.047358,3.6750796,32.120472,9.847517,0.27493545,0.06473144,0.04
5520,-13.962449,3.5955052,29.747843,9.111844,0.4883463,0.114625245,0.04
5521,-13.826603,3.309504,25.476873,8.054409,0.6708332,0.13991337,0.04
5522,-13.946638,3.0806913,25.322618,7.684649,0.2334295,0.042694975,0.04
5523,-13.9379225,3.0402465,25.218624,7.90406,0.43127096,0.14465669,0.04
5524,-14.012328,2.9985938,25.53571,7.9469104,0.5902075,0.21694776,0.04
5525,-14.099814,3.0341325,27.3539,8.392431,0.43352085,0.11436833,0.04
5526,-14.177346,3.2545428,30.147045,9.340593,0.4016713,0.08989189,0.04
5527,-14.136411,3.2751908,29.535427,9.143939,0.52117413,0.10420129,0.04
5528,-14.034997,3.216149,27.553513,8.595981,0.38151452,0.068378516,0.04
5529,-14.020543,3.2013056,27.398764,8.206868,0.529825,0.09507253,0.04
5530,-14.108561,3.2959063,29.35518,9.063156,0.17674652,0.035100054,0.04
5531,-14.136784,3.4905913,31.321894,9.664151,0.2892963,0.09601432,0.04
5532,-14.114638,3.7033257,32.640137,10.135738,0.41978326,0.08697937,0.04
5533,-13.919818,3.3706594,27.046484,8.476368,0.090061925,0.028164571,0.04
5534,-13.92268,3.2740552,27.078693,8.425957,0.40352568,0.10894511,0.04
5535,-13.970638,3.2607613,27.988258,8.576414,0.45252836,0.110512875,0.04
5536,-13.997829,3.3690276,29.098274,9.017102,0.4052069,0.08225819,0.04
5537,-14.006987,3.4470387,30.448496,9.42584,0.83683926,0.22366181,0.04
5538,-13.969065,3.179777,26.259,8.124349,0.2616384,0.12279493,0.04
5539,-14.064265,3.2087626,27.819946,8.620262,0.21721849,0.04952037,0.04
5540,-14.256066,3.541689,33.04873,10.066128,0.18122451,0.050885364,0.04
5541,-14.191292,3.9052944,36.064537,11.237381,0.58624166,0.15730716,0.04
5542,-13.85636,3.60686,28.23884,8.499282,0.20223133,0.090701126,0.04
5543,-13.773332,3.1494014,22.89296,7.107726,0.4105955,0.08851571,0.04
5544,-13.85821,3.0824692,24.36797,7.375903,0.1354424,0.039219502,0.04
5545,-13.995041,3.1554189,27.192497,8.1128,0.21532184,0.08215986,0.04
5546,-14.102499,3.2942584,30.28458,9.138641,0.31836137,0.09058117,0.04
5547,-14.0927105,3.605481,32.2458,9.786353,0.9221292,0.3491237,0.04
5548,-14.000227,3.3227024,28.075853,8.685268,0.2513492,0.05843706,0.04
5549,-14.077123,3.5874903,31.749472,9.750617,0.27306363,0.07477874,0.04
5550,-14.030257,3.481527,29.773321,9.159336,0.6840248,0.13258374,0.04
5551,-13.970305,3.433214,28.971745,9.026623,0.42412677,0.09095706,0.04
5552,-13.908194,3.3805952,27.417484,8.717203,0.6747405,0.20411843,0.04
5553,-14.005543,3.3215241,28.656305,8.89462,0.43620053,0.130927,0.04
5554,-14.046704,3.4671211,31.142237,9.700338,0.5080439,0.11537089,0.04
5555,-14.035951,3.3980803,29.657269,9.217505,0.44940874,0.10951536,0.04
5556,-14.0085,3.4385533,30.149607,9.187942,0.5459737,0.15179455,0.04
5557,-13.96509,3.2933176,28.0742,8.67542,0.19140284,0.06311691,0.04
5558,-14.1136465,3.4004314,30.767706,9.412223,0.27129492,0.10069952,0.04
5559,-14.137913,3.7176578,35.38215,10.623737,0.299933,0.095178835,0.04
5560,-14.097584,3.8092308,36.319866,10.750653,0.5151619,0.08823336,0.04
5561,-13.978207,3.558791,32.185974,9.782993,0.4049904,0.08641734,0.04
5562,-14.039454,3.3536026,29.502045,8.920664,0.22511885,0.093045376,0.04
5563,-14.166312,3.5465493,33.277195,10.240896,0.41197914,0.14337213,0.04
5564,-14.01415,3.5332608,30.355053,9.303899,0.48558247,0.17535129,0.04
5565,-14.012371,3.4878383,29.320162,9.240315,0.3373713,0.08394201,0.04
5566,-13.909545,3.3905573,27.569738,8.600629,0.59115654,0.1821407,0.04
5567,-14.040563,3.441021,30.820608,9.524441,0.47577167,0.09315419,0.04
5568,-14.013687,3.2673168,28.525795,8.945185,0.24986659,0.038883258,0.04
5569,-14.12894,3.3323073,30.162825,9.574001,0.51513165,0.10564325,0.04
5570,-14.126283,3.5390394,32.762524,10.322094,0.1974369,0.04602579,0.04
5571,-14.122018,3.5803502,31.772161,9.938112,0.44216937,0.09355074,0.04
5572,-14.040194,3.6084993,31.795925,9.865377,0.5322227,0.16156396,0.04
5573,-14.020656,3.867029,34.562363,10.596988,0.52995497,0.1406912,0.04
5574,-14.000371,3.6954386,32.249798,10.064049,0.35925484,0.09794931,0.04
5575,-13.8992195,3.2505333,25.664297,8.058684,0.18161754,0.031449493,0.04
5576,-14.010727,3.3337815,28.43461,8.870872,0.29758996,0.058711644,0.04
5577,-14.027469,3.2584443,28.165834,8.717979,0.21245997,0.07925925,0.04
5578,-13.982435,3.3643978,29.048502,8.803966,0.5820065,0.12029006,0.04
5579,-14.128953,3.463226,32.621574,9.6777315,0.5115044,0.14635435,0.04
5580,-14.141451,3.5357294,33.746765,10.3653965,0.8555286,0.2598332,0.04
5581,-14.088392,3.6571639,32.822132,10.05418,0.69998926,0.13478322,0.04
5582,-14.04432,3.68799,32.113495,9.735893,0.9517712,0.25058222,0.04
5583,-14.074167,3.5646083,31.261436,9.571282,0.44588915,0.14191988,0.04
5584,-13.950308,3.346848,27.533978,8.482556,0.35426766,0.10035095,0.04
5585,-14.0095625,3.2724068,28.322166,9.068131,0.16158359,0.037942346,0.04
5586,-14.094678,3.3584847,29.772678,9.331779,0.41626492,0.103490055,0.04
5587,-14.050764,3.330851,28.489985,8.940435,0.22597514,0.05629979,0.04
5588,-14.028585,3.4033484,30.194126,9.23054,0.18070312,0.042858426,0.04
5589,-13.997652,3.3183203,28.425959,8.675685,0.20298739,0.09019733,0.04
5590,-14.069452,3.2948627,28.218227,8.730361,0.11653867,0.024446066,0.04
5591,-14.100793,3.5239651,31.90878,9.841204,0.33448684,0.11636702,0.04
5592,-14.072353,3.6033542,32.000664,9.980946,0.3332249,0.066569276,0.04
5593,-14.160475,3.7528007,34.179592,10.550282,0.24499719,0.050839532,0.04
5594,-14.087949,3.9555478,35.665424,10.751041,0.40619498,0.2060465,0.04
5595,-13.9611,3.8087485,32.567947,9.883018,0.8943413,0.24138346,0.04
5596,-13.880431,3.5958145,29.793613,9.026864,0.8863427,0.2758263,0.04
5597,-14.003149,3.5291402,31.032593,9.5788765,0.33931148,0.10373025,0.04
5598,-13.985318,3.359764,28.15458,8.707858,0.21625873,0.052260805,0.04
5599,-13.945851,3.3468564,27.918966,8.491783,0.042145126,0.012141539,0.04
5600,-13.969996,3.3842478,28.644402,8.859863,0.6217633,0.17161793,0.04
5601,-13.923722,3.337056,28.23362,8.553847,0.688238,0.16103265,0.04
5602,-13.83173,2.9989429,22.793554,7.0294437,0.14958334,0.04303011,0.04
5603,-14.009219,3.0907667,27.270966,8.309226,0.46673915,0.17927748,0.04
5604,-14.159158,3.4179537,31.582209,9.63897,0.48657012,0.110355556,0.04
5605,-14.169058,3.5532305,33.248573,10.096126,0.24019365,0.055058677,0.04
5606,-14.136557,3.468012,30.81269,9.632926,0.25985718,0.059172563,0.04
5607,-14.128354,3.5292137,31.485168,9.961656,0.27461272,0.06322453,0.04
5608,-14.070744,3.4112115,29.015104,9.095149,0.15554939,0.06074011,0.04
5609,-14.03966,3.4909236,30.251375,9.228767,0.29867095,0.080778375,0.04
5610,-13.9646015,3.4050145,27.830479,8.524715,0.84920865,0.2556936,0.04
5611,-14.019535,3.435926,29.240662,9.114728,0.20025532,0.049766567,0.04
5612,-14.063493,3.5351746,30.48731,9.486877,0.43669704,0.117344305,0.04
5613,-14.008346,3.4579372,29.48235,9.101413,0.09341937,0.044438727,0.04
5614,-13.953211,3.3175733,27.610968,8.566071,0.24863745,0.05220064,0.04
5615,-14.023472,3.43957,30.598873,9.313323,0.70617205,0.18691097,0.04
5616,-13.982005,3.2470334,27.688667,8.486184,0.4018649,0.12299299,0.04
5617,-14.087108,3.2780867,28.708145,9.078466,0.73873895,0.1463007,0.04
5618,-14.094916,3.1892695,27.40501,8.30657,0.12884283,0.04202362,0.04
5619,-14.141504,3.4927566,31.780205,9.579531,0.848313,0.1599351,0.04
5620,-13.995978,3.5008357,30.658201,9.401153,0.47283506,0.11628258,0.04
5621,-14.044102,3.3676262,29.8703,9.254727,0.38681373,0.1120357,0.04
5622,-14.043252,3.418964,30.025131,9.321759,0.70574415,0.18014698,0.04
5623,-14.019746,3.6225207,32.362286,10.167457,0.35195968,0.08233,0.04
5624,-14.011367,3.5428529,30.606468,9.6343975,0.5164519,0.10967424,0.04
5625,-14.066717,3.4714525,30.167034,9.338215,0.6024802,0.14787902,0.04
5626,-14.053461,3.5771677,31.000292,9.630639,0.14643234,0.021568319,0.04
5627,-13.913925,3.412891,27.95872,8.563742,0.9894345,0.3792979,0.04
5628,-14.031099,3.5648673,31.713566,9.739939,0.4454915,0.08736324,0.04
5629,-14.142995,3.709954,34.907177,10.5691395,1.1283958,0.3092315,0.04
5630,-14.187571,3.9590847,38.605843,11.814393,0.33822203,0.11734198,0.04
5631,-13.9787655,3.6878157,31.667074,9.832153,0.5547401,0.16252175,0.04
5632,-13.961865,3.2576728,26.664997,8.331874,0.05938511,0.013954397,0.04
5633,-13.92935,3.3676145,28.421925,8.708022,0.42031103,0.102053106,0.04
5634,-14.040129,3.540273,31.77143,9.699963,0.32617745,0.071351096,0.04
5635,-13.923582,3.2124755,26.507906,8.059328,0.3437446,0.131056,0.04
5636,-14.0843525,3.3999288,30.755884,9.475729,0.22295415,0.095777646,0.04
5637,-14.1035185,3.6020453,33.047142,10.2591505,0.44683734,0.15816268,0.04
5638,-14.072802,3.562858,31.493336,9.769197,0.5873376,0.1874624,0.04
5639,-14.09194,3.6962974,32.703022,10.102731,0.28952643,0.052875362,0.04
5640,-13.993688,3.6067002,30.377506,9.240252,0.073616445,0.048594486,0.04
5641,-13.877005,3.5093634,28.021414,8.558349,0.14363416,0.036363948,0.04
5642,-13.845355,3.2812421,26.17721,7.968751,0.2165624,0.050317448,0.04
5643,-13.902525,3.0453446,24.637102,7.521673,0.2472086,0.08351625,0.04
5644,-14.052057,3.307612,29.181196,9.064095,0.44698593,0.07140012,0.04
5645,-14.029699,3.366658,29.599358,8.974595,0.21937238,0.07421987,0.04
5646,-14.102533,3.3486927,29.691366,9.139085,0.18297817,0.07025768,0.04
5647,-14.08156,3.4394252,29.769854,9.411976,0.6919903,0.18594167,0.04
5648,-13.929238,3.3078752,26.676178,8.406762,0.64908993,0.17379709,0.04
5649,-14.016006,3.3606207,28.394184,8.68483,0.047890153,0.014282675,0.04
5650,-14.0391035,3.4976761,30.327005,9.408325,0.30980003,0.06720852,0.04
5651,-14.042061,3.454511,29.464037,8.974341,0.13867842,0.034975678,0.04
5652,-13.892725,3.2021377,24.982483,7.9620395,0.25856417,0.053269688,0.04
5653,-13.931633,3.126701,25.308144,7.8320904,0.11502115,0.025142698,0.04
5654,-14.050328,3.3185558,29.381727,8.87509,0.15892808,0.055839527,0.04
5655,-14.055355,3.4422216,30.093294,9.365107,0.97720855,0.12964506,0.04
5656,-14.011825,3.2735765,28.166054,8.661321,0.36919573,0.09882913,0.04
5657,-14.016287,3.3794768,28.954605,8.92304,0.32970488,0.0712051,0.04
5658,-13.964264,3.3186088,27.394043,8.518098,0.115053,0.051414993,0.04
5659,-13.980342,3.3155575,28.069845,8.644229,0.55274963,0.13563922,0.04
5660,-14.103087,3.428998,31.053473,9.571913,0.44876793,0.12894244,0.04
5661,-14.115812,3.656562,33.27261,10.30768,0.62333995,0.15943256,0.04
5662,-14.047341,3.6300611,32.09248,9.78009,0.4300676,0.06453025,0.04
5663,-14.062693,3.6775756,31.849678,9.909189,0.3774114,0.12301753,0.04
5664,-14.020445,3.663805,33.13023,10.358808,0.68224007,0.17441754,0.04
5665,-13.938898,3.287896,26.604307,8.327711,0.21033207,0.056318212,0.04
5666,-14.102814,3.531421,31.982782,9.798142,0.30796927,0.07859113,0.04
5667,-14.036349,3.4972441,29.771914,9.178902,0.26795676,0.13276444,0.04
5668,-14.036492,3.539738,30.290787,9.242101,0.984054,0.25481534,0.04
5669,-13.866183,3.343901,26.519865,8.118919,0.3907838,0.13634726,0.04
5670,-13.930744,3.449242,29.981651,9.025759,0.53492224,0.1490511,0.04
5671,-14.035162,3.5514665,31.589272,9.807351,1.3647385,0.2567796,0.04
5672,-13.985133,3.2008715,27.153446,8.422374,0.40738654,0.077929266,0.04
5673,-14.143548,3.408133,32.706284,10.080918,0.38816553,0.10365342,0.04
5674,-13.998007,3.2386577,27.345127,8.535924,0.20273924,0.06012358,0.04
5675,-13.94885,3.117979,25.129944,7.8879027,1.1315488,0.21608798,0.04
5676,-14.064953,3.2873452,29.154434,9.167884,0.28284478,0.081657924,0.04
5677,-13.960721,3.185852,26.891981,8.293252,0.9759917,0.23671243,0.04
5678,-13.999162,3.1153173,26.151167,8.074343,0.73623073,0.16646668,0.04
5679,-13.964186,2.9835553,24.312096,7.5985885,0.0797642,0.019459045,0.04
5680,-14.034597,3.1211863,26.309622,8.039136,0.26829067,0.05572952,0.04
5681,-14.127573,3.4087865,31.990622,10.010244,0.60465926,0.14234285,0.04
5682,-14.002787,3.3538747,29.201683,9.081341,0.8056462,0.18075028,0.04
5683,-14.056369,3.4353075,30.60022,9.538006,0.23955959,0.053470306,0.04
5684,-14.022734,3.2775242,28.176598,8.624121,0.31358373,0.1193076,0.04
5685,-14.009883,3.3478253,28.543919,8.891081,0.50438833,0.07959644,0.04
5686,-14.046398,3.50291,30.96281,9.36047,0.7523016,0.15667148,0.04
5687,-14.043936,3.4294493,30.181496,9.206067,0.18082604,0.045658607,0.04
5688,-13.839627,3.2662878,26.46253,8.277444,0.37254912,0.0864633,0.04
5689,-13.980765,3.1625478,26.596792,8.276401,0.32568854,0.07209323,0.04
5690,-14.079014,3.3315663,30.363419,9.305337,0.9760152,0.21464318,0.04
5691,-14.02244,3.164904,26.88095,8.264111,0.25338876,0.05922299,0.04
5692,-13.964842,3.166715,26.466053,8.128665,0.16075227,0.036617298,0.04
5693,-14.129473,3.4275033,31.510847,9.764703,0.17548709,0.056058574,0.04
5694,-14.110892,3.5532336,32.637238,9.96596,0.7287649,0.19780402,0.04
5695,-14.116776,3.7271311,33.746384,10.328652,0.61349344,0.13976876,0.04
5696,-14.012517,3.6176498,30.54325,9.536703,0.6897819,0.20532066,0.04
5697,-14.004763,3.6479487,31.68434,9.741935,0.3838014,0.09757985,0.04
5698,-13.910832,3.4521022,27.661451,8.442543,0.6144332,0.12775443,0.04
5699,-13.88285,3.178079,25.192917,7.7165856,0.16830985,0.048727065,0.04
5700,-13.93575,3.092978,25.370125,7.942731,0.09681595,0.025471361,0.04
5701,-14.090613,3.3699434,29.81885,9.371098,0.49140295,0.12928675,0.04
5702,-14.115006,3.5726597,33.093628,10.157555,0.82572144,0.23176788,0.04
5703,-13.92996,3.3192825,26.909964,8.250972,0.7636298,0.2153519,0.04
5704,-13.981031,3.3792214,28.976301,9.002169,0.20473994,0.06653306,0.04
5705,-13.982244,3.4637327,30.08894,9.187442,0.6567363,0.24959823,0.04
5706,-14.145653,3.6979308,34.134914,10.635535,0.39854994,0.084968045,0.04
5707,-13.989459,3.473001,29.36168,9.049061,0.51940733,0.14725032,0.04
5708,-13.962183,3.453839,28.87105,8.963276,0.23771025,0.082645096,0.04
5709,-13.878493,3.6675706,29.35527,8.99361,1.0523267,0.29146096,0.04
5710,-14.061678,3.340911,29.3323,9.276748,0.3636761,0.07026344,0.04
5711,-13.9793005,3.2885156,27.694838,8.590347,0.37723482,0.12107792,0.04
5712,-14.0212345,3.3823988,29.044878,9.003693,0.56207436,0.14289808,0.04
5713,-14.000971,3.3175883,28.885332,8.996283,0.42782772,0.08677999,0.04
5714,-14.046308,3.186396,28.58748,8.924357,0.5955897,0.12328276,0.04
5715,-14.075291,3.2480712,29.279932,8.95855,0.19208682,0.06900752,0.04
5716,-14.062746,3.314943,29.14189,8.966682,0.50950134,0.11288214,0.04
5717,-14.036711,3.3419464,29.322826,8.945804,0.40499967,0.11809721,0.04
5718,-13.981227,3.175684,26.37631,8.110093,0.36360252,0.09048561,0.04
5719,-14.076822,3.3428802,29.574512,9.222706,0.5938217,0.13370074,0.04
5720,-14.218769,3.7434309,36.30805,10.917972,0.3746318,0.13678987,0.04
5721,-14.131285,3.7541127,34.171772,10.534009,0.49169824,0.14259394,0.04
5722,-13.958733,3.5784945,29.390041,9.094909,0.12836039,0.06106666,0.04
5723,-13.924752,3.5005522,28.345625,8.573453,0.14909041,0.057992574,0.04
5724,-13.909787,3.4102602,28.126152,8.691168,0.17558639,0.052918434,0.04
5725,-13.937768,3.3869095,28.073853,8.605979,0.21262631,0.044711515,0.04
5726,-13.955043,3.2629027,26.524956,8.186506,0.059941404,0.017588736,0.04
5727,-14.056632,3.5486255,30.601526,9.4171915,0.5479199,0.16018464,0.04
5728,-13.968994,3.4878747,29.274343,9.143223,0.36775067,0.1803118,0.04
5729,-13.95065,3.2885041,27.173601,8.57938,0.63032,0.17601392,0.04
5730,-14.038078,3.2704875,29.008865,9.012842,0.6350719,0.25753367,0.04
5731,-14.01348,3.2654681,28.254713,8.627565,0.28438392,0.13056657,0.04
5732,-14.042207,3.3376477,30.024654,9.110641,0.39784452,0.13467239,0.04
5733,-14.162901,3.5263247,33.43894,10.240576,0.33282775,0.123772174,0.04
5734,-14.040659,3.5476713,30.283194,9.423207,0.8402126,0.23588838,0.04
5735,-14.219126,3.692895,35.253242,10.791947,0.89898705,0.26384938,0.04
5736,-14.10141,3.7666821,33.993534,10.31345,0.46844992,0.09468888,0.04
5737,-14.072459,3.6954672,32.253635,10.121522,0.18644193,0.09328111,0.04
5738,-14.006996,3.6703937,31.537827,9.717708,0.28131592,0.08526863,0.04
5739,-14.0070095,3.5903845,30.11583,9.434559,0.25865415,0.04711875,0.04
5740,-13.9735,3.555741,29.601118,9.208182,0.18379302,0.035340976,0.04
5741,-14.095699,3.7642117,33.431057,10.282529,0.14428142,0.035490796,0.04
5742,-14.026479,3.920918,34.289787,10.546553,0.33207166,0.081780285,0.04
5743,-13.851513,3.4543335,27.503593,8.420322,0.7400137,0.16164075,0.04
5744,-13.961842,3.4225824,28.317024,8.844706,0.4376813,0.080980465,0.04
5745,-13.857072,3.1497276,24.625378,7.614948,0.552749,0.19849958,0.04
5746,-13.972803,3.290667,27.579067,8.467198,0.28785604,0.068266526,0.04
5747,-14.010291,3.2437863,27.141706,8.504146,0.12261339,0.023358658,0.04
5748,-13.925204,3.0969148,24.828,7.458671,0.31654128,0.15356523,0.04
5749,-14.048649,3.1931438,28.688643,8.931311,0.35169512,0.14514081,0.04
5750,-13.925627,2.9778857,24.152634,7.5392222,0.55390006,0.15844998,0.04
5751,-14.082827,3.2523563,29.657915,8.901053,0.26823115,0.064494476,0.04
5752,-13.996535,3.1550102,26.963114,8.313396,0.1439627,0.0333804,0.04
5753,-14.090741,3.2251148,28.196447,8.817756,0.2043529,0.0717946,0.04
5754,-14.073382,3.3281362,29.63562,9.189618,0.3869435,0.08812192,0.04
5755,-14.085043,3.3995504,30.562532,9.418762,0.30322662,0.06772875,0.04
5756,-14.168347,3.5731924,32.619457,9.97647,0.20211698,0.047067914,0.04
5757,-14.059652,3.7721992,33.118504,10.081382,0.48742315,0.16661294,0.04
5758,-14.077939,3.7568607,33.666718,10.320319,0.40661895,0.09788025,0.04
5759,-13.983719,3.6645575,30.733246,9.8627205,0.6090917,0.22734174,0.04
5760,-13.911755,3.3992047,27.435919,8.391557,0.17018913,0.075061366,0.04
5761,-13.993732,3.3922641,29.222635,8.934543,0.79927415,0.15802126,0.04
5762,-13.999414,3.4267988,30.236275,9.085807,0.55217594,0.15331799,0.04
5763,-14.000309,3.2926676,27.418344,8.358167,0.13985369,0.051132146,0.04
5764,-14.05434,3.437092,29.658615,9.120526,0.17061156,0.055268366,0.04
5765,-13.947648,3.40009,28.199102,8.418311,0.3310276,0.22528376,0.04
5766,-14.03443,3.4748285,29.971502,9.270407,0.48714447,0.1378812,0.04
5767,-14.221877,3.6941128,35.340904,11.020415,0.46981004,0.09491876,0.04
5768,-14.14406,3.8237016,34.990734,10.730374,0.09966513,0.029526504,0.04
5769,-13.836518,3.3383534,25.186378,7.9891987,0.25692722,0.064780094,0.04
5770,-13.913364,3.1292152,24.888128,7.780946,0.2181848,0.032510895,0.04
5771,-14.132933,3.5244617,32.554047,10.215026,0.19457552,0.031061038,0.04
5772,-14.205658,3.8205385,36.422813,11.11204,0.24674292,0.06392588,0.04
5773,-14.050865,3.8003924,33.784622,10.571194,0.4284264,0.07478215,0.04
5774,-14.052043,3.781152,33.614162,10.362527,0.5113026,0.11663784,0.04
5775,-13.981044,3.6378965,30.472528,9.561925,0.52950025,0.18054952,0.04
5776,-14.059755,3.7123528,34.26182,10.1999035,0.49986938,0.1527099,0.04
5777,-14.035052,3.6087391,30.71618,9.419385,0.19628444,0.059615098,0.04
5778,-13.875439,3.5381556,28.614283,8.623452,0.12632343,0.030992651,0.04
5779,-13.860805,3.3079808,26.424246,8.149153,0.8667044,0.20370372,0.04
5780,-13.924388,3.3710494,27.900759,8.667786,0.63060164,0.1689715,0.04
5781,-14.038095,3.293947,28.910538,8.919036,0.24846345,0.04870553,0.04
5782,-14.066699,3.3652308,29.976976,9.108776,0.24491173,0.060893558,0.04
5783,-14.060664,3.5622952,31.521643,9.520473,0.80620605,0.18373765,0.04
5784,-13.9471445,3.2092116,26.156853,7.900632,0.18564987,0.046934728,0.04
5785,-13.97739,3.4043627,28.912424,8.80131,0.9119091,0.21876587,0.04
5786,-13.973588,3.2142706,27.193521,8.4486685,0.2802845,0.075073846,0.04
5787,-14.0892315,3.2585523,28.75693,8.958147,0.18987767,0.04711783,0.04
5788,-14.064308,3.3776088,29.610235,9.11026,0.36622456,0.09627838,0.04
5789,-14.044746,3.4419267,29.337196,8.889987,0.17016767,0.034026306,0.04
5790,-13.931325,3.4191935,28.13518,8.671239,0.21910645,0.031997237,0.04
5791,-13.90458,3.2662334,26.253002,8.059133,0.5582941,0.15805568,0.04
5792,-14.018057,3.2861266,28.151493,8.853137,0.32117566,0.08440092,0.04
5793,-14.034914,3.2934616,28.401854,8.991258,0.22414619,0.08421406,0.04
5794,-14.120006,3.351276,29.986372,9.416487,0.43746898,0.10278781,0.04
5795,-14.127406,3.461463,31.4565,9.6204815,0.5878305,0.0880418,0.04
5796,-14.078041,3.4940777,31.09679,9.62304,0.7085203,0.17443281,0.04
5797,-14.115296,3.5189526,31.912374,10.0283575,0.30258203,0.07075771,0.04
5798,-14.148794,3.7276964,35.455864,10.902599,0.6961377,0.18494467,0.04
5799,-14.027375,3.5644953,31.112373,9.666653,0.1875571,0.0305644,0.04
5800,-14.021463,3.4866734,29.827692,9.137663,0.17234588,0.08674702,0.04
5801,-13.925086,3.3338995,27.190409,8.418173,0.93081754,0.20676868,0.04
5802,-13.97604,3.3720646,28.486109,8.720535,0.17340676,0.04407053,0.04
5803,-13.92442,3.1853895,26.624168,8.171513,0.9838494,0.29570237,0.04
5804,-13.964803,3.2246249,27.447983,8.575555,0.32040069,0.091527246,0.04
5805,-14.113062,3.325868,30.291344,9.2099285,0.355455,0.11715202,0.04
5806,-14.119402,3.6940944,33.21684,10.214235,0.70251316,0.19357257,0.04
5807,-13.949195,3.3687992,27.300266,8.403565,0.058829002,0.018121362,0.04
5808,-13.923515,3.422216,27.439278,8.502684,0.4946019,0.14148208,0.04
5809,-13.9904375,3.268878,27.085218,8.372397,0.7269349,0.1420381,0.04
5810,-13.989798,3.2679894,27.180609,8.371791,1.0025259,0.16517551,0.04
5811,-13.921721,3.2708573,27.180807,8.230065,0.2410596,0.06703,0.04
5812,-13.987158,3.2622578,28.169985,8.648495,0.4507578,0.121355794,0.04
5813,-14.146318,3.6486797,33.733883,10.273028,1.6077515,0.2677199,0.04
5814,-14.242962,3.670122,36.160088,11.047269,0.65286916,0.14355299,0.04
5815,-14.27466,3.98106,38.75087,11.81827,0.77529347,0.25770006,0.04
5816,-14.176878,4.2511034,38.858227,11.897239,0.60603803,0.18012702,0.04
5817,-13.937449,3.9802394,32.085823,9.9771,0.2891824,0.10604764,0.04
5818,-13.974279,4.0872416,34.67373,10.507683,0.6917562,0.21287519,0.04
5819,-13.875722,3.4894645,27.387312,8.332081,0.19199006,0.04983694,0.04
5820,-13.867204,3.2815862,26.1433,7.8320208,0.58022517,0.20307836,0.04
5821,-13.997702,3.3025222,28.81088,8.815593,0.2780428,0.10430783,0.04
5822,-13.94486,3.2351754,27.832966,8.361854,0.48509607,0.06600528,0.04
5823,-13.981666,3.1591606,26.924114,8.216609,0.5097496,0.1599991,0.04
5824,-14.048232,3.3319173,29.36536,8.935773,0.33250684,0.080409616,0.04
5825,-14.074492,3.3100486,28.539726,8.848691,0.19043939,0.03887892,0.04
5826,-13.995836,3.3079774,27.970842,8.5631895,0.3233078,0.109390736,0.04
5827,-14.058443,3.4220037,30.293463,9.1956835,0.2543401,0.1082065,0.04
5828,-14.075102,3.439048,30.483273,9.358287,0.5958958,0.14269733,0.04
5829,-13.972942,3.3586106,27.934288,8.834319,0.22117083,0.041717764,0.04
5830,-14.047249,3.4782462,30.31338,9.365762,0.5635932,0.14729756,0.04
5831,-14.148511,3.6736417,34.68505,10.672879,0.6886172,0.16935176,0.04
5832,-13.994496,3.5463026,30.722435,9.194708,0.20968471,0.118308276,0.04
5833,-13.924705,3.4190674,28.705486,8.689213,0.45440292,0.17025205,0.04
5834,-13.9810295,3.2637892,27.645967,8.344728,0.045549363,0.016764726,0.04
5835,-13.837033,3.1110108,24.475803,7.5505586,0.20336665,0.054836493,0.04
5836,-14.002516,3.2094214,28.571606,8.495586,0.30642435,0.10279267,0.04
5837,-14.103928,3.3046181,30.1584,9.304328,0.73425233,0.13993464,0.04
5838,-14.054454,3.2245963,28.210676,8.5976305,0.41239902,0.106983304,0.04
5839,-14.130844,3.3564475,30.708805,9.418594,0.17741828,0.044357542,0.04
5840,-14.090635,3.4067461,30.196045,9.344834,0.2793781,0.06415453,0.04
5841,-13.994965,3.226765,27.29265,8.219236,0.6840991,0.17827788,0.04
5842,-13.964319,3.2603178,26.920904,8.329601,0.26721096,0.09437426,0.04
5843,-13.985609,3.3923903,29.43323,8.748692,0.13751464,0.07216493,0.04
5844,-13.989835,3.2838495,28.252407,8.7585125,0.46459132,0.15583634,0.04
5845,-14.0666,3.3856764,29.744696,9.18574,0.32524407,0.08863085,0.04
5846,-14.166823,3.6785438,34.549305,10.519042,0.24872221,0.07156959,0.04
5847,-13.977522,3.431783,28.730467,8.605096,0.16928324,0.047365755,0.04
5848,-13.9044485,3.2138352,25.582575,7.875554,0.4240252,0.12646256,0.04
5849,-13.9543915,3.230364,27.337833,8.296982,0.21327537,0.06771795,0.04
5850,-14.072494,3.2746594,28.706196,9.022128,0.27789184,0.08527942,0.04
5851,-14.073182,3.2921615,29.103415,8.926654,0.24972866,0.07624118,0.04
5852,-14.129325,3.6227183,32.471626,9.926692,0.9620134,0.19594418,0.04
5853,-14.043878,3.6337593,31.840567,9.936553,0.39826187,0.066606045,0.04
5854,-14.045617,3.6390328,31.796991,9.793028,0.6625881,0.16499545,0.04
5855,-13.965869,3.5365713,29.683292,9.107097,0.21173075,0.04875511,0.04
5856,-14.104939,3.670212,34.267426,10.648678,0.5377719,0.1493756,0.04
5857,-14.119435,3.567523,31.816011,9.81344,0.42286834,0.09040673,0.04
5858,-14.095431,3.5170875,31.178797,9.688175,0.7801049,0.22894222,0.04
5859,-13.958108,3.41324,28.224346,8.592178,0.3490299,0.05674421,0.04
5860,-13.919016,3.2944648,26.580692,8.199719,1.000256,0.39210758,0.04
5861,-14.033511,3.496732,30.712912,9.359764,0.46282822,0.108827546,0.04
5862,-13.997817,3.230949,27.616236,8.44196,0.35463145,0.1466074,0.04
5863,-14.0266485,3.2343063,27.671167,8.617317,0.17554806,0.026277926,0.04
5864,-14.077044,3.3868854,29.971111,9.12837,0.5641872,0.123558134,0.04
5865,-14.046846,3.4278574,29.915932,9.210011,0.3841008,0.10973111,0.04
5866,-14.067901,3.403795,30.199495,9.116337,0.29314518,0.061320055,0.04
5867,-14.050174,3.5220609,31.157059,9.426169,0.1412187,0.025545841,0.04
5868,-13.91784,3.2344124,25.67611,7.917307,0.14828593,0.03736483,0.04
5869,-13.952777,3.222975,26.539928,8.241002,0.13943928,0.057039034,0.04
5870,-13.9943905,3.2146947,27.186533,8.290589,0.24933703,0.120739006,0.04
5871,-14.087011,3.401393,29.914194,9.227596,0.24494982,0.0438614,0.04
5872,-14.056154,3.529093,31.247662,9.432298,0.41266546,0.0728034,0.04
5873,-14.046111,3.6235344,32.347935,10.036036,0.43197578,0.10213575,0.04
5874,-13.871341,3.1471431,25.016075,7.660796,0.10280975,0.030772565,0.04
5875,-13.951433,3.0650718,25.12014,7.8446665,0.8163124,0.25700974,0.04
5876,-13.998654,3.1385074,27.0489,8.375992,0.18308826,0.03999161,0.04
5877,-14.050934,3.1698327,28.314941,8.6453705,0.23785053,0.06455021,0.04
5878,-14.081602,3.2922697,29.246527,9.087889,0.24395606,0.056348145,0.04
