epoch,energy,energy_std,grad_amp_before,grad_phi_before,grad_amp_after,grad_phi_after,learning_rate
0,0.8446809,3.8997247,14.852576,3.2893226,1.0914794,0.31206727,0.01
1,0.812631,3.9006054,14.654881,3.348929,1.0919988,0.31753242,0.01
2,0.8600891,3.8340783,14.833689,3.0308719,1.0696353,0.2880954,0.01
3,0.81274724,3.8115857,14.506426,3.0690105,1.073889,0.29478168,0.01
4,0.8153027,3.827228,14.616009,3.1422517,1.0711557,0.29588398,0.01
5,0.6854193,3.868958,14.846687,3.1788054,1.0794078,0.30508342,0.01
6,0.6829574,3.7930913,14.709938,3.0248816,1.0617127,0.29157606,0.01
7,0.6666586,3.888086,15.261124,3.195842,1.0833768,0.30812734,0.01
8,0.6581634,3.880767,15.14157,3.2273939,1.0838107,0.30772644,0.01
9,0.6026099,3.876553,15.362593,3.2031133,1.0704758,0.3063598,0.01
10,0.5877362,3.8775685,15.259731,3.2000825,1.0749487,0.3059163,0.01
11,0.62731373,3.8934019,15.538845,3.2431293,1.0758495,0.30868948,0.01
12,0.53382343,3.838571,15.291555,3.1702828,1.0660638,0.30322722,0.01
13,0.49996093,3.861517,15.926867,3.080926,1.0726229,0.29971126,0.01
14,0.4349188,3.9401553,16.437243,3.262702,1.0872238,0.31443393,0.01
15,0.39338416,3.969502,17.01726,3.3310719,1.0939525,0.32437587,0.01
16,0.33280027,3.9472942,16.994184,3.2331698,1.0978312,0.31625926,0.01
17,0.33987603,3.8781295,17.284037,3.1421247,1.074323,0.3107877,0.01
18,0.321379,3.9659052,17.46542,3.3135326,1.1043701,0.33102638,0.01
19,0.23603527,3.8839984,18.486013,3.153055,1.0803365,0.3164812,0.01
20,0.2595663,3.890517,18.669384,3.1453714,1.080919,0.3140524,0.01
21,0.120792694,3.886546,18.609814,3.1710668,1.0736207,0.31358275,0.01
22,0.24339536,3.8952918,18.527035,3.1800168,1.0858054,0.32332563,0.01
23,0.08350578,3.9288604,19.380928,3.2561615,1.0938154,0.32783353,0.01
24,0.09636266,3.9196749,20.570007,3.2381694,1.0929422,0.33279783,0.01
25,0.16548876,3.886174,20.064653,3.1685798,1.0807363,0.32851142,0.01
26,0.09867041,3.8622851,20.194143,3.1704543,1.073644,0.32362917,0.01
27,0.04841625,3.8989413,20.23573,3.258018,1.0957171,0.33997256,0.01
28,-0.03409478,3.8887436,21.907976,3.0946753,1.0802696,0.32463992,0.01
29,-0.03732963,3.9604251,22.288673,3.373789,1.0981846,0.34933674,0.01
30,-0.098199,3.8330562,21.415813,3.0847816,1.0846044,0.33018264,0.01
31,-0.19771485,3.888227,23.545126,3.126954,1.0956573,0.33988634,0.01
32,-0.16181256,3.8379064,24.082129,3.0499926,1.0736006,0.32716906,0.01
33,-0.27145332,3.8686426,23.489412,3.1820726,1.0925328,0.35023344,0.01
34,-0.25226623,3.8493955,24.939451,3.0701282,1.0913316,0.3412497,0.01
35,-0.28019047,3.804406,25.51745,3.0064027,1.086954,0.34300724,0.01
36,-0.39121002,3.8812437,25.762592,3.2195642,1.1104155,0.36620167,0.01
37,-0.44385546,3.8492966,25.862358,3.1221015,1.1120616,0.3650597,0.01
38,-0.45302126,3.8708973,25.997883,3.178656,1.1128945,0.3672967,0.01
39,-0.57695985,3.8999524,26.704536,3.2937498,1.1240312,0.38786346,0.01
40,-0.44561037,3.9067402,27.901327,3.235426,1.1314545,0.37908176,0.01
41,-0.47935414,3.8832738,29.93108,3.14101,1.1304787,0.3813791,0.01
42,-0.5625058,3.823421,28.261465,3.0889022,1.1182534,0.37794682,0.01
43,-0.6019339,3.9111905,29.021189,3.1296387,1.1458029,0.39229083,0.01
44,-0.66421604,3.9272258,31.30255,3.2039344,1.1477581,0.3999366,0.01
45,-0.7284054,3.8616085,31.085453,3.1690798,1.1400393,0.4043007,0.01
46,-0.73119605,3.920525,32.241074,3.1384492,1.1385916,0.39259443,0.01
47,-0.75991786,3.8427684,30.108154,3.1031108,1.1418152,0.39178157,0.01
48,-0.7824664,3.951369,33.65818,3.2343683,1.1774262,0.43034017,0.01
49,-1.0399489,3.9311874,34.09839,3.273597,1.1860794,0.4483947,0.01
50,-0.93577516,3.9329011,35.49693,3.2827387,1.1984601,0.44933775,0.01
51,-1.0409539,3.9624393,35.199455,3.2822955,1.1860598,0.44320363,0.01
52,-0.95217544,3.9728203,33.957497,3.360085,1.2086861,0.46577853,0.01
53,-1.0863736,3.9151263,35.054413,3.28297,1.192634,0.45536047,0.01
54,-1.073934,3.828134,33.089977,3.0454254,1.1949799,0.4493281,0.01
55,-1.2183329,3.967082,36.090767,3.274658,1.2328416,0.47942773,0.01
56,-1.124784,3.9496908,37.171608,3.2110713,1.2113513,0.45876598,0.01
57,-1.262032,3.8804996,37.762787,3.1850166,1.2284201,0.4903149,0.01
58,-1.3447932,3.8741064,36.246166,3.1302593,1.2144994,0.4733497,0.01
59,-1.3795844,3.92661,37.043087,3.2603667,1.259929,0.50484693,0.01
60,-1.4265866,3.9267113,39.48876,3.1417985,1.2491914,0.49810907,0.01
61,-1.4048395,3.9317024,38.092148,3.1866155,1.2575039,0.5088782,0.01
62,-1.4597918,3.986114,40.832626,3.328701,1.2867476,0.55878043,0.01
63,-1.5813805,3.8208826,36.779545,3.073842,1.2687856,0.52330166,0.01
64,-1.5969266,3.9501452,39.44352,3.2230935,1.2991607,0.5475226,0.01
65,-1.5819596,3.8694437,37.12745,3.1995502,1.293862,0.5456969,0.01
66,-1.651338,3.8991625,38.385155,3.2092187,1.3235866,0.56443566,0.01
67,-1.7896532,3.8625474,39.675148,3.1557605,1.329186,0.5664742,0.01
68,-1.8104328,3.8625245,38.938847,3.0550601,1.321191,0.5593226,0.01
69,-1.9643033,3.883448,38.96726,3.1817195,1.3561049,0.60794,0.01
70,-1.8971821,3.873952,40.949833,3.1154783,1.3561157,0.59830004,0.01
71,-1.9487942,3.880489,36.47785,3.2289007,1.3731359,0.61239034,0.01
72,-2.0486305,3.936623,42.13824,3.2045262,1.3785124,0.63038325,0.01
73,-2.2081428,3.8959072,40.90971,3.2942386,1.4158641,0.6931179,0.01
74,-2.1836123,3.8255239,38.466187,3.1283412,1.3956813,0.64918166,0.01
75,-2.357409,3.8200576,38.64975,3.1040275,1.4033841,0.67028815,0.01
76,-2.3848765,3.9401314,45.566296,3.2769103,1.4287518,0.71772844,0.01
77,-2.4111025,3.922018,44.094242,3.2058017,1.4283218,0.6858548,0.01
78,-2.5604715,3.861977,38.15735,3.1715052,1.4382833,0.6978388,0.01
79,-2.5098314,3.8029757,41.928173,3.0178103,1.444015,0.6849636,0.01
80,-2.5466363,3.8516812,42.407547,3.1534941,1.4728221,0.74955916,0.01
81,-2.5644512,3.880584,43.755432,3.1725414,1.4696544,0.7603838,0.01
82,-2.7264884,3.885789,41.402462,3.2422078,1.5192822,0.81456506,0.01
83,-2.7086987,3.921428,45.223553,3.2034402,1.5390671,0.8143476,0.01
84,-2.8706894,3.8724077,40.401516,3.2415824,1.5119524,0.81390905,0.01
85,-3.0188024,3.8222542,41.96192,3.0591676,1.5400758,0.797051,0.01
86,-3.0098383,3.8598754,43.70301,3.1780694,1.5362464,0.8229419,0.01
87,-3.0193672,3.772583,39.827576,3.1001296,1.5330124,0.81564045,0.01
88,-3.1898422,3.8038507,45.49764,3.0618815,1.5575967,0.8352629,0.01
89,-3.1877563,3.9671314,49.71823,3.2162044,1.5907164,0.87229574,0.01
90,-3.2954504,3.8485641,41.1866,3.2291439,1.5632019,0.8553685,0.01
91,-3.3074443,3.887987,47.904823,3.1721928,1.5944195,0.88736814,0.01
92,-3.3624024,3.818675,45.210403,3.00425,1.5915787,0.8573251,0.01
93,-3.2874599,3.827892,42.2265,3.0535567,1.6169416,0.8818108,0.01
94,-3.523535,3.8231459,46.227985,3.0615563,1.636149,0.91688114,0.01
95,-3.7335107,3.8416872,48.598804,3.0257514,1.636924,0.9212274,0.01
96,-3.6942153,3.8116732,49.7631,2.978397,1.6249723,0.8907178,0.01
97,-3.6606884,3.8544683,44.509476,3.202322,1.641162,0.92464626,0.01
98,-3.9173384,3.8808048,49.963844,3.1333358,1.6395445,0.9283406,0.01
99,-3.9130287,3.727924,39.645706,3.0246005,1.6533859,0.9365147,0.01
100,-4.0128546,3.837519,40.24712,3.1398058,1.6838974,0.97299194,0.01
101,-4.1574483,3.8084695,48.869774,3.143085,1.6921469,0.96081287,0.01
102,-4.156174,3.8672726,47.153847,3.1856527,1.7001224,1.0101821,0.01
103,-4.2327547,3.7236385,45.343372,2.854167,1.7040077,0.9935155,0.01
104,-4.2425604,3.8501554,45.783745,3.047765,1.722311,1.0043131,0.01
105,-4.4298654,3.7862513,46.916965,3.0571015,1.7380289,1.0489229,0.01
106,-4.5696697,3.792123,50.00487,2.9757676,1.7301143,1.0512153,0.01
107,-4.586204,3.8288023,45.046368,3.07356,1.767834,1.0898403,0.01
108,-4.750849,3.7667603,47.153515,3.0405958,1.7839332,1.1009955,0.01
109,-4.6740093,3.9009821,53.624847,3.1189187,1.7812456,1.1040982,0.01
110,-4.883018,3.7495615,51.116795,2.901241,1.7450318,1.0700122,0.01
111,-4.7449217,3.8143475,46.990513,2.988676,1.7836705,1.0716789,0.01
112,-4.9795637,3.791525,46.13098,2.9414575,1.7667966,1.0179199,0.01
113,-5.101111,3.7573318,46.83223,3.0672302,1.7638067,1.1494778,0.01
114,-5.0792527,3.8423548,47.047844,3.0937262,1.8144906,1.1823083,0.01
115,-5.1925693,3.788457,46.54407,3.0113344,1.7829248,1.1060065,0.01
116,-5.288908,3.714984,47.727657,2.839655,1.7869,1.0594529,0.01
117,-5.363384,3.7559092,47.449635,2.9791343,1.8518307,1.1194199,0.01
118,-5.5096846,3.8413005,49.62069,2.993817,1.8213158,1.1138494,0.01
119,-5.5600023,3.6839519,48.848938,2.6799724,1.8273727,1.0724072,0.01
120,-5.6391845,3.7869897,47.827377,3.013172,1.8430635,1.1591967,0.01
121,-5.7230206,3.823154,51.635513,3.0891335,1.8725027,1.2015355,0.01
122,-5.82881,3.7380347,49.760075,2.9568765,1.8041905,1.1562417,0.01
123,-5.937417,3.7453382,50.664837,2.9360485,1.8536599,1.1339006,0.01
124,-6.039614,3.7093875,48.72653,2.8766122,1.8671626,1.1414672,0.01
125,-6.1004972,3.612501,46.561523,2.6940248,1.8487242,1.0903249,0.01
126,-6.1010838,3.6946657,46.345078,2.9189599,1.8808074,1.1071296,0.01
127,-6.254629,3.726138,52.54723,2.8152075,1.8919576,1.1586102,0.01
128,-6.324585,3.7772,52.713192,3.0303779,1.8616035,1.2305018,0.01
129,-6.3436375,3.7299254,53.414143,2.885539,1.8699737,1.1390857,0.01
130,-6.539947,3.7722132,55.743706,2.8869772,1.9318101,1.1591285,0.01
131,-6.640413,3.7185254,47.885254,2.8960848,1.8709313,1.1933138,0.01
132,-6.6578097,3.6904216,49.555202,2.828354,1.8945723,1.188509,0.01
133,-6.7698536,3.647178,49.584843,2.8867526,1.9180162,1.2296802,0.01
134,-6.793253,3.697447,51.621788,2.7985024,1.913975,1.1616673,0.01
135,-6.8647866,3.638736,45.628883,2.7254322,1.9635072,1.092685,0.01
136,-7.0022016,3.730636,56.288357,2.9548326,1.9199932,1.1791561,0.01
137,-6.9564533,3.6306226,47.167316,2.8089237,1.9734014,1.1625726,0.01
138,-7.01486,3.64136,47.89521,2.7426257,1.935631,1.1533405,0.01
139,-7.1361094,3.620766,44.930088,2.8223372,1.9990252,1.2062963,0.01
140,-7.2770185,3.623032,45.553722,2.7692535,1.9854358,1.1913422,0.01
141,-7.512742,3.6394832,59.250374,2.647096,1.9593849,1.1550721,0.01
142,-7.3656607,3.6347818,49.108177,2.8281875,1.9550151,1.2201635,0.01
143,-7.568216,3.6259203,51.028347,2.7411988,1.9333653,1.140983,0.01
144,-7.5093694,3.6620076,46.13718,2.7375534,1.9895619,1.1731014,0.01
145,-7.7548923,3.6487734,49.467587,2.8351564,1.9703398,1.2555149,0.01
146,-7.7282023,3.604732,46.18709,2.6028068,2.0479772,1.1734476,0.01
147,-7.9007373,3.5696595,51.255867,2.7381263,2.0307434,1.2393926,0.01
148,-7.8940215,3.647636,53.085854,2.690682,1.9762841,1.2122023,0.01
149,-8.033998,3.6837075,53.59955,2.7886043,2.0889778,1.1677355,0.01
150,-8.12064,3.5698657,49.189606,2.529911,2.0574625,1.2059145,0.01
151,-8.151122,3.5819967,48.048233,2.6027036,2.115817,1.2023052,0.01
152,-8.266893,3.5981019,55.474586,2.657859,2.063988,1.2110696,0.01
153,-8.404498,3.5811896,48.032593,2.6291564,2.0861604,1.1863011,0.01
154,-8.528549,3.48933,54.280376,2.500448,2.066562,1.2112895,0.01
155,-8.553763,3.583294,52.410847,2.7545643,2.1144724,1.2423725,0.01
156,-8.570588,3.5498939,44.81153,2.5169315,2.1265874,1.1803404,0.01
157,-8.699676,3.6059349,59.537075,2.6302361,2.1085062,1.1833222,0.01
158,-8.801701,3.6259127,57.578697,2.6954904,2.1346245,1.2724493,0.01
159,-8.856328,3.5364501,52.26223,2.588439,2.0537806,1.246347,0.01
160,-8.904764,3.5447698,51.097153,2.5468793,2.1649613,1.2315917,0.01
161,-8.949655,3.5363517,55.579784,2.5857966,2.0514777,1.2064158,0.01
162,-9.055621,3.508227,57.160236,2.5642145,2.0994933,1.1841706,0.01
163,-9.181978,3.532337,45.8088,2.6036775,2.2254791,1.2381257,0.01
164,-9.161277,3.54438,52.62435,2.5387337,2.0980725,1.1963229,0.01
165,-9.151203,3.5729017,58.607533,2.6065166,2.1460738,1.2479976,0.01
166,-9.241194,3.5351794,52.732758,2.4658601,2.189204,1.1930164,0.01
167,-9.392511,3.5146384,54.817608,2.4999375,2.1543603,1.1089902,0.01
168,-9.490126,3.4629192,50.373688,2.4661012,2.1160314,1.1317636,0.01
169,-9.5345955,3.4118469,52.959194,2.506659,2.2566476,1.2264609,0.01
170,-9.661658,3.5300539,55.57003,2.5172899,2.1684039,1.2075571,0.01
171,-9.665899,3.4739535,46.32037,2.5257344,2.155595,1.2298297,0.01
172,-9.846748,3.4639099,47.983315,2.5705786,2.1957808,1.2230488,0.01
173,-9.767497,3.4528108,52.38626,2.4311647,2.0802915,1.1893338,0.01
174,-9.907619,3.4042487,49.971924,2.3567178,2.2313583,1.1819575,0.01
175,-9.923506,3.4669385,54.706112,2.4115455,2.1954596,1.1791345,0.01
176,-10.039544,3.3917823,43.451427,2.339821,2.1964214,1.2097113,0.01
177,-10.1824465,3.463089,52.57845,2.5197098,2.2206542,1.2491472,0.01
178,-10.264333,3.426759,51.732273,2.3150473,2.3329499,1.268307,0.01
179,-10.2653675,3.4222782,50.717144,2.3313634,2.2817307,1.2054384,0.01
180,-10.261736,3.4011438,48.11124,2.3048491,2.2496042,1.145573,0.01
181,-10.48753,3.4400764,50.867943,2.4678688,2.2347078,1.1792772,0.01
182,-10.391815,3.4217443,48.3825,2.4287114,2.2360857,1.2476937,0.01
183,-10.4842615,3.3890953,50.650352,2.2691662,2.2490141,1.1416483,0.01
184,-10.595474,3.4300966,53.14471,2.3753998,2.2429109,1.212368,0.01
185,-10.646731,3.406574,53.281704,2.4055777,2.2875447,1.1920172,0.01
186,-10.784819,3.3696718,53.816055,2.330576,2.243188,1.1623421,0.01
187,-10.796364,3.3709652,53.162598,2.2998598,2.316227,1.1789707,0.01
188,-10.848359,3.4347258,53.093666,2.323131,2.2868342,1.1910306,0.01
189,-10.877408,3.4544575,56.68533,2.3393118,2.326934,1.195279,0.01
190,-11.022041,3.3357139,55.11405,2.0361147,2.3260427,1.1176357,0.01
191,-10.925561,3.3127139,46.46557,2.1677554,2.2791095,1.0724657,0.01
192,-11.127842,3.3971632,54.575413,2.3173792,2.250699,1.188801,0.01
193,-11.125401,3.3120036,47.7754,2.2445476,2.283017,1.0776523,0.01
194,-11.243268,3.3852544,52.884853,2.159128,2.3415372,1.0921429,0.01
195,-11.305112,3.3141441,56.957672,2.1146286,2.274977,1.1194427,0.01
196,-11.326649,3.2732787,51.306305,2.1591213,2.3261428,1.2562786,0.01
197,-11.360052,3.345228,44.409206,2.2055788,2.3126879,1.1372342,0.01
198,-11.398668,3.3505476,47.468555,2.2130237,2.344199,1.1650982,0.01
199,-11.467542,3.3470201,51.716316,2.1496408,2.4537566,1.1609906,0.01
200,-11.513421,3.2911565,46.827126,2.1591337,2.3833463,1.1760288,0.01
201,-11.62773,3.242664,50.064518,2.165883,2.2940483,1.1286521,0.01
202,-11.658999,3.3278353,50.417664,2.2216716,2.2981162,1.1466305,0.01
203,-11.758986,3.2627764,52.830868,2.232573,2.337275,1.2186395,0.01
204,-11.771793,3.338269,51.1409,2.2957928,2.307263,1.1854758,0.01
205,-11.852481,3.2894602,51.855743,2.2087402,2.3984985,1.0964372,0.01
206,-11.9312525,3.2933679,47.465694,2.149033,2.3447948,1.1295046,0.01
207,-11.899836,3.2538033,49.694008,1.9786875,2.3179495,1.1489801,0.01
208,-12.021526,3.3514593,49.9984,2.2259426,2.4929867,1.1765591,0.01
209,-12.037299,3.2457814,41.623077,2.2182121,2.3921134,1.1590116,0.01
210,-12.112863,3.2455938,50.833244,2.0640264,2.4529316,1.1683662,0.01
211,-12.05707,3.2691982,44.993843,2.0910618,2.3720136,1.134524,0.01
212,-12.213273,3.2664719,49.08037,2.0824928,2.3977427,1.1435145,0.01
213,-12.320178,3.2039802,47.922768,2.0213578,2.476494,1.0463347,0.01
214,-12.278194,3.229005,48.87518,1.92258,2.3690126,1.091943,0.01
215,-12.407752,3.2495477,48.93098,2.025534,2.4469924,1.1568264,0.01
216,-12.460859,3.2246382,57.451942,1.9543248,2.3537138,1.0874766,0.01
217,-12.487578,3.1966503,49.793427,1.980106,2.4757335,1.1206076,0.01
218,-12.579194,3.2928047,50.835377,2.1444986,2.449062,1.1112826,0.01
219,-12.606214,3.2016237,46.794502,2.0570934,2.5025322,1.0995657,0.01
220,-12.596103,3.2569366,47.2303,2.0965059,2.5033677,1.1450471,0.01
221,-12.61945,3.3016293,50.231056,2.1143434,2.4855015,1.1032686,0.01
222,-12.666352,3.2326324,44.271782,2.0677583,2.5435038,1.1043056,0.01
223,-12.783951,3.1519732,52.921238,1.9618976,2.4132724,1.0330406,0.01
224,-12.785924,3.1613817,47.462505,1.8882345,2.5332234,1.028645,0.01
225,-12.826395,3.1246665,41.12032,1.8734727,2.483312,1.0443122,0.01
226,-12.9453125,3.2217264,53.07527,1.9542742,2.4979403,1.0845482,0.01
227,-12.960656,3.1623142,50.711002,1.8908561,2.5412312,1.0706304,0.01
228,-13.032992,3.1839986,53.494392,1.9779828,2.4475496,1.1205988,0.01
229,-13.067549,3.1415157,45.92241,1.9388936,2.5860863,1.0795599,0.01
230,-13.053229,3.1377316,46.85694,1.9316691,2.4622092,1.1383036,0.01
231,-13.083907,3.1341348,47.384346,1.9006943,2.429506,1.1216042,0.01
232,-13.119171,3.1603868,46.984524,2.03764,2.3980904,1.1346413,0.01
233,-13.20228,3.1233582,44.427883,1.9198973,2.4533153,1.1069775,0.01
234,-13.219954,3.1566262,47.75812,1.8643093,2.4369457,1.0239444,0.01
235,-13.338681,3.1203074,46.94337,1.7649648,2.546591,1.061057,0.01
236,-13.241839,3.1306677,41.678024,1.7687819,2.496068,1.0150827,0.01
237,-13.3498125,3.1136284,47.32568,1.8336352,2.618433,1.0567268,0.01
238,-13.509614,3.1353905,52.452072,1.8789611,2.5036914,1.0276791,0.01
239,-13.4854145,3.1116846,41.655163,1.7808149,2.487743,0.94525003,0.01
240,-13.5517,3.126924,48.737488,1.8033954,2.4690466,0.9964502,0.01
241,-13.519041,3.0727744,53.46632,1.7326379,2.4979224,0.95816255,0.01
242,-13.559514,3.1003597,45.29665,1.7801235,2.6193316,1.2185494,0.01
243,-13.748859,3.1458778,52.05533,1.7984942,2.6009498,1.0455317,0.01
244,-13.6976795,3.0767696,42.605984,1.8186344,2.505167,1.1092768,0.01
245,-13.708744,3.1324208,52.6016,1.7522693,2.5921047,1.0608821,0.01
246,-13.703313,3.0667293,41.72261,1.6677386,2.4836943,0.96042717,0.01
247,-13.793087,3.0858867,55.39596,1.6971139,2.7394245,1.0496283,0.01
248,-13.827868,3.0906334,50.861477,1.7653577,2.6523829,1.001838,0.01
249,-13.965295,3.0410397,51.83485,1.7418298,2.560304,1.0221564,0.01
250,-13.86628,3.0431638,48.227444,1.6511742,2.7955027,1.070779,0.01
251,-13.97228,3.0531173,48.796253,1.7365204,2.529154,1.029689,0.01
252,-13.863418,3.046457,46.16352,1.7543107,2.5299742,0.971081,0.01
253,-14.01401,3.0344193,37.991714,1.6806724,2.6292374,1.0367227,0.01
254,-14.02897,3.0608435,43.178844,1.654411,2.6364133,1.0036917,0.01
255,-14.035786,3.0646343,42.323856,1.6615934,2.5188255,0.9828478,0.01
256,-14.120621,3.0020769,47.540817,1.5865781,2.583216,1.0117575,0.01
257,-14.084164,2.9848266,40.548714,1.7199526,2.5650532,1.0625703,0.01
258,-14.158029,3.0227158,49.482887,1.5854646,2.6434772,0.91303456,0.01
259,-14.254855,3.0017073,46.303425,1.5592778,2.6634912,1.0352924,0.01
260,-14.19487,2.9203146,42.794605,1.5143795,2.5389216,0.9391073,0.01
261,-14.220981,2.9903457,43.616257,1.5780432,2.6581748,0.9053079,0.01
262,-14.368194,2.998813,44.73504,1.6795247,2.5432353,1.0698632,0.01
263,-14.392582,2.9583502,44.058914,1.4902554,2.8277154,1.0191594,0.01
264,-14.39491,2.99816,46.195293,1.6506108,2.599831,0.9955332,0.01
265,-14.367153,2.948322,35.33232,1.5705717,2.7080624,0.9855391,0.01
266,-14.461896,2.9186678,44.89494,1.5204213,2.5643892,1.002998,0.01
267,-14.520572,2.9338226,40.2272,1.6147796,2.6787577,0.9912778,0.01
268,-14.465998,2.9543936,43.28388,1.5697528,2.6161132,0.9463503,0.01
269,-14.55876,2.9477525,49.355095,1.5346999,2.6220057,1.0015357,0.01
270,-14.608713,2.9572897,44.73829,1.447263,2.7290468,0.93260854,0.01
271,-14.643136,2.984677,45.039627,1.605319,2.5914035,0.90678,0.01
272,-14.602621,2.9669354,43.69209,1.4927833,2.7544253,0.9366801,0.01
273,-14.6533575,2.9213195,53.75499,1.4819212,2.5468104,0.9427745,0.01
274,-14.663211,2.9331822,37.77631,1.5375035,2.6953452,0.9070889,0.01
275,-14.682984,2.9248483,40.034733,1.4661672,2.6465235,0.88580084,0.01
276,-14.734481,2.9047205,41.461754,1.4760013,2.5853517,0.94582534,0.01
277,-14.7305975,2.9365578,36.42073,1.4345952,2.6762335,0.88282126,0.01
278,-14.77739,2.9282265,39.845947,1.442374,2.629876,0.89104766,0.01
279,-14.84682,2.872273,36.76095,1.4934324,2.5995116,0.947433,0.01
280,-14.79449,2.9519207,41.53112,1.5163164,2.5584526,0.84891874,0.01
281,-14.85178,2.9508357,43.633125,1.4427813,2.657162,0.8695568,0.01
282,-14.925235,2.9236977,46.675507,1.4188534,2.625777,0.9462172,0.01
283,-14.977588,2.8733802,42.144787,1.3546612,2.6045716,0.8488267,0.01
284,-14.957904,2.8793836,44.7204,1.3704879,2.6370418,0.8802233,0.01
285,-14.919955,2.817767,38.19886,1.4231285,2.5509887,0.7735255,0.01
286,-14.839734,2.938673,43.109875,1.4200406,2.6365988,0.8636042,0.01
287,-14.918984,2.8811958,37.062893,1.3388788,2.760401,0.90104216,0.01
288,-14.95758,2.9055936,43.952835,1.3723912,2.5582783,1.0047717,0.01
289,-14.988104,2.8393555,36.567383,1.3447868,2.5843685,0.88736653,0.01
290,-15.07847,2.8957064,35.42675,1.3918493,2.669138,0.90075743,0.01
291,-15.070836,2.9052877,36.488777,1.438291,2.5844483,0.7773031,0.01
292,-15.170002,2.9124584,41.4777,1.3170553,2.5568886,0.78033453,0.01
293,-15.209451,2.8766158,41.941917,1.4102305,2.567444,0.8873112,0.01
294,-15.206518,2.8105679,38.304695,1.2865462,2.5599034,0.86796486,0.01
295,-15.128647,2.9100082,46.72999,1.3932283,2.4591742,0.82146186,0.01
296,-15.237944,2.8283792,41.472473,1.2414774,2.6038485,0.8044563,0.01
297,-15.161006,2.8704743,39.176563,1.291817,2.521475,0.85319686,0.01
298,-15.23061,2.810923,40.366043,1.3102018,2.5619032,0.7822235,0.01
299,-15.259556,2.8017087,46.086185,1.2344098,2.5029318,0.75947535,0.01
300,-15.344082,2.8085172,38.079838,1.2311726,2.51173,0.8051392,0.01
301,-15.296888,2.845206,37.66368,1.2645203,2.6701207,0.7887336,0.01
302,-15.403405,2.8684597,38.42908,1.2600867,2.780355,0.8137349,0.01
303,-15.385625,2.8990731,39.523895,1.2453457,2.7019355,0.7534787,0.01
304,-15.326306,2.8683028,38.213516,1.2758402,2.7349062,0.81352216,0.01
305,-15.348235,2.8267465,48.22683,1.1987321,2.605019,0.8781557,0.01
306,-15.416167,2.8224306,40.600323,1.2302713,2.6780758,0.8403234,0.01
307,-15.472369,2.8098247,37.509846,1.1449494,2.5665119,0.76748455,0.01
308,-15.546599,2.8011086,33.53335,1.2168851,2.7200217,0.80698925,0.01
309,-15.459839,2.8331077,39.744755,1.2047884,2.5668898,0.7269181,0.01
310,-15.47116,2.845484,37.247677,1.2222847,2.619844,0.79526156,0.01
311,-15.5106735,2.8291714,40.149998,1.1139477,2.7511833,0.8143163,0.01
312,-15.550131,2.809478,41.171986,1.1327251,2.7357657,1.048834,0.01
313,-15.496826,2.8077726,31.923563,1.1875843,2.6098123,0.7892525,0.01
314,-15.58336,2.8483055,40.678493,1.1237384,2.6218245,0.747536,0.01
315,-15.555004,2.8651183,41.536392,1.134085,2.809733,1.0349691,0.01
316,-15.620009,2.76065,35.772377,1.1575475,2.6972175,0.8790691,0.01
317,-15.597409,2.7992964,39.782097,1.0987731,2.721355,0.7603818,0.01
318,-15.537361,2.787142,32.08498,1.1998167,2.625837,0.8634797,0.01
319,-15.660811,2.7501476,35.14829,1.1114409,2.658633,0.74711657,0.01
320,-15.735193,2.8530211,37.264843,1.1272027,2.787191,0.7625224,0.01
321,-15.705551,2.8023138,39.948143,1.1574777,2.7620075,0.6401111,0.01
322,-15.776133,2.7816086,40.09347,1.0961539,2.738552,0.8024869,0.01
323,-15.647562,2.758906,37.491676,1.091849,2.6381786,0.7263999,0.01
324,-15.842371,2.82527,40.73411,1.1790277,2.7471488,0.7406871,0.01
325,-15.841838,2.8281581,42.952724,1.1088513,2.9143746,1.0398002,0.01
326,-15.8065815,2.849943,38.264606,1.0782331,2.6784463,0.7210319,0.01
327,-15.7944145,2.8590012,38.424664,1.1390506,2.9527335,0.8958254,0.01
328,-15.797807,2.7924287,38.898853,1.0894792,2.4975903,0.73666596,0.01
329,-15.7745,2.7979987,34.437008,1.0685657,2.723999,0.71472377,0.01
330,-15.82404,2.8507595,40.877796,1.1277095,2.8039587,0.7043738,0.01
331,-15.809015,2.8095195,39.489964,1.0918812,2.6757429,0.7062483,0.01
332,-15.8084,2.8022513,32.97595,1.0660526,2.76561,0.7181941,0.01
333,-15.843795,2.838873,42.98099,1.0537754,2.7158625,0.71556437,0.01
334,-15.795719,2.8222947,37.123756,1.1015835,2.7317216,0.67465127,0.01
335,-15.861166,2.807188,40.55043,1.0458885,2.773069,0.8804492,0.01
336,-15.882052,2.808067,38.742718,1.0322483,2.7562916,0.79150486,0.01
337,-15.880199,2.77145,32.16226,1.044895,2.6596317,0.7142565,0.01
338,-15.914679,2.8043041,42.135105,1.0012226,2.7311356,0.71218985,0.01
339,-15.94633,2.8545973,38.087143,1.065478,2.8623116,0.80249953,0.01
340,-16.0255,2.7446325,43.198013,0.9431034,2.7245135,0.6411999,0.01
341,-15.97094,2.760094,36.646107,1.0341184,2.7705748,0.6828107,0.01
342,-16.004711,2.831769,42.408863,1.0024706,2.8299525,0.6644909,0.01
343,-16.01331,2.7816138,38.56439,1.0676545,2.633551,0.6912103,0.01
344,-15.988472,2.851738,42.506413,1.0140654,2.795476,0.7649032,0.01
345,-16.10639,2.8051798,33.263058,1.085215,2.8260741,0.70087785,0.01
346,-15.915862,2.7661583,30.348978,1.0556855,2.6921277,0.673007,0.01
347,-16.028591,2.7730672,32.155872,0.97658557,2.734136,0.7328394,0.01
348,-16.042595,2.7691102,34.338875,1.1233393,2.7541382,0.7887305,0.01
349,-15.994759,2.7644897,35.19887,1.008856,2.631397,0.68841225,0.01
350,-16.084251,2.7720065,33.69795,1.0015336,2.703419,0.77678823,0.01
351,-16.184315,2.7189083,34.895584,0.94920707,2.7244487,0.7639667,0.01
352,-16.116522,2.7511895,37.696465,1.0492244,2.687261,0.7630487,0.01
353,-16.084248,2.7475357,36.775223,1.0335171,2.6376917,0.8233345,0.01
354,-16.182537,2.8085237,39.95165,1.0121435,2.77268,0.679084,0.01
355,-16.108065,2.720282,43.15076,1.004253,2.6426582,0.70552117,0.01
356,-16.196243,2.8011851,42.563297,0.91641986,2.7873962,0.7718538,0.01
357,-16.246548,2.7779977,43.36294,1.0116956,2.5973485,0.8157284,0.01
358,-16.254452,2.7767923,41.949524,0.94175714,2.778506,0.94024146,0.01
359,-16.26283,2.7694538,42.951237,0.9660368,2.7002373,0.751076,0.01
360,-16.163307,2.7955987,37.706562,0.8798356,2.6406708,0.6612427,0.01
361,-16.24804,2.7787442,30.983395,0.91103864,2.7993598,0.87314934,0.01
362,-16.15009,2.7780252,34.73215,0.9778384,2.7152934,0.6773757,0.01
363,-16.241076,2.786586,34.396374,0.99089134,2.661892,0.6339654,0.01
364,-16.367033,2.795861,35.974373,0.90036213,2.8151367,0.73137045,0.01
365,-16.216152,2.8246849,35.025467,0.95294374,2.763848,0.7207946,0.01
366,-16.260267,2.8015752,33.77633,0.95167536,2.716847,0.67527676,0.01
367,-16.280422,2.7765274,36.352444,0.9284247,2.6162443,0.6695758,0.01
368,-16.335707,2.7967315,32.79651,0.9408401,2.7904644,0.6988912,0.01
369,-16.265253,2.7812319,33.899075,0.94779974,2.7057164,0.72009933,0.01
370,-16.298275,2.7875946,40.219112,1.0177457,2.8134646,0.6437082,0.01
371,-16.342783,2.7112012,37.30538,0.96141315,2.7212074,0.9509888,0.01
372,-16.353502,2.7474148,32.477413,0.9518172,2.678589,0.71056384,0.01
373,-16.433764,2.7699952,33.707767,0.8961847,2.7198703,0.6545358,0.01
374,-16.328861,2.7531507,34.470974,0.95139533,2.7759163,0.6766338,0.01
375,-16.415573,2.7772944,31.565702,0.9343469,2.7007222,0.93986124,0.01
376,-16.400242,2.765342,41.939503,1.0069194,2.7109187,0.7646878,0.01
377,-16.31703,2.8358316,39.94892,0.94387037,2.9058444,0.6841767,0.01
378,-16.358585,2.7803257,33.921272,0.9127715,2.6976657,0.6289355,0.01
379,-16.50587,2.8291368,35.655888,0.96376514,2.7614205,0.68198544,0.01
380,-16.443367,2.7798893,47.529488,0.8269364,2.7540154,0.60891736,0.01
381,-16.441313,2.7445273,32.75207,0.9282129,2.672229,0.692756,0.01
382,-16.505508,2.701441,38.471275,0.9393271,2.649999,0.7571131,0.01
383,-16.497625,2.8101873,37.999584,1.0201781,2.752729,0.68881226,0.01
384,-16.519855,2.8142314,30.851315,0.9691421,2.9330375,0.7296836,0.01
385,-16.530336,2.6836863,35.657124,0.93409884,2.478616,0.62888557,0.01
386,-16.545515,2.796215,38.921146,0.95568717,2.763559,0.7546806,0.01
387,-16.489088,2.756572,37.41378,0.92339426,2.7247503,0.80319446,0.01
388,-16.578568,2.7789118,39.88468,0.9358563,2.738564,0.73363596,0.01
389,-16.607365,2.7756352,40.904934,0.8796418,2.7404873,0.62744606,0.01
390,-16.55272,2.7245278,36.351665,0.92475086,2.6794598,0.6442152,0.01
391,-16.57322,2.7856383,31.773087,0.892389,2.6918159,0.6285159,0.01
392,-16.502804,2.7696338,35.65659,0.90673673,2.7810264,0.6371431,0.01
393,-16.602041,2.7410307,35.573147,0.8909027,2.7643523,0.7519043,0.01
394,-16.53692,2.813019,32.997215,0.9439831,2.7046041,0.6865878,0.01
395,-16.574648,2.7860482,31.291039,0.9434004,2.6871982,0.71887994,0.01
396,-16.601606,2.736779,33.241253,0.91594625,2.6737514,0.6116324,0.01
397,-16.622711,2.7458308,38.544716,0.84592515,2.7533054,0.68443674,0.01
398,-16.427176,2.7771375,37.003944,0.91272086,2.8015614,0.7516474,0.01
399,-16.640976,2.7439356,32.095016,0.8304854,2.7531867,0.66909814,0.01
400,-16.627604,2.7616165,30.91053,0.9109741,2.7245703,0.63623446,0.01
401,-16.61486,2.7279859,36.96101,0.9024407,2.790949,0.7642377,0.01
402,-16.641098,2.779334,37.87485,0.875175,2.7681081,0.7394989,0.01
403,-16.678381,2.7693496,34.889782,0.891096,2.731998,0.63986933,0.01
404,-16.684984,2.8684158,37.785797,0.90011907,2.787387,0.6232546,0.01
405,-16.647755,2.8054898,37.270325,0.9253858,2.843752,0.902868,0.01
406,-16.69466,2.7500274,33.304474,0.8999887,2.6036735,0.60417795,0.01
407,-16.685024,2.772772,38.73317,0.94026923,2.657965,0.6755564,0.01
408,-16.618246,2.7552593,30.458818,0.90181667,2.6919246,0.63841414,0.01
409,-16.646488,2.7731698,35.02425,1.0137887,2.747525,0.69166285,0.01
410,-16.706692,2.7243645,33.290924,0.87452894,2.7230475,0.6083288,0.01
411,-16.805016,2.7920246,32.47102,0.9350744,2.677748,0.6557289,0.01
412,-16.716082,2.8134513,39.226284,0.9102453,2.8140337,0.85610664,0.01
413,-16.73581,2.6903234,33.81291,0.87848645,2.5869792,0.5479569,0.01
414,-16.763676,2.8047748,40.30134,0.8549568,2.8201795,0.60637,0.01
415,-16.82468,2.7515953,31.04252,0.85657173,2.6640403,0.71153593,0.01
416,-16.823055,2.7047749,30.722536,0.8843199,2.696088,0.65501773,0.01
417,-16.76552,2.74021,32.70684,0.8673408,2.7952747,0.7358207,0.01
418,-16.778925,2.785857,33.925144,0.92689675,2.710047,0.61125404,0.01
419,-16.760925,2.7301946,33.3091,0.90755033,2.6507676,0.6789642,0.01
420,-16.817152,2.7874563,31.209486,0.9597147,2.6718004,0.70761925,0.01
421,-16.89471,2.7277067,30.204353,0.8569208,2.8148575,0.69415826,0.01
422,-16.898312,2.7861362,35.396885,0.91220844,2.770072,0.6521527,0.01
423,-16.808863,2.742913,33.350216,0.90729976,2.7223594,0.6763737,0.01
424,-16.818342,2.7690868,32.609394,0.8916934,2.692843,0.56423473,0.01
425,-16.908125,2.7851472,35.70686,0.9272128,2.6683471,0.56801826,0.01
426,-16.848385,2.8264394,43.60367,0.93787867,2.7605073,0.6952114,0.01
427,-16.89437,2.759895,33.49634,0.917533,2.750312,0.6305557,0.01
428,-16.840935,2.8509967,36.362198,0.9516909,2.6581473,0.62139636,0.01
429,-16.921864,2.8386576,38.773182,0.9657739,2.6719048,0.64342135,0.01
430,-16.872383,2.773411,34.293377,0.92043144,2.711011,0.70740753,0.01
431,-16.93409,2.7465637,31.304972,0.8662005,2.665953,0.5933594,0.01
432,-16.867098,2.795207,33.102005,0.9327376,2.717169,0.725633,0.01
433,-16.944492,2.7627347,31.30847,0.9686437,2.7324688,0.6018135,0.01
434,-16.926983,2.7933917,33.452885,0.9810691,2.803774,0.7716186,0.01
435,-17.033382,2.799102,38.69962,0.93019754,2.829578,0.67246383,0.01
436,-17.119106,2.8364058,35.16665,0.93453324,2.962677,0.6933188,0.01
437,-17.022144,2.7769108,37.161785,0.9264812,2.681079,0.68039,0.01
438,-16.969559,2.8393042,34.555096,0.8735886,2.7772138,0.6288722,0.01
439,-16.986872,2.7982354,36.17498,0.96425545,2.6942403,0.6937869,0.01
440,-16.97607,2.788723,36.81903,0.88821685,2.6544552,0.69545615,0.01
441,-17.111984,2.7523372,38.706684,0.930801,2.7960413,0.6220175,0.01
442,-17.113867,2.7277699,33.3968,0.8813903,2.644916,0.6408326,0.01
443,-17.02183,2.7956486,29.74107,1.007825,2.7899842,0.7899469,0.01
444,-17.005188,2.83152,31.837128,0.92812294,2.7048419,0.9704991,0.01
445,-17.144022,2.8301828,33.730423,0.99884737,2.6502063,0.69897974,0.01
446,-17.085304,2.7762609,33.641018,0.8963467,2.7183852,0.7333478,0.01
447,-17.167566,2.8317237,34.307377,0.9709198,2.7059145,0.7156511,0.01
448,-17.096369,2.8297217,35.717472,0.98039836,2.9330697,0.91681904,0.01
449,-17.08262,2.7577264,34.734467,0.93766576,2.6900048,0.8175706,0.01
450,-17.210058,2.733319,36.090443,0.94873434,2.7487233,0.7373649,0.01
451,-17.077417,2.746385,30.559845,0.92842823,2.6548827,0.64205664,0.01
452,-17.232246,2.822645,38.804665,0.9312314,2.6067374,0.6602514,0.01
453,-17.112913,2.7577696,31.929281,0.94565046,2.6852918,0.70454663,0.01
454,-17.166117,2.8057141,36.147152,0.9364953,2.706059,0.7691409,0.01
455,-17.180925,2.8553448,32.478714,1.0245982,2.876606,0.66402745,0.01
456,-17.17615,2.7261367,30.39251,0.9043433,2.698487,0.62223047,0.01
457,-17.219671,2.7938879,35.902046,1.0562465,2.7930448,0.85703033,0.01
458,-17.132318,2.7824018,38.669235,0.95475274,2.7549057,0.7522143,0.01
459,-17.206074,2.733944,26.949736,0.9522889,2.639482,0.7725364,0.01
460,-17.211016,2.836959,31.525522,0.945492,2.867261,0.62796617,0.01
461,-17.231056,2.8052075,32.364265,0.95024383,2.6997597,0.6955105,0.01
462,-17.253523,2.9010072,35.08529,1.0109981,2.829067,0.71113926,0.01
463,-17.28225,2.8564627,33.90223,0.9542353,2.8171496,0.6580373,0.01
464,-17.280851,2.8575947,41.823185,0.9028362,2.815542,0.56084085,0.01
465,-17.281776,2.8884463,32.749187,1.0458208,2.891547,0.94339746,0.01
466,-17.245453,2.797832,27.816843,0.95413995,2.6428368,0.7328076,0.01
467,-17.345741,2.8565478,29.625803,1.0521842,2.756454,0.6893344,0.01
468,-17.237616,2.9135513,34.21665,1.072633,2.851194,0.727167,0.01
469,-17.271917,2.8133688,30.27695,1.0060163,2.6967473,0.6976127,0.01
470,-17.294432,2.8395765,35.358612,0.9997268,2.7040582,0.71631444,0.01
471,-17.409157,2.8750849,32.143738,0.99556965,2.6229634,0.64081,0.01
472,-17.310175,2.8176105,37.950348,0.9552482,2.8233562,0.734977,0.01
473,-17.332586,2.7730236,31.194489,1.0360597,2.5751321,0.67745644,0.01
474,-17.354782,2.803435,32.613102,0.96006596,2.6360004,0.6688352,0.01
475,-17.368052,2.8561287,33.742485,1.0174478,2.8119774,0.6416116,0.01
476,-17.481699,2.7719283,32.480556,0.9085029,2.8013442,0.720051,0.01
477,-17.386389,2.7770786,36.557465,0.97219604,2.620638,0.714618,0.01
478,-17.37811,2.786607,36.5706,0.99480736,2.6769629,0.79675746,0.01
479,-17.402504,2.8890069,31.116,1.034249,2.7114525,0.74814904,0.01
480,-17.495188,2.8281443,35.322052,1.0059167,2.9754105,0.9584501,0.01
481,-17.38729,2.8915,39.854122,1.0755813,2.7201335,0.7572936,0.01
482,-17.40007,2.8870342,37.696346,1.0347215,2.6913867,0.63996917,0.01
483,-17.402641,2.8288915,27.898598,1.035822,2.661657,0.70217174,0.01
484,-17.527388,2.8439124,29.345951,1.0160189,2.743953,1.0683751,0.01
485,-17.471706,2.8416743,34.17194,1.0297277,2.699133,0.71787137,0.01
486,-17.608702,2.8539202,33.32431,0.9749385,2.6825244,0.7141359,0.01
487,-17.54389,2.7744117,26.175463,1.0460385,2.7019174,0.7411367,0.01
488,-17.480679,2.8582158,32.472218,0.9750866,2.8672924,0.78557867,0.01
489,-17.509556,2.7672238,26.037268,0.9427594,2.7106917,0.77605313,0.01
490,-17.471003,2.8217485,25.19331,1.003145,2.7117603,0.7262311,0.01
491,-17.534798,2.9016664,34.615772,1.0360353,2.821639,0.74085945,0.01
492,-17.586777,2.8490548,28.182735,1.0040908,2.8733819,0.7104395,0.01
493,-17.560175,2.8743968,34.90783,1.0501039,2.78953,0.76703477,0.01
494,-17.554289,2.85528,30.244753,1.0270529,2.6373038,0.63730645,0.01
495,-17.589102,2.838348,31.581348,1.0587204,2.6586735,0.75589156,0.01
496,-17.675653,2.8560116,32.587105,1.035713,2.6449077,0.7577495,0.01
497,-17.690838,2.7961009,28.130636,0.9875008,2.7192698,0.67842156,0.01
498,-17.573305,2.8386486,37.223114,1.0128362,2.7855105,0.7862762,0.01
499,-17.617826,2.8091655,25.156244,1.0792739,2.7450528,0.74521536,0.01
500,-17.666452,2.8606865,32.407246,0.9493476,2.7046092,0.79940784,0.01
501,-17.722332,2.957789,34.192295,1.0987176,2.8319588,0.6683957,0.01
502,-17.698576,2.8983793,34.57627,1.1206858,2.810857,0.7006127,0.01
503,-17.68936,2.8444285,32.215843,1.0682993,2.6652975,0.79496413,0.01
504,-17.780422,2.8283966,33.09503,0.988717,2.8934324,0.66621166,0.01
505,-17.811716,2.9116764,38.86096,1.0771991,2.8270576,0.8368469,0.01
506,-17.761988,2.8800917,38.302147,1.0735053,2.682751,0.78146213,0.01
507,-17.768393,2.9004638,38.46743,1.0574328,2.633578,0.74843925,0.01
508,-17.795242,2.8402069,33.731693,1.0782223,2.765173,0.8547115,0.01
509,-17.822508,2.831862,29.11834,1.0852985,2.8171291,0.75754285,0.01
510,-17.826925,2.9076443,34.37915,1.0212891,2.755034,0.8253419,0.01
511,-17.840899,2.842499,30.049368,1.0473315,2.7793021,0.8120769,0.01
512,-17.842964,2.8308222,26.980717,1.0807452,2.7647293,0.6904353,0.01
513,-17.916405,2.8420994,30.588346,1.0720302,2.723405,0.7523672,0.01
514,-17.881577,2.8377097,30.534447,1.0585457,2.7376864,0.72179943,0.01
515,-17.84003,2.8208573,28.65584,1.0609996,2.7736826,0.758345,0.01
516,-17.881151,2.8671057,28.889206,1.1848452,2.701747,1.0898346,0.01
517,-17.864634,2.8278615,34.218643,1.0861069,2.812762,0.81081736,0.01
518,-17.877542,2.796198,23.732103,1.076657,2.5779936,0.7491444,0.01
519,-17.902855,2.831519,28.035007,1.1397017,2.814168,0.93897957,0.01
520,-17.868464,2.8300714,27.040659,1.1315421,2.7588983,1.0142125,0.01
521,-17.980017,2.9354584,30.38568,1.0527873,2.782518,0.7811719,0.01
522,-18.010633,2.761515,25.649975,1.0635018,2.7374961,0.8971934,0.01
523,-17.940636,2.9005604,34.3504,1.1069916,2.8230817,0.92238647,0.01
524,-18.045578,2.9143748,33.397057,1.1615908,2.828656,0.75237286,0.01
525,-18.023848,2.948675,28.73362,1.1840458,2.8666124,0.6981462,0.01
526,-18.0797,2.9000185,28.80799,1.1509379,2.8160589,0.9411214,0.01
527,-18.117048,2.9526815,34.63914,1.1264622,2.9129646,0.9426396,0.01
528,-17.966637,2.8804264,34.14909,1.1021564,2.6891265,0.72848654,0.01
529,-18.083609,2.873652,31.577923,1.1113132,2.8085248,0.72857255,0.01
530,-18.03821,2.9263835,31.322712,1.128699,2.754398,0.7526719,0.01
531,-18.166323,2.8715131,34.109493,1.1386564,2.7356317,0.7416063,0.01
532,-18.073313,2.858128,29.40329,1.0947838,2.6804953,0.8582073,0.01
533,-18.106419,2.9093533,30.593931,1.1202942,2.7513838,0.75937784,0.01
534,-18.167105,2.9201198,28.705019,1.1754917,2.9698792,1.1686889,0.01
535,-18.176546,2.9417164,29.841621,1.1506513,2.7802184,0.8962502,0.01
536,-18.127754,2.9303434,28.926758,1.2170209,2.7329893,0.8273578,0.01
537,-18.166342,2.792109,28.799942,1.0951685,2.633952,0.8936442,0.01
538,-18.176386,2.8889966,33.590927,1.1433786,2.8393764,0.79070276,0.01
539,-18.23394,2.9290566,25.117199,1.1424137,2.8003423,0.8435242,0.01
540,-18.195614,2.8254054,25.934862,1.0568091,2.647913,0.73172134,0.01
541,-18.15648,2.8768332,26.105598,1.1643542,2.7503238,0.880059,0.01
542,-18.32632,2.8956852,31.332104,1.131035,2.7583883,0.7729382,0.01
543,-18.245842,2.967548,31.343391,1.142642,2.7833562,0.84284514,0.01
544,-18.326368,2.8855302,32.234528,1.181563,2.7552373,0.954346,0.01
545,-18.251345,2.9574647,36.248653,1.2268672,2.7872717,1.0025364,0.01
546,-18.329653,3.0119317,37.63753,1.276397,2.7665932,0.898418,0.01
547,-18.345528,2.8369286,30.105654,1.1487888,2.71598,0.8857691,0.01
548,-18.44236,2.9461477,34.947773,1.184515,2.7574883,0.87307876,0.01
549,-18.303177,2.8647628,28.070261,1.2513803,2.81732,0.7587006,0.01
550,-18.474016,2.8879876,32.435066,1.1265124,2.7758477,0.86657816,0.01
551,-18.362328,2.8485966,33.086895,1.1633507,2.6448653,0.8138339,0.01
552,-18.387825,2.9068,32.157566,1.2156985,2.6940038,1.0129774,0.01
553,-18.415266,2.958734,31.09367,1.1969277,2.783952,0.8252509,0.01
554,-18.396767,2.8758261,29.700638,1.2170588,2.6757658,0.7759795,0.01
555,-18.491405,2.90786,30.308266,1.2500619,2.7217705,0.8243348,0.01
556,-18.515457,2.9359019,28.580774,1.2486272,2.764986,0.92014796,0.01
557,-18.538195,2.9629953,31.265333,1.169246,2.650117,0.8155186,0.01
558,-18.583113,2.9049833,29.919373,1.241429,2.7465975,0.94686437,0.01
559,-18.639462,2.942945,33.956596,1.1751723,2.8613725,1.2117925,0.01
560,-18.59059,2.954299,27.35141,1.2406201,2.7603621,0.7996493,0.01
561,-18.680403,2.9195664,37.326855,1.2341409,2.6397746,0.8406228,0.01
562,-18.580208,2.9737864,31.68077,1.2585716,2.761164,0.9722283,0.01
563,-18.581226,2.8758776,29.40314,1.162642,2.6790643,0.83537966,0.01
564,-18.65072,2.9977155,32.77133,1.3116034,2.7367089,0.865084,0.01
565,-18.609484,2.9532208,32.956074,1.2265491,2.7393255,0.8040428,0.01
566,-18.652985,2.9855633,36.27487,1.2536892,2.8641632,0.8699981,0.01
567,-18.647778,2.886925,28.822327,1.1665468,2.6591177,0.83220404,0.01
568,-18.685688,2.9268198,23.318733,1.2867938,2.7076154,1.1008723,0.01
569,-18.78441,2.904098,32.57138,1.2778747,2.6782568,0.81217194,0.01
570,-18.75477,2.858325,26.289343,1.1972669,2.7066247,0.74564683,0.01
571,-18.748856,2.893451,29.308334,1.2567831,2.7739398,0.79496336,0.01
572,-18.825747,2.9554155,37.88437,1.220436,2.7526417,0.7999624,0.01
573,-18.908695,2.9424403,30.099611,1.2920533,2.8003902,0.85098284,0.01
574,-18.884151,2.8967373,31.393154,1.1522568,2.721748,0.9091597,0.01
575,-18.879078,2.9365263,26.355892,1.279306,2.6875076,1.075363,0.01
576,-18.910936,2.9059255,34.822643,1.2131906,2.7166014,0.8311584,0.01
577,-18.854216,2.9619615,31.17086,1.2311614,2.7775867,0.83930117,0.01
578,-18.893332,2.8530831,29.77664,1.2592089,2.6141937,0.9588393,0.01
579,-18.88471,2.9249797,31.35979,1.2085357,2.7356632,0.8960992,0.01
580,-19.022808,2.9173758,29.935703,1.2431127,2.6697292,0.91933304,0.01
581,-18.988792,2.93026,30.256676,1.3139714,2.8151286,1.1553223,0.01
582,-18.977327,2.8972096,33.12579,1.2377222,2.7277682,1.3133609,0.01
583,-19.074915,2.9228327,30.6443,1.278737,2.708426,0.94029415,0.01
584,-19.032558,2.9478598,32.605522,1.2633209,2.7496119,0.8009813,0.01
585,-19.03036,2.9077573,28.632208,1.2238929,2.6506293,0.9531962,0.01
586,-19.058226,2.918945,30.546839,1.2272673,2.8433535,0.88365746,0.01
587,-19.077417,2.9673193,35.361397,1.1656038,2.6818838,0.84170145,0.01
588,-19.106348,2.9297435,30.707577,1.2147582,2.792128,0.840614,0.01
589,-19.073414,2.844115,26.780067,1.1476604,2.6404939,0.785018,0.01
590,-19.144844,2.8743336,28.29096,1.2296952,2.6876137,0.909577,0.01
591,-19.110327,2.917509,32.40253,1.2692537,2.593254,0.825677,0.01
592,-19.07421,2.8788216,27.93421,1.2750796,2.5643728,0.9056785,0.01
593,-19.133114,2.8976202,31.062626,1.2652406,2.7033741,0.7950955,0.01
594,-19.301079,2.8483586,28.951017,1.201442,2.6551409,0.85235906,0.01
595,-19.195375,2.9184673,33.105328,1.2551341,2.7436078,0.8080143,0.01
596,-19.18728,2.8421683,31.660276,1.2357109,2.635733,0.81692266,0.01
597,-19.195606,2.919168,28.225843,1.2048001,2.7572196,0.81305563,0.01
598,-19.193747,2.9550529,29.167887,1.2125015,2.6736605,0.81917745,0.01
599,-19.272655,2.898605,30.316566,1.2614424,2.6681242,0.96686393,0.01
600,-19.337145,2.9219472,31.106272,1.2243199,2.665251,0.81675154,0.01
601,-19.281176,2.8981967,27.993593,1.2559481,2.6452787,0.80869323,0.01
602,-19.360989,2.8983517,30.343521,1.2263185,2.69011,0.92504066,0.01
603,-19.376276,2.8487525,38.2918,1.1317776,2.614506,0.78602016,0.01
604,-19.234974,2.9093764,30.931896,1.2809576,2.7640672,0.9003405,0.01
605,-19.295158,2.8447511,29.760612,1.2557135,2.6733139,1.0279429,0.01
606,-19.37533,2.9043493,24.795313,1.2181462,2.7164032,0.9806598,0.01
607,-19.514893,2.934369,27.027424,1.266855,2.702229,0.8036259,0.01
608,-19.362543,2.8738768,26.633411,1.170048,2.662331,0.93758726,0.01
609,-19.508354,2.935755,26.2221,1.1739054,2.676262,0.74474156,0.01
610,-19.527725,2.919386,25.683002,1.2378969,2.7503932,0.7652169,0.01
611,-19.421137,2.8931894,28.842701,1.1991135,2.56719,0.90919375,0.01
612,-19.494585,2.8327506,29.273611,1.2021374,2.5841942,0.7755786,0.01
613,-19.466707,2.8703613,30.795248,1.2324977,2.6034575,0.84796757,0.01
614,-19.534035,2.832998,27.465796,1.1146531,2.4983096,0.7835951,0.01
615,-19.55813,2.9231944,26.7074,1.2258893,2.71641,0.7958147,0.01
616,-19.486599,2.872572,31.285622,1.1532633,2.691428,0.97703326,0.01
617,-19.528269,2.8414133,23.623951,1.1734457,2.5963109,0.79733044,0.01
618,-19.647478,2.9508805,26.260082,1.2023616,2.6842647,0.78154385,0.01
619,-19.598398,2.7913938,26.606417,1.1829344,2.5845551,0.74635756,0.01
620,-19.643192,2.910571,30.791176,1.2042044,2.6886263,0.83334917,0.01
621,-19.674913,2.879759,29.009432,1.155454,2.7154012,1.0389172,0.01
622,-19.699121,2.9075732,30.914686,1.2046773,2.5574017,0.7754406,0.01
623,-19.688318,2.9044766,25.503845,1.2219237,2.6028922,0.8372097,0.01
624,-19.780636,2.8699756,24.96981,1.1623254,2.6445086,0.94265753,0.01
625,-19.806126,2.8386383,40.66564,1.1012168,2.6296072,0.8556151,0.01
626,-19.674622,2.8610983,26.008472,1.163,2.5906584,0.854679,0.01
627,-19.6755,2.8291361,27.553099,1.1983528,2.6413882,0.7700147,0.01
628,-19.661783,2.874986,24.901299,1.1486598,2.6414049,0.78661686,0.01
629,-19.722124,2.8893256,30.002367,1.1121911,2.6356537,0.7166451,0.01
630,-19.680492,2.8698847,28.04671,1.2130743,2.6151023,0.8539073,0.01
631,-19.745884,2.8967133,25.82092,1.156577,2.6585004,0.7973682,0.01
632,-19.80791,2.8075185,23.612522,1.1455858,2.6051362,0.7602276,0.01
633,-19.851334,2.9003448,28.024858,1.1435937,2.6842732,0.91648066,0.01
634,-19.797718,2.782469,27.287594,1.0876704,2.7020857,0.7240529,0.01
635,-19.813187,2.8387868,27.406649,1.1469959,2.5315504,0.78739566,0.01
636,-19.872953,2.884245,31.327902,1.1869624,2.800454,0.9102801,0.01
637,-19.864317,2.8434317,29.226149,1.1101688,2.6675553,0.8902842,0.01
638,-20.022121,2.8696394,30.661959,1.0852662,2.5854373,0.8437713,0.01
639,-19.859343,2.863128,26.180239,1.136824,2.7179942,0.8258908,0.01
640,-19.902004,2.832084,26.650219,1.2115469,2.568153,1.0176139,0.01
641,-19.960688,2.8441248,29.620705,1.2062191,2.66421,0.82675433,0.01
642,-19.998112,2.8557353,32.573166,1.0371416,2.5613575,0.7298182,0.01
643,-20.029398,2.8610454,28.766882,1.0627493,2.6525383,0.8854539,0.01
644,-20.01248,2.8359728,26.871487,1.1134055,2.5591068,0.76696676,0.01
645,-20.007965,2.7418242,30.937416,1.0904417,2.633902,0.8523702,0.01
646,-20.054953,2.8460343,28.891382,1.1155183,2.5922477,0.7744436,0.01
647,-20.059238,2.793961,28.247766,1.0420197,2.5120833,0.78254604,0.01
648,-20.184574,2.8433683,34.210556,1.0664344,2.6308527,0.777929,0.01
649,-20.077017,2.7855396,26.572279,1.1227026,2.6673844,0.92861336,0.01
650,-20.036184,2.8290737,25.548817,1.0801404,2.5830011,0.71952236,0.01
651,-20.000233,2.8640697,34.19157,1.1497104,2.5433545,0.6841845,0.01
652,-20.242083,2.822733,27.407312,1.1206727,2.604473,0.748464,0.01
653,-20.062708,2.7527065,25.323421,1.0921961,2.6089125,0.8411271,0.01
654,-20.182371,2.7739515,24.551283,1.0684716,2.6127887,0.76908135,0.01
655,-20.246326,2.7654762,25.567839,0.9699489,2.6141436,0.69756776,0.01
656,-20.126276,2.7438176,28.671911,1.0606978,2.5625892,0.72508806,0.01
657,-20.159935,2.7534804,24.04084,0.98179686,2.5853736,0.69645625,0.01
658,-20.206116,2.8085148,30.248175,1.0310539,2.6959393,0.880517,0.01
659,-20.167675,2.7798843,21.648779,1.1596248,2.556351,0.77058053,0.01
660,-20.23946,2.7689369,25.815804,1.0519763,2.5559444,0.80350286,0.01
661,-20.258862,2.7049327,28.3199,0.9872463,2.715329,1.275084,0.01
662,-20.223055,2.763234,31.962492,1.0479125,2.5659244,0.8450094,0.01
663,-20.227562,2.7258458,29.464783,1.0098524,2.5169702,0.6936424,0.01
664,-20.228897,2.719974,27.77928,0.9789612,2.5000496,0.67205524,0.01
665,-20.318892,2.7376816,28.20642,1.0368452,2.564896,0.9268077,0.01
666,-20.34301,2.8245866,26.864363,0.99673766,2.50694,0.6078376,0.01
667,-20.34463,2.7750487,27.068161,1.0235627,2.4703593,0.6929723,0.01
668,-20.255812,2.733333,27.913927,0.98960495,2.586407,0.7835676,0.01
669,-20.245625,2.774493,26.418045,1.0493659,2.507819,0.80722046,0.01
670,-20.234732,2.7683675,27.185,1.0102515,2.4327867,0.6778981,0.01
671,-20.405695,2.7639875,29.663824,0.9381563,2.597084,0.8841543,0.01
672,-20.305462,2.7522175,30.375086,0.9926865,2.5857916,0.7034985,0.01
673,-20.321926,2.7360418,21.68701,0.95638025,2.586334,0.75055456,0.01
674,-20.418062,2.7970157,28.667141,1.0012758,2.58695,0.7201801,0.01
675,-20.359968,2.7260876,28.070976,0.9875753,2.4598386,0.7284621,0.01
676,-20.36601,2.7063913,25.860674,0.99001557,2.5628898,0.7431216,0.01
677,-20.442278,2.6599574,25.339897,1.0705826,2.460336,0.7107207,0.01
678,-20.507208,2.7469542,27.198112,0.9997141,2.5842075,0.75391364,0.01
679,-20.454298,2.6953073,24.778395,0.99274725,2.4741218,0.7440005,0.01
680,-20.46976,2.7464325,32.85574,0.9572037,2.42272,0.66247964,0.01
681,-20.523174,2.7439556,24.8271,0.9888577,2.5120525,0.64210373,0.01
682,-20.402912,2.6630592,27.309872,0.97690976,2.5158422,1.0406321,0.01
683,-20.6182,2.7256107,22.431665,0.95724714,2.6107197,0.72128856,0.01
684,-20.558933,2.6820097,24.698595,0.9158359,2.5633495,0.6405611,0.01
685,-20.546652,2.658058,29.693014,0.96742,2.5422542,0.6847334,0.01
686,-20.523403,2.6860328,25.65147,0.9618926,2.6269114,0.62002283,0.01
687,-20.613083,2.7153368,30.03606,0.87347335,2.47356,0.7047841,0.01
688,-20.506363,2.691432,22.914677,0.968363,2.5960283,0.616342,0.01
689,-20.631319,2.699612,30.749052,0.9546158,2.4639616,0.65361387,0.01
690,-20.626825,2.715943,25.766043,0.9626318,2.535391,0.69733065,0.01
691,-20.619791,2.6745133,24.59479,0.8909102,2.5408647,0.65708655,0.01
692,-20.546003,2.6900733,26.631842,0.937322,2.5907638,0.6945285,0.01
693,-20.576595,2.6925404,29.70114,0.89613307,2.474834,0.64442587,0.01
694,-20.641443,2.640799,28.064901,0.92852575,2.3777797,0.8400831,0.01
695,-20.655687,2.6922443,30.049683,0.93985194,2.602396,0.69646615,0.01
696,-20.620527,2.6771903,30.610342,0.86794984,2.5650594,0.76399016,0.01
697,-20.547836,2.6725686,27.128998,0.88840747,2.4983425,0.6543376,0.01
698,-20.610844,2.732296,28.137333,0.89633405,2.494475,0.5907131,0.01
699,-20.642534,2.7799187,28.291899,0.89973146,2.6172829,0.7000451,0.01
700,-20.602406,2.6497405,26.67821,0.93196684,2.493929,0.70646024,0.01
701,-20.668308,2.6374946,26.546703,0.8855334,2.4967556,0.6220044,0.01
702,-20.701126,2.675139,29.998497,0.897954,2.593517,0.6703846,0.01
703,-20.718246,2.595745,32.76956,0.86028534,2.4350445,0.80702525,0.01
704,-20.82111,2.636312,32.658726,0.87666863,2.6220627,0.80474025,0.01
705,-20.64724,2.641109,31.367155,0.8602153,2.5015955,0.6268754,0.01
706,-20.761217,2.657765,31.234955,0.84577644,2.5585403,0.61314535,0.01
707,-20.836851,2.6831923,23.08956,0.8503791,2.527972,0.706966,0.01
708,-20.71034,2.6809614,28.099401,0.8112645,2.5789144,0.6413541,0.01
709,-20.721294,2.605234,24.811317,0.8016673,2.527513,0.70571566,0.01
710,-20.74757,2.74082,31.9088,0.91649556,2.573084,0.61930263,0.01
711,-20.73607,2.6559396,28.99336,0.8677403,2.5575392,0.7231489,0.01
712,-20.777063,2.7167754,28.838417,0.9031926,2.6441822,0.89243734,0.01
713,-20.776562,2.6001608,23.797375,0.80792326,2.4208746,0.6184568,0.01
714,-20.82364,2.639474,28.93037,0.8797794,2.4114852,0.6034968,0.01
715,-20.78477,2.5940676,26.61275,0.84460634,2.3553886,0.6748172,0.01
716,-20.873018,2.6635303,27.938082,0.8171619,2.5079737,0.78637576,0.01
717,-20.781176,2.675723,27.781843,0.86610055,2.4939032,0.59591675,0.01
718,-20.862606,2.6682508,25.83566,0.8278418,2.4492059,0.72228724,0.01
719,-20.873104,2.6364276,23.992764,0.8289923,2.5398607,0.58583486,0.01
720,-20.868061,2.5943172,26.40366,0.89521426,2.410667,0.67702925,0.01
721,-20.866337,2.636921,31.635225,0.8252284,2.51967,0.67560524,0.01
722,-20.903519,2.6422467,30.047419,0.85909176,2.4132047,0.69098306,0.01
723,-20.960588,2.6406887,31.098722,0.82932776,2.6056647,0.81083786,0.01
724,-20.840586,2.6281023,21.928358,0.8091151,2.4875946,0.6043492,0.01
725,-20.969578,2.7042496,25.429058,0.8181662,2.6367466,0.79134494,0.01
726,-20.936605,2.590828,23.799175,0.81967354,2.447169,0.71309525,0.01
727,-20.878424,2.6208847,24.609434,0.83034015,2.6347654,0.5931013,0.01
728,-20.875113,2.631874,27.64335,0.8095799,2.3804662,0.61568475,0.01
729,-20.88802,2.6451132,27.52536,0.8082519,2.511077,0.724256,0.01
730,-20.92235,2.5843918,22.06749,0.80826086,2.5722952,0.63431394,0.01
731,-20.990938,2.6476605,26.842577,0.89077514,2.4683044,0.59676605,0.01
732,-21.015371,2.6405454,25.362946,0.84208375,2.5011587,0.65920484,0.01
733,-20.863337,2.6528966,29.704557,0.86552113,2.3173075,0.6056911,0.01
734,-20.92491,2.660621,23.224213,0.8082911,2.690038,0.64468384,0.01
735,-20.986734,2.5526352,22.913876,0.82259417,2.3220716,0.6689627,0.01
736,-21.010468,2.6189446,27.100319,0.8234828,2.507381,0.76220036,0.01
737,-20.969118,2.6276014,24.193151,0.86408097,2.4437008,0.6222394,0.01
738,-21.034044,2.6396608,27.293552,0.8431739,2.4903204,0.7995225,0.01
739,-21.019875,2.6552637,22.724669,0.8462607,2.4487047,0.69950396,0.01
740,-21.048351,2.520468,25.857794,0.72065026,2.4741218,0.71202934,0.01
741,-20.999538,2.6071706,29.20414,0.80101585,2.3662612,0.54647404,0.01
742,-21.062777,2.6082919,25.677732,0.82272166,2.4433417,0.69291216,0.01
743,-21.04777,2.6099637,23.861814,0.8528903,2.3638513,0.7385673,0.01
744,-21.149597,2.6446867,25.676144,0.826109,2.5142558,0.59206903,0.01
745,-21.043976,2.61454,25.19998,0.78361195,2.4103963,0.5818967,0.01
746,-21.115633,2.54715,31.65537,0.7876842,2.286471,0.6164822,0.01
747,-21.11586,2.5834973,26.168606,0.8010355,2.4131417,0.6076371,0.01
748,-21.088818,2.6300886,26.62929,0.7755519,2.484168,0.5574275,0.01
749,-21.127754,2.5899942,28.026747,0.79578614,2.4431896,0.665418,0.01
750,-21.11375,2.6353347,29.038544,0.87492436,2.419635,0.5703659,0.01
751,-21.269459,2.6984203,26.93538,0.76268965,2.529129,0.5902222,0.01
752,-21.226671,2.5750604,25.447992,0.822595,2.4185607,0.6906157,0.01
753,-21.138695,2.556051,26.891792,0.8330182,2.4941597,0.5962991,0.01
754,-21.083324,2.5841591,25.93127,0.8449675,2.4100165,0.59830165,0.01
755,-21.083626,2.636478,22.528496,0.79616296,2.4599762,0.6870324,0.01
756,-21.285185,2.4703162,26.016188,0.7442411,2.3574405,0.6849369,0.01
757,-21.258715,2.5728018,24.93552,0.80807775,2.463806,0.5946707,0.01
758,-21.165718,2.5055313,23.737665,0.8268636,2.4187288,0.57314944,0.01
759,-21.241034,2.5546947,23.364906,0.83406067,2.5513353,0.7952309,0.01
760,-21.149597,2.5251992,26.785524,0.8033781,2.2398076,0.5380121,0.01
761,-21.159706,2.58439,23.69483,0.810433,2.5281756,0.626737,0.01
762,-21.192371,2.464994,26.664461,0.8289035,2.3162265,0.6247371,0.01
763,-21.266554,2.5480454,28.494457,0.8416263,2.3813953,0.5635399,0.01
764,-21.350063,2.6351986,28.948467,0.83602303,2.4476628,0.5856353,0.01
765,-21.201914,2.5801635,30.845545,0.85098124,2.2760046,0.6557194,0.01
766,-21.229511,2.5404053,23.536129,0.8097496,2.3872983,0.56520987,0.01
767,-21.238684,2.5718267,27.119923,0.8696281,2.4936912,0.630875,0.01
768,-21.372618,2.619009,25.956318,0.8808806,2.4291384,0.62661314,0.01
769,-21.251303,2.5475616,26.167273,0.8130807,2.4457216,0.7124967,0.01
770,-21.315788,2.572406,25.782358,0.83241296,2.3310285,0.58214176,0.01
771,-21.249224,2.496885,25.549555,0.808852,2.3080356,0.5739167,0.01
772,-21.316916,2.5483954,25.09792,0.79498816,2.469378,0.6293004,0.01
773,-21.220625,2.5009718,26.93758,0.88333446,2.2951198,0.6064567,0.01
774,-21.225647,2.484285,24.795319,0.83897686,2.321067,0.5407707,0.01
775,-21.36524,2.5895393,22.600382,0.83405095,2.4853365,0.62981373,0.01
776,-21.33979,2.5405972,25.600716,0.85760105,2.4871855,0.754119,0.01
777,-21.365751,2.5129712,25.976042,0.8254821,2.355637,0.58228934,0.01
778,-21.382887,2.566886,26.509592,0.8799926,2.2955146,0.5781958,0.01
779,-21.3818,2.5361702,25.127285,0.8404283,2.4387076,0.6056328,0.01
780,-21.308691,2.6210887,23.544079,0.83730793,2.3795722,0.59176874,0.01
781,-21.434383,2.5460613,26.028582,0.8106989,2.3530982,0.6590307,0.01
782,-21.391928,2.527704,24.266796,0.8883349,2.3406036,0.5848907,0.01
783,-21.484892,2.5599837,23.68211,0.8360744,2.3895857,0.5822989,0.01
784,-21.461031,2.5253384,25.737242,0.92592174,2.4064536,0.6048539,0.01
785,-21.359474,2.4828029,29.768398,0.8623279,2.355419,0.6381979,0.01
786,-21.41383,2.5469635,25.583466,0.9058354,2.4206123,0.5874644,0.01
787,-21.409544,2.5278594,26.099781,0.89265853,2.3018427,0.6326421,0.01
788,-21.391527,2.529672,25.34581,0.8822605,2.3333504,0.57132167,0.01
789,-21.45175,2.4933383,26.265553,0.9004848,2.216107,0.6045525,0.01
790,-21.499062,2.5256493,25.513546,0.86681503,2.3364673,0.5743732,0.01
791,-21.533033,2.5259244,24.442648,0.90861213,2.374303,0.6870126,0.01
792,-21.488825,2.5640204,24.057724,0.9048467,2.350643,0.756736,0.01
793,-21.4922,2.4621716,22.36709,0.9165136,2.3464239,0.65426356,0.01
794,-21.446932,2.5287838,26.319208,0.8452278,2.4277794,0.7499458,0.01
795,-21.583065,2.5647585,25.857996,0.91940886,2.37062,0.6723363,0.01
796,-21.565172,2.5010002,25.490053,0.8793625,2.3771548,0.643987,0.01
797,-21.528503,2.5101635,22.799118,0.8855028,2.2986312,0.60693914,0.01
798,-21.496437,2.5888555,26.360113,0.87188005,2.304943,0.6529022,0.01
799,-21.610023,2.608321,22.655312,0.91299456,2.4266243,0.55437386,0.01
800,-21.63729,2.5849566,23.796505,0.8745429,2.410136,0.6462503,0.01
801,-21.512852,2.4536138,21.868053,0.9104416,2.303408,0.69459194,0.01
802,-21.611773,2.4992216,27.334618,0.87665313,2.3938794,0.6162514,0.01
803,-21.635777,2.4571512,27.712582,0.88295543,2.3646662,0.54854333,0.01
804,-21.490942,2.581157,25.963484,0.8973989,2.3401642,0.6244044,0.01
805,-21.618666,2.549016,27.957254,0.9395327,2.2230103,0.54776484,0.01
806,-21.659931,2.5101295,26.339361,0.8833931,2.3265014,0.7139932,0.01
807,-21.535563,2.616297,24.251272,0.96051234,2.3282173,0.61964303,0.01
808,-21.747581,2.5133326,23.013042,0.8815281,2.3932507,0.59385407,0.01
809,-21.71004,2.6041288,22.835976,0.9363015,2.3574085,0.64056957,0.01
810,-21.65946,2.4855971,22.157612,0.9497649,2.3197975,0.7188717,0.01
811,-21.633425,2.4380317,25.92239,0.89807945,2.2706375,0.66397315,0.01
812,-21.695023,2.5023248,24.403152,0.9720209,2.2940767,0.7942973,0.01
813,-21.58265,2.5477083,23.090065,0.90448767,2.3442676,0.7056763,0.01
814,-21.66014,2.4775343,24.037746,0.9639601,2.2749407,0.59420645,0.01
815,-21.706554,2.5852041,24.51369,0.9381925,2.4212117,0.6667636,0.01
816,-21.693348,2.5163195,27.180218,0.9440721,2.3004925,0.6724687,0.01
817,-21.723934,2.557684,25.946766,0.97046185,2.4006898,0.6679041,0.01
818,-21.705841,2.475173,23.97011,0.9726313,2.27719,0.83036226,0.01
819,-21.764359,2.515086,22.786932,0.9703834,2.314275,0.668725,0.01
820,-21.747265,2.4300082,25.440363,0.91364384,2.3096626,0.56210846,0.01
821,-21.79326,2.446815,24.853828,0.97084475,2.2408044,0.61322707,0.01
822,-21.904413,2.4790802,28.935131,0.9317719,2.188198,0.8063878,0.01
823,-21.823135,2.5526803,30.024576,1.002155,2.2287586,0.72220105,0.01
824,-21.842497,2.6040354,28.108688,0.9769713,2.4455364,0.61579055,0.01
825,-21.856407,2.5062041,25.554302,0.9871268,2.3782353,0.7553418,0.01
826,-21.810741,2.5096004,28.819132,0.9712531,2.3370585,0.6688694,0.01
827,-21.888645,2.5244477,25.752615,1.0014724,2.2646081,0.69332397,0.01
828,-21.868105,2.5319626,22.92433,0.9764269,2.4167435,0.68819237,0.01
829,-21.850037,2.4952435,24.865454,1.038654,2.37201,0.6552011,0.01
830,-21.873844,2.5177205,28.963352,1.0241938,2.2769005,0.74124074,0.01
831,-21.868143,2.5200922,26.27677,1.003465,2.2625656,0.6659645,0.01
832,-21.894915,2.4969208,26.313683,1.0207508,2.3189766,0.66615736,0.01
833,-21.908476,2.471377,27.0273,1.0256779,2.2768385,0.59969556,0.01
834,-21.996634,2.506528,21.28421,0.9812524,2.320321,0.7454,0.01
835,-21.95482,2.5302608,24.017008,0.9957015,2.295073,0.61673343,0.01
836,-22.03834,2.5717497,26.969767,0.99135756,2.3653004,0.61096627,0.01
837,-21.938137,2.4737344,23.886568,1.0380878,2.2473917,0.84376645,0.01
838,-21.927008,2.499067,23.32858,1.0166057,2.297075,0.62220204,0.01
839,-22.106714,2.5277112,26.681612,1.0371649,2.3547103,0.6301969,0.01
840,-21.950449,2.428346,27.586983,1.0150809,2.2296147,0.6510672,0.01
841,-22.142008,2.5369923,22.464441,1.0536566,2.3158994,0.6406503,0.01
842,-22.002264,2.5242975,22.175253,1.0573138,2.2845335,0.6923712,0.01
843,-22.122473,2.4711626,22.660551,1.0136366,2.1978598,0.62336075,0.01
844,-22.092466,2.491719,25.887127,1.0579453,2.4264543,0.6952678,0.01
845,-22.09187,2.4548686,21.375837,1.0665754,2.3151262,0.7638428,0.01
846,-22.023258,2.5052845,24.260841,1.0373845,2.1911283,0.6080028,0.01
847,-22.153778,2.4910924,25.999788,1.0111593,2.4890792,0.73175824,0.01
848,-22.138031,2.5064678,25.549326,1.0266979,2.346099,0.6787237,0.01
849,-22.20185,2.419171,28.54333,1.0249817,2.1997116,0.80244386,0.01
850,-22.095835,2.3921387,23.492804,0.9903856,2.299549,0.6856665,0.01
851,-22.12383,2.4814997,23.8792,1.0682223,2.237771,0.7644388,0.01
852,-22.092747,2.4429963,25.880201,1.0604594,2.2718737,0.69910276,0.01
853,-22.191921,2.4320328,23.468958,1.0467408,2.2127886,0.69848114,0.01
854,-22.13516,2.4783528,26.34369,1.0979223,2.282477,0.6454733,0.01
855,-22.156986,2.4404151,27.393377,1.0342952,2.273616,0.66771984,0.01
856,-22.187578,2.4181623,21.257523,1.0263819,2.1744406,0.70428574,0.01
857,-22.12698,2.439691,23.307251,1.1223124,2.252662,0.62966615,0.01
858,-22.2372,2.4316866,22.022318,1.1027277,2.2963634,0.660302,0.01
859,-22.207436,2.3916078,23.835674,1.0139636,2.2090697,0.78418285,0.01
860,-22.18756,2.4176557,25.651237,1.0661755,2.183651,0.77967,0.01
861,-22.21204,2.4080024,26.438074,1.0830458,2.1945248,0.7041369,0.01
862,-22.314253,2.4431863,23.645847,1.1262643,2.1840956,0.65937793,0.01
863,-22.265253,2.404135,19.931814,1.0384132,2.2624629,0.6781427,0.01
864,-22.298216,2.4663959,25.373348,1.0750726,2.2849495,0.66972136,0.01
865,-22.335482,2.3884716,24.942184,1.0393828,2.2033014,0.69641113,0.01
866,-22.320856,2.4828892,21.588518,1.0714042,2.160278,0.7237855,0.01
867,-22.242735,2.4254017,23.981009,1.0891244,2.2497394,0.6623379,0.01
868,-22.443281,2.425174,21.060167,1.0619439,2.2683332,0.674936,0.01
869,-22.452469,2.4079895,24.922321,1.0327599,2.169583,0.6716645,0.01
870,-22.410387,2.406575,22.235764,1.1085364,2.418902,0.7468885,0.01
871,-22.406515,2.422466,23.749002,1.0910033,2.3360257,0.72582704,0.01
872,-22.411877,2.447284,24.067944,1.1304575,2.2575567,0.72082686,0.01
873,-22.467499,2.3793194,23.682192,1.1551505,2.1569371,0.69741344,0.01
874,-22.358164,2.370155,20.520157,1.0878651,2.2681634,0.67096305,0.01
875,-22.389523,2.4145832,23.415707,1.1151496,2.2837954,0.6899457,0.01
876,-22.500265,2.4227746,23.510944,1.0989999,2.1963303,0.741606,0.01
877,-22.48457,2.412926,19.68589,1.1437198,2.2761817,0.71989685,0.01
878,-22.49236,2.4612613,23.110918,1.1437756,2.2410216,0.66595125,0.01
879,-22.508274,2.3808236,23.054274,1.1000456,2.0351999,0.68997985,0.01
880,-22.565918,2.399852,22.413872,1.0422447,2.159087,0.66042703,0.01
881,-22.631102,2.3832626,24.16383,1.0983762,2.155537,0.9068362,0.01
882,-22.568785,2.4353817,24.10448,1.0933917,2.3235288,0.653559,0.01
883,-22.548231,2.3328235,20.643324,1.0814538,2.2062376,0.7256511,0.01
884,-22.552574,2.365102,21.146969,1.0660282,2.2262485,0.68736297,0.01
885,-22.567059,2.3976858,22.509146,1.1066201,2.2562757,0.7518812,0.01
886,-22.612705,2.3420682,24.124289,1.1047802,2.19383,0.6708014,0.01
887,-22.6255,2.3483515,24.978617,1.051264,2.1429064,0.68358296,0.01
888,-22.59723,2.3846304,24.447945,1.0408282,2.2260933,0.6670571,0.01
889,-22.579851,2.3228245,19.927721,1.1045972,2.1809232,0.6769928,0.01
890,-22.576702,2.3532882,21.53113,1.1028544,2.1947901,0.7214725,0.01
891,-22.771568,2.3900404,23.87633,1.0760037,2.1048706,0.6770352,0.01
892,-22.760527,2.3633227,21.818722,1.042712,2.1964054,0.650154,0.01
893,-22.725475,2.30625,24.942438,1.0598953,2.2028487,0.67753327,0.01
894,-22.764982,2.363245,19.530493,1.0439413,2.1764247,0.71319085,0.01
895,-22.698507,2.298476,23.361874,1.0829544,2.062686,0.68558234,0.01
896,-22.80557,2.3273978,27.276436,1.1133955,2.1409876,0.6710763,0.01
897,-22.777607,2.3086345,22.646317,1.0234752,2.1339011,0.6857737,0.01
898,-22.775652,2.3441935,27.595139,1.0273801,2.1405954,0.65385926,0.01
899,-22.7308,2.316402,24.062452,1.0469235,2.1588275,0.6363041,0.01
900,-22.799057,2.3157368,22.874897,1.007707,2.122111,0.64943445,0.01
901,-22.841845,2.333728,22.996029,1.0291725,2.0666714,0.67651993,0.01
902,-22.732012,2.3468792,19.002678,1.0645418,2.135195,0.70930356,0.01
903,-22.819538,2.3310905,21.555988,1.0726779,2.0824447,0.7595234,0.01
904,-22.88466,2.3769882,24.933817,1.0665442,2.1833491,0.7167506,0.01
905,-22.861324,2.3089714,23.904837,1.0248077,2.1370487,0.656333,0.01
906,-22.810316,2.293923,20.54291,1.0635456,2.07789,0.63072187,0.01
907,-22.877193,2.3145485,23.37547,1.0706675,2.1281304,0.6970932,0.01
908,-22.892157,2.3109407,22.79519,1.0432582,2.123531,0.6728646,0.01
909,-22.923634,2.3684576,24.325968,0.9940314,2.1980767,0.6294606,0.01
910,-22.916664,2.297914,22.054955,1.0444036,2.0336106,0.65236306,0.01
911,-22.94037,2.258992,21.693165,1.0064483,2.1283042,0.6257726,0.01
912,-23.011774,2.2787402,22.281734,1.0635438,2.1050775,0.6475089,0.01
913,-22.94453,2.2731102,21.457443,1.0519363,2.1568987,0.6474378,0.01
914,-22.957506,2.2471228,19.82867,1.0393162,2.0032687,0.65374017,0.01
915,-22.943422,2.2625213,24.593784,0.9809261,2.2126632,0.63501585,0.01
916,-22.95168,2.2518425,19.826408,1.0333143,2.1298573,0.62549174,0.01
917,-23.092722,2.192528,23.473278,0.99981374,2.04463,0.63970757,0.01
918,-23.002844,2.190419,22.31237,0.95552874,2.0442278,0.62313676,0.01
919,-22.933788,2.231446,22.75419,0.99568146,2.0264683,0.6795021,0.01
920,-23.016594,2.2497787,24.500113,0.97221047,2.0806878,0.79852235,0.01
921,-22.987234,2.1990786,20.381773,0.97545815,2.0760286,0.6054368,0.01
922,-22.95661,2.157711,21.019932,1.0094645,2.036274,0.64951056,0.01
923,-22.999283,2.1651964,17.34055,0.97435856,2.0089052,0.61768067,0.01
924,-23.08159,2.2365284,24.102346,0.95000684,2.1351082,0.6306419,0.01
925,-23.130043,2.1577985,23.650526,0.9552182,2.0152948,0.6666789,0.01
926,-23.099035,2.1754093,18.51068,0.94162804,2.0556104,0.6760327,0.01
927,-23.169699,2.189825,19.312546,0.9529748,2.16188,0.61497223,0.01
928,-23.145214,2.219032,22.586195,0.96839,2.1581855,0.6404223,0.01
929,-23.187658,2.1658604,17.37669,0.9456705,2.1390297,0.6227837,0.01
930,-23.243696,2.1691523,23.313492,0.93672246,2.0159445,0.7370471,0.01
931,-23.192524,2.1688673,21.835863,0.9520851,2.0412033,0.61054045,0.01
932,-23.188871,2.1703682,20.191942,0.899254,2.1057944,0.679006,0.01
933,-23.179996,2.1252334,19.896791,0.94968206,2.0768955,0.64450663,0.01
934,-23.21265,2.1723206,20.340002,0.89919066,2.1158783,0.6492608,0.01
935,-23.131542,2.1218624,21.799013,0.91503406,1.9844648,0.71803087,0.01
936,-23.24271,2.1456523,21.287083,0.89572304,1.9292076,0.5912998,0.01
937,-23.282965,2.093459,20.078362,0.8896772,2.005539,0.6457064,0.01
938,-23.205263,2.1174424,17.805353,0.9102179,2.0116434,0.64079165,0.01
939,-23.187563,2.1583836,23.661703,0.9181514,1.9715589,0.61682975,0.01
940,-23.303719,2.0668886,19.760122,0.88635,1.9989362,0.576733,0.01
941,-23.247414,2.1267233,19.906672,0.85215765,1.9494605,0.6572805,0.01
942,-23.321297,2.086016,21.63284,0.8829891,2.0616205,0.61970717,0.01
943,-23.365568,2.1160345,24.069803,0.8291841,2.0880218,0.6192758,0.01
944,-23.270416,2.0814662,19.469053,0.8599041,1.9484062,0.58426934,0.01
945,-23.244463,2.0386999,20.351292,0.87347186,2.013652,0.6134998,0.01
946,-23.310503,2.0705721,21.249947,0.8794814,2.0150669,0.55240047,0.01
947,-23.299828,2.0410457,17.09651,0.84118444,1.9587123,0.6349254,0.01
948,-23.336424,2.0697813,22.315456,0.8489635,2.0262444,0.5583858,0.01
949,-23.424992,2.0641541,21.514364,0.8218868,2.0552266,0.53648573,0.01
950,-23.33279,2.0611596,22.423712,0.8208407,1.9557834,0.58186525,0.01
951,-23.398333,2.0557306,17.080746,0.840297,1.955217,0.531116,0.01
952,-23.372942,2.0316076,22.588099,0.8003737,1.9481509,0.55531657,0.01
953,-23.390217,2.057755,19.673222,0.82162446,2.0842965,0.5608557,0.01
954,-23.381933,1.969803,19.79724,0.8434056,1.9744582,0.6089117,0.01
955,-23.418995,2.0127172,17.235647,0.7877946,2.0071661,0.5639365,0.01
956,-23.421885,1.9920644,17.983019,0.76587707,2.0018308,0.5943358,0.01
957,-23.430656,1.9391645,17.134548,0.7989079,1.9098611,0.56203926,0.01
958,-23.388613,2.0068915,21.905214,0.78145427,1.983985,0.6283241,0.01
959,-23.389027,2.056287,22.99789,0.804234,2.0571623,0.6067427,0.01
960,-23.427925,1.9654552,15.086254,0.75990194,2.001497,0.54768366,0.01
961,-23.48215,2.0094752,17.904844,0.7729168,2.0212712,0.5842775,0.01
962,-23.441511,2.0250487,19.297955,0.81012714,2.0185864,0.5517624,0.01
963,-23.48141,1.9949156,18.731907,0.757448,1.950695,0.54712754,0.01
964,-23.448977,1.9216075,19.464178,0.73163,1.906438,0.509772,0.01
965,-23.484678,1.8939792,15.421549,0.7680936,1.8590951,0.51575345,0.01
966,-23.449888,1.9523497,15.911296,0.7464122,1.9636024,0.58865863,0.01
967,-23.46467,1.9666276,19.9157,0.7693949,1.9964451,0.5379473,0.01
968,-23.503958,1.9341608,18.915564,0.7458961,1.9469712,0.54184586,0.01
969,-23.51883,1.9265045,22.392977,0.7205104,1.9116383,0.58811224,0.01
970,-23.5561,1.9400761,19.623177,0.7045635,1.9987062,0.5337515,0.01
971,-23.483578,1.888165,21.406174,0.71417576,1.8968563,0.7249401,0.01
972,-23.598906,1.9169078,21.525291,0.6990994,1.8767998,0.5225233,0.01
973,-23.55597,1.8787175,16.741299,0.6870681,1.9311852,0.5485811,0.01
974,-23.592333,1.9165604,19.068583,0.71106446,1.9026321,0.59423965,0.01
975,-23.593643,1.877401,21.463373,0.6667142,1.8525116,0.50673026,0.01
976,-23.553495,1.8543639,18.001362,0.6905753,1.8771424,0.5186399,0.01
977,-23.599567,1.8547354,23.881018,0.66152865,1.802345,0.5019603,0.01
978,-23.586554,1.895991,19.345686,0.66504484,1.9528254,0.47762567,0.01
979,-23.577343,1.8448243,19.953405,0.6546308,1.9966841,0.54998314,0.01
980,-23.593693,1.9000357,18.026592,0.6907955,1.9099858,0.49683025,0.01
981,-23.652235,1.8657687,18.784903,0.67820066,1.8514909,0.5485078,0.01
982,-23.663687,1.825359,17.499544,0.629127,1.9141731,0.532161,0.01
983,-23.648632,1.8263934,20.669891,0.6257771,1.8191345,0.46609625,0.01
984,-23.627043,1.8290992,20.009813,0.6761668,1.8697416,0.5188548,0.01
985,-23.592873,1.8478069,23.17679,0.6605166,1.8004367,0.47528964,0.01
986,-23.6384,1.8011056,20.52609,0.6441665,1.8782283,0.47141907,0.01
987,-23.697098,1.8551998,18.233286,0.63640666,1.8706903,0.53817266,0.01
988,-23.715313,1.7926342,20.926136,0.6186845,1.7465234,0.4550212,0.01
989,-23.699059,1.8043371,23.54441,0.61713207,1.7919381,0.53332317,0.01
990,-23.667458,1.7693552,17.22673,0.6129837,1.8681192,0.47312954,0.01
991,-23.649532,1.7985301,19.780737,0.5828306,1.8949412,0.47194856,0.01
992,-23.643559,1.7977175,20.10829,0.6116956,1.8253918,0.47373554,0.01
993,-23.613964,1.7945563,16.474157,0.6156637,1.83415,0.47222903,0.01
994,-23.653551,1.7381836,18.258703,0.5697931,1.8341784,0.47404388,0.01
995,-23.648542,1.7923628,18.569427,0.5936577,1.8099446,0.4625407,0.01
996,-23.595757,1.7904779,22.077301,0.60680085,1.8630527,0.46761766,0.01
997,-23.644257,1.7295294,20.448051,0.57817954,1.7988063,0.45600212,0.01
998,-23.717278,1.7858942,22.042858,0.600292,1.7804132,0.515377,0.01
999,-23.722742,1.791004,18.061174,0.6243387,1.8382306,0.48947918,0.01
1000,-23.731676,1.7553287,19.028364,0.55718535,1.8448173,0.46103925,0.01
1001,-23.726713,1.7628958,18.584167,0.5653157,1.8276538,0.46620908,0.01
1002,-23.76196,1.7032037,19.08343,0.535034,1.8477813,0.4277739,0.01
1003,-23.769037,1.7316985,18.813723,0.5415162,1.7502886,0.43746868,0.01
1004,-23.804012,1.7120484,19.040041,0.5936458,1.7137823,0.46387988,0.01
1005,-23.748022,1.7250508,18.019617,0.53529996,1.7719973,0.4262246,0.01
1006,-23.740526,1.7008811,21.475163,0.553676,1.7866253,0.43903488,0.01
1007,-23.787376,1.6920161,20.335835,0.53382844,1.7305094,0.44895768,0.01
1008,-23.823626,1.708211,18.13157,0.52824956,1.8282106,0.44754872,0.01
1009,-23.799461,1.6882299,16.418917,0.5148798,1.771491,0.40271795,0.01
1010,-23.796272,1.675394,18.836353,0.52696997,1.7360113,0.4266606,0.01
1011,-23.79515,1.6481316,17.904146,0.5233839,1.7974188,0.41872457,0.01
1012,-23.772688,1.6825035,19.557917,0.52552015,1.7775224,0.44030282,0.01
1013,-23.776007,1.6979789,19.442759,0.51995957,1.8006741,0.43813857,0.01
1014,-23.794504,1.6584789,19.762114,0.49211186,1.7768257,0.4508589,0.01
1015,-23.816078,1.6539869,18.583885,0.4794962,1.7129878,0.40792236,0.01
1016,-23.772047,1.5824603,16.763123,0.5097124,1.6688882,0.4266504,0.01
1017,-23.771162,1.6365955,20.436802,0.50167423,1.7844598,0.46436352,0.01
1018,-23.790012,1.632061,18.341139,0.49834242,1.7688924,0.40898737,0.01
1019,-23.850163,1.7013294,20.968107,0.49573788,1.7334973,0.4596648,0.01
1020,-23.791527,1.6697229,18.341103,0.5026194,1.7969533,0.41928306,0.01
1021,-23.832302,1.6294906,16.301706,0.46336547,1.75194,0.4427491,0.01
1022,-23.82861,1.625432,18.5381,0.4834714,1.7626579,0.42027602,0.01
1023,-23.76222,1.5818691,19.555264,0.49142006,1.6094892,0.38962752,0.01
1024,-23.831057,1.5448025,14.226348,0.4536541,1.7134687,0.4389471,0.01
1025,-23.815071,1.5695586,18.537107,0.4166809,1.6887014,0.35339445,0.01
1026,-23.78478,1.5645466,17.91275,0.45319405,1.8143582,0.40040573,0.01
1027,-23.795654,1.5877763,18.430122,0.44883236,1.8077447,0.407583,0.01
1028,-23.826,1.6323737,19.642305,0.486475,1.7216007,0.42379004,0.01
1029,-23.881683,1.5253367,17.464108,0.47603664,1.6575512,0.41611385,0.01
1030,-23.83558,1.5616618,17.612484,0.39699137,1.683459,0.37399656,0.01
1031,-23.873215,1.5321052,16.721714,0.4403019,1.7053581,0.4035245,0.01
1032,-23.895613,1.53223,17.630802,0.4354243,1.5744777,0.3684493,0.01
1033,-23.840725,1.5797429,20.23905,0.42782173,1.691495,0.40795085,0.01
1034,-23.844625,1.528176,18.373007,0.44524363,1.718234,0.40160325,0.01
1035,-23.916489,1.5289886,18.239016,0.41075572,1.7121683,0.37112626,0.01
1036,-23.87645,1.4891278,17.611649,0.42300135,1.657954,0.42542958,0.01
1037,-23.865973,1.4940319,17.374744,0.43074086,1.7013891,0.38710573,0.01
1038,-23.864996,1.4609196,16.972683,0.41667804,1.6188214,0.39302355,0.01
1039,-23.901081,1.4719243,17.31167,0.41600007,1.6724974,0.38335842,0.01
1040,-23.870983,1.4909236,19.305168,0.41939202,1.6668915,0.39859974,0.01
1041,-23.876923,1.5362586,18.617044,0.42238313,1.6457967,0.3891777,0.01
1042,-23.985027,1.5268307,19.97966,0.40520844,1.633972,0.37841204,0.01
1043,-23.861748,1.4619639,17.448639,0.39366737,1.7475772,0.39550617,0.01
1044,-23.93643,1.491966,15.138876,0.41215903,1.7047329,0.4088766,0.01
1045,-23.90653,1.4609617,14.593663,0.38820663,1.6142861,0.3625795,0.01
1046,-23.879633,1.5238183,19.943222,0.39206532,1.6902269,0.38355023,0.01
1047,-23.876286,1.445948,15.976582,0.3755946,1.6097383,0.36143702,0.01
1048,-23.950676,1.4713627,15.367048,0.377625,1.6741526,0.34314874,0.01
1049,-23.906448,1.4378028,16.695879,0.37226814,1.5909472,0.3483211,0.01
1050,-23.902395,1.4802477,20.823437,0.37983182,1.6153287,0.35853618,0.01
1051,-23.874725,1.4701862,17.315506,0.36586583,1.6395075,0.36103404,0.01
1052,-23.972336,1.4380001,18.437187,0.35327056,1.6110983,0.3594841,0.01
1053,-23.906757,1.426066,16.400047,0.38131842,1.642176,0.35353678,0.01
1054,-23.945906,1.4819856,18.477207,0.38624734,1.6110183,0.35083658,0.01
1055,-23.940903,1.4377304,16.81687,0.37626797,1.5983281,0.3619567,0.01
1056,-23.959553,1.411279,16.3847,0.33193818,1.5547299,0.36556607,0.01
1057,-23.931,1.4341325,19.70814,0.34712398,1.5740104,0.35000485,0.01
1058,-23.934738,1.3848048,16.371984,0.3558899,1.613457,0.3805207,0.01
1059,-23.924519,1.4223523,17.379723,0.37821102,1.6666809,0.33409607,0.01
1060,-23.897058,1.4082355,16.65117,0.35703415,1.6143154,0.3771019,0.01
1061,-23.90534,1.353622,14.78583,0.34678236,1.5303919,0.37632447,0.01
1062,-23.942152,1.3519682,16.596804,0.33197773,1.6424887,0.37072533,0.01
1063,-23.92382,1.4478321,17.627672,0.34098443,1.6259153,0.35539842,0.01
1064,-23.958496,1.3976351,19.201824,0.3679658,1.5715692,0.35681793,0.01
1065,-24.00854,1.3333858,19.565464,0.32475623,1.6157863,0.32827628,0.01
1066,-23.992676,1.3113407,15.645271,0.30138868,1.5318558,0.30272192,0.01
1067,-23.924946,1.3711175,19.160831,0.31944382,1.5404493,0.34341022,0.01
1068,-23.980217,1.3574841,15.3250475,0.30501428,1.6017531,0.32082233,0.01
1069,-23.976875,1.3626661,17.465883,0.32301763,1.5742242,0.38160676,0.01
1070,-23.947071,1.4104666,15.235971,0.30199334,1.6435091,0.34534347,0.01
1071,-23.97416,1.356428,18.787197,0.29217073,1.5849519,0.3647132,0.01
1072,-23.963297,1.3583648,15.198309,0.31786832,1.6050618,0.33255544,0.01
1073,-23.969471,1.3866702,17.8119,0.3238451,1.5437129,0.32564005,0.01
1074,-23.96008,1.2647467,15.529732,0.3236551,1.5797633,0.3586029,0.01
1075,-23.958597,1.3353685,17.589909,0.302422,1.6615587,0.37171105,0.01
1076,-23.951048,1.3556794,19.632002,0.31197554,1.5902022,0.33310604,0.01
1077,-23.984837,1.2871614,16.423813,0.29336506,1.6424439,0.34839866,0.01
1078,-24.046156,1.2972537,16.134169,0.2834882,1.6213396,0.32406467,0.01
1079,-23.948093,1.3790522,17.127165,0.2995477,1.6796446,0.31655896,0.01
1080,-24.063007,1.3005973,16.630606,0.30049303,1.5158354,0.33344415,0.01
1081,-24.015257,1.2925493,17.744696,0.2807399,1.586323,0.3526053,0.01
1082,-24.018171,1.2497145,14.272876,0.2761624,1.5342735,0.34723595,0.01
1083,-23.99178,1.3135492,18.30743,0.27241227,1.5228505,0.31277925,0.01
1084,-24.048288,1.3169895,18.818983,0.28057352,1.5689826,0.33669928,0.01
1085,-23.967062,1.2826009,17.28345,0.2889197,1.5211785,0.32387763,0.01
1086,-24.048792,1.2579187,17.11097,0.28957424,1.6069795,0.3249204,0.01
1087,-23.995184,1.2537549,16.079498,0.28373903,1.5242342,0.31586477,0.01
1088,-24.004515,1.2679625,13.3241005,0.28072834,1.593655,0.29681686,0.01
1089,-24.005632,1.2076936,13.171099,0.2821947,1.5312076,0.37635547,0.01
1090,-23.99019,1.2574893,16.137964,0.27837458,1.5426238,0.30249894,0.01
1091,-24.0343,1.3125218,20.236261,0.2962969,1.6675252,0.33808315,0.01
1092,-24.01818,1.233669,17.256823,0.27356204,1.5358287,0.33126116,0.01
1093,-24.007877,1.2519305,17.20998,0.2566679,1.5915742,0.32644346,0.01
1094,-24.015919,1.2457665,17.406336,0.26517057,1.543195,0.3125703,0.01
1095,-24.014679,1.2308228,18.117416,0.25678727,1.5696437,0.32128012,0.01
1096,-24.056831,1.1985856,18.10121,0.2682775,1.5151278,0.30051497,0.01
1097,-24.00813,1.2192073,17.660221,0.27428347,1.4555382,0.34206766,0.01
1098,-24.00423,1.2208498,15.926874,0.25930363,1.5133767,0.28422403,0.01
1099,-24.012896,1.2120535,15.974602,0.24386707,1.529457,0.31271827,0.01
1100,-24.030472,1.1768081,14.24062,0.24853095,1.6809449,0.32213578,0.01
1101,-24.010227,1.1921908,15.932174,0.24899493,1.4765033,0.274982,0.01
1102,-24.057796,1.2055955,17.198383,0.28809798,1.4800988,0.32258293,0.01
1103,-24.035414,1.2273932,18.565477,0.25941524,1.5134876,0.33413342,0.01
1104,-24.028406,1.1627883,15.982145,0.23051302,1.4993088,0.3190223,0.01
1105,-24.060623,1.209879,18.033745,0.23700619,1.5711392,0.29188755,0.01
1106,-24.054821,1.1607805,15.853386,0.26191577,1.4470166,0.30394322,0.01
1107,-24.011566,1.1865586,16.611422,0.2323852,1.5384618,0.29497927,0.01
1108,-24.115883,1.1610763,18.880812,0.25168955,1.5098494,0.296233,0.01
1109,-24.036419,1.1933995,14.293062,0.2377829,1.5052613,0.303794,0.01
1110,-24.048584,1.1662424,17.699749,0.24532694,1.4889637,0.2765135,0.01
1111,-24.078657,1.1373235,13.941448,0.22912394,1.4965979,0.3078015,0.01
1112,-24.046146,1.1694939,17.523287,0.2096793,1.5024562,0.29301956,0.01
1113,-24.031597,1.1575229,18.59608,0.22992113,1.509296,0.2988596,0.01
1114,-24.01754,1.1495425,13.367375,0.2439889,1.5247724,0.2955852,0.01
1115,-23.997566,1.2015123,17.441504,0.24699274,1.5247927,0.30978385,0.01
1116,-24.009724,1.1299906,12.659451,0.21533176,1.4995954,0.3059232,0.01
1117,-24.021872,1.1442798,15.973564,0.21496987,1.5500298,0.28251323,0.01
1118,-24.009218,1.1317142,17.323032,0.19237658,1.4783212,0.27023408,0.01
1119,-24.07189,1.115481,16.078785,0.22658657,1.5311813,0.31237307,0.01
1120,-24.063246,1.1055797,16.844202,0.215978,1.5076851,0.28237674,0.01
1121,-24.068012,1.1154158,18.203888,0.2083425,1.4596808,0.27491498,0.01
1122,-24.02799,1.0894063,16.641527,0.21453339,1.4506028,0.2845234,0.01
1123,-24.05624,1.1202843,17.10772,0.2275664,1.4356118,0.25653163,0.01
1124,-24.041899,1.0811099,13.713037,0.21373917,1.4147122,0.3098719,0.01
1125,-24.028263,1.0982567,16.33587,0.22905797,1.4216999,0.312761,0.01
1126,-24.09542,1.1012325,16.897455,0.20892657,1.468728,0.3057106,0.01
1127,-24.030367,1.0661464,15.307674,0.22086078,1.4675806,0.24318466,0.01
1128,-24.11045,1.0765455,18.132048,0.21462663,1.501898,0.25427482,0.01
1129,-24.077116,1.0915742,16.219059,0.20769896,1.5041339,0.2773597,0.01
1130,-24.07763,1.0325524,17.391787,0.19892275,1.3473074,0.29494193,0.01
1131,-24.035639,1.041168,14.519529,0.20697838,1.4387058,0.26954845,0.01
1132,-24.088554,1.1052079,17.15713,0.2093254,1.5099112,0.26405823,0.01
1133,-24.06068,1.0446527,17.531961,0.19464713,1.4176012,0.26403734,0.01
1134,-24.112299,1.0518547,15.351032,0.20262678,1.4251214,0.25512874,0.01
1135,-24.076359,1.0669687,15.478717,0.1740409,1.4271086,0.26847863,0.01
1136,-24.073093,1.055729,15.688132,0.20135601,1.4786128,0.26485854,0.01
1137,-24.088648,1.0608265,19.747765,0.19311388,1.5073254,0.2643127,0.01
1138,-24.045088,1.0616113,16.946835,0.18976139,1.4445728,0.27827778,0.01
1139,-24.103525,1.0304987,14.729644,0.19733584,1.4911523,0.28482583,0.01
1140,-24.09924,1.0661799,16.727476,0.18340237,1.5384922,0.27234846,0.01
1141,-24.093752,1.0471079,15.155404,0.19356753,1.4468455,0.27025297,0.01
1142,-24.072338,1.0670034,17.22567,0.16245814,1.4346029,0.22333744,0.01
1143,-24.113155,1.0178355,16.493784,0.20121752,1.4250922,0.25809342,0.01
1144,-24.049637,1.0358875,14.379177,0.1812556,1.45144,0.30993778,0.01
1145,-24.065922,1.0421708,16.64197,0.19846457,1.4559566,0.24748054,0.01
1146,-24.076197,1.0314175,17.379393,0.2020924,1.3630364,0.25485957,0.01
1147,-24.045094,1.0497998,14.325205,0.19144459,1.5001262,0.290391,0.01
1148,-24.108831,0.99752575,17.943565,0.16250852,1.3759836,0.24288356,0.01
1149,-24.117388,1.0569568,14.685426,0.19168572,1.5430832,0.27797619,0.01
1150,-24.090809,0.9976767,17.933462,0.18589488,1.3911479,0.25514624,0.01
1151,-24.085781,1.0458714,17.75971,0.1601466,1.3777684,0.27837548,0.01
1152,-24.025871,1.0052484,15.7850685,0.18777849,1.4069371,0.2273601,0.01
1153,-24.066029,1.0259414,16.551369,0.16933036,1.4084523,0.26263496,0.01
1154,-24.117609,1.0078257,16.70679,0.15918711,1.4502913,0.24068159,0.01
1155,-24.045618,1.0067027,16.936892,0.22933583,1.4944985,0.29077294,0.01
1156,-24.107813,0.9695668,15.795918,0.1742326,1.3609377,0.24457537,0.01
1157,-24.116894,0.98759663,17.937256,0.21408696,1.4362209,0.2716685,0.01
1158,-24.07984,0.96240544,15.001866,0.16727586,1.4231488,0.24137914,0.01
1159,-24.059425,0.98083955,14.539834,0.15414037,1.4468113,0.22469296,0.01
1160,-24.115547,0.96220917,15.263753,0.18300648,1.3242102,0.24099046,0.01
1161,-24.10855,0.9558886,16.904345,0.16547456,1.4186989,0.25756934,0.01
1162,-24.056835,0.9781289,15.138827,0.17056592,1.4868581,0.25218832,0.01
1163,-24.114822,0.91894704,15.105445,0.18440871,1.5031469,0.2517009,0.01
1164,-24.14626,0.961957,20.993351,0.17730182,1.4005692,0.23694843,0.01
1165,-24.14299,0.9607925,18.875463,0.18021587,1.3396615,0.26195386,0.01
1166,-24.120869,1.0042441,17.323112,0.17929088,1.3210042,0.22501478,0.01
1167,-24.089352,0.9535114,16.567114,0.1471566,1.3073,0.23116304,0.01
1168,-24.10949,0.9845385,19.10986,0.14426894,1.3979999,0.2624917,0.01
1169,-24.109571,0.9350442,14.185536,0.14778002,1.5557772,0.22995485,0.01
1170,-24.103792,0.9256686,14.902531,0.1373372,1.2577466,0.25783214,0.01
1171,-24.132685,0.9048275,15.240783,0.14175206,1.3694355,0.23996311,0.01
1172,-24.076431,0.9286852,15.2357,0.15248461,1.404053,0.22995126,0.01
1173,-24.107767,0.94169736,17.777967,0.15994933,1.3282473,0.24580318,0.01
1174,-24.058601,0.91913134,14.711176,0.1878833,1.3765633,0.26378405,0.01
1175,-24.100399,0.9644657,18.501595,0.16015798,1.3517445,0.22960635,0.01
1176,-24.107597,0.9165176,15.800668,0.13796717,1.3683802,0.22878848,0.01
1177,-24.130661,0.98974663,17.080313,0.15307966,1.4261807,0.2480018,0.01
1178,-24.10344,0.92872983,16.064144,0.15191253,1.3918277,0.21817869,0.01
1179,-24.119656,0.91836834,16.486217,0.13144545,1.371295,0.22512679,0.01
1180,-24.088617,0.9077295,15.344214,0.15763275,1.3833423,0.24457286,0.01
1181,-24.109665,0.9382464,17.299084,0.14956413,1.3282065,0.22826101,0.01
1182,-24.131422,0.9152863,18.712528,0.16030756,1.3935497,0.24203272,0.01
1183,-24.07683,0.9196859,15.739704,0.15382391,1.4541476,0.2371607,0.01
1184,-24.088312,0.91824794,14.774935,0.13052098,1.4608885,0.22237328,0.01
1185,-24.052904,0.9070532,15.246858,0.13861965,1.3128659,0.25491694,0.01
1186,-24.102732,0.8925863,16.213139,0.14204773,1.3682939,0.19266638,0.01
1187,-24.099571,0.9092546,17.138395,0.13782074,1.3584058,0.25953212,0.01
1188,-24.066093,0.9270294,17.078445,0.1215663,1.3736991,0.19053708,0.01
1189,-24.103535,0.88623977,16.689068,0.1346062,1.3250049,0.25424764,0.01
1190,-24.12005,0.8629482,15.212083,0.116332315,1.3291804,0.22042456,0.01
1191,-24.118761,0.8692611,15.312834,0.12619475,1.5265532,0.26571128,0.01
1192,-24.13071,0.8678642,17.15468,0.107289165,1.2817944,0.23506196,0.01
1193,-24.090717,0.8794308,15.870713,0.15855266,1.3829892,0.24721177,0.01
1194,-24.097324,0.90263885,17.759445,0.15866274,1.3705552,0.22845757,0.01
1195,-24.112358,0.91016203,16.713095,0.16424324,1.3772827,0.24012254,0.01
1196,-24.128515,0.90246594,17.606033,0.13948013,1.3480868,0.20883264,0.01
1197,-24.14708,0.9364035,19.343727,0.13853861,1.3612996,0.20680307,0.01
1198,-24.11746,0.8689908,16.791512,0.12636064,1.2719402,0.20673269,0.01
1199,-24.119656,0.87620157,18.86666,0.11169853,1.4279705,0.22075236,0.01
1200,-24.098707,0.8647593,15.441262,0.1394302,1.3124065,0.21600632,0.01
1201,-24.132736,0.8526137,16.721102,0.14907973,1.3845497,0.20965773,0.01
1202,-24.149605,0.8568533,17.54548,0.14005302,1.3257531,0.21091327,0.01
1203,-24.122383,0.8680711,17.609129,0.14009212,1.3940624,0.2205146,0.01
1204,-24.102636,0.8347281,14.76758,0.11696313,1.2993937,0.20721745,0.01
1205,-24.098671,0.8405494,16.02833,0.13467444,1.3404075,0.21260963,0.01
1206,-24.12946,0.8672368,18.022537,0.12910533,1.4215068,0.20177045,0.01
1207,-24.107475,0.8293804,15.190659,0.13344283,1.384003,0.22511612,0.01
1208,-24.112858,0.8717902,17.492369,0.1261294,1.2512403,0.23026985,0.01
1209,-24.120497,0.85595286,16.498459,0.1389081,1.4624717,0.24840346,0.01
1210,-24.101906,0.8463672,18.031332,0.12665232,1.3839499,0.19712451,0.01
1211,-24.096542,0.82586646,14.21164,0.14172283,1.4240412,0.23437239,0.01
1212,-24.113052,0.8312855,15.825515,0.14256501,1.4512304,0.20037274,0.01
1213,-24.127113,0.8521642,16.593788,0.12417535,1.4186343,0.1968505,0.01
1214,-24.109562,0.7829873,14.017,0.107071154,1.3555821,0.18053302,0.01
1215,-24.120071,0.83188325,17.44349,0.13312693,1.2961109,0.21398397,0.01
1216,-24.107668,0.8442655,17.043385,0.13355412,1.2826858,0.19213647,0.01
1217,-24.167776,0.81283116,18.412848,0.109930545,1.3602133,0.16864333,0.01
1218,-24.076794,0.8137674,15.585688,0.11518914,1.3430424,0.19943339,0.01
1219,-24.108366,0.86451036,16.085142,0.13121136,1.3951044,0.20493186,0.01
1220,-24.126837,0.81567514,17.019785,0.11535015,1.3746415,0.21250041,0.01
1221,-24.113846,0.828513,17.216145,0.12261782,1.3053244,0.22545993,0.01
1222,-24.125702,0.76680523,16.304955,0.10509641,1.3020859,0.2220868,0.01
1223,-24.133257,0.7884897,15.754749,0.122203454,1.3211637,0.18924597,0.01
1224,-24.13038,0.7758071,13.692321,0.13490792,1.2667812,0.19409658,0.01
1225,-24.145866,0.8136172,18.647161,0.13083689,1.2753348,0.192157,0.01
1226,-24.113844,0.8262369,17.904455,0.13150506,1.3313906,0.17220403,0.01
1227,-24.118742,0.79848343,14.659943,0.09853407,1.3738527,0.21125154,0.01
1228,-24.135925,0.7836159,16.4688,0.13518654,1.3369554,0.1787317,0.01
1229,-24.128036,0.7619925,15.501654,0.11938884,1.3862787,0.23341176,0.01
1230,-24.130512,0.81803507,16.993715,0.1159667,1.4850692,0.20861527,0.01
1231,-24.14155,0.7739538,16.557365,0.1398784,1.2346059,0.20423833,0.01
1232,-24.119963,0.7893643,15.627451,0.116639614,1.4342889,0.19445346,0.01
1233,-24.131994,0.8309992,17.2484,0.11484512,1.3419582,0.22682507,0.01
1234,-24.101059,0.7608576,14.531298,0.09738571,1.4833958,0.21289054,0.01
1235,-24.147564,0.7459591,16.395943,0.109944195,1.3030976,0.17427197,0.01
1236,-24.141218,0.775089,16.97464,0.10680313,1.3721187,0.23000349,0.01
1237,-24.090473,0.76223123,13.341007,0.11486496,1.3234279,0.16760193,0.01
1238,-24.133003,0.79520506,16.76198,0.102855586,1.399515,0.17025766,0.01
1239,-24.158981,0.78267944,17.145657,0.1116233,1.4353734,0.18896599,0.01
1240,-24.13655,0.76756984,17.140596,0.112487875,1.2730863,0.167212,0.01
1241,-24.133003,0.79201293,15.681177,0.11245177,1.4418875,0.21325417,0.01
1242,-24.092329,0.7729615,13.954196,0.109496504,1.3856907,0.16946676,0.01
1243,-24.114578,0.7580303,15.928324,0.12967603,1.3913231,0.2089106,0.01
1244,-24.132318,0.7625732,17.805172,0.11872157,1.256504,0.2122342,0.01
1245,-24.153553,0.7540251,16.557373,0.13198416,1.4267504,0.22275859,0.01
1246,-24.114113,0.7605487,14.842174,0.11213003,1.3762088,0.20143595,0.01
1247,-24.106403,0.7514542,16.371374,0.105259575,1.3519179,0.1975436,0.01
1248,-24.150639,0.75212455,17.07269,0.105359405,1.3782709,0.15843396,0.01
1249,-24.14355,0.77153635,17.248913,0.101157665,1.3510197,0.22359404,0.01
1250,-24.118996,0.7573089,15.422925,0.110447295,1.3891623,0.1769641,0.01
1251,-24.139212,0.7923726,17.954561,0.10654192,1.4048903,0.22309586,0.01
1252,-24.124376,0.7308017,15.416919,0.09585261,1.4523522,0.18320149,0.01
1253,-24.126902,0.78995883,17.512863,0.110707,1.430096,0.19982378,0.01
1254,-24.104078,0.7678593,14.896381,0.11454615,1.5038335,0.19921303,0.01
1255,-24.134281,0.7892763,17.04597,0.081762746,1.4360399,0.20909913,0.01
1256,-24.124422,0.6807259,13.881401,0.0890318,1.3202925,0.15634154,0.01
1257,-24.14282,0.7509769,17.130646,0.13404606,1.3400187,0.18373185,0.01
1258,-24.119389,0.72140974,15.092495,0.09746428,1.3855911,0.19213668,0.01
1259,-24.156868,0.7595998,19.188955,0.16855456,1.3351134,0.16355442,0.01
1260,-24.126665,0.76846683,16.827919,0.091748826,1.4452039,0.18396136,0.01
1261,-24.123047,0.69418365,14.52984,0.090285674,1.4912143,0.21503578,0.01
1262,-24.13868,0.83015937,18.06206,0.13395742,1.3559833,0.17978546,0.01
1263,-24.166645,0.7465867,17.06174,0.11112549,1.4397565,0.19077958,0.01
1264,-24.129412,0.73012835,15.842173,0.08484491,1.361088,0.21310177,0.01
1265,-24.128395,0.7281757,15.548869,0.11103849,1.4243834,0.18770345,0.01
1266,-24.13175,0.72330225,17.64887,0.11316254,1.3381095,0.1904989,0.01
1267,-24.13373,0.7060884,14.809608,0.09802155,1.3752965,0.19775307,0.01
1268,-24.119585,0.7391521,16.969429,0.09250318,1.2996286,0.21550971,0.01
1269,-24.13312,0.7620906,17.329222,0.12204553,1.4018804,0.19142601,0.01
1270,-24.13783,0.7401825,17.459616,0.08993055,1.3946716,0.20379592,0.01
1271,-24.136305,0.7169121,17.28116,0.11537658,1.4029349,0.19446161,0.01
1272,-24.139141,0.73660094,16.593508,0.11806012,1.37354,0.1738856,0.01
1273,-24.129692,0.69785035,15.239927,0.08568873,1.3088468,0.14920235,0.01
1274,-24.140047,0.7517697,18.46059,0.09740258,1.3682423,0.20255718,0.01
1275,-24.111403,0.7319254,15.35098,0.080354765,1.4248126,0.19998808,0.01
1276,-24.166473,0.73747784,18.342884,0.092530794,1.2498578,0.16466771,0.01
1277,-24.120672,0.7305806,16.569708,0.11685936,1.3243428,0.18224163,0.01
1278,-24.127642,0.707206,15.824785,0.088418186,1.3643686,0.21434274,0.01
1279,-24.13761,0.68392485,15.15099,0.11149723,1.4337941,0.17376427,0.01
1280,-24.135708,0.7161628,17.168531,0.082311586,1.4818642,0.19372462,0.01
1281,-24.127054,0.69649327,14.981984,0.12533636,1.3071396,0.16426566,0.01
1282,-24.134123,0.7158836,16.914204,0.08343588,1.351726,0.19553645,0.01
1283,-24.131414,0.72385263,16.545675,0.12590314,1.3970975,0.22702728,0.01
1284,-24.114807,0.6763802,15.200901,0.10906833,1.2635998,0.1963539,0.01
1285,-24.132875,0.7146431,16.918571,0.09472765,1.359361,0.1692108,0.01
1286,-24.136011,0.7275294,16.536608,0.11399158,1.6252059,0.19561523,0.01
1287,-24.122976,0.71716434,16.093983,0.09085759,1.4739931,0.21355425,0.01
1288,-24.157257,0.6855933,16.894815,0.1025591,1.3566904,0.19298017,0.01
1289,-24.164114,0.72470105,17.52327,0.10593906,1.4267318,0.1927608,0.01
1290,-24.1103,0.6872775,15.71311,0.107803956,1.3590404,0.15654723,0.01
1291,-24.111773,0.6770534,15.503647,0.082796186,1.3169311,0.17519307,0.01
1292,-24.1067,0.7085074,15.054524,0.101309486,1.5169216,0.15624255,0.01
1293,-24.114065,0.691481,15.503892,0.09594302,1.4735116,0.2671621,0.01
1294,-24.112026,0.70245177,16.0189,0.11548251,1.4224436,0.17657357,0.01
1295,-24.142656,0.72207034,17.577314,0.08757049,1.3444644,0.18964532,0.01
1296,-24.11066,0.69830465,15.852418,0.10042127,1.4057823,0.14835809,0.01
1297,-24.114109,0.7017245,17.317394,0.112015635,1.3385795,0.18860617,0.01
1298,-24.114902,0.68639827,15.470385,0.10541404,1.3752631,0.17841963,0.01
1299,-24.108429,0.6851396,14.387639,0.10477544,1.4257917,0.17823796,0.01
1300,-24.115969,0.6724447,14.635241,0.095333405,1.3828956,0.17084928,0.01
1301,-24.13219,0.7114618,17.1696,0.09049083,1.453201,0.16899729,0.01
1302,-24.137985,0.7160653,17.751125,0.085643336,1.3365917,0.21075523,0.01
1303,-24.150343,0.732631,19.088425,0.09220693,1.4077129,0.18553798,0.01
1304,-24.129244,0.68470687,15.770117,0.07173499,1.315678,0.17183724,0.01
1305,-24.145197,0.6944745,17.11939,0.106266096,1.3084013,0.15433718,0.01
1306,-24.151886,0.68617237,16.45277,0.089450434,1.4121345,0.1588901,0.01
1307,-24.132904,0.74474394,18.745672,0.09958832,1.4894131,0.19052418,0.01
1308,-24.12898,0.6751481,15.614203,0.10534472,1.3735745,0.16919659,0.01
1309,-24.112692,0.66790193,14.70738,0.09154227,1.3692703,0.19821766,0.01
1310,-24.12357,0.6801951,15.2120495,0.08173598,1.3765038,0.16258211,0.01
1311,-24.113857,0.7057206,17.532085,0.09821267,1.3237752,0.20455779,0.01
1312,-24.12941,0.7104803,17.207445,0.06772908,1.3834076,0.16013691,0.01
1313,-24.122053,0.71711195,16.898256,0.07770903,1.3796548,0.18815744,0.01
1314,-24.146605,0.7154706,17.375055,0.089594945,1.3945453,0.15509191,0.01
1315,-24.131922,0.66877925,15.084492,0.09588129,1.3830938,0.20570411,0.01
1316,-24.143396,0.6928426,16.676645,0.109664306,1.3902689,0.17959782,0.01
1317,-24.122225,0.71109813,17.372765,0.09436849,1.49243,0.17542362,0.01
1318,-24.13468,0.676068,15.224123,0.067604035,1.4083235,0.13201329,0.01
1319,-24.091686,0.7193213,15.602104,0.080770984,1.4340522,0.13760628,0.01
1320,-24.096762,0.7071392,15.932994,0.09229557,1.3011792,0.14609239,0.01
1321,-24.10621,0.68857676,15.809696,0.07997253,1.355155,0.2199127,0.01
1322,-24.08611,0.6827691,14.338855,0.14478059,1.4201684,0.15156804,0.01
1323,-24.104712,0.69544506,16.273079,0.0999859,1.3612812,0.17486987,0.01
1324,-24.104574,0.70691276,15.773346,0.10042962,1.4325994,0.20917904,0.01
1325,-24.123966,0.68286717,16.612373,0.09281367,1.4256912,0.18031354,0.01
1326,-24.107983,0.69673485,15.872456,0.092029214,1.2773556,0.12735815,0.01
1327,-24.130007,0.6816683,15.949985,0.08015332,1.3900115,0.14630018,0.01
1328,-24.127594,0.6986834,17.094297,0.07981751,1.3434215,0.17052214,0.01
1329,-24.117699,0.7043829,16.34276,0.12310124,1.1940597,0.14065759,0.01
1330,-24.105661,0.6874028,15.360804,0.12499058,1.2928095,0.15513818,0.01
1331,-24.120691,0.69560957,16.55569,0.0799314,1.2940601,0.13297865,0.01
1332,-24.103361,0.6925551,16.689693,0.10454521,1.3019253,0.16268025,0.01
1333,-24.085539,0.661375,14.151365,0.11480512,1.4275486,0.18414582,0.01
1334,-24.11447,0.6673983,15.071097,0.05776811,1.3963051,0.17601539,0.01
1335,-24.105503,0.6951946,15.921963,0.07611369,1.2509501,0.14891014,0.01
1336,-24.123402,0.70952857,16.987982,0.08986058,1.4027021,0.15390891,0.01
1337,-24.124561,0.6864348,16.713644,0.06515137,1.3345879,0.13505535,0.01
1338,-24.110613,0.721111,17.574572,0.12103209,1.402999,0.17705657,0.01
1339,-24.12137,0.6871257,17.01488,0.06413556,1.3002657,0.16989546,0.01
1340,-24.102829,0.70819634,16.99938,0.0981889,1.3430448,0.18103628,0.01
1341,-24.115461,0.6737525,14.332799,0.083272375,1.4237934,0.15787715,0.01
1342,-24.106731,0.7129335,16.96695,0.08821921,1.3070662,0.15481952,0.01
1343,-24.113571,0.68454075,16.175201,0.07912129,1.3159345,0.14504589,0.01
1344,-24.108082,0.7153883,16.082464,0.06360104,1.4742606,0.12988678,0.01
1345,-24.094576,0.67710274,14.261979,0.083665796,1.4723853,0.14376645,0.01
1346,-24.08916,0.6792232,13.952857,0.0868942,1.3686781,0.13372646,0.01
1347,-24.112171,0.653914,14.3813305,0.090895705,1.2381389,0.16025057,0.01
1348,-24.111797,0.68265164,15.643331,0.100355186,1.3258,0.16628772,0.01
1349,-24.124105,0.6920069,15.97214,0.08295468,1.2794709,0.14326558,0.01
1350,-24.093475,0.6570438,14.197919,0.09663901,1.1667882,0.17553619,0.01
1351,-24.111416,0.6813825,16.23509,0.09308628,1.3423008,0.12953618,0.01
1352,-24.088764,0.6707436,14.236527,0.09724096,1.3902345,0.14133513,0.01
1353,-24.107273,0.7049947,16.14055,0.06881965,1.3878505,0.13951205,0.01
1354,-24.12357,0.6920048,16.28241,0.10289598,1.244536,0.18219014,0.01
1355,-24.098473,0.7248371,16.329678,0.07855095,1.3578055,0.17858478,0.01
1356,-24.10749,0.7240464,17.133587,0.08231802,1.312537,0.13575165,0.01
1357,-24.121489,0.7108354,17.024006,0.07109413,1.2227938,0.15896201,0.01
1358,-24.111671,0.7104311,16.186848,0.10175254,1.3623499,0.22159567,0.01
1359,-24.0874,0.66802675,14.808347,0.09015435,1.2832484,0.131953,0.01
1360,-24.070726,0.67226374,14.218727,0.099850245,1.2004014,0.12627403,0.01
1361,-24.109137,0.6649192,14.631188,0.0682259,1.2738256,0.12528636,0.01
1362,-24.10619,0.6948697,15.82083,0.07298124,1.301536,0.1546312,0.01
1363,-24.109577,0.69799036,16.036736,0.12272469,1.2952236,0.14514263,0.01
1364,-24.104809,0.6917488,15.487569,0.088754065,1.3367684,0.15816282,0.01
1365,-24.101154,0.7170325,16.931683,0.080748886,1.2272586,0.15105624,0.01
1366,-24.105844,0.7242761,16.710318,0.105993174,1.3775254,0.14572304,0.01
1367,-24.108164,0.6953198,15.876417,0.10300038,1.2297779,0.12712966,0.01
1368,-24.099895,0.72928834,17.15532,0.07414419,1.2991396,0.16021398,0.01
1369,-24.100967,0.70509267,16.437521,0.086854346,1.2570453,0.15372929,0.01
1370,-24.069496,0.65453655,13.898113,0.06920651,1.202175,0.16444159,0.01
1371,-24.080696,0.67548025,14.011377,0.08876025,1.289501,0.10233023,0.01
1372,-24.089369,0.70214146,16.561758,0.09261483,1.1953862,0.16064219,0.01
1373,-24.09663,0.73773164,16.954512,0.09663377,1.3094083,0.15324065,0.01
1374,-24.09987,0.7003687,15.786387,0.10286654,1.2149662,0.16394262,0.01
1375,-24.069233,0.67766255,14.635861,0.09575,1.179641,0.16283974,0.01
1376,-24.096737,0.70481247,16.045534,0.06247746,1.2448373,0.15031876,0.01
1377,-24.117594,0.7337518,17.484665,0.07508475,1.2982239,0.12124763,0.01
1378,-24.087648,0.7172842,16.505415,0.08319428,1.2320845,0.12772992,0.01
1379,-24.079,0.7039154,15.787842,0.08278555,1.2762676,0.14521284,0.01
1380,-24.107162,0.7090502,16.66159,0.08516732,1.1799383,0.13281967,0.01
1381,-24.107712,0.73260164,16.165634,0.09178392,1.3515334,0.1483635,0.01
1382,-24.105507,0.7386752,17.652054,0.080267206,1.2466679,0.12335544,0.01
1383,-24.088062,0.7111243,15.317384,0.07820108,1.3298187,0.1639023,0.01
1384,-24.042242,0.6849997,14.247506,0.08818618,1.2612622,0.15639372,0.01
1385,-24.09618,0.7539576,17.730036,0.095284455,1.3249549,0.15630995,0.01
1386,-24.100239,0.72252136,16.68598,0.09950489,1.1658597,0.13409987,0.01
1387,-24.08221,0.73241,16.312567,0.081323296,1.2608567,0.13467401,0.01
1388,-24.059593,0.72562814,16.24355,0.15207578,1.3425978,0.16645613,0.01
1389,-24.072332,0.73194516,17.43597,0.08777717,1.1610974,0.13832723,0.01
1390,-24.078997,0.7481925,18.091393,0.07613899,1.2166038,0.17179275,0.01
1391,-24.086811,0.7169138,16.103926,0.10515296,1.2148249,0.13118069,0.01
1392,-24.052761,0.7262397,16.773983,0.0897424,1.2301167,0.17940168,0.01
1393,-24.052011,0.7118716,16.954369,0.12268285,1.2604126,0.11146741,0.01
1394,-24.07723,0.7426024,18.215218,0.121682115,1.2155769,0.12349221,0.01
1395,-24.09586,0.72241974,17.178522,0.14096993,1.1573541,0.12770952,0.01
1396,-24.096363,0.73825324,18.215012,0.09666819,1.3136348,0.12454536,0.01
1397,-24.09033,0.7335218,18.105328,0.10295897,1.1976762,0.13621053,0.01
1398,-24.063036,0.74452186,17.50592,0.103572,1.2294028,0.16792044,0.01
1399,-24.084265,0.73313016,18.038843,0.09092533,1.2577871,0.16378967,0.01
1400,-24.103258,0.7978495,21.675623,0.08892025,1.2126435,0.1508038,0.01
1401,-24.072153,0.69820166,16.624617,0.08611166,1.2386479,0.1392842,0.01
1402,-24.063553,0.7279368,17.458948,0.10833491,1.241807,0.12739496,0.01
1403,-24.04916,0.73367745,18.08948,0.09999975,1.2077782,0.12805597,0.01
1404,-24.07227,0.76012844,18.869488,0.15707521,1.2147564,0.1270039,0.01
1405,-24.099598,0.79245687,21.098866,0.13106138,1.2690682,0.16955894,0.01
1406,-24.066116,0.7505665,18.968245,0.11495002,1.2150302,0.13743699,0.01
1407,-24.072865,0.7591843,18.928288,0.05909474,1.2750046,0.15734285,0.01
1408,-24.029734,0.74591076,18.265356,0.07529835,1.209895,0.12658803,0.01
1409,-24.051817,0.7604785,19.756453,0.116046205,1.1497517,0.10771807,0.01
1410,-24.05869,0.7432593,19.19853,0.08607576,1.2326787,0.13122465,0.01
1411,-24.053156,0.7577931,19.245558,0.08788766,1.2082629,0.13834928,0.01
1412,-24.05333,0.77695334,19.51416,0.09806144,1.2994903,0.14119275,0.01
1413,-24.05269,0.7806764,21.057636,0.09151245,1.2213314,0.14971156,0.01
1414,-24.043652,0.80422765,22.798323,0.122645564,1.1091927,0.1122567,0.01
1415,-24.044983,0.8002802,22.446867,0.09412377,1.1787319,0.14253092,0.01
1416,-24.055386,0.789735,21.98185,0.111866,1.1561742,0.14826928,0.01
1417,-24.04061,0.818382,23.15925,0.11604328,1.2734545,0.15409721,0.01
1418,-24.044004,0.8227844,23.186962,0.08312666,1.2020531,0.14636724,0.01
1419,-24.051239,0.8350995,25.098383,0.0688445,1.298452,0.123140715,0.01
1420,-24.034676,0.8533835,25.868525,0.12252812,1.2553135,0.13921866,0.01
1421,-23.9955,0.8776445,27.975878,0.11090698,1.286501,0.1406828,0.01
1422,-23.988598,0.880022,28.046322,0.113720395,1.2478956,0.14910433,0.01
1423,-24.01413,0.930743,32.385117,0.14678487,1.2665454,0.16426589,0.01
1424,-24.008293,0.9561377,33.31863,0.12538075,1.4107144,0.12516099,0.01
1425,-23.961287,0.9600794,35.691593,0.13347962,1.4541548,0.15441611,0.01
1426,-23.929295,1.0468279,45.78078,0.17502314,1.3857603,0.12228491,0.01
1427,-23.857115,1.0993472,56.67631,0.16142203,1.5112929,0.1398549,0.01
1428,-23.774433,1.3335488,88.96006,0.17401497,1.8606582,0.13051808,0.01
1429,-23.288174,2.0371509,205.93854,0.2219368,3.3937361,0.23585033,0.01
1430,-20.324364,3.985181,435.32202,0.43115658,6.6814966,0.20260765,0.01
1431,-17.745361,8.201787,270.09167,1.5447282,6.791481,0.08304137,0.01
1432,-16.92829,10.643691,279.2772,1.6303859,5.8156443,0.094556056,0.01
1433,-17.249367,20.097517,336.2804,1.7873516,14.491115,0.054509223,0.01
1434,-18.491323,29.49608,457.34055,7.449674,19.779602,0.40872127,0.01
1435,-20.59779,58.82736,701.5446,5.549648,17.998816,0.2045768,0.01
1436,-26.493988,106.94248,1185.083,16.627432,84.58437,1.7321779,0.01
1437,-27.980696,126.24275,1382.1849,12.5055685,56.745274,4.904908,0.01
1438,-12.980381,4.075527,77.634384,0.5862621,2.8697963,0.7698528,0.01
1439,-12.852284,3.8339314,69.85487,0.24961554,2.5862455,0.6213021,0.01
1440,-12.739721,3.2622554,52.167145,0.21336962,1.3985802,0.4303458,0.01
1441,-12.830781,5.9779773,109.18782,0.85436875,1.5169941,0.47529924,0.01
1442,-12.783126,3.1581328,52.10253,0.20655686,1.2318162,0.41132554,0.01
1443,-12.883049,3.5107536,68.27051,0.45826942,0.88571924,0.37889025,0.01
1444,-12.807204,3.0654967,57.244545,0.50587463,1.1100852,0.3037192,0.01
1445,-12.851182,3.1019654,54.297207,0.40403742,1.315306,0.31277207,0.01
1446,-13.991591,54.145996,953.2698,7.228979,32.534344,2.2363327,0.01
1447,-13.956633,21.02406,851.15125,4.091615,42.8856,8.561913,0.01
1448,-15.371495,22.587267,1700.5836,3.0885894,42.971096,20.427391,0.01
1449,-13.35193,5.385689,515.9826,0.5954394,4.964064,1.1909957,0.01
1450,-12.764361,3.6379595,276.16565,0.35245994,3.3183672,3.4680166,0.01
1451,-12.636841,3.8162642,226.68758,0.29536188,3.8291228,0.34269086,0.01
1452,-12.747119,6.9510565,150.42859,1.1439729,7.4692783,1.9817786,0.01
1453,-13.007777,12.654303,141.88084,1.0097035,12.675608,2.1450045,0.01
1454,-12.922703,7.0747757,122.35472,1.1441518,6.79868,0.90162534,0.01
1455,-12.847914,5.225439,99.891075,0.750233,3.8118274,0.19096036,0.01
1456,-13.075385,4.493134,109.8379,0.5994156,2.3607461,0.14348581,0.01
1457,-13.66592,14.182676,373.22617,0.9409176,13.840999,1.4284619,0.01
1458,-13.875924,11.945258,539.64746,0.88739264,11.814163,0.79825544,0.01
1459,-13.584382,8.413905,343.95908,1.1971655,4.5627823,0.63914394,0.01
1460,-13.583936,10.043835,322.42514,1.4612073,3.6571102,0.33281732,0.01
1461,-13.287587,12.089891,195.29497,1.247932,5.2861905,0.36093417,0.01
1462,-13.135999,14.528313,288.56955,1.5211564,6.0001087,0.4246272,0.01
1463,-13.017962,13.653268,153.44576,0.67745215,12.143705,1.2865063,0.01
1464,-14.520422,49.014984,1198.9391,5.889786,29.742353,3.6576736,0.01
1465,-15.12304,46.737183,1255.4568,5.992679,50.814857,14.62816,0.01
1466,-17.332664,45.563107,2548.855,6.769263,67.861404,15.655617,0.01
1467,-25.46918,67.484764,6566.003,9.481247,207.71246,163.33289,0.01
1468,-164.21106,1849.1554,27831.797,221.80975,1620.0859,93.25001,0.01
1469,-6.05787e+32,inf,inf,inf,inf,inf,0.01
