epoch,energy,energy_std,grad_amp_before,grad_phi_before,grad_amp_after,grad_phi_after,learning_rate
0,1.0761836,3.9089153,6.8206367,2.8640106,8.339265,2.7877905,0.04
1,-0.42463726,3.9064238,6.5881805,3.0023966,7.773749,2.5936959,0.04
2,-2.006044,3.849792,6.4205527,2.9864793,7.337805,2.508072,0.04
3,-3.6190703,3.8794568,7.410947,2.8970165,7.7884154,2.4768493,0.04
4,-5.2960362,3.7737389,7.727614,2.6533666,8.367262,2.379044,0.04
5,-6.8150516,3.8328516,9.420199,2.7826145,8.283917,2.3056958,0.04
6,-8.186675,3.7471845,9.997685,2.5396993,8.687442,2.2258654,0.04
7,-9.274526,3.638188,11.489517,2.4526079,9.264042,2.0902035,0.04
8,-10.066341,3.5833297,8.346354,2.3460674,9.677333,2.141316,0.04
9,-11.108896,3.431932,7.856371,2.2383597,9.795117,2.0456138,0.04
10,-11.68755,3.3901615,7.2108393,2.0827785,10.105753,1.9078065,0.04
11,-12.254121,3.407565,9.856295,1.9777762,10.446773,1.9092431,0.04
12,-12.834059,3.3728874,9.100198,1.9267957,10.142178,1.7624648,0.04
13,-13.3029375,3.2555547,7.8334136,1.6997893,10.586796,1.6276855,0.04
14,-13.6255865,3.2454042,7.932099,1.5466194,10.680126,1.531927,0.04
15,-13.910348,3.2957299,8.163276,1.5680923,10.399817,1.510656,0.04
16,-14.236112,3.1595738,6.677285,1.3994268,10.804449,1.4109336,0.04
17,-14.350264,3.1935139,7.442558,1.30939,10.901528,1.3600831,0.04
18,-14.605739,3.1697226,6.5883064,1.2020216,10.896639,1.2659445,0.04
19,-14.650262,3.121584,6.0604005,1.2298937,10.361494,1.2967513,0.04
20,-14.933881,3.06046,6.30303,1.1166859,10.406099,1.1704239,0.04
21,-15.157006,3.0537348,6.2859526,1.0695783,11.280328,1.1347482,0.04
22,-15.250789,3.0838692,5.997182,1.0795505,10.954546,1.2380056,0.04
23,-15.255751,3.0447378,5.600188,0.99744946,10.520783,1.1831703,0.04
24,-15.506979,3.0820227,5.6811943,1.0737708,10.904641,1.1365845,0.04
25,-15.653043,3.148653,5.5977416,1.1182269,11.080649,1.1112297,0.04
26,-15.7624235,3.1391761,6.104544,1.0759956,11.154723,1.2453308,0.04
27,-16.021755,3.0675304,6.309518,1.0932136,10.291408,1.1975008,0.04
28,-16.158108,3.0347438,6.4897504,1.032987,10.343013,1.2170953,0.04
29,-16.314173,3.0724652,6.3047667,1.0480067,11.288825,1.1620008,0.04
30,-16.408445,3.1563637,6.7198877,1.1262182,11.312554,1.2749076,0.04
31,-16.68268,3.0277693,5.8648868,1.1212854,10.980222,1.3766522,0.04
32,-16.809631,3.0660331,6.232275,1.0854264,10.919431,1.2125964,0.04
33,-16.855484,3.0937023,6.0039477,1.1200044,10.234933,1.2485174,0.04
34,-16.99299,3.0908892,6.3231125,1.0439373,10.7253275,1.217006,0.04
35,-17.184952,3.0993667,6.659234,1.0599697,10.938208,1.2670903,0.04
36,-17.318428,3.117233,6.6754665,1.0352411,10.572331,1.1779661,0.04
37,-17.527458,3.1616538,6.333121,1.0401762,11.811794,1.2113057,0.04
38,-17.61408,3.1110492,5.916537,1.0253605,10.946835,1.2259825,0.04
39,-17.698793,3.097382,5.6983213,0.9713743,11.132472,1.2042564,0.04
40,-17.90631,3.1052644,6.733429,1.0153949,11.041162,1.2898384,0.04
41,-18.020876,3.1541066,7.011015,0.9832053,11.534096,1.2041453,0.04
42,-18.114227,3.178591,6.2296677,0.9503849,11.53647,1.090798,0.04
43,-18.171202,3.1059115,6.223731,0.94160354,10.64837,1.1790227,0.04
44,-18.48341,3.0456161,6.0701995,1.0136876,10.426054,1.2616348,0.04
45,-18.475412,3.1554196,7.005653,1.0206381,10.676223,1.2879888,0.04
46,-18.622295,3.1013746,5.7787423,1.0598499,10.595231,1.248579,0.04
47,-18.82374,3.0727682,6.4451246,0.9933585,11.009671,1.1795306,0.04
48,-19.107857,3.0184078,5.49111,0.95836174,11.0733795,1.2532951,0.04
49,-19.242195,3.038911,5.9483137,0.94222057,10.699315,1.2179286,0.04
50,-19.271418,3.067586,5.93123,0.98509043,10.886298,1.13478,0.04
51,-19.269512,3.0347948,6.3285623,0.92624176,10.494171,1.1463345,0.04
52,-19.551617,2.9743052,5.8432145,0.88061005,10.538758,1.0953344,0.04
53,-19.580938,3.009476,6.4434576,0.86278075,10.311352,1.012687,0.04
54,-19.7652,2.96137,5.6537323,0.76211363,10.570981,1.0150769,0.04
55,-19.855602,2.9234607,5.6799474,0.7311797,10.480556,1.0813338,0.04
56,-19.908901,2.9940507,5.743719,0.6785435,10.7098255,1.0120043,0.04
57,-19.931704,2.9251237,6.402368,0.6596662,10.183781,0.8597246,0.04
58,-20.0301,2.8205736,5.8815594,0.61784565,10.283591,0.9332511,0.04
59,-20.18436,2.7919762,5.1317058,0.65885013,10.18828,0.87846845,0.04
60,-20.304575,2.8785164,6.157958,0.7019378,10.510126,0.821294,0.04
61,-20.262505,2.8367689,5.674248,0.6145784,10.218545,0.79473156,0.04
62,-20.300875,2.8913355,6.182508,0.6169263,10.60346,0.82731706,0.04
63,-20.490719,2.8224096,6.398812,0.6157489,10.471813,0.78526187,0.04
64,-20.466879,2.8821168,5.399407,0.6286475,10.3949585,0.76895684,0.04
65,-20.471043,2.886836,5.0102143,0.61222214,10.538703,0.73271805,0.04
66,-20.65726,2.7389145,5.0154457,0.64511824,10.1470175,0.80256426,0.04
67,-20.623,2.7695692,5.0678625,0.7044902,10.163235,0.8537786,0.04
68,-20.690893,2.7849283,5.086867,0.73377824,9.721917,0.8074293,0.04
69,-20.862928,2.6865919,4.853923,0.78044456,8.97536,0.8705188,0.04
70,-21.149668,2.516115,4.611995,0.78829396,9.308266,0.8206214,0.04
71,-21.196308,2.4471393,4.7481065,0.82580346,8.480548,0.904903,0.04
72,-21.333868,2.3479338,4.244629,0.9250871,8.5247965,0.9108573,0.04
73,-21.616718,2.3789575,4.088079,1.0131512,8.407844,1.0184431,0.04
74,-21.714888,2.2630744,4.235443,1.0898279,7.8116107,1.0196216,0.04
75,-21.988226,2.2200904,3.7067182,1.1130705,7.6713276,1.070691,0.04
76,-22.233082,2.1156895,3.7850835,1.165402,7.4958925,1.1233156,0.04
77,-22.486906,2.0663943,3.9978216,1.2316985,6.842094,1.0657051,0.04
78,-22.611605,1.9978621,3.5380018,1.1741803,6.957572,1.1252354,0.04
79,-22.888454,1.8816793,3.1029186,1.1933553,6.3129315,1.1220838,0.04
80,-23.114578,1.7862589,3.5953178,1.1355293,5.9887495,1.0363044,0.04
81,-23.335382,1.6232954,3.1359997,1.0480236,5.322249,0.96422416,0.04
82,-23.452908,1.5280155,3.2524374,0.94580823,5.344116,0.893183,0.04
83,-23.670813,1.4166248,3.7046704,0.85197085,5.0033607,0.8283399,0.04
84,-23.778053,1.3077704,2.7810817,0.7481736,4.5407825,0.7111736,0.04
85,-23.890497,1.2373067,3.6687844,0.66785735,4.2762003,0.6398006,0.04
86,-23.872461,1.1548048,3.1614883,0.5939516,4.305277,0.5466004,0.04
87,-23.936983,1.0749141,2.9142349,0.49880755,3.8930588,0.4811435,0.04
88,-24.02143,1.0277163,2.9513133,0.4435521,4.1405053,0.4361735,0.04
89,-24.031662,0.9422755,2.3543186,0.38507783,3.8317559,0.34594768,0.04
90,-24.092506,0.89301145,2.3795831,0.34149384,3.609201,0.34207082,0.04
91,-24.089794,0.88567597,2.6448889,0.30125114,3.477276,0.29550433,0.04
92,-24.114618,0.8657806,2.7303114,0.25179082,3.4127283,0.25062954,0.04
93,-24.118015,0.7973888,2.5067372,0.21529849,3.0593948,0.2542511,0.04
94,-24.133446,0.78408694,3.12291,0.19800474,3.0712793,0.20838751,0.04
95,-24.15451,0.79362434,2.7036536,0.19142213,3.0328572,0.17685859,0.04
96,-24.188417,0.73294514,2.8078833,0.14850588,2.7662327,0.15968086,0.04
97,-24.163366,0.69736916,2.2542493,0.1402128,2.6647215,0.16517374,0.04
98,-24.171309,0.6872359,2.4194682,0.13389923,2.7577958,0.12664996,0.04
99,-24.201496,0.684929,2.5934057,0.11439027,2.506818,0.1462513,0.04
100,-24.2084,0.67107075,2.30137,0.11541963,2.6438735,0.13053644,0.04
101,-24.234743,0.6640025,2.633243,0.11217264,2.571041,0.13007599,0.04
102,-24.206274,0.6546843,2.4358463,0.11503712,2.4793446,0.13977116,0.04
103,-24.22262,0.65779096,2.7092974,0.09322416,2.5448694,0.10496792,0.04
104,-24.2531,0.6391242,2.890757,0.0933412,2.5499501,0.13753383,0.04
105,-24.239851,0.6196764,3.209102,0.08277403,2.2864234,0.11794271,0.04
106,-24.202787,0.5982107,2.0735226,0.08654907,2.2881248,0.113330685,0.04
107,-24.2336,0.61337,2.1270278,0.08240484,2.3363404,0.11418302,0.04
108,-24.246025,0.5898139,2.3980875,0.08842625,2.3128974,0.12103948,0.04
109,-24.265839,0.6300525,2.9772964,0.10476521,2.4265027,0.113967806,0.04
110,-24.238508,0.6048742,2.2902038,0.07315814,2.4098969,0.16002552,0.04
111,-24.228172,0.62687,3.004896,0.07598784,2.5477095,0.111898705,0.04
112,-24.235918,0.6369297,2.3689902,0.13395187,2.5547082,0.12821059,0.04
113,-24.24558,0.64565086,3.7812235,0.08881622,2.2639723,0.12263392,0.04
114,-24.24129,0.61012286,2.8250182,0.07352557,2.3404107,0.15986717,0.04
115,-24.238636,0.5941842,2.7712548,0.09997989,2.1651561,0.10126078,0.04
116,-24.251368,0.61907935,2.8124928,0.0722593,2.2202349,0.14881606,0.04
117,-24.243301,0.62115365,2.3413718,0.07397276,2.2480018,0.13647565,0.04
118,-24.244915,0.5935221,2.7232115,0.07012356,2.1406314,0.08502302,0.04
119,-24.248356,0.6074359,2.6682763,0.06767892,2.2303061,0.08634143,0.04
120,-24.250507,0.5984861,2.865706,0.06575002,2.2612786,0.12854691,0.04
121,-24.265919,0.61928946,2.7267468,0.07347984,2.2820997,0.08845798,0.04
122,-24.24356,0.61023897,2.9500797,0.0933545,2.1592863,0.11542323,0.04
123,-24.2505,0.61651915,2.8079371,0.059983693,2.1881418,0.09560675,0.04
124,-24.249088,0.60380936,2.6990528,0.080810785,2.0842512,0.13714762,0.04
125,-24.255226,0.6100393,2.8863301,0.08270493,2.2459273,0.123740196,0.04
126,-24.266855,0.6117574,2.5995572,0.092815146,2.2660158,0.092938736,0.04
127,-24.24203,0.6179391,2.7717419,0.06951365,2.2423222,0.122819215,0.04
128,-24.264008,0.590125,2.6889272,0.07815713,2.064311,0.11903782,0.04
129,-24.23277,0.58205587,2.585642,0.06446044,2.1045604,0.11980694,0.04
130,-24.275194,0.57783395,3.499669,0.065325655,2.092478,0.10510765,0.04
131,-24.262302,0.57505506,2.4949732,0.077109605,2.208629,0.11033638,0.04
132,-24.2644,0.5932092,2.9551911,0.086746395,2.2081194,0.120688125,0.04
133,-24.242153,0.5853829,2.1296642,0.08585897,2.2068493,0.09222979,0.04
134,-24.253714,0.57008785,2.2005801,0.07949545,2.0760264,0.101508684,0.04
135,-24.269793,0.5927265,2.4974568,0.07275233,2.2219107,0.12244277,0.04
136,-24.262192,0.61154145,2.541569,0.08414132,2.247244,0.11856102,0.04
137,-24.248884,0.6113382,2.3052669,0.08803365,2.3372626,0.13075133,0.04
138,-24.253786,0.5986459,2.7469776,0.0789312,2.0925941,0.10359583,0.04
139,-24.26505,0.5588041,2.7963986,0.0774091,1.8393834,0.08834541,0.04
140,-24.28866,0.5473347,3.1391704,0.06706361,1.9927343,0.08559954,0.04
141,-24.273441,0.55640244,3.2105548,0.11275372,1.8713721,0.11659778,0.04
142,-24.268856,0.543477,2.7816916,0.07524475,1.9992015,0.099271245,0.04
143,-24.257687,0.5553855,2.5258224,0.08145388,1.9638557,0.13627817,0.04
144,-24.263552,0.5466146,2.736602,0.102376126,1.9074423,0.1138298,0.04
145,-24.27506,0.5606782,2.789703,0.07201266,1.9500049,0.12876946,0.04
146,-24.255943,0.55619425,2.8136277,0.08767028,2.031463,0.13048545,0.04
147,-24.296772,0.54158616,2.475492,0.09758159,1.944869,0.11599251,0.04
148,-24.262981,0.53200567,2.366608,0.050466094,1.9278003,0.10110509,0.04
149,-24.270441,0.5675469,2.9790244,0.05665167,2.0137546,0.092165,0.04
150,-24.288227,0.55180097,2.8260834,0.10484098,1.8973713,0.06780459,0.04
151,-24.269314,0.5420555,2.0341313,0.0600268,2.0088632,0.079347126,0.04
152,-24.280994,0.5418961,2.3103545,0.075240865,1.9488145,0.11132994,0.04
153,-24.259418,0.5254498,2.035279,0.09202127,1.9024653,0.10215061,0.04
154,-24.27782,0.54696065,2.905042,0.07203629,1.9514942,0.09020282,0.04
155,-24.264822,0.518029,2.3292983,0.06907209,1.9731688,0.10553851,0.04
156,-24.290932,0.56495124,2.529763,0.104494244,2.2321167,0.1021808,0.04
157,-24.274038,0.56103915,2.7843437,0.08988681,1.9388522,0.102649294,0.04
158,-24.274805,0.5555931,2.5191817,0.07658293,1.9321027,0.11924631,0.04
159,-24.268778,0.5306462,2.4504397,0.059658296,1.9813402,0.120886646,0.04
160,-24.263988,0.5630089,2.8686733,0.09891428,1.9627341,0.09672702,0.04
161,-24.278246,0.5656027,2.499894,0.06543041,2.0994117,0.07781521,0.04
162,-24.251045,0.5547895,2.6592476,0.063962765,1.904821,0.10000802,0.04
163,-24.264574,0.5439109,2.3554833,0.06481999,1.9375328,0.07719236,0.04
164,-24.264908,0.55472314,2.7825093,0.05618593,1.9608604,0.10476347,0.04
165,-24.275774,0.57549405,3.0014346,0.073408835,1.9276475,0.09125905,0.04
166,-24.27477,0.58229244,2.8977146,0.07107408,1.9966656,0.10528764,0.04
167,-24.235973,0.57761,2.8618648,0.09340335,1.993582,0.09854504,0.04
168,-24.24615,0.5806431,2.8257003,0.061079692,1.846767,0.12616768,0.04
169,-24.278309,0.5666742,2.5228262,0.07790323,1.9222473,0.07951539,0.04
170,-24.265133,0.55990946,2.6520064,0.06045599,1.9172187,0.088686354,0.04
171,-24.295761,0.54036224,3.559046,0.06857607,1.9295818,0.12181142,0.04
172,-24.271582,0.5611786,2.614628,0.063340545,1.9400742,0.10157513,0.04
173,-24.285141,0.5708754,2.6750147,0.07080901,2.029993,0.1293927,0.04
174,-24.268766,0.5640082,2.9532359,0.07855525,1.9186552,0.10872193,0.04
175,-24.287283,0.5703369,2.620472,0.056251615,1.9565694,0.07894574,0.04
176,-24.290936,0.5654796,2.975914,0.07769119,1.9779153,0.09595864,0.04
177,-24.251144,0.5700197,2.8840404,0.07642249,1.9068017,0.11353765,0.04
178,-24.276573,0.5653449,2.6067183,0.06802463,2.01299,0.11788623,0.04
179,-24.261189,0.5840814,2.9258218,0.07362336,2.025443,0.10175444,0.04
180,-24.282358,0.57433677,3.2066605,0.09502576,1.9240984,0.110630475,0.04
181,-24.26343,0.5761535,2.786993,0.07017488,1.8543465,0.1009413,0.04
182,-24.254606,0.54247755,2.2176712,0.06117139,1.8814029,0.10361013,0.04
183,-24.304348,0.55293554,2.9058027,0.05274609,1.8553445,0.078128636,0.04
184,-24.272923,0.5469667,2.688167,0.06529823,1.7694888,0.09957601,0.04
185,-24.259418,0.5196945,2.297407,0.053194672,1.7781224,0.07401044,0.04
186,-24.25902,0.519641,1.9207994,0.06167726,1.8690085,0.08829672,0.04
187,-24.264507,0.501212,2.152596,0.10872265,1.7855232,0.09949338,0.04
188,-24.270054,0.5365898,2.5319734,0.07594333,1.7964529,0.07689621,0.04
189,-24.29007,0.51927555,2.5591753,0.07827129,1.838782,0.11212711,0.04
190,-24.269972,0.5343377,2.7087336,0.07088317,1.8331801,0.08504452,0.04
191,-24.26625,0.51653636,2.1192374,0.13350879,1.9645698,0.112548165,0.04
192,-24.307337,0.53667986,2.1649475,0.062071558,1.8505694,0.13026133,0.04
193,-24.286245,0.5225206,2.231158,0.06317706,1.8946166,0.10862551,0.04
194,-24.311832,0.54754114,2.2854514,0.06275388,1.9222485,0.08693645,0.04
195,-24.292675,0.55412513,2.5075114,0.060809188,1.9559652,0.097893186,0.04
196,-24.283945,0.5425128,2.5368254,0.075554,1.8646814,0.11437319,0.04
197,-24.297375,0.56301856,2.9948099,0.07420481,2.183318,0.08857019,0.04
198,-24.287169,0.563071,2.6300807,0.07951543,1.9328432,0.103299536,0.04
199,-24.282383,0.5467154,2.713751,0.074493416,1.8857715,0.11038304,0.04
200,-24.285429,0.55331415,3.5456774,0.08152917,1.9365032,0.110159844,0.04
201,-24.273626,0.538486,2.1254954,0.07285655,1.8594763,0.089604035,0.04
202,-24.280598,0.535897,2.3009706,0.05998488,1.8341795,0.091082014,0.04
203,-24.300158,0.5564811,2.9658663,0.077083796,1.7998036,0.09121338,0.04
204,-24.274418,0.53085566,2.3195493,0.047216956,1.879838,0.11086244,0.04
205,-24.274174,0.55553144,2.9630108,0.058643177,1.8841698,0.09015347,0.04
206,-24.273636,0.5271697,2.3285532,0.07407525,1.7584938,0.09760617,0.04
207,-24.291828,0.5092694,2.742689,0.060627516,1.8414534,0.09736899,0.04
208,-24.26664,0.5463918,2.6667788,0.06922752,1.8311653,0.07734665,0.04
209,-24.271502,0.52174056,2.4928913,0.060306396,1.9172298,0.083635755,0.04
210,-24.246305,0.54304147,2.7503607,0.055300564,1.8108867,0.06775408,0.04
211,-24.277735,0.53038436,2.572523,0.09984097,1.8590697,0.102742516,0.04
212,-24.30326,0.5356825,3.026974,0.059129205,1.9191424,0.09282925,0.04
213,-24.281757,0.5350585,2.6688142,0.068213664,1.845644,0.08197553,0.04
214,-24.296654,0.54103136,2.8477614,0.088898115,2.052942,0.08040677,0.04
215,-24.28602,0.5402283,2.4278889,0.07926323,1.8710645,0.09305643,0.04
216,-24.268793,0.52181107,2.218702,0.090921566,1.8779774,0.10682921,0.04
217,-24.270773,0.5169111,2.4074078,0.08859184,1.8354626,0.08844697,0.04
218,-24.287699,0.53376776,2.675539,0.05734134,2.0341806,0.094554566,0.04
219,-24.264416,0.54204446,2.9036443,0.08588345,2.0382223,0.104742706,0.04
220,-24.276945,0.5456997,2.9570153,0.11432402,1.8942735,0.09788278,0.04
221,-24.280657,0.53112525,2.3588731,0.062648945,1.8472302,0.103399076,0.04
222,-24.276175,0.54814494,2.2394252,0.071050055,1.9028721,0.08285007,0.04
223,-24.272573,0.56563705,3.0022511,0.0661331,1.8736248,0.11355782,0.04
224,-24.251566,0.52531177,2.8836944,0.07592002,1.8337165,0.10640215,0.04
225,-24.264458,0.52598214,2.821691,0.069589175,1.7436688,0.07237214,0.04
226,-24.28391,0.5561165,2.5864925,0.06660876,1.9722137,0.11431093,0.04
227,-24.291416,0.5340369,2.3164105,0.07046388,1.8152572,0.10212981,0.04
228,-24.27847,0.54752374,2.8081322,0.10616342,1.8794804,0.102708474,0.04
229,-24.261831,0.54436916,2.911111,0.062187847,1.8546151,0.086934574,0.04
230,-24.25557,0.56060827,3.2078733,0.078439966,1.653047,0.08117983,0.04
231,-24.282766,0.5820256,2.7915473,0.069858,1.8975743,0.09267092,0.04
232,-24.260477,0.5459627,2.6087413,0.080324896,1.7956864,0.09154274,0.04
233,-24.258375,0.5473944,2.6127207,0.07113672,1.7404374,0.09245711,0.04
234,-24.238571,0.5186814,2.1412594,0.08039212,1.7465175,0.13123992,0.04
235,-24.26008,0.51100034,2.4454277,0.06316307,1.7106073,0.08901894,0.04
236,-24.270266,0.55382687,2.982117,0.076088816,1.9063826,0.092517115,0.04
237,-24.267872,0.52979445,2.1864543,0.059373066,1.788897,0.10028226,0.04
238,-24.287956,0.53112566,2.6871865,0.057075057,1.8101131,0.10968722,0.04
239,-24.254072,0.5553128,2.576866,0.106684506,1.8447504,0.09120252,0.04
240,-24.255476,0.55021214,2.554563,0.07165954,1.9026933,0.1099646,0.04
241,-24.274525,0.56381506,2.6076038,0.052061737,1.9569812,0.087779306,0.04
242,-24.28577,0.5430358,2.4163928,0.05475218,1.865515,0.08764176,0.04
243,-24.254885,0.5477585,2.2811916,0.08294469,1.7716113,0.07832518,0.04
244,-24.247036,0.535262,2.2768223,0.07729295,1.772798,0.09079754,0.04
245,-24.281485,0.54086685,2.6406667,0.09191878,1.9395992,0.085978694,0.04
246,-24.272879,0.5357896,2.3416457,0.07247436,1.8134719,0.07524091,0.04
247,-24.287903,0.54809856,3.424327,0.075742304,1.7583178,0.10988918,0.04
248,-24.27443,0.54101473,2.6096957,0.068627,1.8630773,0.07824866,0.04
249,-24.277618,0.5442184,3.0149536,0.082480334,1.7693466,0.13917418,0.04
250,-24.261963,0.55049026,2.688108,0.06747124,1.8554574,0.12238459,0.04
251,-24.271156,0.53982687,2.5508842,0.06313738,1.8546708,0.087709844,0.04
252,-24.26639,0.5465225,2.5423949,0.08805932,1.7942879,0.09749766,0.04
253,-24.292871,0.57533157,3.4154842,0.07693006,1.7557611,0.12995803,0.04
254,-24.269106,0.55183834,2.965468,0.060268745,1.9292881,0.12824209,0.04
255,-24.282923,0.55890924,3.1007738,0.07086762,1.8229492,0.09278313,0.04
256,-24.28756,0.5631466,2.4860404,0.07746148,1.886167,0.08659913,0.04
257,-24.271086,0.56049734,2.7603674,0.0694311,1.924758,0.09168755,0.04
258,-24.2818,0.5510983,3.0788524,0.06846818,1.8658091,0.11002245,0.04
259,-24.250738,0.5340701,2.57908,0.07620909,1.7782301,0.0958903,0.04
260,-24.273645,0.52741015,2.6829734,0.056794867,1.7557334,0.09022904,0.04
261,-24.26205,0.53658396,2.5263486,0.055068612,1.7258562,0.08265559,0.04
262,-24.261398,0.5285252,2.5903578,0.077692285,1.7872585,0.0920284,0.04
263,-24.268023,0.5311225,2.258829,0.05927191,1.7896051,0.092638984,0.04
264,-24.280672,0.55962694,2.7616928,0.067392595,1.6925845,0.08221604,0.04
265,-24.235575,0.52639526,2.3159993,0.054984387,1.7508197,0.0973013,0.04
266,-24.285074,0.5571421,2.5774157,0.064931855,1.8544887,0.08084076,0.04
267,-24.270136,0.53097063,2.6485093,0.08425377,1.9034526,0.12762047,0.04
268,-24.281858,0.5426378,3.2017827,0.078070916,1.8398904,0.08221072,0.04
269,-24.297113,0.5768414,2.9415543,0.080449454,1.8534569,0.09385168,0.04
270,-24.261372,0.5556787,2.4143414,0.1087719,1.7602503,0.08062741,0.04
271,-24.266277,0.5276681,2.405457,0.05424227,1.8254765,0.1109447,0.04
272,-24.259012,0.5268876,2.3093812,0.085924186,1.8138851,0.07679761,0.04
273,-24.256538,0.5453314,2.4708748,0.072285615,1.6790156,0.08071894,0.04
274,-24.260567,0.53501964,2.4580216,0.06471642,1.6649424,0.11061097,0.04
275,-24.252352,0.5215506,2.6086178,0.085710116,1.9189755,0.102146074,0.04
276,-24.258698,0.51576173,2.4295902,0.07119307,1.6866628,0.090004764,0.04
277,-24.263992,0.5055622,1.9624759,0.057463434,1.7416439,0.09209918,0.04
278,-24.272438,0.5361831,2.6104844,0.0587531,1.8182617,0.09003175,0.04
279,-24.28027,0.5191754,2.0222855,0.072388574,1.7425822,0.0867816,0.04
280,-24.287601,0.5235883,2.4941685,0.08107867,1.7816085,0.11877354,0.04
281,-24.284367,0.5097978,2.8534214,0.07214526,1.7885003,0.10328207,0.04
282,-24.295547,0.527644,2.7429838,0.055079393,1.9267881,0.089053825,0.04
283,-24.277573,0.5251533,2.3749244,0.04548665,1.9046959,0.077290006,0.04
284,-24.276583,0.5355626,2.517719,0.068158805,1.7373135,0.087838136,0.04
285,-24.314692,0.5240289,2.6755352,0.06464162,1.7926056,0.09726473,0.04
286,-24.299873,0.53498787,2.934195,0.080415726,1.940658,0.09691614,0.04
287,-24.273378,0.52813876,2.7868817,0.08252494,1.8101617,0.08968898,0.04
288,-24.28314,0.5191911,2.3405368,0.062398355,1.8274813,0.07867675,0.04
289,-24.296207,0.53739446,3.191578,0.06805227,1.8452774,0.08722088,0.04
290,-24.276133,0.51480186,2.5603423,0.042291813,1.814521,0.10038004,0.04
291,-24.27056,0.53745085,2.660585,0.058258392,1.8353441,0.07357072,0.04
292,-24.281042,0.54004616,2.6623874,0.07255612,1.7737252,0.097026594,0.04
293,-24.269642,0.5288888,2.3613522,0.08376801,1.6918126,0.07595972,0.04
294,-24.263483,0.5230127,2.738839,0.07821237,1.6608756,0.0831926,0.04
295,-24.284508,0.5363587,2.5414765,0.070570156,1.7431874,0.069911316,0.04
296,-24.273008,0.5240469,2.69452,0.07366449,1.7073413,0.07719809,0.04
297,-24.268726,0.53573126,2.7137766,0.06410708,1.764467,0.08915653,0.04
298,-24.28389,0.5342907,2.835431,0.052325908,1.7063268,0.085550666,0.04
299,-24.292366,0.5289078,2.7601125,0.056617804,1.6750237,0.10137857,0.04
300,-24.282175,0.52659523,2.7574842,0.06995123,1.8075567,0.09655125,0.04
301,-24.308952,0.53737867,2.6222584,0.09849548,1.7549381,0.08652058,0.04
302,-24.284243,0.532141,4.1247587,0.06750866,1.7763562,0.083066545,0.04
303,-24.266266,0.52309245,2.664216,0.09060633,1.7881433,0.061286066,0.04
304,-24.262814,0.51741374,2.6219862,0.072654344,1.844394,0.12757921,0.04
305,-24.274343,0.5251622,2.704699,0.07835543,1.7963758,0.0825187,0.04
306,-24.244047,0.51789254,2.4184942,0.06234166,1.8032632,0.108067445,0.04
307,-24.287733,0.5386148,3.222272,0.06643831,1.8426017,0.0844875,0.04
308,-24.273048,0.51497746,2.2171261,0.093467966,1.7880027,0.09291428,0.04
309,-24.276922,0.5308279,2.9904268,0.08683431,1.6977221,0.07515136,0.04
310,-24.28727,0.5182007,2.6359816,0.08409635,1.7301656,0.096187845,0.04
311,-24.281261,0.53024334,2.8489661,0.07748589,1.9211862,0.08782985,0.04
312,-24.269646,0.5451769,2.5897756,0.06847938,1.8503363,0.13895456,0.04
313,-24.279852,0.5537735,2.716033,0.07631959,1.8120372,0.11451177,0.04
314,-24.249641,0.5403094,2.559232,0.072762534,1.8414353,0.12115716,0.04
315,-24.301535,0.53586704,2.4589818,0.060233798,1.8278011,0.09464665,0.04
316,-24.265614,0.5409167,2.5249963,0.08218755,1.7862244,0.100132495,0.04
317,-24.282171,0.5529842,2.8429842,0.055628132,1.8327514,0.091540314,0.04
318,-24.269941,0.5100866,2.2742205,0.065987125,1.756441,0.095015004,0.04
319,-24.284273,0.52868074,2.628667,0.059668582,1.7134873,0.09181973,0.04
320,-24.284943,0.5244526,2.3982387,0.09019212,1.7264096,0.10249915,0.04
321,-24.269669,0.53776234,2.7117584,0.06294668,1.7128896,0.084051356,0.04
322,-24.255968,0.5175132,2.4328191,0.064082034,1.6707512,0.09156313,0.04
323,-24.24055,0.50347,1.9852301,0.067557305,1.659877,0.102069795,0.04
324,-24.29725,0.5165335,2.7558084,0.09276168,1.7112774,0.0881254,0.04
325,-24.281672,0.5080302,2.641672,0.06296584,1.7685131,0.10478874,0.04
326,-24.302574,0.53409696,2.6359398,0.0996535,1.654552,0.08834574,0.04
327,-24.279121,0.51951367,2.4262822,0.09225891,1.8006759,0.08214081,0.04
328,-24.291368,0.52953357,2.2402885,0.06856575,1.7411642,0.09846137,0.04
329,-24.29326,0.52764237,2.8801477,0.074794814,1.7399008,0.108763434,0.04
330,-24.291231,0.4975383,2.7909484,0.050030522,1.6201047,0.094674654,0.04
331,-24.253347,0.52472067,2.4953825,0.07377525,1.7420121,0.0778015,0.04
332,-24.2893,0.5216983,2.96262,0.05889205,1.8434441,0.10127737,0.04
333,-24.288115,0.5328099,2.5744085,0.058371287,1.9110078,0.11667747,0.04
334,-24.279194,0.538936,2.384527,0.06864145,1.8910384,0.0842502,0.04
335,-24.28302,0.52458745,2.3633301,0.06898752,1.8584529,0.09808601,0.04
336,-24.292225,0.5295454,2.320012,0.084360376,1.7321355,0.093646094,0.04
337,-24.281645,0.5314775,2.8452168,0.05886771,1.6479601,0.12941751,0.04
338,-24.27472,0.5264522,2.8978536,0.04651674,1.78247,0.114155434,0.04
339,-24.282043,0.54287523,2.4940276,0.074169874,1.7580419,0.10551481,0.04
340,-24.303438,0.52673054,2.5681593,0.06434592,1.8234868,0.105127335,0.04
341,-24.278557,0.53244597,2.6811504,0.059909135,1.7892562,0.07959355,0.04
342,-24.291445,0.5353386,2.480111,0.07052532,1.7230473,0.115900785,0.04
343,-24.293821,0.52659327,2.1039717,0.055407688,1.8760442,0.079709485,0.04
344,-24.307339,0.5454836,2.7271142,0.076221086,1.7888314,0.0917779,0.04
345,-24.281527,0.52940166,2.5548148,0.08909185,1.7895443,0.10986803,0.04
346,-24.303253,0.51769245,2.544361,0.07038791,1.7397568,0.09716783,0.04
347,-24.269356,0.5137689,2.135702,0.062003825,1.7350756,0.09462318,0.04
348,-24.288767,0.51805466,2.4684696,0.0768213,1.8521397,0.103101164,0.04
349,-24.292913,0.523072,2.546515,0.058819346,1.7599524,0.097279236,0.04
350,-24.270573,0.5194872,2.468123,0.12055346,1.8720752,0.08816238,0.04
351,-24.301086,0.53824574,2.6180308,0.060699396,1.8396449,0.08868353,0.04
352,-24.2651,0.5351613,2.510913,0.06749641,1.7329946,0.08794501,0.04
353,-24.271778,0.5151041,2.3698757,0.051893044,1.6835637,0.071933575,0.04
354,-24.258255,0.5229483,2.4370065,0.059385605,1.6963123,0.10761816,0.04
355,-24.274668,0.51888555,2.3442876,0.05098811,1.6330316,0.078432105,0.04
356,-24.281523,0.5094984,2.4957197,0.07806173,1.6366404,0.076492585,0.04
357,-24.278294,0.5303456,2.971571,0.06274012,1.6235557,0.08813264,0.04
358,-24.29852,0.53447014,3.181196,0.08429588,1.6472143,0.100651704,0.04
359,-24.296818,0.5387512,2.864235,0.06372415,1.8115155,0.09119619,0.04
360,-24.27849,0.52644587,2.696115,0.058292363,1.5962338,0.11591675,0.04
361,-24.259176,0.52715856,2.5789464,0.061571132,1.6011605,0.095691994,0.04
362,-24.277256,0.5175234,2.5689154,0.06662336,1.72538,0.09457456,0.04
363,-24.278454,0.5404521,2.7082589,0.07816289,1.7657914,0.098031245,0.04
364,-24.266586,0.53084886,2.1743965,0.07224575,1.7255806,0.11543922,0.04
365,-24.254086,0.52739894,2.2732403,0.062013093,1.7163146,0.0823288,0.04
366,-24.282974,0.5388207,2.9941282,0.06921628,1.5989953,0.10007178,0.04
367,-24.262493,0.51607865,2.510556,0.08329151,1.6612813,0.0796038,0.04
368,-24.28364,0.5318826,2.7955194,0.059423555,1.7246528,0.09161297,0.04
369,-24.272032,0.5222985,2.787152,0.07997739,1.6487392,0.09203779,0.04
370,-24.261614,0.51477873,2.4365458,0.056577966,1.6996394,0.093292825,0.04
371,-24.275234,0.4953584,3.1794217,0.051280085,1.7639842,0.07021762,0.04
372,-24.284243,0.519214,2.3288586,0.070431225,1.7651559,0.113848895,0.04
373,-24.273163,0.5236645,2.0562644,0.07219151,1.7212331,0.086586654,0.04
374,-24.288332,0.5105514,2.7314343,0.049406063,1.6426414,0.091246754,0.04
375,-24.288942,0.5094435,2.540848,0.05790889,1.6099423,0.10252392,0.04
376,-24.284561,0.5244975,2.5345254,0.08697239,1.6957661,0.08725629,0.04
377,-24.308256,0.52492976,2.7534106,0.094883285,1.8253372,0.1111608,0.04
378,-24.282927,0.53837734,2.9164655,0.08255747,1.747024,0.0883614,0.04
379,-24.286118,0.5322007,2.7798727,0.07913425,1.7846996,0.07381654,0.04
380,-24.281181,0.51583165,3.1118436,0.07593757,1.6098809,0.09316455,0.04
381,-24.286488,0.527314,2.8232565,0.08361104,1.7430607,0.10270098,0.04
382,-24.283337,0.524795,2.6558137,0.06187541,1.6916946,0.07879384,0.04
383,-24.28539,0.53497726,2.8511703,0.07392408,1.641133,0.08613809,0.04
384,-24.270851,0.51002866,2.7369404,0.055139236,1.658032,0.08974513,0.04
385,-24.283749,0.5098698,2.630149,0.0592297,1.7504803,0.08494217,0.04
386,-24.279074,0.5150075,2.2400568,0.07041697,1.6217979,0.10032593,0.04
387,-24.285345,0.5087813,2.5235639,0.07023585,1.6185231,0.089453906,0.04
388,-24.291527,0.5214919,2.8230522,0.06550352,1.7518256,0.09643008,0.04
389,-24.268274,0.52317977,2.59891,0.06148668,1.8033627,0.06966769,0.04
390,-24.274128,0.5264569,2.4591668,0.060980525,1.7351551,0.08892085,0.04
391,-24.283218,0.53225845,2.6954284,0.09414987,1.7047622,0.09953928,0.04
392,-24.266361,0.523452,2.4707172,0.11319962,1.6815909,0.1161649,0.04
393,-24.273735,0.5358998,2.7534518,0.08095875,1.5948415,0.086998165,0.04
394,-24.264488,0.51219285,2.4071195,0.06500346,1.7280223,0.10628587,0.04
395,-24.271734,0.5300311,2.7673943,0.073196076,1.7715385,0.08447766,0.04
396,-24.294735,0.5040543,2.5692174,0.057640526,1.7583247,0.08718496,0.04
397,-24.28818,0.4898142,2.1194546,0.059313748,1.7576456,0.076555304,0.04
398,-24.286554,0.50525,2.5013552,0.053844072,1.654651,0.08530145,0.04
399,-24.28234,0.5183203,2.618978,0.070763685,1.580995,0.10214992,0.04
400,-24.297844,0.5134282,2.5003808,0.062273588,1.7187077,0.0950364,0.04
401,-24.288761,0.5120862,2.3498888,0.07320071,1.7519668,0.11155579,0.04
402,-24.254763,0.5107976,2.411051,0.06738427,1.6729823,0.10214399,0.04
403,-24.299751,0.5299141,2.6449842,0.05341455,1.7689807,0.093309276,0.04
404,-24.30052,0.53093874,2.7353437,0.07586118,1.694944,0.08748185,0.04
405,-24.277822,0.53940606,2.518783,0.06805877,1.8384422,0.10703413,0.04
406,-24.300646,0.53664964,2.8989425,0.08187315,1.7034004,0.08896985,0.04
407,-24.295343,0.5603237,3.4606755,0.075088575,1.7324452,0.080152,0.04
408,-24.27703,0.53387326,2.6865563,0.07533482,1.7133218,0.09987375,0.04
409,-24.290525,0.5515707,2.9769168,0.081384696,1.7203786,0.07354231,0.04
410,-24.2716,0.53655416,2.6789598,0.051790968,1.6913033,0.08608968,0.04
411,-24.268887,0.52232534,3.385922,0.0672481,1.6983649,0.08297732,0.04
412,-24.282707,0.53233874,3.1086154,0.07163594,1.6370472,0.09358782,0.04
413,-24.275618,0.5293338,2.932972,0.06403394,1.722525,0.07915207,0.04
414,-24.275148,0.5285469,2.7055833,0.058648102,1.5971048,0.07458329,0.04
415,-24.290936,0.5279043,2.8695943,0.107620016,1.5856237,0.07762133,0.04
416,-24.282078,0.53140134,2.5810397,0.06492648,1.6092601,0.08967536,0.04
417,-24.249496,0.5177486,2.3910158,0.06969672,1.6235367,0.09126253,0.04
418,-24.266687,0.52246773,2.605048,0.07114057,1.6339988,0.090759955,0.04
419,-24.285894,0.5262237,2.9954896,0.10830867,1.5168265,0.06262481,0.04
420,-24.247675,0.49895233,2.5358002,0.06093873,1.6679194,0.08888319,0.04
421,-24.298185,0.52932185,3.4268215,0.06436578,1.5914158,0.07123715,0.04
422,-24.289097,0.5229551,3.3344424,0.13213995,1.7363275,0.08505621,0.04
423,-24.30487,0.5271456,3.0910478,0.07447691,1.6777997,0.08412205,0.04
424,-24.286554,0.528222,2.967891,0.07883621,1.6528838,0.0920713,0.04
425,-24.289167,0.5116509,2.9454794,0.047694977,1.6897691,0.10452136,0.04
426,-24.310017,0.5398988,2.9384682,0.06509346,1.7460771,0.097856544,0.04
427,-24.259281,0.5379298,2.5245996,0.08680102,1.789346,0.0789285,0.04
428,-24.286379,0.5381539,3.0165534,0.066885725,1.6429386,0.10168602,0.04
429,-24.261766,0.5144073,2.6460583,0.047191903,1.6001055,0.087325744,0.04
430,-24.27959,0.52048105,2.3762066,0.06385335,1.5712357,0.069969125,0.04
431,-24.280975,0.53833914,2.5860999,0.07834123,1.6975031,0.09231813,0.04
432,-24.272873,0.5208987,2.738518,0.05462628,1.6358442,0.08496724,0.04
433,-24.273426,0.53233474,2.8935912,0.07087804,1.6407213,0.08188997,0.04
434,-24.275068,0.53079367,2.6050818,0.091923006,1.6127943,0.067725666,0.04
435,-24.26178,0.5143195,2.909626,0.08472826,1.6064256,0.08637534,0.04
436,-24.270254,0.5126411,2.2680979,0.0547087,1.532152,0.08080645,0.04
437,-24.268978,0.52044123,2.36259,0.088599965,1.5859177,0.10703862,0.04
438,-24.28123,0.5246627,2.5749385,0.058338195,1.7063411,0.09092864,0.04
439,-24.274601,0.52720755,2.5880916,0.049734764,1.7078354,0.10014309,0.04
440,-24.269705,0.5086043,2.512667,0.07079969,1.5584271,0.06440595,0.04
441,-24.292007,0.53033817,3.118347,0.07129481,1.703993,0.09459807,0.04
442,-24.27766,0.5326947,2.8491971,0.08800724,1.7504078,0.11070729,0.04
443,-24.28284,0.5209071,2.9475818,0.08265754,1.6289567,0.0715166,0.04
444,-24.277313,0.5122536,2.8673975,0.055738803,1.6430233,0.08692703,0.04
445,-24.259487,0.5109269,2.2649696,0.06097101,1.6057383,0.071391694,0.04
446,-24.26882,0.52372867,2.617921,0.0837982,1.7804778,0.097114675,0.04
447,-24.268831,0.55379546,2.7843387,0.06931886,1.6397524,0.10242894,0.04
448,-24.269415,0.5408385,3.152055,0.07985138,1.5491868,0.09272563,0.04
449,-24.26246,0.5057378,2.5027769,0.061913352,1.5716498,0.0934163,0.04
450,-24.283077,0.52174836,2.4336114,0.058456555,1.677843,0.090427965,0.04
451,-24.263237,0.5137557,2.6940572,0.061125755,1.5345416,0.09547789,0.04
452,-24.280796,0.5155761,2.7572842,0.07283378,1.6115446,0.087409,0.04
453,-24.281567,0.5176948,2.5208397,0.06430926,1.6928916,0.10919759,0.04
454,-24.275602,0.51353085,2.6348724,0.06345772,1.7454454,0.0860229,0.04
455,-24.300323,0.51896584,2.7270706,0.08099358,1.6894583,0.07591934,0.04
456,-24.301952,0.520699,3.1535523,0.058409892,1.5806046,0.08504902,0.04
457,-24.289536,0.5152836,3.134362,0.07513043,1.5647975,0.06372861,0.04
458,-24.278847,0.5005566,2.6255498,0.06258462,1.5643386,0.09992731,0.04
459,-24.29797,0.51154596,2.8882804,0.06335042,1.5459536,0.09276709,0.04
460,-24.26595,0.49664098,2.663228,0.075017095,1.5411772,0.08975005,0.04
461,-24.275812,0.50420886,2.6075196,0.08400138,1.634196,0.11366563,0.04
462,-24.296976,0.5159109,2.6292064,0.06270907,1.7325834,0.103764914,0.04
463,-24.286873,0.5386502,2.407468,0.06488754,1.6774881,0.08503234,0.04
464,-24.284367,0.5299732,2.920533,0.10263427,1.7406968,0.07519901,0.04
465,-24.280766,0.5157866,2.7379305,0.076371334,1.57948,0.10018179,0.04
466,-24.292444,0.5226218,3.045096,0.07312384,1.6351383,0.080746144,0.04
467,-24.314098,0.52870345,3.1226292,0.065377556,1.6950581,0.060397185,0.04
468,-24.285276,0.5171373,2.5287538,0.064075135,1.6233052,0.08007791,0.04
469,-24.288082,0.5105107,2.6799912,0.079534024,1.5992833,0.07648575,0.04
470,-24.303036,0.5217481,2.7730296,0.118086554,1.5523708,0.07706612,0.04
471,-24.30747,0.5292548,2.7710776,0.068157785,1.7052871,0.08416625,0.04
472,-24.319773,0.5160865,3.0970848,0.067355335,1.5348467,0.06296935,0.04
473,-24.299026,0.5032548,2.5479698,0.057355057,1.5180483,0.08809762,0.04
474,-24.28025,0.5312082,2.896801,0.055181377,1.6010385,0.090310045,0.04
475,-24.307571,0.5211669,2.840183,0.05457228,1.6783658,0.08121621,0.04
476,-24.284452,0.50485194,2.5057695,0.04927191,1.680245,0.10457778,0.04
477,-24.287975,0.525928,2.8272398,0.087738246,1.8303638,0.08143274,0.04
478,-24.288445,0.5134616,2.3257275,0.059889972,1.6629995,0.096899435,0.04
479,-24.301563,0.50091714,2.2681284,0.059859022,1.6350155,0.074893884,0.04
480,-24.270977,0.5121085,2.1887245,0.05364848,1.6624116,0.0894262,0.04
481,-24.300808,0.5211066,2.700155,0.08754693,1.6868254,0.12404859,0.04
482,-24.290525,0.53131104,2.8899326,0.0603688,1.5814325,0.10301857,0.04
483,-24.30014,0.520752,2.918141,0.057462398,1.6607152,0.07915241,0.04
484,-24.301903,0.5107718,2.81383,0.052808505,1.6214412,0.07867986,0.04
485,-24.288504,0.5195428,2.4958436,0.089007586,1.6208171,0.07395872,0.04
486,-24.268368,0.53059757,2.2442493,0.05538168,1.783862,0.13306245,0.04
487,-24.290127,0.52245253,2.5077238,0.061361987,1.7062894,0.11593117,0.04
488,-24.304882,0.52503866,2.535028,0.046082836,1.6381091,0.06977458,0.04
489,-24.288937,0.51179004,2.4483032,0.07772048,1.662947,0.09844601,0.04
490,-24.270071,0.5170128,2.3554366,0.07686329,1.572342,0.0860408,0.04
491,-24.277454,0.5183954,2.4432356,0.051901672,1.6525604,0.077831656,0.04
492,-24.278366,0.51510906,2.3716133,0.057704266,1.6678181,0.08496925,0.04
493,-24.283667,0.51765954,2.3557527,0.05289481,1.6145446,0.07829731,0.04
494,-24.306635,0.5223052,2.8345704,0.058232196,1.6529807,0.08561685,0.04
495,-24.28947,0.5322392,2.5312586,0.058127802,1.6231432,0.08996682,0.04
496,-24.277973,0.52342737,2.5573359,0.04874751,1.5931393,0.07380739,0.04
497,-24.29172,0.5224259,3.006209,0.071006894,1.54311,0.08661216,0.04
498,-24.29059,0.5351398,3.0382164,0.06374202,1.6598827,0.08477776,0.04
499,-24.287123,0.5301052,2.2768166,0.090671085,1.6333586,0.09416323,0.04
500,-24.274885,0.51660526,2.371775,0.08024825,1.6389288,0.08821233,0.04
501,-24.288504,0.51854676,2.8678668,0.072676115,1.6554307,0.09962369,0.04
502,-24.27822,0.5059842,2.3928647,0.0693684,1.676109,0.09454471,0.04
503,-24.299313,0.5193861,2.4721105,0.05149738,1.5728903,0.08555763,0.04
504,-24.301292,0.5364778,2.507659,0.07900876,1.7154202,0.101982206,0.04
505,-24.304255,0.50543195,2.6036694,0.049810756,1.6272798,0.08811568,0.04
506,-24.283653,0.5045105,2.4523025,0.058341127,1.5910971,0.09156609,0.04
507,-24.29645,0.5202787,2.8057194,0.050999217,1.6830887,0.07008831,0.04
508,-24.279484,0.51208615,2.493016,0.050481535,1.807147,0.08082235,0.04
509,-24.292528,0.5147523,2.4396422,0.059580393,1.5909767,0.07737254,0.04
510,-24.289568,0.511369,2.7789545,0.04864604,1.6529071,0.09357521,0.04
511,-24.282991,0.5194782,3.0337865,0.06682355,1.6940693,0.08508215,0.04
512,-24.31601,0.5123982,2.699171,0.06936729,1.5902151,0.09849593,0.04
513,-24.28379,0.51180834,2.5538564,0.08781565,1.5043656,0.09822418,0.04
514,-24.296114,0.50324273,2.8127468,0.062194888,1.5667628,0.090150245,0.04
515,-24.323341,0.5046822,2.4792447,0.069408655,1.549727,0.0952479,0.04
516,-24.303595,0.5009896,2.4891746,0.04922162,1.6383057,0.08187859,0.04
517,-24.279406,0.49035302,2.6485164,0.06184341,1.5576752,0.088540465,0.04
518,-24.285633,0.50644094,2.423099,0.08328836,1.5346466,0.09544752,0.04
519,-24.311459,0.5193013,2.6368995,0.12379615,1.5916686,0.08864971,0.04
520,-24.287844,0.51565325,2.7732377,0.07560208,1.5444657,0.08926378,0.04
521,-24.291548,0.5034714,2.524881,0.071504496,1.5092154,0.09922333,0.04
522,-24.288025,0.51646143,2.4924383,0.075020745,1.5689989,0.089956686,0.04
523,-24.299425,0.49522915,3.464314,0.07008357,1.5924453,0.09550606,0.04
524,-24.298813,0.52221054,3.0747316,0.08981634,1.5690882,0.08937418,0.04
525,-24.30181,0.53131324,2.825948,0.07208331,1.7192074,0.109558046,0.04
526,-24.290127,0.5170011,2.9323378,0.04772666,1.6326967,0.119629204,0.04
527,-24.314392,0.5156389,2.982902,0.05006341,1.6878917,0.1124981,0.04
528,-24.277506,0.5309756,2.7345536,0.067655206,1.7094867,0.09070624,0.04
529,-24.270332,0.5132386,2.571828,0.06729455,1.6593618,0.1166994,0.04
530,-24.278824,0.51825964,2.8255472,0.08461225,1.5960906,0.099925034,0.04
531,-24.277533,0.53907317,3.1997142,0.07052349,1.5337144,0.0846391,0.04
532,-24.265331,0.5203564,2.2403913,0.072946005,1.6090791,0.07385267,0.04
533,-24.268618,0.5078642,2.576859,0.07829253,1.4896033,0.091588475,0.04
534,-24.281847,0.4929703,2.5781417,0.08426827,1.6334547,0.094294846,0.04
535,-24.261488,0.4889948,2.277137,0.063293554,1.6732482,0.08886319,0.04
536,-24.262177,0.4986848,2.2433984,0.055836383,1.6349738,0.08663377,0.04
537,-24.304192,0.492633,2.2953153,0.062009875,1.7403307,0.08825257,0.04
538,-24.308668,0.5244745,2.9421694,0.05094234,1.6727828,0.059215553,0.04
539,-24.283688,0.5183092,2.2428741,0.051560897,1.7194122,0.08639525,0.04
540,-24.270727,0.5142248,2.4422286,0.07439495,1.6824783,0.101943515,0.04
541,-24.292328,0.48298147,2.0894728,0.07039192,1.540721,0.08722242,0.04
542,-24.296093,0.518387,2.653551,0.06173375,1.6757663,0.08541448,0.04
543,-24.26952,0.5379667,2.8270946,0.08781335,1.6402802,0.089780964,0.04
544,-24.266453,0.50717163,2.5181584,0.08044787,1.7080448,0.08715228,0.04
545,-24.28323,0.5192799,2.4180543,0.044143077,1.7070729,0.059275243,0.04
546,-24.280844,0.5084622,2.2155948,0.051915728,1.71226,0.12094899,0.04
547,-24.30503,0.53405285,2.8921723,0.0705868,1.6262062,0.09912424,0.04
548,-24.276493,0.5295622,2.5314627,0.057628904,1.6680939,0.071966425,0.04
549,-24.289532,0.5283309,2.730805,0.05220145,1.6837977,0.0773599,0.04
550,-24.26229,0.51874113,2.4159992,0.05463955,1.7186748,0.07985746,0.04
551,-24.280533,0.4988461,2.5073583,0.06833638,1.5853255,0.089292035,0.04
552,-24.276188,0.4862055,2.287967,0.08748037,1.6755322,0.08275503,0.04
553,-24.28598,0.5221503,2.533503,0.07263892,1.6292481,0.08515654,0.04
554,-24.281582,0.51387566,2.4598362,0.066383965,1.5665944,0.09516173,0.04
555,-24.275835,0.50531536,2.41724,0.06771361,1.5043764,0.07261523,0.04
556,-24.292255,0.52315193,2.8784468,0.064591266,1.6425909,0.07795393,0.04
557,-24.278597,0.5277025,3.6761558,0.05979505,1.66254,0.08395677,0.04
558,-24.288591,0.5274292,2.6771052,0.060276356,1.7007024,0.08092636,0.04
559,-24.270767,0.5158963,2.5501714,0.04935253,1.6535915,0.108572505,0.04
560,-24.273874,0.5309417,3.0733988,0.057794694,1.6238723,0.08360554,0.04
561,-24.298243,0.50050694,2.777538,0.09226596,1.5617672,0.0761742,0.04
562,-24.286135,0.52313644,2.4052541,0.07565212,1.6152854,0.0958496,0.04
563,-24.285738,0.50585693,2.6504884,0.06274678,1.5691301,0.08884721,0.04
564,-24.305723,0.5348406,3.490069,0.05768755,1.7858332,0.0742405,0.04
565,-24.28756,0.5325635,3.4691565,0.06169569,1.6457002,0.08305202,0.04
566,-24.290993,0.5311806,3.0795074,0.06511754,1.6889021,0.07052779,0.04
567,-24.295805,0.52836436,2.6526864,0.062259328,1.6639371,0.08337177,0.04
568,-24.296844,0.5329963,2.6616879,0.06943192,1.5676881,0.11138265,0.04
569,-24.257288,0.5084196,2.591984,0.065193124,1.5402998,0.1075121,0.04
570,-24.293655,0.49548057,2.6444902,0.053489503,1.5696553,0.079175375,0.04
571,-24.279846,0.5059894,2.3862557,0.07671549,1.6821258,0.07486785,0.04
572,-24.273613,0.52316976,2.8676565,0.0934651,1.6749104,0.08926055,0.04
573,-24.313496,0.5477252,3.160269,0.08087835,1.7166868,0.09836149,0.04
574,-24.280708,0.4816593,2.3712687,0.050007567,1.653369,0.06753595,0.04
575,-24.283964,0.49726042,2.7645988,0.05162,1.6424595,0.09142311,0.04
576,-24.30298,0.516153,2.6251338,0.060909342,1.6715643,0.080477394,0.04
577,-24.29043,0.5456158,2.833868,0.06569616,1.6840574,0.08165778,0.04
578,-24.28431,0.51790684,2.8070385,0.072171114,1.6025295,0.081786506,0.04
579,-24.281034,0.5217089,2.5865228,0.06587132,1.6091543,0.06769367,0.04
580,-24.267426,0.51916116,2.3586576,0.0727992,1.7267237,0.096273355,0.04
581,-24.300188,0.51549476,2.4761508,0.084759526,1.5588082,0.11029999,0.04
582,-24.300922,0.5066327,2.9502563,0.11343071,1.5608298,0.09554175,0.04
583,-24.263317,0.52297264,2.3747475,0.075289056,1.7156541,0.0886075,0.04
584,-24.288929,0.50731593,2.735811,0.06731625,1.6259588,0.08174534,0.04
585,-24.287573,0.51318973,2.5939388,0.056123335,1.615749,0.07889922,0.04
586,-24.300262,0.51029825,2.5706573,0.051180307,1.6038203,0.09609533,0.04
587,-24.301167,0.5093539,3.060303,0.061050054,1.6181684,0.1164745,0.04
588,-24.302671,0.5251757,3.0333118,0.056632865,1.689592,0.09937126,0.04
589,-24.298399,0.5218559,2.3427649,0.074229725,1.6560935,0.0749509,0.04
590,-24.294542,0.5261834,2.428707,0.08582548,1.6265212,0.088988416,0.04
591,-24.276793,0.5187909,2.2110715,0.05647712,1.6718782,0.0782793,0.04
592,-24.28503,0.5170515,2.5825496,0.061453506,1.621863,0.10595188,0.04
593,-24.295076,0.5295399,2.9343276,0.071335666,1.6057873,0.08185615,0.04
594,-24.292183,0.51984817,3.0731518,0.076109774,1.6169424,0.076528266,0.04
595,-24.281458,0.52961403,2.724051,0.06896035,1.7120177,0.100330204,0.04
596,-24.282879,0.5264275,2.5746295,0.06865828,1.4979718,0.101251304,0.04
597,-24.279469,0.5087653,2.368954,0.06885794,1.6999545,0.057495926,0.04
598,-24.293797,0.5041844,2.574708,0.060027707,1.6111125,0.10305934,0.04
599,-24.29068,0.52431244,2.745108,0.07021425,1.5518748,0.101004,0.04
600,-24.284262,0.50070417,2.4932775,0.0657301,1.5002259,0.07342992,0.04
601,-24.284351,0.5088425,2.2509747,0.0747986,1.5091454,0.08249717,0.04
602,-24.260899,0.5161104,2.113352,0.06148809,1.5466415,0.11649809,0.04
603,-24.302765,0.5183233,2.6798525,0.060915116,1.6422982,0.084743366,0.04
604,-24.28643,0.50799644,2.5223422,0.06654145,1.550762,0.08304224,0.04
605,-24.276884,0.5064221,2.7186852,0.062527366,1.6520785,0.08472318,0.04
606,-24.286724,0.51263297,2.50042,0.07798202,1.652806,0.09041519,0.04
607,-24.293316,0.50884986,2.278995,0.07261454,1.6030234,0.07158193,0.04
608,-24.302813,0.52556676,2.766803,0.08359543,1.6272277,0.09708105,0.04
609,-24.280312,0.52771854,3.1887171,0.061009627,1.6907954,0.094962336,0.04
610,-24.302313,0.51131487,2.7503753,0.067505985,1.551148,0.08752206,0.04
611,-24.300322,0.49988317,2.2932973,0.066649415,1.575886,0.073388875,0.04
612,-24.275356,0.50027674,2.4096801,0.0608318,1.7158718,0.08182627,0.04
613,-24.288685,0.5238129,2.7479131,0.068939656,1.5541877,0.0804415,0.04
614,-24.305649,0.5529402,3.2793949,0.08849472,1.5948508,0.111852735,0.04
615,-24.288258,0.50902915,2.085793,0.060806226,1.5550609,0.08674266,0.04
616,-24.302841,0.5133487,2.5019612,0.07760584,1.6757293,0.09211898,0.04
617,-24.279114,0.49048266,2.1810777,0.06410899,1.6123993,0.09534738,0.04
618,-24.290216,0.52001065,2.9714036,0.051402755,1.6861527,0.08118913,0.04
619,-24.307661,0.50705475,2.7642362,0.0767213,1.678663,0.07790191,0.04
620,-24.305023,0.5092592,3.380911,0.06365771,1.5495855,0.08698144,0.04
621,-24.289215,0.5217581,2.509896,0.05368419,1.6598889,0.0854036,0.04
622,-24.289745,0.5285813,2.715825,0.0578864,1.5885063,0.10489124,0.04
623,-24.281239,0.51105857,2.05355,0.08755972,1.6293384,0.086045474,0.04
624,-24.29859,0.51253974,2.395571,0.081981964,1.6842444,0.0826469,0.04
625,-24.303738,0.5041045,2.4862366,0.07146333,1.5647161,0.07737111,0.04
626,-24.300873,0.5088542,3.1323397,0.050067205,1.5716283,0.09731882,0.04
627,-24.28723,0.50186896,2.1563482,0.053881492,1.5398244,0.07447879,0.04
628,-24.27858,0.5022488,2.382992,0.092492715,1.5802389,0.07064154,0.04
629,-24.281734,0.5011605,2.3933845,0.049118914,1.6223744,0.061595578,0.04
630,-24.308723,0.48785514,2.3713245,0.057989463,1.4631815,0.08989035,0.04
631,-24.303812,0.4904133,2.625049,0.070797615,1.637923,0.090537824,0.04
632,-24.279066,0.5084078,2.7254198,0.07592281,1.7525716,0.09502716,0.04
633,-24.3126,0.502341,2.762435,0.065897256,1.686754,0.094158135,0.04
634,-24.291584,0.51440954,2.8118906,0.057753183,1.6784538,0.08263731,0.04
635,-24.293526,0.507093,2.6122098,0.047962144,1.6027077,0.09916922,0.04
636,-24.313324,0.5094166,3.1843886,0.058440953,1.6383709,0.10346557,0.04
637,-24.314878,0.52122754,2.8164477,0.06496132,1.625593,0.08015062,0.04
638,-24.287664,0.49689204,2.4831734,0.057192154,1.5593106,0.06566499,0.04
639,-24.276983,0.50109804,2.0280936,0.059029944,1.5759083,0.0806112,0.04
640,-24.299856,0.5011787,2.5149047,0.048532974,1.6403332,0.07361422,0.04
641,-24.273682,0.5164863,2.9783812,0.09754583,1.6201502,0.0855945,0.04
642,-24.302835,0.5199351,2.4299178,0.05643675,1.7774484,0.09948265,0.04
643,-24.293697,0.53177696,2.5525126,0.06785887,1.7146329,0.09737722,0.04
644,-24.298445,0.5338503,2.7923338,0.07165319,1.6445602,0.095377944,0.04
645,-24.2839,0.52809995,2.6463082,0.058848966,1.6389337,0.09447042,0.04
646,-24.29552,0.5317461,2.396005,0.07474704,1.7194493,0.07227888,0.04
647,-24.290754,0.51990646,2.7288053,0.067050174,1.6287214,0.08809374,0.04
648,-24.29615,0.51239264,2.7252588,0.064883254,1.689163,0.08626739,0.04
649,-24.289606,0.51427126,2.6542468,0.06340086,1.6506062,0.0696378,0.04
650,-24.304312,0.52804774,3.0791013,0.05763219,1.7509899,0.09391637,0.04
651,-24.304298,0.5279065,2.8169823,0.123210564,1.7336519,0.111422986,0.04
652,-24.294838,0.5381151,2.6230195,0.071305804,1.6683363,0.09444292,0.04
653,-24.306347,0.5179752,2.4953063,0.0660608,1.6559473,0.08951725,0.04
654,-24.272833,0.5362865,2.8183002,0.08205074,1.6781456,0.119201735,0.04
655,-24.278055,0.51847863,2.3649688,0.0669694,1.6160756,0.073604375,0.04
656,-24.2891,0.50451857,2.6118124,0.061737407,1.592666,0.08032709,0.04
657,-24.281153,0.5172584,2.4060502,0.077437654,1.6700097,0.075587325,0.04
658,-24.291645,0.50967973,2.232727,0.06433538,1.6563406,0.086404815,0.04
659,-24.289774,0.51879746,2.754038,0.075753555,1.8391279,0.1033706,0.04
660,-24.312246,0.5071373,2.5809407,0.07148436,1.6943744,0.080548525,0.04
661,-24.295723,0.5230655,2.6514945,0.08053737,1.7992241,0.12233676,0.04
662,-24.295696,0.5060403,2.7878242,0.09108977,1.6088012,0.0934715,0.04
663,-24.298271,0.512223,2.764794,0.06095247,1.6652483,0.13931948,0.04
664,-24.298424,0.50515574,2.342161,0.08835701,1.7490385,0.09638457,0.04
665,-24.286476,0.52694726,2.311994,0.06931492,1.6679882,0.067507595,0.04
666,-24.300241,0.511622,2.527163,0.08161981,1.6600025,0.10236135,0.04
667,-24.290293,0.50547206,2.6034896,0.039270133,1.6172985,0.07917903,0.04
668,-24.295465,0.5103892,2.8476264,0.066946276,1.6623714,0.088913634,0.04
669,-24.285738,0.52051586,2.4846685,0.051997587,1.6545752,0.07576256,0.04
670,-24.293695,0.5235524,3.1328802,0.07631358,1.6514251,0.085540675,0.04
671,-24.285624,0.5094832,2.3705904,0.075063154,1.6858926,0.09532139,0.04
672,-24.285261,0.5112164,2.5050209,0.075945966,1.709846,0.1070472,0.04
673,-24.296476,0.5338448,2.5804882,0.078238614,1.7409787,0.09438286,0.04
674,-24.272413,0.5151127,3.0490196,0.060592573,1.7006241,0.089562654,0.04
675,-24.296022,0.5187539,2.5144393,0.06210312,1.5862848,0.07222603,0.04
676,-24.296267,0.5106717,2.947597,0.092161834,1.608181,0.07440598,0.04
677,-24.291124,0.5037683,2.4281807,0.06758607,1.4775523,0.07483366,0.04
678,-24.298546,0.5216461,2.4931965,0.062124565,1.585274,0.103924476,0.04
679,-24.306145,0.5185796,2.5286937,0.074697874,1.587257,0.100140594,0.04
680,-24.31005,0.5161512,2.5358846,0.061986912,1.7096015,0.08558374,0.04
681,-24.31136,0.5115784,2.5130596,0.06584785,1.5622848,0.08666149,0.04
682,-24.296091,0.5052833,2.4308903,0.0733386,1.6614474,0.08913949,0.04
683,-24.281143,0.5068988,2.4820259,0.07620086,1.674125,0.083858505,0.04
684,-24.28434,0.5166215,2.492727,0.061215393,1.6817487,0.109519936,0.04
685,-24.30467,0.5293247,2.8116813,0.07498762,1.6173294,0.060893912,0.04
686,-24.308704,0.5206537,2.5805025,0.06814281,1.7067505,0.09386388,0.04
687,-24.324768,0.5143366,3.110115,0.065570176,1.4939517,0.102873564,0.04
688,-24.294943,0.52288353,2.539212,0.061715838,1.6101362,0.08366248,0.04
689,-24.306404,0.5034241,3.1517794,0.07561842,1.6288545,0.074505515,0.04
690,-24.310225,0.5109226,2.3497772,0.057242014,1.6357617,0.06901327,0.04
691,-24.291073,0.50896245,2.2220504,0.0695382,1.6048241,0.10186697,0.04
692,-24.298374,0.49871993,2.252147,0.056740038,1.6574106,0.08892202,0.04
693,-24.278801,0.49011797,2.075392,0.067740336,1.5405123,0.10235403,0.04
694,-24.30755,0.51620823,2.7016213,0.08277784,1.5378432,0.09119181,0.04
695,-24.29883,0.50258005,2.8787217,0.061079018,1.4817398,0.0884844,0.04
696,-24.289812,0.5133483,2.834514,0.068231784,1.5490471,0.087653875,0.04
697,-24.288084,0.5138302,2.5933945,0.071930915,1.5997614,0.097250454,0.04
698,-24.306067,0.53266287,2.8436916,0.06821319,1.6350332,0.078220464,0.04
699,-24.272663,0.52430445,2.5657496,0.046155397,1.7150524,0.09432951,0.04
700,-24.301714,0.50951666,3.0388641,0.06136412,1.5703446,0.07466656,0.04
701,-24.281185,0.5084459,2.7648458,0.05360357,1.5825061,0.07584939,0.04
702,-24.283628,0.51293033,3.1952167,0.07347111,1.3984624,0.0820421,0.04
703,-24.282963,0.49306953,2.6724372,0.06386986,1.5510677,0.09209626,0.04
704,-24.2877,0.50245833,2.3758607,0.06478021,1.6679319,0.084431574,0.04
705,-24.279915,0.5161966,2.9207633,0.11280533,1.5989077,0.09962905,0.04
706,-24.299059,0.5227425,3.0561938,0.06774917,1.6442423,0.1071337,0.04
707,-24.290077,0.5243461,2.9350994,0.062852204,1.6514632,0.09092972,0.04
708,-24.306562,0.5500313,3.4101202,0.063244335,1.6859763,0.110998325,0.04
709,-24.280113,0.5316846,2.7723393,0.069573894,1.5821232,0.059472706,0.04
710,-24.290241,0.51202655,3.1725545,0.056203574,1.705485,0.09229526,0.04
711,-24.286251,0.5244319,2.8962433,0.07629669,1.6672934,0.08051715,0.04
712,-24.287277,0.5059457,3.085668,0.052910544,1.5778371,0.07145412,0.04
713,-24.290562,0.4963303,2.3203247,0.07509541,1.7058794,0.0664724,0.04
714,-24.290949,0.5071296,2.4154627,0.08157468,1.6725086,0.105423294,0.04
715,-24.29902,0.49857748,2.4314494,0.08197821,1.6484699,0.08113612,0.04
716,-24.27959,0.512432,2.281285,0.052105308,1.6848887,0.083920196,0.04
717,-24.298449,0.51566714,2.8579812,0.055088714,1.7242624,0.08877691,0.04
718,-24.289658,0.50977844,2.5751061,0.074065045,1.6441557,0.08994341,0.04
719,-24.308813,0.5129298,2.620186,0.06868435,1.5093285,0.091432884,0.04
720,-24.289818,0.5109465,2.2854822,0.07719114,1.5785476,0.11560499,0.04
721,-24.280733,0.49359208,2.3640327,0.055362426,1.5971829,0.08939216,0.04
722,-24.304132,0.50398326,2.6762497,0.05659399,1.5999985,0.09361275,0.04
723,-24.298302,0.5055203,2.5139737,0.06506128,1.6458995,0.09012533,0.04
724,-24.308102,0.49890596,2.2859545,0.054522272,1.606825,0.10771732,0.04
725,-24.289133,0.5014549,2.0570471,0.06013064,1.6012768,0.10539158,0.04
726,-24.308037,0.52515084,3.124338,0.05660599,1.7341388,0.091377966,0.04
727,-24.308088,0.5318716,3.4924626,0.058135014,1.5942197,0.07454843,0.04
728,-24.277788,0.5069482,2.4158351,0.04742677,1.5391002,0.062998794,0.04
729,-24.283993,0.5170604,2.3935773,0.060280092,1.6262263,0.08429669,0.04
730,-24.284819,0.5115667,2.4438438,0.0630973,1.5311309,0.09421683,0.04
731,-24.280775,0.51003015,2.3126886,0.048629068,1.482355,0.06971272,0.04
732,-24.263222,0.48005834,2.060715,0.05260313,1.5251027,0.08012079,0.04
733,-24.299332,0.5053785,2.659011,0.05864981,1.4865316,0.08878185,0.04
734,-24.284687,0.49245515,2.307392,0.05557912,1.4706273,0.08536874,0.04
735,-24.306742,0.49445766,2.339907,0.05481695,1.4514035,0.08445629,0.04
736,-24.312859,0.49959522,2.4688942,0.060698103,1.5199895,0.064724475,0.04
737,-24.303814,0.49025026,2.9777007,0.070269436,1.5691179,0.09189262,0.04
738,-24.304493,0.49882504,2.3735683,0.05219533,1.6835593,0.07579937,0.04
739,-24.306995,0.50265837,2.6661847,0.080304176,1.5832456,0.116378196,0.04
740,-24.289286,0.5086333,2.9303164,0.058355566,1.5704615,0.07461297,0.04
741,-24.272951,0.48304847,2.426045,0.055731464,1.6116997,0.0946152,0.04
742,-24.311518,0.5108114,2.4380505,0.06162793,1.6781416,0.10730773,0.04
743,-24.296991,0.5000963,2.4443882,0.048850432,1.6850095,0.07519897,0.04
744,-24.284906,0.49376917,2.332884,0.06427202,1.5655739,0.10973805,0.04
745,-24.287909,0.50456345,2.7602608,0.061298244,1.6364195,0.073656,0.04
746,-24.302038,0.49689406,2.3340158,0.061676443,1.6048607,0.081280544,0.04
747,-24.29591,0.5063635,3.0674918,0.08052322,1.6943421,0.0857522,0.04
748,-24.308317,0.50483996,3.141056,0.058973506,1.5736517,0.07660252,0.04
749,-24.294043,0.5098661,2.6875863,0.087740935,1.5813735,0.07091495,0.04
750,-24.279213,0.51181877,2.2798288,0.065754265,1.6333593,0.08155372,0.04
751,-24.282322,0.51250005,2.7771726,0.08370477,1.6440165,0.094329946,0.04
752,-24.291624,0.49479377,2.2102172,0.0777396,1.5968493,0.08397465,0.04
753,-24.302025,0.5110873,2.8100471,0.0611836,1.4604654,0.079814374,0.04
754,-24.28043,0.5141762,3.1419284,0.07447258,1.5498779,0.09736321,0.04
755,-24.290808,0.50636095,2.756202,0.040359356,1.4611033,0.08638147,0.04
756,-24.304535,0.51420605,2.7591262,0.0817854,1.5517148,0.07019965,0.04
757,-24.25268,0.5007772,2.4957652,0.05654048,1.4874129,0.08007425,0.04
758,-24.268492,0.5189603,2.7490563,0.07850645,1.433213,0.0935042,0.04
759,-24.272781,0.5068516,2.5465114,0.053091813,1.4911293,0.08992801,0.04
760,-24.271605,0.50185287,2.7149389,0.07282509,1.5653458,0.08431062,0.04
761,-24.278706,0.5084183,2.6673172,0.068057775,1.4499408,0.074146576,0.04
762,-24.284359,0.49833736,2.8557816,0.057108648,1.4406786,0.07635649,0.04
763,-24.313126,0.50413686,2.556069,0.063995846,1.51987,0.09121233,0.04
764,-24.292995,0.50544,2.761099,0.053129394,1.5424392,0.0889648,0.04
765,-24.290522,0.53168195,3.228931,0.05021982,1.6030611,0.093624435,0.04
766,-24.289865,0.51202947,2.6562505,0.07730235,1.5806072,0.075553864,0.04
767,-24.285429,0.4784614,2.4373114,0.054119863,1.4931082,0.0929636,0.04
768,-24.280169,0.5000059,2.4258049,0.06494199,1.5637175,0.07883947,0.04
769,-24.29025,0.50336975,2.375736,0.07284362,1.5131884,0.07643092,0.04
770,-24.311453,0.49593586,2.7121174,0.049709473,1.6128366,0.066693306,0.04
771,-24.318293,0.4994985,2.836497,0.05993219,1.6143008,0.12697108,0.04
772,-24.319448,0.50166684,2.8635173,0.05033154,1.6085976,0.06994989,0.04
773,-24.304459,0.531684,3.4679546,0.07736859,1.6466184,0.085754745,0.04
774,-24.296759,0.5205169,2.759807,0.10135159,1.5310388,0.078214504,0.04
775,-24.29195,0.5203852,3.034877,0.05219247,1.5407451,0.06845523,0.04
776,-24.290718,0.5046681,2.611756,0.054257467,1.478964,0.07495295,0.04
777,-24.289936,0.4927942,2.961073,0.0466813,1.4983926,0.101572484,0.04
778,-24.299105,0.49119103,2.4441216,0.05545931,1.4711874,0.081844136,0.04
779,-24.291773,0.50720227,2.6224923,0.06495573,1.5396093,0.07221401,0.04
780,-24.308668,0.51976407,3.093008,0.05605815,1.6203635,0.06449103,0.04
781,-24.317307,0.52328664,3.1645327,0.07491752,1.5642942,0.08591002,0.04
782,-24.282597,0.52065325,2.9428198,0.083308235,1.581896,0.09118528,0.04
783,-24.298393,0.52369195,2.6819715,0.061745387,1.4392647,0.0675864,0.04
784,-24.294168,0.5102629,2.8769736,0.062777616,1.6038287,0.08697637,0.04
785,-24.273777,0.4900662,2.4762785,0.07542763,1.5403026,0.08434968,0.04
786,-24.274277,0.49747762,2.912112,0.06456469,1.4676052,0.09315511,0.04
787,-24.297668,0.5139305,3.0200899,0.10753974,1.6147134,0.09717543,0.04
788,-24.289425,0.5057695,2.5865278,0.064459875,1.5893487,0.096319556,0.04
789,-24.285372,0.49936217,2.5418868,0.06134209,1.5308044,0.087345935,0.04
790,-24.304932,0.5174592,2.756254,0.062480275,1.6319051,0.083667025,0.04
791,-24.3122,0.516058,2.90723,0.06814342,1.596898,0.1004611,0.04
792,-24.315128,0.51961565,2.7311983,0.06633314,1.6024479,0.08396328,0.04
793,-24.306822,0.5006998,2.7792304,0.060656916,1.5053521,0.09105752,0.04
794,-24.275871,0.5028676,2.3856373,0.06731607,1.5929142,0.07456141,0.04
795,-24.302168,0.48869845,2.3365257,0.07511275,1.520948,0.09600369,0.04
796,-24.308714,0.507785,2.7610097,0.054342344,1.5331746,0.09761982,0.04
797,-24.287754,0.5021209,2.5196772,0.059581038,1.6745521,0.098470904,0.04
798,-24.289892,0.5044238,2.7098777,0.062296364,1.5894572,0.081484,0.04
799,-24.31766,0.5134084,2.8242884,0.05433976,1.5233488,0.06750939,0.04
800,-24.293077,0.51147527,2.9026124,0.052831177,1.4535049,0.07251204,0.04
801,-24.295588,0.5175994,2.8815715,0.07095652,1.4634292,0.07574419,0.04
802,-24.308863,0.52282953,2.8375988,0.06934196,1.6775374,0.060655206,0.04
803,-24.288164,0.5126471,2.8450313,0.09646034,1.5690281,0.08899458,0.04
804,-24.292942,0.5223789,3.7279084,0.071323805,1.4745857,0.079930946,0.04
805,-24.277487,0.514996,3.0800169,0.06081825,1.4499937,0.07634412,0.04
806,-24.26658,0.5045459,2.8119924,0.064582355,1.4590274,0.06886313,0.04
807,-24.290035,0.4866787,2.4158084,0.06386956,1.4105998,0.07466896,0.04
808,-24.289309,0.5062718,2.6259222,0.06145588,1.4762797,0.10707785,0.04
809,-24.284225,0.49789634,2.6252902,0.07020178,1.4246022,0.08632491,0.04
810,-24.294308,0.5007016,2.636843,0.05750521,1.5159025,0.084927715,0.04
811,-24.301365,0.5135756,3.0281286,0.07585885,1.5496576,0.07163998,0.04
812,-24.305883,0.5072619,2.6215835,0.09343993,1.5054165,0.073810525,0.04
813,-24.291298,0.5178606,3.0607224,0.077540986,1.5220277,0.110436246,0.04
814,-24.29064,0.5316701,2.9709032,0.068724014,1.526008,0.075687595,0.04
815,-24.27373,0.5398756,3.0443964,0.12832719,1.5987209,0.08034459,0.04
816,-24.251726,0.5122238,2.441672,0.07361076,1.4603406,0.09490458,0.04
817,-24.27255,0.50557333,2.5492575,0.068957105,1.4250301,0.092497766,0.04
818,-24.28453,0.50595707,2.5325809,0.062085014,1.4542326,0.090866186,0.04
819,-24.292843,0.50071555,2.7825658,0.0520102,1.4360776,0.10166027,0.04
820,-24.296309,0.49940273,2.883008,0.054309938,1.5966381,0.09803269,0.04
821,-24.28731,0.52529526,2.6602519,0.06763191,1.4590517,0.09443945,0.04
822,-24.266344,0.5152052,2.862038,0.052320242,1.4715552,0.10110227,0.04
823,-24.28147,0.50338984,3.1686542,0.06844479,1.5218582,0.07164361,0.04
824,-24.285492,0.5178916,2.6639144,0.054967634,1.5514838,0.07685261,0.04
825,-24.298813,0.49600372,2.7611573,0.056499425,1.4221058,0.076811604,0.04
826,-24.280087,0.5237473,3.078,0.049022622,1.5533575,0.095792875,0.04
827,-24.27009,0.48513985,2.5430079,0.07486601,1.3952272,0.08599479,0.04
828,-24.289785,0.5046552,2.56014,0.06460796,1.5172997,0.07761333,0.04
829,-24.279467,0.5069149,2.6183217,0.061151143,1.4471755,0.08793666,0.04
830,-24.283922,0.5122561,2.600487,0.05850585,1.4231467,0.09138267,0.04
831,-24.285288,0.49989325,2.8189197,0.09310378,1.4252476,0.08848435,0.04
832,-24.273932,0.5056617,3.1258087,0.0659659,1.5017658,0.078047305,0.04
833,-24.278938,0.50010234,2.229694,0.07008769,1.4921492,0.07218171,0.04
834,-24.278252,0.509985,3.0048964,0.07555389,1.4860498,0.090533204,0.04
835,-24.267286,0.50675434,2.6891286,0.08824543,1.5442655,0.07209362,0.04
836,-24.273464,0.5130969,2.8177059,0.06989294,1.408649,0.06991983,0.04
837,-24.25773,0.50720185,2.3922884,0.060860593,1.4409542,0.087823875,0.04
838,-24.296984,0.5037166,2.6297956,0.06006204,1.4241598,0.06939705,0.04
839,-24.279457,0.49980518,2.6862066,0.070155546,1.4311845,0.087713555,0.04
840,-24.263683,0.5026655,2.5791745,0.09247594,1.4497534,0.081976995,0.04
841,-24.254774,0.47928315,2.1100678,0.06861775,1.4746331,0.074947886,0.04
842,-24.27957,0.49530587,2.4103613,0.053673975,1.4263091,0.08520445,0.04
843,-24.279453,0.50377953,2.72985,0.093878366,1.453486,0.068387926,0.04
844,-24.270971,0.5219618,3.0749924,0.09046108,1.6539004,0.0881258,0.04
845,-24.284616,0.51427686,3.3653114,0.09766291,1.541487,0.09272033,0.04
846,-24.26297,0.5060093,2.4564688,0.066573635,1.3889946,0.073731266,0.04
847,-24.283506,0.49050087,2.5108469,0.06878204,1.4354223,0.07466622,0.04
848,-24.275274,0.5176562,3.220414,0.09775584,1.5152575,0.090979174,0.04
849,-24.269308,0.4882024,2.8766737,0.06029812,1.4202331,0.10250858,0.04
850,-24.279692,0.5006785,2.7438,0.076917075,1.4369141,0.07779088,0.04
851,-24.271652,0.5150279,2.6430907,0.06006453,1.5592965,0.076219514,0.04
852,-24.279991,0.49411258,2.1843715,0.050859407,1.5703801,0.074988864,0.04
853,-24.294083,0.5001871,2.7475102,0.06820065,1.4291482,0.09695154,0.04
854,-24.295242,0.4719551,2.7690117,0.06973676,1.4635633,0.07399435,0.04
855,-24.293556,0.48802343,2.6376936,0.07739184,1.5288483,0.0783366,0.04
856,-24.297668,0.51739264,2.731506,0.073491834,1.5368407,0.09660583,0.04
857,-24.273617,0.5258841,3.1264315,0.06302477,1.4464846,0.06274642,0.04
858,-24.272984,0.5110923,2.5815625,0.05549621,1.4820048,0.07094286,0.04
859,-24.292454,0.50130606,2.6210463,0.056389194,1.402121,0.076274805,0.04
860,-24.28103,0.5040235,2.3896196,0.073039114,1.476684,0.08021138,0.04
861,-24.264582,0.506014,2.3144987,0.071428895,1.3823311,0.08272917,0.04
862,-24.287714,0.50844765,2.4758697,0.07789023,1.3909005,0.10507042,0.04
863,-24.283587,0.50620085,2.4749742,0.08354558,1.4348775,0.07891937,0.04
864,-24.305716,0.5156508,3.1403077,0.050728608,1.4427339,0.06898935,0.04
865,-24.305218,0.51420623,3.2390695,0.06091172,1.4636874,0.06880959,0.04
866,-24.28016,0.5236917,2.8929746,0.08996883,1.5467709,0.06558854,0.04
867,-24.30125,0.501055,2.9705305,0.06579508,1.3581191,0.09556889,0.04
868,-24.27639,0.51014733,2.9546583,0.07228968,1.4642208,0.06322586,0.04
869,-24.281301,0.505687,2.630924,0.06740392,1.4861648,0.08820846,0.04
870,-24.281761,0.5057231,2.7979534,0.064364254,1.3945177,0.07676603,0.04
871,-24.305454,0.50027215,3.0235007,0.077174984,1.4484375,0.08454146,0.04
872,-24.275358,0.5160195,2.6931665,0.05976805,1.4714532,0.08591301,0.04
873,-24.269262,0.5175553,2.759621,0.06364248,1.4283978,0.08756612,0.04
874,-24.293882,0.5344731,3.9927485,0.07317845,1.5272702,0.076597825,0.04
875,-24.294397,0.51062787,3.078449,0.04740016,1.5051793,0.085275196,0.04
876,-24.279402,0.53912896,3.4102318,0.06429226,1.4597398,0.084132515,0.04
877,-24.259106,0.5006068,2.2350152,0.07041078,1.5221843,0.07000298,0.04
878,-24.294775,0.50695646,2.6797059,0.088682234,1.4669813,0.08044285,0.04
879,-24.271143,0.5115099,2.661536,0.055512726,1.4604393,0.08623582,0.04
880,-24.278204,0.5191831,3.006506,0.06921707,1.4422909,0.071625926,0.04
881,-24.299692,0.5213768,2.720285,0.05308962,1.3935087,0.073582776,0.04
882,-24.266836,0.5124629,2.6662343,0.06692888,1.4138108,0.07450851,0.04
883,-24.287743,0.501471,2.4907112,0.058690872,1.4351861,0.080873065,0.04
884,-24.252625,0.51640123,2.728169,0.049494613,1.5009091,0.082147755,0.04
885,-24.271059,0.4941508,2.6082695,0.07662831,1.4935504,0.08502663,0.04
886,-24.311367,0.501612,2.7790685,0.05867379,1.4187322,0.08046433,0.04
887,-24.284277,0.5298149,3.0586643,0.074461885,1.4614328,0.07639175,0.04
888,-24.272264,0.51180345,2.8164756,0.07158675,1.4862677,0.11475251,0.04
889,-24.286217,0.49206865,2.5178533,0.04949006,1.4490867,0.07730356,0.04
890,-24.32171,0.513157,2.951513,0.07423519,1.3604797,0.08408065,0.04
891,-24.286188,0.49390647,2.9100459,0.052727647,1.4203027,0.06938672,0.04
892,-24.306273,0.498684,2.893489,0.07067846,1.3955072,0.0772961,0.04
893,-24.291435,0.49637926,2.8302462,0.063299835,1.4237003,0.092495956,0.04
894,-24.293535,0.4966234,2.6836908,0.0656917,1.3967059,0.09115569,0.04
895,-24.29912,0.5076507,2.7942507,0.060107127,1.4126006,0.07947257,0.04
896,-24.29202,0.51114494,2.5732033,0.07070849,1.5028646,0.093007326,0.04
897,-24.280308,0.50168216,2.5756154,0.06264067,1.5398653,0.06601787,0.04
898,-24.302708,0.4932513,2.6798928,0.05482152,1.5266935,0.09283627,0.04
899,-24.310081,0.51699334,2.5645132,0.06963915,1.6755332,0.09105405,0.04
900,-24.303286,0.5166159,3.0403512,0.07545419,1.6151499,0.09775476,0.04
901,-24.288794,0.5001335,3.300961,0.07355269,1.4276245,0.06912045,0.04
902,-24.317837,0.49178377,2.76574,0.06076332,1.5255471,0.07101087,0.04
903,-24.293854,0.5125323,2.8109355,0.05110426,1.4997786,0.08634569,0.04
904,-24.30947,0.5122109,2.620676,0.067487516,1.4444827,0.08731606,0.04
905,-24.2805,0.5174687,2.584531,0.072138175,1.571007,0.0854602,0.04
906,-24.295652,0.5340193,3.0684927,0.07405345,1.5454446,0.06979463,0.04
907,-24.276667,0.52718073,2.6508157,0.0778051,1.6997414,0.09062172,0.04
908,-24.2991,0.51773673,2.919086,0.059073757,1.4334025,0.0830326,0.04
909,-24.301062,0.531494,3.0380201,0.057167206,1.5401999,0.10022379,0.04
910,-24.289543,0.51483035,2.710495,0.057884596,1.4848492,0.09446394,0.04
911,-24.299898,0.5172893,2.9681451,0.06689225,1.5289952,0.08145262,0.04
912,-24.257227,0.50633526,2.5068595,0.066500396,1.5539175,0.0798688,0.04
913,-24.301537,0.4968027,2.4307563,0.061005186,1.5277504,0.07492127,0.04
914,-24.276386,0.5012777,2.534482,0.0562507,1.5218112,0.07766127,0.04
915,-24.283562,0.49025005,2.175895,0.05898048,1.475352,0.08475237,0.04
916,-24.290932,0.51740605,2.9280064,0.07244103,1.6208026,0.083189644,0.04
917,-24.29786,0.5242403,2.8425949,0.08438668,1.620703,0.08849808,0.04
918,-24.28194,0.4859655,2.45551,0.056799613,1.43901,0.06280892,0.04
919,-24.276257,0.49343157,3.1317477,0.06516098,1.4420754,0.08444304,0.04
920,-24.299145,0.49985617,2.3815582,0.05090541,1.5193806,0.087100856,0.04
921,-24.302757,0.5065481,2.6111658,0.06990878,1.5938208,0.10590544,0.04
922,-24.294607,0.51880294,3.2689166,0.062868744,1.4540664,0.10321778,0.04
923,-24.29701,0.546993,4.16692,0.08995562,1.4503876,0.090724185,0.04
924,-24.259504,0.51801187,2.8687491,0.0693835,1.4566523,0.09687219,0.04
925,-24.291725,0.490928,2.5631342,0.059987366,1.4228874,0.09274528,0.04
926,-24.306988,0.5012087,2.594906,0.0678988,1.4100102,0.103056766,0.04
927,-24.298355,0.51791215,2.6365504,0.0662062,1.518467,0.08744186,0.04
928,-24.300983,0.5141297,2.4807992,0.0667974,1.5508331,0.08488054,0.04
929,-24.295345,0.50668895,2.7279027,0.057854503,1.5978351,0.09974878,0.04
930,-24.277847,0.523104,2.80169,0.06230729,1.46231,0.07295994,0.04
931,-24.294132,0.53178954,2.959806,0.06628044,1.5276191,0.09171493,0.04
932,-24.25802,0.5102713,2.3823776,0.09366895,1.5892538,0.067745484,0.04
933,-24.289257,0.49597013,2.8306665,0.065057725,1.4295224,0.06677392,0.04
934,-24.312113,0.505351,3.248048,0.07398786,1.4130112,0.0711035,0.04
935,-24.286068,0.5043332,2.7713969,0.05503755,1.4872969,0.080566406,0.04
936,-24.283188,0.49251288,2.4076593,0.0653226,1.4677098,0.08181366,0.04
937,-24.290697,0.48543626,2.608126,0.078296684,1.4576002,0.08395552,0.04
938,-24.274027,0.49703902,2.444234,0.067060515,1.4001384,0.08436143,0.04
939,-24.312313,0.50770384,2.5598946,0.056279846,1.5141343,0.07721568,0.04
940,-24.275368,0.5072895,2.4299273,0.06547049,1.5247333,0.099104546,0.04
941,-24.30127,0.5079125,2.9429274,0.050258197,1.476122,0.081573166,0.04
942,-24.286453,0.4847998,2.6304996,0.06873964,1.3159803,0.09079875,0.04
943,-24.31103,0.5066547,3.031572,0.09952228,1.5068192,0.06944914,0.04
944,-24.282526,0.5222045,2.7229702,0.11381313,1.4968876,0.07207832,0.04
945,-24.26719,0.5047465,2.5243545,0.08141138,1.3669198,0.084731184,0.04
946,-24.280941,0.49280038,2.4745557,0.061587017,1.4885772,0.085102804,0.04
947,-24.294743,0.5032259,2.8341923,0.07678046,1.5050644,0.08483679,0.04
948,-24.299742,0.51181185,2.4249253,0.077906616,1.4649774,0.07914349,0.04
949,-24.300285,0.51826364,2.8993263,0.061921436,1.4267277,0.074323624,0.04
950,-24.310171,0.53047466,3.1035907,0.08129598,1.597091,0.0865775,0.04
951,-24.292637,0.5045062,2.6405938,0.07972628,1.6071011,0.08224915,0.04
952,-24.277973,0.51725125,2.361709,0.05618434,1.5325749,0.07662942,0.04
953,-24.29236,0.52925944,2.9624596,0.07329993,1.5871979,0.088046804,0.04
954,-24.269545,0.5199956,2.9234984,0.06433377,1.6490735,0.094547234,0.04
955,-24.30104,0.513033,2.598135,0.060238477,1.6274761,0.08095027,0.04
956,-24.287935,0.50642735,2.3684225,0.049696635,1.5651588,0.09900987,0.04
957,-24.291992,0.51900464,3.288198,0.06864975,1.4611161,0.10412404,0.04
958,-24.30482,0.53465426,3.3004467,0.07156263,1.6643714,0.095724165,0.04
959,-24.310595,0.5229252,2.7579439,0.04745432,1.6368647,0.08782371,0.04
960,-24.278847,0.5246429,2.6749475,0.06057502,1.4821063,0.065541185,0.04
961,-24.296694,0.54870874,2.9571567,0.078099556,1.6413622,0.07357246,0.04
962,-24.283047,0.5382436,3.5657995,0.068229,1.6501563,0.08346652,0.04
963,-24.284143,0.5240368,2.9441268,0.048650555,1.4676535,0.073753744,0.04
964,-24.288567,0.51007384,3.1452641,0.064647585,1.4337392,0.08337323,0.04
965,-24.270227,0.50849766,2.9825878,0.0541782,1.449263,0.07751245,0.04
966,-24.284586,0.5116343,2.967252,0.06507484,1.4196345,0.09021978,0.04
967,-24.292078,0.5056673,2.5896797,0.069615625,1.4669479,0.08735289,0.04
968,-24.276804,0.51380575,2.3139646,0.07048034,1.5102489,0.08418847,0.04
969,-24.280418,0.51638144,3.0754757,0.09097054,1.5264838,0.07358156,0.04
970,-24.298124,0.51035494,2.9326239,0.094371416,1.452068,0.080952264,0.04
971,-24.2719,0.5119583,2.7451565,0.05483861,1.5082297,0.11652086,0.04
972,-24.260485,0.51651955,2.7134116,0.071027905,1.4586351,0.076699175,0.04
973,-24.28551,0.5041134,2.9153829,0.08106778,1.4623767,0.07684651,0.04
974,-24.282766,0.50499296,2.6882212,0.06726172,1.3596925,0.08195896,0.04
975,-24.278275,0.50053215,2.71802,0.06614912,1.4046282,0.08698173,0.04
976,-24.291653,0.49918866,3.3753796,0.07169455,1.4131632,0.0906011,0.04
977,-24.295458,0.5069719,3.428765,0.06842304,1.5568626,0.08710119,0.04
978,-24.28911,0.48464298,2.5934193,0.061891217,1.4093591,0.095629685,0.04
979,-24.284624,0.49967313,2.6318085,0.07831825,1.4732139,0.093180805,0.04
980,-24.281078,0.51142126,2.649081,0.06282535,1.4300301,0.07407939,0.04
981,-24.272285,0.5031279,2.5162933,0.06548336,1.4640639,0.08036514,0.04
982,-24.292175,0.51245135,2.7323825,0.0636672,1.440736,0.065745525,0.04
983,-24.301317,0.5195068,3.0469856,0.09594445,1.4139466,0.09470584,0.04
984,-24.306446,0.5230183,2.8321157,0.091407314,1.4437901,0.094418705,0.04
985,-24.28078,0.5014545,2.4598188,0.050707154,1.3617551,0.08950928,0.04
986,-24.298769,0.49431303,2.3331165,0.06294296,1.4639188,0.08801106,0.04
987,-24.298426,0.50897527,2.3742566,0.09609213,1.5667567,0.09079882,0.04
988,-24.286135,0.51507306,2.6453311,0.0763928,1.5312853,0.089133404,0.04
989,-24.274948,0.49163637,2.5004427,0.062446572,1.5384619,0.056567483,0.04
990,-24.292917,0.5166599,2.7478094,0.070092715,1.4743513,0.08861054,0.04
991,-24.28346,0.5021491,2.5058305,0.054023605,1.5756452,0.07929805,0.04
992,-24.291239,0.49563572,2.2033074,0.06661858,1.4660716,0.117353454,0.04
993,-24.287136,0.5061657,2.4373646,0.052890863,1.3605685,0.07897768,0.04
994,-24.276278,0.50827,2.1815255,0.06419291,1.4164574,0.08439058,0.04
995,-24.26925,0.49136573,2.4102027,0.07532575,1.4282459,0.08703832,0.04
996,-24.286737,0.49103767,3.090092,0.06022847,1.4293102,0.091485426,0.04
997,-24.307055,0.49268192,2.804077,0.075386405,1.423229,0.08106867,0.04
998,-24.308477,0.5051622,2.7975307,0.053139076,1.4688951,0.07885799,0.04
999,-24.297895,0.5086231,2.4814563,0.049743004,1.4889841,0.07862404,0.04
1000,-24.290237,0.4991004,2.453689,0.05674259,1.530193,0.088198595,0.04
1001,-24.298992,0.5092102,2.9629576,0.09742668,1.4617622,0.07381213,0.04
1002,-24.306543,0.50330627,3.0180023,0.062287014,1.4230855,0.061810467,0.04
1003,-24.302639,0.49715367,2.6756482,0.06780905,1.4482237,0.083981134,0.04
1004,-24.27247,0.49240205,2.649911,0.0645465,1.5488812,0.066926174,0.04
1005,-24.314825,0.51359636,2.6793482,0.11500883,1.4341192,0.08598434,0.04
1006,-24.299574,0.5122552,2.8112886,0.055222284,1.3996454,0.0897685,0.04
1007,-24.29019,0.5075709,3.0951226,0.057230875,1.3995522,0.078048006,0.04
1008,-24.290154,0.50600016,2.7369812,0.062153418,1.4455254,0.06572295,0.04
1009,-24.278305,0.4860651,2.5191226,0.057416007,1.4059112,0.064502425,0.04
1010,-24.307316,0.514558,2.6399357,0.05644597,1.5466784,0.08552052,0.04
1011,-24.285809,0.51536876,2.7903516,0.056253202,1.6057452,0.07003622,0.04
1012,-24.27934,0.5132279,2.68333,0.078019015,1.5538759,0.06349443,0.04
1013,-24.28541,0.50715095,2.4690127,0.069949575,1.4196576,0.07614453,0.04
1014,-24.283985,0.5030223,2.4887128,0.053700585,1.487951,0.06773941,0.04
1015,-24.279375,0.5114165,2.3884711,0.098030336,1.3984501,0.08234439,0.04
1016,-24.303282,0.522158,3.0197794,0.045001797,1.4715915,0.06674552,0.04
1017,-24.297169,0.52499557,3.2233672,0.058001745,1.4914234,0.09208669,0.04
1018,-24.283758,0.5138234,2.830164,0.08819479,1.4060017,0.08042061,0.04
1019,-24.266882,0.4998702,2.5934856,0.06940251,1.4778041,0.060280364,0.04
1020,-24.28437,0.49999693,2.75548,0.056678582,1.3934327,0.07726983,0.04
1021,-24.28771,0.50391024,3.1213076,0.06274303,1.3629549,0.07284155,0.04
1022,-24.26966,0.49632043,2.653392,0.058216114,1.4621855,0.087847635,0.04
1023,-24.268007,0.49925277,2.2205038,0.075953074,1.568998,0.10290816,0.04
1024,-24.276949,0.5069123,2.5275323,0.07179167,1.4760175,0.082414836,0.04
1025,-24.302038,0.49792993,3.0403976,0.07141718,1.5210799,0.09205435,0.04
1026,-24.296684,0.5080085,2.8306005,0.048120443,1.4631222,0.074224785,0.04
1027,-24.297985,0.5131177,2.8270605,0.06080283,1.5491909,0.069030195,0.04
1028,-24.267681,0.5062808,3.2489953,0.06679473,1.4889914,0.06637891,0.04
1029,-24.269758,0.5053622,3.3669055,0.047172166,1.4451404,0.08035847,0.04
1030,-24.277477,0.5191255,3.136892,0.08528974,1.4588133,0.09775095,0.04
1031,-24.260824,0.51131797,2.8526802,0.073214605,1.4432398,0.09308557,0.04
1032,-24.300114,0.492936,2.6798623,0.07100894,1.321636,0.056600284,0.04
1033,-24.282917,0.5046225,2.4997668,0.07262938,1.4047545,0.07339955,0.04
1034,-24.289198,0.4997227,2.757226,0.07509385,1.4127558,0.07689365,0.04
1035,-24.289019,0.49822465,2.8081956,0.06555518,1.4690771,0.07526668,0.04
1036,-24.288675,0.513961,3.0769193,0.084514655,1.5240132,0.0966478,0.04
1037,-24.281664,0.5078755,2.7727685,0.05398802,1.4180264,0.07175195,0.04
1038,-24.30018,0.5277588,2.8000684,0.06328053,1.5573535,0.09290361,0.04
1039,-24.28295,0.52542865,3.161049,0.06739072,1.5248631,0.07568625,0.04
1040,-24.281315,0.5264619,2.7980382,0.05775639,1.4750973,0.0656439,0.04
1041,-24.29049,0.52585644,2.82447,0.058741156,1.5188268,0.06572683,0.04
1042,-24.292206,0.52562743,2.636311,0.072709434,1.6217929,0.08984931,0.04
1043,-24.314419,0.52712137,3.333717,0.0767419,1.537672,0.072643794,0.04
1044,-24.283953,0.5052687,2.9147382,0.073924884,1.3923023,0.081707105,0.04
1045,-24.282043,0.5215389,2.7546685,0.06410176,1.3914024,0.09373136,0.04
1046,-24.284674,0.51295877,2.7180994,0.05188117,1.420771,0.080681145,0.04
1047,-24.282608,0.50271845,2.544392,0.051077783,1.400698,0.097192414,0.04
1048,-24.281845,0.5121177,2.7861593,0.059809335,1.4299239,0.08517921,0.04
1049,-24.278616,0.51636887,2.7328835,0.066435225,1.498396,0.09219966,0.04
1050,-24.303461,0.51427644,2.6890388,0.07098661,1.5714047,0.08217435,0.04
1051,-24.301105,0.50378406,2.430711,0.058524244,1.5223153,0.07686916,0.04
1052,-24.29181,0.5012346,2.420274,0.0674083,1.5614578,0.08416872,0.04
1053,-24.294634,0.4988095,2.73358,0.057934016,1.4989349,0.067932665,0.04
1054,-24.295118,0.5018852,2.4342296,0.046675425,1.4452047,0.0906545,0.04
1055,-24.288202,0.50035733,2.5183012,0.07373928,1.4925427,0.0702659,0.04
1056,-24.281914,0.4963604,2.9267185,0.06977038,1.4812264,0.054064583,0.04
1057,-24.296457,0.49743736,2.434284,0.060336266,1.4361957,0.07531274,0.04
1058,-24.286211,0.5288773,3.2835221,0.057573196,1.5041405,0.08615156,0.04
1059,-24.278093,0.5157054,2.782569,0.06693325,1.4436963,0.080920346,0.04
1060,-24.275341,0.5167149,2.5323021,0.07696686,1.459659,0.07709371,0.04
1061,-24.281492,0.519337,2.298983,0.056714077,1.4540843,0.078317285,0.04
1062,-24.259212,0.496324,2.6745214,0.060348876,1.4470559,0.07257655,0.04
1063,-24.283455,0.5041918,3.2809815,0.06605575,1.385822,0.08560553,0.04
1064,-24.284582,0.5019197,2.8941045,0.091023006,1.4346796,0.07574241,0.04
1065,-24.259222,0.49644366,2.9138665,0.08092904,1.4997113,0.062291846,0.04
1066,-24.281864,0.4846151,2.509641,0.058656655,1.4366738,0.066291496,0.04
1067,-24.294168,0.5182327,2.9198043,0.062179577,1.4958831,0.07693661,0.04
1068,-24.292915,0.5238046,2.9989145,0.09161878,1.5861028,0.101806305,0.04
1069,-24.298534,0.5446967,2.9224102,0.08735066,1.5435032,0.07227509,0.04
1070,-24.276796,0.49875638,2.383622,0.07760532,1.4587499,0.09799166,0.04
1071,-24.264765,0.49859807,2.4358191,0.050033983,1.5320681,0.0726502,0.04
1072,-24.289066,0.50645256,2.882233,0.07198094,1.480687,0.093250945,0.04
1073,-24.275406,0.50965637,2.428324,0.07387032,1.4352343,0.07346174,0.04
1074,-24.262762,0.5149695,2.660229,0.06908673,1.3068911,0.0946315,0.04
1075,-24.288248,0.49202496,2.465366,0.07110024,1.3955696,0.06472749,0.04
1076,-24.289696,0.50382465,2.5815203,0.06291181,1.4578986,0.1074706,0.04
1077,-24.26057,0.4957738,2.6279557,0.10621565,1.3941075,0.08069307,0.04
1078,-24.287754,0.5005299,2.7088537,0.06920169,1.496891,0.051202442,0.04
1079,-24.298876,0.49771163,2.4523177,0.057064023,1.5363188,0.072437145,0.04
1080,-24.290905,0.49266344,2.7425635,0.060321648,1.3892509,0.078663185,0.04
1081,-24.271875,0.49191555,2.751229,0.068507165,1.3404963,0.08167055,0.04
1082,-24.278187,0.5176744,2.8284872,0.075905465,1.3864816,0.09164428,0.04
1083,-24.289532,0.5192755,2.7667444,0.0541489,1.5241035,0.08263599,0.04
1084,-24.266113,0.5009199,2.3308218,0.07454189,1.409791,0.09015439,0.04
1085,-24.274637,0.49619383,2.5114818,0.07304754,1.3236341,0.08668268,0.04
1086,-24.308527,0.49536785,3.127267,0.07022844,1.5293386,0.06451761,0.04
1087,-24.279377,0.50642544,2.6655836,0.06602303,1.4648772,0.062622294,0.04
1088,-24.298595,0.49844757,2.875442,0.07490915,1.6330653,0.07465508,0.04
1089,-24.278011,0.49675667,2.136086,0.077536255,1.5238019,0.08135025,0.04
1090,-24.2909,0.5088924,3.1884925,0.071270466,1.528015,0.082863495,0.04
1091,-24.292759,0.5111762,2.6821678,0.06793006,1.6149323,0.118352324,0.04
1092,-24.296331,0.5046248,2.553714,0.05761847,1.496675,0.09779902,0.04
1093,-24.292175,0.5103754,2.5460026,0.059304606,1.4037381,0.07475902,0.04
1094,-24.280579,0.5050272,2.7028852,0.062734835,1.4779487,0.08472317,0.04
1095,-24.287676,0.5131067,2.97362,0.06531733,1.4142199,0.073629975,0.04
1096,-24.275597,0.5223822,2.8705146,0.067142986,1.4839531,0.07085453,0.04
1097,-24.283169,0.515704,2.8533738,0.048625216,1.3714061,0.07141459,0.04
1098,-24.28111,0.50270265,2.9815943,0.067151934,1.3214519,0.068231426,0.04
1099,-24.266481,0.5365062,3.561002,0.078157894,1.3359312,0.07586849,0.04
1100,-24.271942,0.49045736,2.6837072,0.06477454,1.4240483,0.06825492,0.04
1101,-24.265759,0.50514054,2.6385415,0.093466476,1.3822407,0.08297669,0.04
1102,-24.274773,0.5225198,3.040232,0.04949851,1.432044,0.073315,0.04
1103,-24.281431,0.5171336,2.8836682,0.08064754,1.3526348,0.08190525,0.04
1104,-24.26416,0.503372,2.6191037,0.07095602,1.3531592,0.0699635,0.04
1105,-24.284578,0.49222195,2.5205157,0.071567275,1.287893,0.06857993,0.04
1106,-24.289833,0.5153594,2.7549162,0.07214393,1.3539246,0.06432555,0.04
1107,-24.284504,0.49953195,3.1987436,0.05802103,1.3220729,0.07720627,0.04
1108,-24.303034,0.5223149,2.978879,0.089595295,1.3529062,0.07176574,0.04
1109,-24.286724,0.5265397,3.0367236,0.070739605,1.3941815,0.074940704,0.04
1110,-24.268301,0.5044685,2.523362,0.064816125,1.392311,0.072615914,0.04
1111,-24.280363,0.49578986,2.6720421,0.066870525,1.355788,0.08240957,0.04
1112,-24.29109,0.5107773,3.4551797,0.06492757,1.5093955,0.09321108,0.04
1113,-24.281551,0.504458,2.7543676,0.061791595,1.4309176,0.06446404,0.04
1114,-24.271935,0.49774516,2.732446,0.056214318,1.4375433,0.08120738,0.04
1115,-24.289856,0.52377284,2.876196,0.07212475,1.4377007,0.06597304,0.04
1116,-24.280247,0.5225042,3.6679766,0.056696013,1.3820479,0.08251332,0.04
1117,-24.262676,0.50251174,2.4301765,0.064503625,1.4721209,0.075200215,0.04
1118,-24.274395,0.50126904,2.4623222,0.057863694,1.360218,0.063183054,0.04
1119,-24.27306,0.48594376,2.8052807,0.057040676,1.4556047,0.07815204,0.04
1120,-24.28122,0.50126874,2.251325,0.052318815,1.4688854,0.07472883,0.04
1121,-24.259796,0.51046383,2.6709855,0.054707613,1.4468418,0.062137358,0.04
1122,-24.281183,0.49846232,2.642064,0.08457173,1.4125051,0.094170466,0.04
1123,-24.258734,0.5019971,2.7581003,0.053333063,1.4169583,0.07759992,0.04
1124,-24.274067,0.47958994,2.4707234,0.049762573,1.4083046,0.080444105,0.04
1125,-24.298292,0.50469655,3.2195978,0.059436146,1.4448868,0.07429251,0.04
1126,-24.26921,0.49094614,2.5924127,0.071016185,1.3528094,0.08088282,0.04
1127,-24.296656,0.51847565,2.855316,0.068567716,1.4398891,0.08532704,0.04
1128,-24.27263,0.52411747,2.5790632,0.060565792,1.3949833,0.08507976,0.04
1129,-24.276627,0.53668654,2.718911,0.051014625,1.4464126,0.097965404,0.04
1130,-24.263863,0.50788707,2.55385,0.055444162,1.4046872,0.07653867,0.04
1131,-24.290165,0.5337292,3.2283022,0.07087755,1.3788524,0.07401806,0.04
1132,-24.265377,0.50700897,2.7022877,0.058965374,1.4106313,0.091226645,0.04
1133,-24.28611,0.52341425,2.769252,0.059593607,1.4465419,0.06820123,0.04
1134,-24.283482,0.5160147,3.1122613,0.08952932,1.4818568,0.0863953,0.04
1135,-24.283916,0.5360217,3.4309275,0.045563117,1.3983958,0.07553232,0.04
1136,-24.271952,0.5349376,3.3953812,0.0727749,1.4655056,0.09032343,0.04
1137,-24.2857,0.5092434,2.776554,0.07260701,1.3719132,0.07185792,0.04
1138,-24.278927,0.5041385,2.452073,0.060818046,1.3651911,0.06834549,0.04
1139,-24.24647,0.49393445,2.3839512,0.0712,1.3731526,0.079420865,0.04
1140,-24.28733,0.49841225,2.4776547,0.054030232,1.2385794,0.07569823,0.04
1141,-24.27463,0.49707392,2.7379143,0.071691886,1.3602382,0.07568807,0.04
1142,-24.264383,0.4727777,2.345739,0.062277913,1.3321962,0.06001667,0.04
1143,-24.294796,0.52253264,3.027134,0.053237572,1.5015986,0.100602284,0.04
1144,-24.273207,0.5027656,2.658696,0.09663289,1.5133566,0.087073624,0.04
1145,-24.300285,0.5032754,2.7119777,0.059583794,1.4109925,0.07303861,0.04
1146,-24.28296,0.53178495,2.9149544,0.06511024,1.4455901,0.10519265,0.04
1147,-24.29317,0.5092635,2.7249584,0.05127726,1.4301106,0.0889848,0.04
1148,-24.272089,0.5045128,2.503325,0.07384116,1.5518335,0.09131801,0.04
1149,-24.271133,0.49625334,2.2836075,0.06360058,1.4525639,0.0765654,0.04
1150,-24.297215,0.4950271,2.456326,0.04473586,1.4436255,0.09240619,0.04
1151,-24.267134,0.51913077,2.6678436,0.061568152,1.5145155,0.10088193,0.04
1152,-24.278534,0.49291953,2.3886795,0.07240545,1.444589,0.08450259,0.04
1153,-24.282324,0.49737602,2.4005764,0.07318394,1.3966649,0.07692875,0.04
1154,-24.27558,0.5025651,2.6476326,0.05820457,1.4196085,0.05174704,0.04
1155,-24.296082,0.50077754,2.441591,0.053636685,1.4770123,0.0937734,0.04
1156,-24.275543,0.52181685,2.8734589,0.06294654,1.399643,0.09405858,0.04
1157,-24.294554,0.50237966,2.5970554,0.055209383,1.4844403,0.09018234,0.04
1158,-24.286737,0.5085806,2.6992111,0.067798994,1.4601891,0.09520091,0.04
1159,-24.29872,0.5123877,3.0818021,0.052026637,1.4137224,0.07612024,0.04
1160,-24.249666,0.5026388,2.364543,0.05659839,1.4669578,0.07563912,0.04
1161,-24.294651,0.49939206,2.6613193,0.058479164,1.4080317,0.067165844,0.04
1162,-24.294086,0.5152749,2.7886493,0.081056766,1.5215864,0.10854385,0.04
1163,-24.28818,0.5246177,2.9213002,0.06705106,1.5306442,0.100346416,0.04
1164,-24.263721,0.5227577,2.514529,0.06964965,1.4412396,0.09638733,0.04
1165,-24.287874,0.52688545,2.4568443,0.06957402,1.5747044,0.08787565,0.04
1166,-24.293488,0.52628946,2.514838,0.07927481,1.518489,0.07473276,0.04
1167,-24.282375,0.51507676,2.6610327,0.087691985,1.4760735,0.08159035,0.04
1168,-24.279688,0.5278687,2.591505,0.062187023,1.4042149,0.09634386,0.04
1169,-24.287737,0.5163024,2.44699,0.056169435,1.4834431,0.08725191,0.04
1170,-24.277367,0.51910675,3.312389,0.07715929,1.4463694,0.11330305,0.04
1171,-24.292465,0.5240171,2.9597833,0.085010506,1.3596551,0.096194,0.04
1172,-24.284275,0.50740665,2.5688145,0.07677207,1.4282916,0.0777355,0.04
1173,-24.274668,0.5110881,2.5339124,0.0807632,1.513485,0.08189137,0.04
1174,-24.28681,0.5160428,2.7832086,0.08649382,1.439902,0.07982758,0.04
1175,-24.29736,0.5173241,2.81276,0.079153664,1.5621889,0.08438179,0.04
1176,-24.255985,0.5252869,2.5598197,0.05749748,1.4523895,0.076200835,0.04
1177,-24.272787,0.5105753,2.4643104,0.057630748,1.4562448,0.09675169,0.04
1178,-24.280403,0.5212913,2.6692855,0.08826069,1.4039463,0.08511237,0.04
1179,-24.272352,0.5245739,2.4780488,0.07002727,1.4947064,0.074566394,0.04
1180,-24.278765,0.5354535,2.9435568,0.10220283,1.3647491,0.072203055,0.04
1181,-24.274668,0.517384,2.974919,0.067154035,1.4962119,0.07538705,0.04
1182,-24.284168,0.5117525,2.5390494,0.06135799,1.3658632,0.06350366,0.04
1183,-24.295488,0.5161319,2.7312427,0.052789308,1.3959498,0.06712119,0.04
1184,-24.291868,0.51188123,3.4252088,0.060215093,1.3417139,0.070475526,0.04
1185,-24.278318,0.5174051,2.946368,0.083608046,1.3472354,0.056274973,0.04
1186,-24.280437,0.5199043,2.5981655,0.05712664,1.4592004,0.08422305,0.04
1187,-24.243536,0.4942081,2.497477,0.08530438,1.349016,0.08604748,0.04
1188,-24.293188,0.51077586,3.1608098,0.0626744,1.47954,0.07714981,0.04
1189,-24.27631,0.5126854,2.5103598,0.08892955,1.3904536,0.08276888,0.04
1190,-24.287695,0.5020547,2.643619,0.0642206,1.4225817,0.08343082,0.04
1191,-24.280703,0.4981127,2.9794059,0.06865856,1.4565102,0.076146506,0.04
1192,-24.29025,0.50373626,2.523891,0.08168106,1.4503094,0.062901534,0.04
1193,-24.292109,0.5134771,2.380865,0.08766237,1.5284054,0.082199834,0.04
1194,-24.269672,0.5219774,2.9542637,0.072343856,1.4098369,0.09174853,0.04
1195,-24.293118,0.5046365,2.101914,0.06502259,1.5211556,0.07001332,0.04
1196,-24.305134,0.5219215,2.8971827,0.071865566,1.430508,0.08600144,0.04
1197,-24.290133,0.50993145,2.6432066,0.06164105,1.513074,0.08417268,0.04
1198,-24.287363,0.5064916,2.3978746,0.056032807,1.5926138,0.08686525,0.04
1199,-24.318598,0.49303573,2.6896899,0.055463113,1.4550678,0.06597937,0.04
1200,-24.295065,0.5148342,2.6154366,0.058173202,1.4537153,0.09801515,0.04
1201,-24.298386,0.49904177,2.7106285,0.0655024,1.5072513,0.07184003,0.04
1202,-24.301994,0.4971655,2.7804854,0.060598854,1.5192734,0.07519216,0.04
1203,-24.30391,0.51342916,3.2200732,0.060515884,1.4355096,0.079147175,0.04
1204,-24.275457,0.51270306,2.5813901,0.06091699,1.569833,0.08625086,0.04
1205,-24.279074,0.5102542,2.7552216,0.053747337,1.4945321,0.07272729,0.04
1206,-24.261364,0.5140117,2.3672135,0.0569106,1.4924635,0.08408413,0.04
1207,-24.279856,0.5228681,3.1544032,0.06106332,1.4230826,0.08672574,0.04
1208,-24.28459,0.53377634,2.6638737,0.06339917,1.4765731,0.080520906,0.04
1209,-24.252836,0.49525473,2.5410867,0.06387834,1.4179986,0.07707213,0.04
1210,-24.268131,0.5064598,2.7393124,0.07291686,1.5137608,0.090862446,0.04
1211,-24.303722,0.50377274,2.5189,0.05496561,1.5180525,0.09066998,0.04
1212,-24.296488,0.4919045,2.7335694,0.06641234,1.5219603,0.09352179,0.04
1213,-24.299395,0.5127151,2.6813407,0.06952032,1.5741842,0.077018045,0.04
1214,-24.303413,0.5096056,2.751035,0.08236005,1.7048908,0.09974668,0.04
1215,-24.303923,0.5055256,2.930728,0.054299973,1.54213,0.07546042,0.04
1216,-24.29534,0.51312286,3.027956,0.06424826,1.5434767,0.07851046,0.04
1217,-24.305334,0.5125959,3.0951178,0.09526037,1.4802716,0.08226143,0.04
1218,-24.297947,0.49562195,3.2639577,0.07193915,1.3709718,0.08540417,0.04
1219,-24.294395,0.51117134,2.7883997,0.07939178,1.4399998,0.08370146,0.04
1220,-24.292938,0.51279914,2.8668914,0.06070568,1.4156034,0.07524346,0.04
1221,-24.281168,0.50443935,2.7542999,0.054331694,1.4216572,0.092597134,0.04
1222,-24.29777,0.50115454,2.9696827,0.07507777,1.4259219,0.091001995,0.04
1223,-24.275652,0.5041606,2.8542216,0.055173326,1.4479148,0.07025064,0.04
1224,-24.30897,0.512185,3.1744745,0.0738838,1.4701247,0.07039247,0.04
1225,-24.286394,0.5050135,2.3353002,0.07128707,1.507129,0.0681926,0.04
1226,-24.299278,0.5067581,2.4845228,0.057565093,1.4226091,0.06861945,0.04
1227,-24.313868,0.5159986,3.162958,0.06468593,1.4583126,0.07439675,0.04
1228,-24.292656,0.5069214,2.6300232,0.07018218,1.5444369,0.07958427,0.04
1229,-24.297375,0.5095938,3.0027566,0.04544072,1.5031313,0.07787409,0.04
1230,-24.29918,0.5145022,2.8231976,0.060796656,1.4799421,0.06518876,0.04
1231,-24.305288,0.5304675,2.9895327,0.06510088,1.5673571,0.0693866,0.04
1232,-24.295141,0.5042282,2.4709837,0.0712896,1.5790538,0.07706097,0.04
1233,-24.280996,0.519468,2.4315748,0.074752726,1.5900015,0.09003592,0.04
1234,-24.274807,0.5228483,2.709843,0.08881102,1.4736961,0.0791939,0.04
1235,-24.29304,0.5086024,2.6363146,0.08020949,1.5188086,0.09214878,0.04
1236,-24.294447,0.5040497,2.4135132,0.055763908,1.5225759,0.07902984,0.04
1237,-24.302242,0.5027394,2.9946902,0.0637574,1.525088,0.122458324,0.04
1238,-24.296406,0.4987707,2.619072,0.06354688,1.4491094,0.06267128,0.04
1239,-24.299362,0.49898618,2.7071586,0.09441172,1.5263717,0.0702423,0.04
1240,-24.299446,0.51660717,3.0230882,0.06576609,1.5768167,0.089156546,0.04
1241,-24.26987,0.50917995,2.9884248,0.062507674,1.4974353,0.10096247,0.04
1242,-24.266813,0.50149447,2.6209996,0.061006352,1.4384241,0.08521327,0.04
1243,-24.284805,0.5118628,2.701297,0.06605602,1.5604672,0.07680223,0.04
1244,-24.291399,0.5187411,2.9131072,0.074987754,1.5101086,0.07847921,0.04
1245,-24.28609,0.5089101,2.554382,0.07155059,1.4447925,0.06679895,0.04
1246,-24.28682,0.512433,3.1155288,0.06431175,1.6009781,0.0927021,0.04
1247,-24.26811,0.5199886,2.3732743,0.05479353,1.4485123,0.08547306,0.04
1248,-24.280142,0.50398386,2.242414,0.07324769,1.43333,0.070450224,0.04
1249,-24.284382,0.50841105,2.5347972,0.058986075,1.4771781,0.06841104,0.04
1250,-24.266844,0.50380516,2.475152,0.07774451,1.5156628,0.08695255,0.04
1251,-24.279583,0.49531952,2.502663,0.060059234,1.4784007,0.08041878,0.04
1252,-24.287497,0.48594186,2.3970478,0.089125186,1.5404476,0.074389726,0.04
1253,-24.30326,0.4946263,2.3795815,0.061339702,1.4868413,0.09848753,0.04
1254,-24.282804,0.49279535,2.519329,0.060722552,1.5321553,0.08819974,0.04
1255,-24.307262,0.49740267,2.7583742,0.056610584,1.5735867,0.087078504,0.04
1256,-24.30051,0.5081021,2.648667,0.06927933,1.5193664,0.09231278,0.04
1257,-24.308434,0.5200587,2.9913478,0.07381146,1.5624121,0.07335451,0.04
1258,-24.31762,0.5154985,2.994329,0.07513189,1.4671924,0.08720817,0.04
1259,-24.300003,0.542575,3.5845933,0.06943952,1.4507736,0.06746012,0.04
1260,-24.280949,0.52423483,2.9000185,0.06804964,1.4352106,0.07922526,0.04
1261,-24.281374,0.49753445,2.4527354,0.060799137,1.4515823,0.080525376,0.04
1262,-24.291395,0.51738554,2.2644222,0.061465837,1.5644112,0.08388768,0.04
1263,-24.283005,0.50481683,2.4312882,0.066207744,1.4294603,0.088862814,0.04
1264,-24.298887,0.5011302,2.472629,0.04886179,1.4289788,0.05723119,0.04
1265,-24.29408,0.49245495,2.691898,0.067580156,1.5178845,0.097906694,0.04
1266,-24.288918,0.49590972,2.3121343,0.07967957,1.4984629,0.075134516,0.04
1267,-24.294277,0.4984103,2.332302,0.0713138,1.5015292,0.09193013,0.04
1268,-24.314177,0.5082978,2.6361222,0.06739739,1.5320499,0.07894846,0.04
1269,-24.298336,0.49392176,2.630466,0.086976,1.5268123,0.08551011,0.04
1270,-24.324953,0.49640054,2.981725,0.064403124,1.5267717,0.07091284,0.04
1271,-24.304462,0.49085945,2.3045576,0.059874844,1.4931109,0.100443214,0.04
1272,-24.305824,0.493645,2.6294322,0.078934506,1.4378632,0.08914474,0.04
1273,-24.290276,0.49789792,2.5416572,0.0596457,1.5230618,0.07157153,0.04
1274,-24.305958,0.50403583,2.9894865,0.054413978,1.6203221,0.088338524,0.04
1275,-24.323614,0.50431526,2.9037511,0.08005331,1.5561407,0.091317326,0.04
1276,-24.287945,0.5065518,2.415082,0.044073947,1.5103172,0.06729194,0.04
1277,-24.293163,0.529021,2.9019287,0.049379706,1.4253292,0.082454994,0.04
1278,-24.298857,0.5254328,2.939153,0.0717679,1.5083477,0.09488633,0.04
1279,-24.309816,0.5209736,3.1330245,0.06018576,1.5851698,0.08329348,0.04
1280,-24.288076,0.5203934,3.1025338,0.079258226,1.5498729,0.11616864,0.04
1281,-24.300873,0.50498456,2.5049548,0.052174293,1.5689855,0.07098944,0.04
1282,-24.287441,0.5145628,3.3133497,0.051277496,1.5497166,0.079168506,0.04
1283,-24.303528,0.5201182,3.0762508,0.054736886,1.4471021,0.096458636,0.04
1284,-24.294012,0.50820273,2.3863432,0.07062933,1.5300304,0.078118585,0.04
1285,-24.291811,0.51148057,2.8334825,0.080475576,1.4489772,0.062335454,0.04
1286,-24.289799,0.5006654,2.5362978,0.08729774,1.4423605,0.08818018,0.04
1287,-24.32049,0.5082708,3.0624516,0.06746923,1.4197159,0.081458315,0.04
1288,-24.309984,0.49139196,2.363718,0.056759212,1.4308575,0.06400835,0.04
1289,-24.281063,0.49071074,2.7759047,0.052650403,1.5701232,0.07573461,0.04
1290,-24.288273,0.49316797,2.3268294,0.058564372,1.6013484,0.07949624,0.04
1291,-24.29805,0.5017144,2.2815537,0.052327245,1.5092938,0.081947915,0.04
1292,-24.307016,0.52196795,2.9312994,0.05970876,1.5066417,0.08311904,0.04
1293,-24.290785,0.5067442,2.2822273,0.06713916,1.5547566,0.07872554,0.04
1294,-24.291807,0.49625522,2.6245263,0.06513673,1.4752839,0.08680896,0.04
1295,-24.308151,0.4957717,3.1437528,0.090827525,1.4023774,0.08200384,0.04
1296,-24.31163,0.508568,2.8391154,0.059052996,1.5127103,0.07794101,0.04
1297,-24.288324,0.49451548,2.2790167,0.057204995,1.5131502,0.059155256,0.04
1298,-24.268763,0.4988033,2.5054195,0.061214197,1.3663387,0.061310735,0.04
1299,-24.296957,0.49937046,2.3624291,0.07912541,1.4491129,0.07871741,0.04
1300,-24.289871,0.49122325,2.2732832,0.085603096,1.4555019,0.11214433,0.04
1301,-24.273952,0.4826468,2.3462343,0.073833056,1.3538094,0.09990137,0.04
1302,-24.289167,0.49815032,2.6376078,0.054781646,1.4348329,0.087085254,0.04
1303,-24.294262,0.5121236,2.3717732,0.08505053,1.4243528,0.07566986,0.04
1304,-24.305567,0.49832016,2.9594357,0.07351515,1.4349205,0.11423371,0.04
1305,-24.302967,0.49497184,2.6925085,0.061834257,1.3656535,0.08699755,0.04
1306,-24.307814,0.5178364,3.0339692,0.07174911,1.41454,0.062449083,0.04
1307,-24.309069,0.5194145,3.06773,0.06442598,1.4857134,0.081360646,0.04
1308,-24.278824,0.49180588,2.7045193,0.07092071,1.4286038,0.073372126,0.04
1309,-24.291162,0.5142076,2.3279297,0.066157974,1.5833178,0.09652841,0.04
1310,-24.2787,0.4973539,2.2214475,0.05943231,1.4655248,0.06580729,0.04
1311,-24.285835,0.5164215,2.5511165,0.08283605,1.5591049,0.09933768,0.04
1312,-24.299648,0.5176532,3.1471822,0.06554043,1.5160495,0.09499684,0.04
1313,-24.312044,0.5144743,2.6703181,0.066994786,1.590136,0.08589704,0.04
1314,-24.330124,0.5083772,3.3549871,0.04463516,1.5401716,0.09708747,0.04
1315,-24.304237,0.51392114,2.3925416,0.10802792,1.5246509,0.09653908,0.04
1316,-24.301683,0.5150593,2.712938,0.05782836,1.5437107,0.07064785,0.04
1317,-24.322664,0.51998556,2.6996884,0.06361885,1.5615065,0.091716774,0.04
1318,-24.315174,0.52052796,2.4209673,0.07777541,1.5635563,0.07669433,0.04
1319,-24.313478,0.5104596,2.5461607,0.058745548,1.6650333,0.0840776,0.04
1320,-24.297922,0.50272804,2.3655205,0.07433467,1.5129446,0.071383566,0.04
1321,-24.302187,0.49333662,2.461151,0.057299517,1.4781444,0.0836059,0.04
1322,-24.30059,0.4971285,2.5778089,0.07277219,1.6203151,0.11300924,0.04
1323,-24.31809,0.523775,2.8131428,0.08555218,1.5771439,0.1063893,0.04
1324,-24.277523,0.50893503,2.5941124,0.06344326,1.4577608,0.06675723,0.04
1325,-24.28359,0.52623665,2.7709796,0.05031764,1.4724195,0.11006351,0.04
1326,-24.274548,0.4808202,2.5024006,0.05498466,1.4003294,0.06410181,0.04
1327,-24.287752,0.4926669,2.5579224,0.05778337,1.4064428,0.07864079,0.04
1328,-24.301828,0.49088615,2.6090543,0.061790913,1.470957,0.063216925,0.04
1329,-24.284655,0.5186039,3.2477543,0.070295356,1.4711528,0.08377998,0.04
1330,-24.303755,0.50697225,3.0204477,0.06489021,1.4586135,0.09413003,0.04
1331,-24.294664,0.49955744,3.0451634,0.056386486,1.4707696,0.07255382,0.04
1332,-24.2884,0.50716,3.293038,0.051921494,1.4891635,0.09491074,0.04
1333,-24.271812,0.5216041,2.8742616,0.06093765,1.4061327,0.07803525,0.04
1334,-24.265081,0.5299687,2.8821182,0.058354784,1.5485935,0.081801675,0.04
1335,-24.2745,0.5055766,2.792585,0.052760184,1.4023206,0.09163946,0.04
1336,-24.281813,0.50981706,3.0994549,0.06183198,1.4168448,0.07513363,0.04
1337,-24.279902,0.5132788,2.8003266,0.06602952,1.4130198,0.092317626,0.04
1338,-24.293188,0.5070447,2.7189307,0.07201203,1.501299,0.06721528,0.04
1339,-24.325542,0.5205898,2.7374878,0.08245742,1.4688776,0.077721424,0.04
1340,-24.293314,0.5082864,2.4458132,0.063367575,1.5701118,0.09173491,0.04
1341,-24.294832,0.5197541,2.810179,0.06186357,1.5452759,0.11236249,0.04
1342,-24.295227,0.50292474,2.2912743,0.060432017,1.5802618,0.095701866,0.04
1343,-24.310198,0.50106657,2.538957,0.0509619,1.5199071,0.07294525,0.04
1344,-24.287117,0.48505744,2.2078173,0.044096738,1.3799787,0.07326265,0.04
1345,-24.302574,0.5022616,2.9760647,0.06539581,1.4943851,0.11189159,0.04
1346,-24.309273,0.51098794,2.8840144,0.06162023,1.4971995,0.08329094,0.04
1347,-24.2821,0.49925244,2.686303,0.075142965,1.3790808,0.07095347,0.04
1348,-24.27204,0.5009987,2.754464,0.063801765,1.4377574,0.08350545,0.04
1349,-24.290224,0.51548016,2.6774807,0.07554094,1.4494982,0.07462749,0.04
1350,-24.29113,0.5209921,3.19369,0.062763855,1.3567165,0.06648649,0.04
1351,-24.266747,0.50526905,2.7479002,0.06368484,1.4509542,0.07797468,0.04
1352,-24.284998,0.5137971,2.9878588,0.0821607,1.4466685,0.090346575,0.04
1353,-24.284235,0.51964223,3.0865479,0.07205903,1.4061748,0.07246405,0.04
1354,-24.291931,0.50051624,2.6089418,0.08809843,1.5141917,0.070078745,0.04
1355,-24.290926,0.50867975,2.9142053,0.0663569,1.3660613,0.060660224,0.04
1356,-24.296476,0.5025105,2.969386,0.06752687,1.3922468,0.08398551,0.04
1357,-24.264462,0.5054863,2.8522286,0.07280109,1.3380351,0.08433463,0.04
1358,-24.269114,0.5156009,2.9484165,0.05915217,1.573,0.08099606,0.04
1359,-24.273846,0.49287975,3.1833909,0.085400954,1.3867642,0.08378195,0.04
1360,-24.305883,0.5119497,3.117755,0.054357957,1.4155664,0.06716419,0.04
1361,-24.300049,0.52219385,3.1620255,0.069855504,1.418923,0.082608,0.04
1362,-24.300472,0.5069333,2.822737,0.06425542,1.5203776,0.07536044,0.04
1363,-24.28418,0.50903666,2.5482757,0.09308438,1.462471,0.07458826,0.04
1364,-24.270247,0.5129371,2.4049246,0.06067761,1.4764012,0.08435271,0.04
1365,-24.282625,0.49669808,2.4679918,0.0772559,1.4158258,0.07939473,0.04
1366,-24.303768,0.5045811,2.42017,0.06584009,1.480465,0.06930395,0.04
1367,-24.288248,0.49116558,2.2941935,0.06402206,1.4883282,0.0724658,0.04
1368,-24.284273,0.50811136,2.7330298,0.08363853,1.468304,0.08460067,0.04
1369,-24.274763,0.5084491,2.9144688,0.06255062,1.4328558,0.088901944,0.04
1370,-24.306873,0.48609665,2.8344266,0.055389464,1.4184043,0.06928158,0.04
1371,-24.289946,0.512741,2.6844423,0.07433981,1.528839,0.09461651,0.04
1372,-24.290472,0.49312368,2.4904456,0.07667479,1.448891,0.07859365,0.04
1373,-24.28619,0.50249213,2.4130177,0.070220284,1.5327494,0.10963548,0.04
1374,-24.295723,0.5014193,2.4642074,0.06051509,1.4999707,0.08469325,0.04
1375,-24.309427,0.5010259,2.5999253,0.06158041,1.4470834,0.07833124,0.04
1376,-24.275831,0.5001758,2.832414,0.061383665,1.5213907,0.07209741,0.04
1377,-24.29257,0.505845,3.4583945,0.055595845,1.3615594,0.06345348,0.04
1378,-24.291548,0.5107049,3.0976558,0.059175305,1.382761,0.07250283,0.04
1379,-24.277527,0.4899934,2.41055,0.06623488,1.3992665,0.085885316,0.04
1380,-24.27954,0.50365096,2.481759,0.064214505,1.3625981,0.093492836,0.04
1381,-24.311014,0.50122654,2.6071553,0.09708986,1.4886245,0.09903145,0.04
1382,-24.289745,0.49047238,2.736815,0.03691053,1.2544191,0.06764583,0.04
1383,-24.278166,0.4932891,2.346149,0.06829055,1.5937593,0.084697366,0.04
1384,-24.29988,0.49467403,2.5817695,0.055079464,1.4381195,0.08166267,0.04
1385,-24.310135,0.49511656,2.6503348,0.06455294,1.4304725,0.06321975,0.04
1386,-24.301422,0.49379763,2.641579,0.06734918,1.4830283,0.09476633,0.04
1387,-24.282164,0.4910742,2.7700002,0.04903593,1.5372087,0.081725135,0.04
1388,-24.315184,0.49913067,2.34119,0.08270174,1.5809138,0.067563444,0.04
1389,-24.294867,0.49667394,2.4045613,0.0790953,1.3373594,0.092428036,0.04
1390,-24.316135,0.48711425,2.7552571,0.061534602,1.4092633,0.07630883,0.04
1391,-24.304562,0.5023379,2.6877494,0.06415997,1.512529,0.08684426,0.04
1392,-24.291231,0.5320064,3.331946,0.062147114,1.59016,0.095774524,0.04
1393,-24.287605,0.5092223,3.151797,0.06423372,1.4527746,0.06996565,0.04
1394,-24.291824,0.48624852,2.7333295,0.0554236,1.3114104,0.058063302,0.04
1395,-24.311068,0.50775754,3.447889,0.05360457,1.400185,0.08106511,0.04
1396,-24.285547,0.49688026,2.411848,0.06331741,1.3767744,0.069629945,0.04
1397,-24.2839,0.50073344,2.6039045,0.053550016,1.4560055,0.07566889,0.04
1398,-24.320797,0.500793,2.7076852,0.06932588,1.4970732,0.09071676,0.04
1399,-24.296883,0.49886948,2.8100681,0.059152037,1.5697412,0.06900611,0.04
1400,-24.29923,0.50217927,2.8374662,0.058104653,1.4303292,0.09861119,0.04
1401,-24.30177,0.5265905,2.6272063,0.06305288,1.6135751,0.08927411,0.04
1402,-24.285816,0.5203275,2.3649855,0.05625096,1.462412,0.0801312,0.04
1403,-24.283491,0.51054364,2.24462,0.06002851,1.3629082,0.08202803,0.04
1404,-24.298925,0.49399439,2.55226,0.05821899,1.4491215,0.11625201,0.04
1405,-24.307999,0.4822381,2.2458987,0.05523142,1.5351602,0.08104044,0.04
1406,-24.31594,0.47736797,2.2247324,0.05484146,1.4042859,0.07151009,0.04
1407,-24.341068,0.50251245,2.6723747,0.07605883,1.5068457,0.06281866,0.04
1408,-24.2995,0.46799296,2.4202583,0.06512746,1.517128,0.082678474,0.04
1409,-24.312862,0.5070092,3.043926,0.054889426,1.5799237,0.0751321,0.04
1410,-24.303495,0.48990035,2.5299118,0.06271797,1.603865,0.089225635,0.04
1411,-24.319395,0.51275676,2.8957553,0.08124312,1.6490211,0.087460704,0.04
1412,-24.313286,0.50456154,2.3160684,0.08839469,1.7929101,0.09185197,0.04
1413,-24.306513,0.50591,2.6547287,0.054823138,1.5283101,0.05696623,0.04
1414,-24.30659,0.50566185,2.4114878,0.04705662,1.5375171,0.10233487,0.04
1415,-24.307405,0.48471057,2.6132805,0.062302105,1.5366353,0.068492875,0.04
1416,-24.298145,0.50516707,3.1670246,0.06858958,1.4803748,0.1027342,0.04
1417,-24.30529,0.5049394,2.7427657,0.05698204,1.4680629,0.093272746,0.04
1418,-24.299904,0.4821603,2.5953865,0.07071271,1.4966537,0.09199694,0.04
1419,-24.295261,0.48918274,2.1112654,0.06405316,1.5242602,0.082626484,0.04
1420,-24.29388,0.49012464,1.98749,0.063910164,1.5766053,0.07811053,0.04
1421,-24.32381,0.48293042,2.2495801,0.055684898,1.641015,0.078025036,0.04
1422,-24.291668,0.4878799,2.1586175,0.07508936,1.518464,0.09760439,0.04
1423,-24.296408,0.5102311,2.546741,0.047476005,1.4702611,0.097948335,0.04
1424,-24.299007,0.5008738,2.4896896,0.054191336,1.4904038,0.07892987,0.04
1425,-24.304607,0.49155587,2.556756,0.07111244,1.4734298,0.078088984,0.04
1426,-24.306715,0.49943328,2.8092365,0.06563949,1.4503288,0.08034685,0.04
1427,-24.312025,0.48573467,2.9702935,0.06742625,1.40286,0.07000505,0.04
1428,-24.297012,0.49624404,2.8254378,0.08802787,1.505608,0.09422055,0.04
1429,-24.28141,0.4738467,2.738769,0.057021692,1.4157209,0.090975806,0.04
1430,-24.28558,0.49525347,2.794523,0.057247538,1.4531255,0.10189759,0.04
1431,-24.275076,0.4998416,2.8866212,0.06201953,1.598006,0.09558698,0.04
1432,-24.295282,0.49696964,2.7588227,0.08267599,1.3847717,0.0745516,0.04
1433,-24.297665,0.50387335,2.7347074,0.065435156,1.3644606,0.073561974,0.04
1434,-24.317703,0.50122565,2.6469312,0.060242735,1.4797649,0.067469396,0.04
1435,-24.280012,0.4862341,2.0857306,0.07007597,1.4363029,0.085620746,0.04
1436,-24.290388,0.48520142,2.3012288,0.05716169,1.3724592,0.06272315,0.04
1437,-24.299227,0.507053,2.7549243,0.07218519,1.4681327,0.07031557,0.04
1438,-24.295551,0.50515354,2.9226198,0.05937034,1.4476563,0.09707188,0.04
1439,-24.303041,0.49851894,2.9398205,0.059528325,1.4875002,0.0744097,0.04
1440,-24.326372,0.5044691,3.1768162,0.064044446,1.463027,0.07899196,0.04
1441,-24.304169,0.49980727,2.756107,0.04606283,1.5140905,0.09190819,0.04
1442,-24.295189,0.5175954,2.7742174,0.07289865,1.6087698,0.07526263,0.04
1443,-24.28582,0.5201467,3.0705633,0.05637933,1.5252199,0.08006819,0.04
1444,-24.280163,0.5152323,2.945446,0.060053453,1.4238889,0.09390075,0.04
1445,-24.262943,0.5033916,2.5985382,0.07605495,1.3756026,0.07721753,0.04
1446,-24.289085,0.5106153,2.3665266,0.053936098,1.4012294,0.06786836,0.04
1447,-24.276152,0.5027445,2.448928,0.06489387,1.5034782,0.076936066,0.04
1448,-24.270248,0.48255253,2.3941455,0.059468027,1.3319997,0.07428194,0.04
1449,-24.295353,0.50172913,2.9297378,0.08824382,1.3074247,0.0824057,0.04
1450,-24.290009,0.5008881,2.5994983,0.10140424,1.4232576,0.090571135,0.04
1451,-24.299675,0.48462698,2.7514105,0.060218804,1.3772919,0.07568668,0.04
1452,-24.308071,0.49444842,3.1798353,0.08962622,1.4424567,0.09560776,0.04
1453,-24.296223,0.47747126,2.6284044,0.07130185,1.3562676,0.06870583,0.04
1454,-24.285477,0.48837483,2.4833934,0.05222393,1.477724,0.08555029,0.04
1455,-24.289469,0.4817041,2.1716123,0.06358029,1.4586427,0.078782454,0.04
1456,-24.297754,0.49885422,2.8981235,0.05483213,1.4408481,0.081001975,0.04
1457,-24.29847,0.48609698,2.2039332,0.066276245,1.4725806,0.09908417,0.04
1458,-24.32452,0.5038205,3.0338907,0.06473272,1.5515044,0.08539975,0.04
1459,-24.297056,0.48974797,2.49016,0.050754014,1.4993082,0.09273479,0.04
1460,-24.303627,0.5165476,2.9449546,0.06477102,1.5737139,0.08276912,0.04
1461,-24.311083,0.49914822,3.144502,0.057830445,1.5554525,0.09701168,0.04
1462,-24.316168,0.490909,2.7444263,0.066594265,1.5680473,0.10944353,0.04
1463,-24.305763,0.5184045,3.1692889,0.07465636,1.5198312,0.09183965,0.04
1464,-24.310875,0.50891346,3.2441883,0.05691201,1.452817,0.08384641,0.04
1465,-24.307587,0.5073866,2.6910386,0.05057577,1.4760077,0.07616604,0.04
1466,-24.315046,0.50595886,3.0171247,0.052526724,1.4076215,0.08302725,0.04
1467,-24.288752,0.50344414,2.7291484,0.06353487,1.450695,0.085673675,0.04
1468,-24.286484,0.51715153,3.1243494,0.076598726,1.5102307,0.05601889,0.04
1469,-24.298393,0.51646435,3.428384,0.10032488,1.3731015,0.06538808,0.04
1470,-24.297049,0.5036772,2.7131102,0.057383902,1.4296325,0.08251074,0.04
1471,-24.28429,0.5247615,2.7646735,0.06953858,1.4049428,0.09300901,0.04
1472,-24.290504,0.50002855,2.7746112,0.064317286,1.3840021,0.06591071,0.04
1473,-24.271496,0.49369824,2.416986,0.06519826,1.3557409,0.060683426,0.04
1474,-24.278746,0.50485504,2.861943,0.055657737,1.4233423,0.072259426,0.04
1475,-24.27709,0.49953747,3.2188241,0.06632658,1.3546406,0.067891136,0.04
1476,-24.277292,0.49464488,2.6111197,0.06423511,1.2900454,0.09240049,0.04
1477,-24.267284,0.49934527,2.6217287,0.057513453,1.336872,0.06867317,0.04
1478,-24.249062,0.47112492,2.069514,0.067498505,1.3521286,0.066279195,0.04
1479,-24.305058,0.50513756,2.6632369,0.0524042,1.5038371,0.08679234,0.04
1480,-24.289215,0.50358486,3.0042148,0.060875215,1.3652147,0.06817475,0.04
1481,-24.297472,0.5136015,3.376867,0.08961678,1.3359567,0.07579285,0.04
1482,-24.291212,0.50759035,2.670519,0.070170976,1.350945,0.0689883,0.04
1483,-24.253643,0.49286288,2.39847,0.054666918,1.3457295,0.0722651,0.04
1484,-24.287277,0.524815,3.4608674,0.07625937,1.3998638,0.07606219,0.04
1485,-24.288843,0.52337533,3.3294666,0.1042119,1.4002801,0.08035235,0.04
1486,-24.300095,0.518639,3.9637282,0.051259976,1.3457903,0.06641275,0.04
1487,-24.290388,0.50497806,2.9557083,0.054766063,1.3606675,0.07632554,0.04
1488,-24.299282,0.5066324,3.5464556,0.05519868,1.3482915,0.097855985,0.04
1489,-24.292112,0.50624686,3.0489113,0.08035243,1.4371032,0.078210704,0.04
1490,-24.30309,0.52098113,2.8905563,0.05557927,1.3448606,0.09387914,0.04
1491,-24.281704,0.49798903,2.6925921,0.07374838,1.353398,0.07600917,0.04
1492,-24.295612,0.5205439,3.2159138,0.06312517,1.3805647,0.06941225,0.04
1493,-24.284925,0.51629055,2.923763,0.08527773,1.3764536,0.080903046,0.04
1494,-24.285437,0.4813951,2.6154613,0.07559928,1.3782704,0.083153285,0.04
1495,-24.293396,0.5029621,2.7093244,0.08019784,1.3200547,0.07588717,0.04
1496,-24.281488,0.50079966,2.6012027,0.06357466,1.3588549,0.08870228,0.04
1497,-24.27992,0.49300274,2.4558833,0.046750937,1.5035943,0.09560187,0.04
1498,-24.267134,0.48708534,2.8613062,0.06620379,1.3853779,0.07517011,0.04
1499,-24.270536,0.49503896,3.0044649,0.059486527,1.5070348,0.093751125,0.04
1500,-24.304605,0.50513065,2.4699721,0.07092793,1.4473749,0.06870224,0.04
1501,-24.292746,0.5051407,2.6907632,0.055937782,1.4342258,0.057858333,0.04
1502,-24.280882,0.4993719,2.450269,0.04697889,1.3848884,0.0832351,0.04
1503,-24.287426,0.4929133,2.4933405,0.067687325,1.346723,0.08023342,0.04
1504,-24.284977,0.50621575,2.9513776,0.06434834,1.3691555,0.09000693,0.04
1505,-24.292976,0.4973733,2.6802607,0.071314946,1.481094,0.09490849,0.04
1506,-24.292395,0.49681407,2.5884557,0.05726559,1.4633859,0.08067609,0.04
1507,-24.288277,0.51348156,2.6893046,0.055719018,1.4777452,0.075795695,0.04
1508,-24.276005,0.50668216,3.0090005,0.06513113,1.3949497,0.086899206,0.04
1509,-24.290312,0.52162474,2.8681347,0.06812592,1.41169,0.07091425,0.04
1510,-24.299204,0.52057105,2.8239903,0.057651218,1.3859284,0.083542354,0.04
1511,-24.274113,0.4914251,2.5253794,0.08190031,1.3912671,0.06289059,0.04
1512,-24.293837,0.5117069,2.922229,0.05568782,1.4965289,0.08512717,0.04
1513,-24.272047,0.5154852,3.0902421,0.07362254,1.3434926,0.08095806,0.04
1514,-24.292456,0.513802,3.358842,0.0641138,1.2985278,0.076500855,0.04
1515,-24.2876,0.50311726,2.9499412,0.052839186,1.3164022,0.07264374,0.04
1516,-24.252699,0.5311655,2.8147554,0.067431875,1.3285223,0.08086389,0.04
1517,-24.251442,0.52209973,2.8572114,0.060075328,1.444803,0.07098939,0.04
1518,-24.281664,0.5155493,2.7016542,0.06980582,1.3673567,0.097552955,0.04
1519,-24.269497,0.51371557,2.777522,0.06680651,1.4592179,0.06371432,0.04
1520,-24.292377,0.5116478,2.6281826,0.07304971,1.328726,0.063483395,0.04
1521,-24.280375,0.51645243,2.7158825,0.04914168,1.3900024,0.06544705,0.04
1522,-24.275522,0.5134564,2.6239307,0.05811236,1.4251744,0.08018771,0.04
1523,-24.297106,0.4949642,2.66986,0.06605966,1.3558925,0.09091101,0.04
1524,-24.290186,0.5098466,3.2479982,0.08053436,1.4186525,0.072368965,0.04
1525,-24.280401,0.4981623,2.9468236,0.07580409,1.3214105,0.091542035,0.04
1526,-24.296785,0.52412045,3.135626,0.05980091,1.3573551,0.06295313,0.04
1527,-24.284655,0.50463355,2.7888749,0.061744966,1.4078349,0.07830162,0.04
1528,-24.276281,0.5187999,2.793668,0.048649017,1.3828944,0.091380805,0.04
1529,-24.280363,0.50654984,2.859962,0.06887238,1.3794161,0.10148167,0.04
1530,-24.286367,0.50791794,2.6738822,0.06384682,1.417464,0.07113483,0.04
1531,-24.285204,0.49793538,3.0770233,0.051208347,1.435602,0.0867846,0.04
1532,-24.283617,0.5161274,3.551119,0.065677136,1.4438305,0.081731014,0.04
1533,-24.286465,0.5070227,2.8875039,0.065998554,1.3902042,0.078092285,0.04
1534,-24.272793,0.5037418,2.522851,0.07756838,1.344071,0.079725616,0.04
1535,-24.295359,0.50137794,2.5456731,0.062155683,1.5047909,0.07148513,0.04
1536,-24.287489,0.5022377,2.7060688,0.06674424,1.3802086,0.055233132,0.04
1537,-24.292957,0.50305825,2.8346367,0.04991299,1.5041857,0.0845638,0.04
1538,-24.279606,0.5088222,2.7521095,0.049910583,1.4065938,0.071536966,0.04
1539,-24.27049,0.5167565,2.866881,0.059704095,1.2682314,0.086321875,0.04
1540,-24.276031,0.5268473,3.4462492,0.059817385,1.3565563,0.06609721,0.04
1541,-24.26253,0.5154201,3.0049243,0.0715448,1.2842959,0.07786056,0.04
1542,-24.272871,0.5280355,3.1463745,0.06766998,1.3770145,0.06571796,0.04
1543,-24.253986,0.4977494,2.524426,0.07036714,1.4376868,0.07906123,0.04
1544,-24.273016,0.5001053,3.0953782,0.049606875,1.2825669,0.08588523,0.04
1545,-24.287676,0.51732534,2.9055507,0.06560924,1.4024909,0.06503331,0.04
1546,-24.28569,0.5045333,2.6096177,0.056472205,1.3128283,0.08938655,0.04
1547,-24.287188,0.51082927,2.9635794,0.057500128,1.3338307,0.080215156,0.04
1548,-24.27205,0.4839522,2.5580401,0.067654125,1.3636204,0.075602435,0.04
1549,-24.28868,0.5038491,2.9296396,0.067470446,1.3426812,0.08445485,0.04
1550,-24.282467,0.51053244,2.768671,0.065019526,1.390408,0.07856857,0.04
1551,-24.278305,0.5028526,2.7973733,0.047920354,1.4059837,0.080493964,0.04
1552,-24.272085,0.52926075,3.1430027,0.06268717,1.3249704,0.079969086,0.04
1553,-24.265947,0.50709456,2.5677164,0.052205402,1.3373235,0.058319587,0.04
1554,-24.27574,0.49313962,2.9437542,0.066617206,1.372732,0.068413176,0.04
1555,-24.261856,0.49642104,2.8884578,0.061120123,1.3871365,0.07480529,0.04
1556,-24.300291,0.5084655,2.9990673,0.06834099,1.3777083,0.07702283,0.04
1557,-24.255184,0.5213958,2.8283854,0.06875115,1.4139631,0.0794346,0.04
1558,-24.288824,0.51176304,2.92082,0.059085783,1.3737215,0.0822462,0.04
1559,-24.269527,0.5157106,2.907944,0.06585533,1.3963088,0.092896864,0.04
1560,-24.252495,0.5177258,2.8602207,0.045468446,1.3661004,0.05636737,0.04
1561,-24.25737,0.49689075,3.2184927,0.07406938,1.3566347,0.085265815,0.04
1562,-24.271692,0.5039035,2.7108362,0.057909876,1.3446617,0.07715708,0.04
1563,-24.258596,0.536626,2.9901965,0.06920213,1.3718467,0.07404615,0.04
1564,-24.274708,0.5425292,2.9578307,0.061718002,1.4188585,0.07509541,0.04
1565,-24.24766,0.5227694,2.9369833,0.07305037,1.2921234,0.06275317,0.04
1566,-24.254025,0.5138105,2.8277571,0.09721031,1.3312904,0.09780075,0.04
1567,-24.26987,0.518888,3.1776938,0.06413746,1.3395991,0.07141283,0.04
1568,-24.278854,0.5138802,3.0443509,0.05345459,1.339137,0.0952316,0.04
1569,-24.268476,0.4996135,2.5856078,0.06296165,1.3121731,0.0995359,0.04
1570,-24.258951,0.5035224,2.4048073,0.06925467,1.3053093,0.10042442,0.04
1571,-24.25706,0.50655514,2.6700282,0.06531023,1.354255,0.09283383,0.04
1572,-24.275265,0.52572,3.4303954,0.06650264,1.3337125,0.07005453,0.04
1573,-24.28466,0.51567847,2.657731,0.067488395,1.4736865,0.068280295,0.04
1574,-24.277744,0.5124347,2.5565658,0.071522795,1.3514153,0.101658866,0.04
1575,-24.283985,0.5374177,3.1397378,0.06547631,1.4110628,0.078272775,0.04
1576,-24.273321,0.5245598,2.5806417,0.06525748,1.3560578,0.08117554,0.04
1577,-24.25373,0.4763826,2.0675724,0.05805832,1.3748331,0.08355866,0.04
1578,-24.255598,0.51036644,2.6548157,0.062561736,1.3271325,0.07848636,0.04
1579,-24.279356,0.4962989,2.6214464,0.050180107,1.2852882,0.050715514,0.04
1580,-24.292612,0.5140445,2.7003934,0.065601744,1.4388119,0.092611134,0.04
1581,-24.29322,0.5239878,3.118803,0.069563344,1.3828734,0.09565817,0.04
1582,-24.284367,0.5228871,3.0836687,0.09857135,1.4316065,0.06946024,0.04
1583,-24.29073,0.524248,3.077311,0.05959381,1.4075278,0.076317064,0.04
1584,-24.274973,0.51478136,3.1390662,0.074832566,1.3719258,0.08149178,0.04
1585,-24.273172,0.5087307,3.4578576,0.07166447,1.3379455,0.07491537,0.04
1586,-24.29632,0.5163914,3.0739872,0.069749184,1.4609053,0.11412199,0.04
1587,-24.245811,0.51445794,2.5810225,0.06495795,1.357137,0.06092833,0.04
1588,-24.280418,0.50480217,2.7489254,0.06284223,1.387885,0.08329505,0.04
1589,-24.300238,0.51930726,3.0022862,0.10066812,1.3433682,0.07008032,0.04
1590,-24.273623,0.51071316,2.690976,0.061150968,1.3473963,0.09918679,0.04
1591,-24.286747,0.50760907,2.4481332,0.09385699,1.3937467,0.09790172,0.04
1592,-24.269382,0.5196421,2.8089192,0.056638215,1.355078,0.07021662,0.04
1593,-24.29144,0.5197925,2.7080936,0.06585112,1.457751,0.07300123,0.04
1594,-24.261543,0.5012249,2.6614451,0.05300197,1.3306493,0.09475144,0.04
1595,-24.283558,0.5050958,2.602845,0.06042311,1.336573,0.06288863,0.04
1596,-24.27984,0.4975312,2.704786,0.069466315,1.3444664,0.077223144,0.04
1597,-24.283438,0.47569233,2.497078,0.059857883,1.3492341,0.08508527,0.04
1598,-24.285654,0.4945484,2.5323942,0.07151327,1.366779,0.055346895,0.04
1599,-24.295519,0.49054083,2.887011,0.053305175,1.3466549,0.066645734,0.04
1600,-24.292429,0.491692,2.6404648,0.107347585,1.3490887,0.06793732,0.04
1601,-24.278456,0.50104713,3.1043882,0.057110246,1.3738286,0.0671497,0.04
1602,-24.309458,0.5155629,3.1185272,0.10113877,1.4697971,0.063025355,0.04
1603,-24.277811,0.49511823,2.2200265,0.068240955,1.2967076,0.0681015,0.04
1604,-24.281212,0.50681955,2.882398,0.0672129,1.3317674,0.07509234,0.04
1605,-24.267632,0.48281208,2.356502,0.06819483,1.2427435,0.09086445,0.04
1606,-24.279953,0.4698494,2.4684463,0.06079607,1.339272,0.08776495,0.04
1607,-24.293558,0.49936154,2.611638,0.07040753,1.3931249,0.07170399,0.04
1608,-24.312872,0.49938193,3.005367,0.052940615,1.4251554,0.07711117,0.04
1609,-24.298424,0.50264275,2.8982055,0.056541294,1.455809,0.056952987,0.04
1610,-24.308414,0.5035788,2.9276466,0.084005706,1.441529,0.08375912,0.04
1611,-24.297655,0.51427233,3.3235238,0.05317195,1.5034299,0.09727901,0.04
1612,-24.294582,0.51568145,3.4350553,0.08925975,1.4258466,0.08421351,0.04
1613,-24.289234,0.5084857,3.1508758,0.054048177,1.4761026,0.066908605,0.04
1614,-24.294834,0.52892166,3.1018777,0.08930908,1.310871,0.08406362,0.04
1615,-24.25667,0.5012018,2.815085,0.056416523,1.4310942,0.073077746,0.04
1616,-24.269356,0.49321255,2.6702635,0.05700019,1.2652216,0.08657022,0.04
1617,-24.283207,0.5144228,2.9111292,0.06714533,1.3456582,0.07977135,0.04
1618,-24.273567,0.5104579,3.23483,0.052729193,1.3356929,0.063714035,0.04
1619,-24.257711,0.49677458,2.6832285,0.076717354,1.3554268,0.08665533,0.04
1620,-24.244349,0.50506186,2.7098782,0.07282611,1.2173519,0.067874834,0.04
1621,-24.257376,0.5064149,2.9377255,0.05327566,1.3341826,0.080913804,0.04
1622,-24.276173,0.51661646,2.7520957,0.062235095,1.3706003,0.09833896,0.04
1623,-24.252594,0.51602346,3.092759,0.064450525,1.3618338,0.082261436,0.04
1624,-24.2665,0.50696975,3.269793,0.05726283,1.2848868,0.061281756,0.04
1625,-24.273554,0.50008655,2.8148036,0.051851243,1.3415619,0.063405976,0.04
1626,-24.267565,0.498289,2.5703032,0.047574192,1.3044399,0.06593592,0.04
1627,-24.293016,0.49650633,3.0150595,0.0726251,1.1432705,0.05986554,0.04
1628,-24.280058,0.53329474,2.943579,0.060811117,1.319613,0.08444781,0.04
1629,-24.260302,0.49264374,2.7043667,0.06335663,1.2663813,0.09639739,0.04
1630,-24.272936,0.49462306,2.3583207,0.05844797,1.3428775,0.0705822,0.04
1631,-24.264618,0.4933083,2.581143,0.065808676,1.2639866,0.07827005,0.04
1632,-24.291142,0.48938197,3.1917698,0.07000109,1.3502053,0.053223744,0.04
1633,-24.298084,0.49150422,2.9467735,0.07401894,1.2782634,0.08443187,0.04
1634,-24.275192,0.4812072,2.5915766,0.053778704,1.3570557,0.06372282,0.04
1635,-24.29029,0.47559917,2.73182,0.049542878,1.2793179,0.08118811,0.04
1636,-24.313612,0.49201795,2.6585495,0.073905885,1.3395524,0.0709088,0.04
1637,-24.28235,0.46390694,2.5023215,0.06831538,1.2936794,0.06844273,0.04
1638,-24.3042,0.4877148,2.3445308,0.059851687,1.3206923,0.06599676,0.04
1639,-24.305891,0.48286194,2.6899774,0.07096285,1.381811,0.07864138,0.04
1640,-24.30361,0.4972737,2.482527,0.091279104,1.3530937,0.10259009,0.04
1641,-24.316336,0.5047598,2.967086,0.0632815,1.3612993,0.07413065,0.04
1642,-24.299198,0.49436972,2.3436515,0.06960065,1.428938,0.09638028,0.04
1643,-24.28682,0.49487042,2.7806826,0.0595247,1.3389376,0.08274953,0.04
1644,-24.29997,0.49052867,2.544667,0.05932416,1.4432287,0.07510754,0.04
1645,-24.293577,0.5057219,3.0374594,0.06227957,1.431534,0.07477196,0.04
1646,-24.303543,0.5045703,2.7155812,0.10557237,1.313544,0.091991656,0.04
1647,-24.290224,0.4946896,2.609745,0.09209049,1.3658834,0.07638627,0.04
1648,-24.306843,0.4919876,2.7114623,0.054001443,1.3259357,0.08855963,0.04
1649,-24.29678,0.50475335,2.8932118,0.072641164,1.410167,0.074263714,0.04
1650,-24.293472,0.48936465,2.926515,0.05908401,1.431812,0.08455645,0.04
1651,-24.300396,0.48082337,2.4094155,0.06122649,1.3835232,0.09292978,0.04
1652,-24.302462,0.48616388,2.41,0.07361753,1.3702675,0.09964927,0.04
1653,-24.289808,0.50307196,2.8340049,0.05501951,1.3456019,0.0883155,0.04
1654,-24.2624,0.5058025,2.5803304,0.058842227,1.3671721,0.08754183,0.04
1655,-24.276821,0.49483782,2.653622,0.070430346,1.3718783,0.07477123,0.04
1656,-24.300364,0.5025999,2.4247835,0.058400035,1.403462,0.06377648,0.04
1657,-24.292707,0.48891932,2.4010339,0.069572955,1.3491856,0.068658076,0.04
1658,-24.276625,0.49075875,2.3535101,0.063408345,1.3217399,0.08257715,0.04
1659,-24.292038,0.501588,2.99445,0.06461177,1.326365,0.09007389,0.04
1660,-24.287123,0.49204415,2.724193,0.053472165,1.3537551,0.07527473,0.04
1661,-24.29367,0.4865405,2.653328,0.05793166,1.3305633,0.06297158,0.04
1662,-24.302696,0.509316,2.968275,0.048162233,1.3127342,0.078643605,0.04
1663,-24.269102,0.5037586,2.830877,0.06858938,1.3407884,0.06756434,0.04
1664,-24.30204,0.5051686,2.9124115,0.054705877,1.3213902,0.07782523,0.04
1665,-24.278593,0.4847863,2.7165546,0.073790394,1.3396395,0.07127066,0.04
1666,-24.29806,0.49105126,2.5437844,0.05716356,1.269149,0.08211873,0.04
1667,-24.285896,0.47721192,2.6403124,0.06401932,1.267633,0.07431194,0.04
1668,-24.288572,0.4918917,2.7772899,0.06419588,1.3254716,0.07956698,0.04
1669,-24.284695,0.48089144,2.7129095,0.07983756,1.285719,0.093193546,0.04
1670,-24.292921,0.4851784,2.7371247,0.061946835,1.2551218,0.060224544,0.04
1671,-24.305056,0.5037226,2.700683,0.055810634,1.3587595,0.065149374,0.04
1672,-24.298649,0.48976102,2.721748,0.06519286,1.2999154,0.07689287,0.04
1673,-24.274555,0.51118493,2.7454312,0.054989085,1.3123056,0.08585207,0.04
1674,-24.290955,0.50796825,2.8411496,0.05290703,1.3342137,0.086114526,0.04
1675,-24.299612,0.50229704,3.106974,0.08045555,1.3790363,0.07244102,0.04
1676,-24.278904,0.51686746,2.6486173,0.05791436,1.3194649,0.06286332,0.04
1677,-24.258322,0.5027211,2.78369,0.076341905,1.372922,0.07777517,0.04
1678,-24.274832,0.502107,2.6411161,0.058361176,1.3395618,0.07684006,0.04
1679,-24.278336,0.49081334,2.580645,0.06376265,1.3454144,0.075665385,0.04
1680,-24.297907,0.5245933,2.9974363,0.05424315,1.3724786,0.074014015,0.04
1681,-24.27249,0.5124989,2.63867,0.06522932,1.2886839,0.08082453,0.04
1682,-24.268213,0.49096936,2.349542,0.052454136,1.3364917,0.08164669,0.04
1683,-24.277023,0.5183094,2.640255,0.07737994,1.3377539,0.09244749,0.04
1684,-24.279684,0.4955976,2.6717832,0.05531087,1.2721823,0.057458866,0.04
1685,-24.27374,0.48846194,2.5034215,0.08235296,1.3503915,0.07219991,0.04
1686,-24.278765,0.495425,2.56878,0.08430539,1.3767916,0.09148024,0.04
1687,-24.28065,0.5043289,2.9895232,0.08123656,1.3767527,0.08522316,0.04
1688,-24.280273,0.49799082,2.6423028,0.055664226,1.3427122,0.07460146,0.04
1689,-24.286415,0.4840549,2.537686,0.05769584,1.2929785,0.08804849,0.04
1690,-24.281507,0.49093494,2.8307898,0.055499703,1.2918621,0.081521645,0.04
1691,-24.280006,0.49703953,2.644557,0.060436927,1.4396387,0.0798381,0.04
1692,-24.267921,0.5031476,3.0467281,0.060842462,1.4160384,0.084704384,0.04
1693,-24.294107,0.49026486,2.6136923,0.07665827,1.3077716,0.0702671,0.04
1694,-24.288486,0.49342623,2.8345983,0.07031556,1.3358436,0.07127009,0.04
1695,-24.270975,0.48491776,2.6617799,0.05512984,1.3490746,0.08526736,0.04
1696,-24.286438,0.4831755,2.572743,0.05444142,1.2946993,0.074556015,0.04
1697,-24.288887,0.50342005,2.4249945,0.07907213,1.3028774,0.07003546,0.04
1698,-24.286612,0.5061333,2.8557692,0.05934422,1.3632483,0.07341931,0.04
1699,-24.290646,0.50366104,2.7486055,0.08252684,1.3818948,0.07941252,0.04
1700,-24.293043,0.5109386,2.6588693,0.04966826,1.2926089,0.0691206,0.04
1701,-24.284332,0.49776316,2.7380564,0.06291747,1.2896829,0.07850285,0.04
1702,-24.283295,0.4895684,2.5779912,0.07232582,1.4422103,0.05938314,0.04
1703,-24.293789,0.50406474,2.685256,0.06429223,1.4273859,0.068067774,0.04
1704,-24.282122,0.5126326,2.7585034,0.059356034,1.4446485,0.08425359,0.04
1705,-24.307411,0.5051073,2.5629983,0.059480563,1.3921063,0.08373976,0.04
1706,-24.277336,0.490258,2.4344974,0.06800518,1.3184264,0.090206996,0.04
1707,-24.276848,0.5006208,2.8730192,0.06172688,1.4210037,0.067561,0.04
1708,-24.293282,0.5118398,2.9628212,0.053428978,1.2332214,0.08225624,0.04
1709,-24.288853,0.51043886,3.0034378,0.066311724,1.296234,0.07549772,0.04
1710,-24.291134,0.5049673,3.1273966,0.06649092,1.3729572,0.07814071,0.04
1711,-24.31257,0.5063211,3.001311,0.07220581,1.3197145,0.0870436,0.04
1712,-24.306183,0.5115868,2.9267101,0.07534623,1.3767613,0.059329193,0.04
1713,-24.296528,0.51027435,2.9669268,0.055780675,1.2965223,0.06640979,0.04
1714,-24.273293,0.50500035,2.9597208,0.06811323,1.2736516,0.06594617,0.04
1715,-24.313505,0.5082105,3.0861964,0.072059,1.3423516,0.09209048,0.04
1716,-24.299582,0.5140872,2.8680255,0.064324774,1.1673355,0.07332925,0.04
1717,-24.300238,0.50090414,3.1591506,0.0822956,1.3227872,0.08056451,0.04
1718,-24.264122,0.49359152,2.5958352,0.07101804,1.3620437,0.077115044,0.04
1719,-24.30269,0.5211415,3.177926,0.046073698,1.2994479,0.055390544,0.04
1720,-24.285269,0.5074935,2.7297888,0.060066972,1.2742871,0.065570354,0.04
1721,-24.292822,0.50784135,3.1207788,0.050311953,1.4140934,0.07012455,0.04
1722,-24.274206,0.4924361,2.6190648,0.059921805,1.3641306,0.092782766,0.04
1723,-24.281336,0.49709103,2.4138334,0.08276604,1.3482279,0.072984315,0.04
1724,-24.303877,0.50309205,2.5365865,0.06124403,1.427206,0.07212321,0.04
1725,-24.29591,0.48718783,2.4827154,0.07269944,1.3823035,0.070956714,0.04
1726,-24.29875,0.48607886,2.3041945,0.059489127,1.365926,0.10622034,0.04
1727,-24.296745,0.49594656,2.3472974,0.0773026,1.3931128,0.07436349,0.04
1728,-24.27302,0.47932532,2.2488842,0.061006777,1.3736665,0.059770413,0.04
1729,-24.310255,0.49145877,2.853564,0.052701913,1.3781595,0.08679677,0.04
1730,-24.29604,0.4959669,3.4900327,0.06267724,1.309833,0.08603523,0.04
1731,-24.296404,0.5007599,2.4244537,0.049933854,1.4177411,0.08755603,0.04
1732,-24.293997,0.50563455,2.4517663,0.06726783,1.4993861,0.05436614,0.04
1733,-24.29286,0.5099274,2.5887306,0.05197689,1.4480197,0.07869452,0.04
1734,-24.28381,0.5054804,2.7379043,0.082742006,1.3359381,0.08618967,0.04
1735,-24.267447,0.53513986,2.8882303,0.08669064,1.3836704,0.091342434,0.04
1736,-24.253475,0.5159474,2.904299,0.059541114,1.3886515,0.07291258,0.04
1737,-24.26757,0.5131314,2.9974947,0.059274822,1.2753049,0.07233637,0.04
1738,-24.276161,0.5177084,2.867405,0.07316192,1.3329897,0.07614207,0.04
1739,-24.266705,0.51548356,2.8510482,0.089139774,1.4312379,0.095924124,0.04
1740,-24.279984,0.5006794,2.5414548,0.055164836,1.2487464,0.08000032,0.04
1741,-24.264662,0.50780314,2.771536,0.08057804,1.2262666,0.07466038,0.04
1742,-24.265434,0.4878286,2.32577,0.07432058,1.2595333,0.06207403,0.04
1743,-24.284508,0.50384355,2.9217691,0.050815534,1.2705662,0.07280021,0.04
1744,-24.250242,0.47728524,2.2696338,0.05531826,1.237402,0.088957846,0.04
1745,-24.276663,0.49517566,2.6759,0.10525332,1.3951944,0.06954867,0.04
1746,-24.282864,0.5140274,3.0942817,0.057903692,1.2949213,0.0528164,0.04
1747,-24.288925,0.49088955,2.6023757,0.058769677,1.359098,0.06760967,0.04
1748,-24.274523,0.49804333,2.4997437,0.04841424,1.3555194,0.093652144,0.04
1749,-24.300774,0.5026564,2.9175398,0.072623804,1.3836439,0.0843258,0.04
1750,-24.284746,0.5063106,3.1525152,0.081125736,1.3584758,0.084743984,0.04
1751,-24.260126,0.49407497,2.404073,0.055975012,1.3168654,0.0868232,0.04
1752,-24.269415,0.47921935,2.286305,0.10589408,1.3049719,0.06572207,0.04
1753,-24.270538,0.5080493,3.2835507,0.051607948,1.2881533,0.06961735,0.04
1754,-24.254648,0.49139228,2.7899282,0.07060025,1.2630236,0.07975031,0.04
1755,-24.2663,0.500208,2.625399,0.07426057,1.4692932,0.059648067,0.04
1756,-24.28159,0.5085843,2.5625532,0.053860057,1.4023108,0.08135134,0.04
1757,-24.28857,0.5151512,2.8759186,0.08229016,1.3271515,0.0822828,0.04
1758,-24.277449,0.4978308,2.5866048,0.058258016,1.3396213,0.07771746,0.04
1759,-24.281567,0.5063288,2.5901163,0.054019008,1.4379729,0.06796499,0.04
1760,-24.27624,0.49523062,2.4783952,0.07156082,1.5070558,0.06821127,0.04
1761,-24.301243,0.4993902,2.8100352,0.06294048,1.3396279,0.081637196,0.04
1762,-24.284266,0.50182307,2.5851104,0.072269045,1.4092329,0.105129324,0.04
1763,-24.284578,0.5018223,2.7333946,0.061232988,1.3058916,0.072925426,0.04
1764,-24.27887,0.4958833,2.466682,0.08267164,1.4009528,0.0747309,0.04
1765,-24.27501,0.5007717,2.900776,0.064462356,1.3227285,0.058165986,0.04
1766,-24.29432,0.5135298,3.2354877,0.044077445,1.3800187,0.078953005,0.04
1767,-24.273298,0.50270337,2.8986006,0.09851737,1.3341534,0.06949647,0.04
1768,-24.27177,0.502002,2.6322188,0.07203102,1.2262975,0.07603913,0.04
1769,-24.276176,0.50869286,2.9295616,0.049516145,1.2485608,0.094955176,0.04
1770,-24.265303,0.50276893,2.7150252,0.055359773,1.3315175,0.09009242,0.04
1771,-24.244497,0.5020673,2.6002233,0.0604406,1.2750324,0.08673778,0.04
1772,-24.270498,0.5092101,3.1811142,0.04592132,1.2990566,0.058024008,0.04
1773,-24.271027,0.51812077,3.0954957,0.07960651,1.2756554,0.07854468,0.04
1774,-24.261786,0.5047814,3.0201626,0.05912159,1.2856672,0.07895239,0.04
1775,-24.259113,0.50303376,2.6325839,0.07885328,1.2372661,0.07760663,0.04
1776,-24.258274,0.50602007,2.962548,0.05565675,1.4120743,0.059743024,0.04
1777,-24.26093,0.5056944,2.9018538,0.059735656,1.3124567,0.079177015,0.04
1778,-24.271713,0.5042403,2.713135,0.079066716,1.2371523,0.05999203,0.04
1779,-24.276167,0.49388942,3.3396008,0.10107022,1.2648088,0.074966185,0.04
1780,-24.250341,0.49339166,3.1125886,0.072212525,1.168836,0.08703943,0.04
1781,-24.27841,0.4927693,3.0059152,0.055558067,1.340099,0.06686976,0.04
1782,-24.30059,0.5101067,3.7280142,0.06196847,1.3002276,0.078064874,0.04
1783,-24.28591,0.48752147,3.3188865,0.06827505,1.3204654,0.07168969,0.04
1784,-24.251476,0.47615278,2.8236966,0.062412683,1.2505342,0.06986613,0.04
1785,-24.285961,0.48978782,2.6855695,0.067855544,1.2663441,0.06841437,0.04
1786,-24.274872,0.4810118,2.7970765,0.06029428,1.2150837,0.082612626,0.04
1787,-24.267658,0.4865135,2.736757,0.07348654,1.2858001,0.05574543,0.04
1788,-24.275805,0.48458514,2.5125892,0.05455855,1.335102,0.07584092,0.04
1789,-24.274582,0.49025908,2.8827116,0.06383197,1.3538607,0.070644334,0.04
1790,-24.299555,0.49791685,2.8106773,0.04329983,1.3516728,0.06687978,0.04
1791,-24.28519,0.51013523,2.9030542,0.05792923,1.3553227,0.092818625,0.04
1792,-24.284456,0.4971694,2.6077936,0.061259013,1.3145401,0.058498424,0.04
1793,-24.262835,0.4887159,2.2595434,0.060060576,1.327882,0.060870413,0.04
1794,-24.266665,0.49694172,2.2359517,0.056981634,1.2724624,0.08610079,0.04
1795,-24.281132,0.5120697,2.6946893,0.06582084,1.3023362,0.082373604,0.04
1796,-24.270727,0.48287818,2.6236634,0.05521234,1.2547965,0.075382024,0.04
1797,-24.288847,0.48706394,3.0644274,0.06144112,1.305888,0.07070575,0.04
1798,-24.275522,0.4832385,2.7478225,0.08159091,1.3387246,0.097391516,0.04
1799,-24.256157,0.48225543,2.7113862,0.050960362,1.3328574,0.08200954,0.04
1800,-24.272259,0.4935114,2.6684985,0.06029186,1.2860539,0.066289455,0.04
1801,-24.270878,0.48548937,2.8240051,0.05009015,1.3490245,0.06973832,0.04
1802,-24.257454,0.48141062,2.8498914,0.061883084,1.2956108,0.08704282,0.04
1803,-24.276638,0.48588756,2.630819,0.072047465,1.1641405,0.09824422,0.04
1804,-24.275702,0.48027438,2.4037108,0.08394596,1.3688127,0.07386343,0.04
1805,-24.25725,0.47095174,2.378702,0.056305617,1.2186674,0.07361047,0.04
1806,-24.268435,0.49837607,3.0854616,0.05841288,1.2638606,0.07872287,0.04
1807,-24.279583,0.50668275,2.9424844,0.06137959,1.261409,0.06910831,0.04
1808,-24.274801,0.48258054,2.362353,0.054697707,1.294355,0.06197719,0.04
1809,-24.276794,0.4900292,2.577837,0.08246582,1.2921964,0.065532856,0.04
1810,-24.267042,0.49631,3.1460154,0.0714213,1.2405155,0.04998381,0.04
1811,-24.274418,0.5031719,2.8257465,0.089843534,1.304499,0.06899615,0.04
1812,-24.27289,0.49160716,3.3315845,0.05659741,1.294794,0.09086334,0.04
1813,-24.282995,0.4955282,2.7699714,0.05714915,1.3920318,0.07589387,0.04
1814,-24.25963,0.4791705,2.421188,0.06455161,1.2628939,0.06396022,0.04
1815,-24.269508,0.47055653,2.3427649,0.06726879,1.2340038,0.065977365,0.04
1816,-24.297516,0.5144042,3.3937538,0.09212732,1.308293,0.07913864,0.04
1817,-24.262394,0.4889891,2.7569559,0.052608296,1.2647432,0.07525458,0.04
1818,-24.262737,0.49312255,2.9470387,0.067982346,1.2136635,0.09487511,0.04
1819,-24.270094,0.50090295,3.1574395,0.06452945,1.2666417,0.073441185,0.04
1820,-24.279713,0.49961627,2.902199,0.076334834,1.2246107,0.057779223,0.04
1821,-24.28315,0.48503998,3.0882368,0.06725501,1.3414329,0.07494775,0.04
1822,-24.304012,0.48642093,3.2062628,0.06634497,1.3009763,0.052866478,0.04
1823,-24.307238,0.504775,2.9868357,0.05355223,1.3238398,0.06622143,0.04
1824,-24.275263,0.50092566,2.4828374,0.0718833,1.3164728,0.068757735,0.04
1825,-24.277431,0.5009652,2.73748,0.10662708,1.300135,0.07647337,0.04
1826,-24.281359,0.50097805,2.9810534,0.07042229,1.4411355,0.075679086,0.04
1827,-24.269196,0.4881075,2.579365,0.045630183,1.2662313,0.06045277,0.04
1828,-24.278097,0.50857514,2.659063,0.07143714,1.2725893,0.07688164,0.04
1829,-24.292482,0.52510387,3.2917082,0.05458967,1.2920274,0.08272866,0.04
1830,-24.27025,0.5226612,2.9865181,0.06601267,1.3373797,0.07604332,0.04
1831,-24.269419,0.51225513,3.1838439,0.07646422,1.2798522,0.063722186,0.04
1832,-24.28229,0.52285886,3.1379778,0.07889768,1.2443942,0.05312623,0.04
1833,-24.267963,0.5359372,3.3098953,0.073909335,1.3403813,0.08566889,0.04
1834,-24.249222,0.49415004,2.3329232,0.06405984,1.3070573,0.071368046,0.04
1835,-24.27907,0.5199825,2.911154,0.063212484,1.28479,0.07243368,0.04
1836,-24.251131,0.49372658,2.837237,0.06763425,1.181124,0.07051694,0.04
1837,-24.264687,0.50595796,2.9893467,0.036073014,1.2878602,0.0716352,0.04
1838,-24.270805,0.4846349,2.475736,0.05672707,1.2233832,0.08162702,0.04
1839,-24.275951,0.5036792,2.836887,0.0681932,1.2171135,0.06825737,0.04
1840,-24.31184,0.49978897,2.7516685,0.060366888,1.2604711,0.05491433,0.04
1841,-24.268007,0.4926423,2.7662628,0.055090837,1.2204906,0.06914291,0.04
1842,-24.27582,0.5013454,2.6809769,0.053018264,1.2153217,0.061036035,0.04
1843,-24.283504,0.4990296,2.734298,0.06109357,1.2550769,0.087727696,0.04
1844,-24.25687,0.4919677,2.5858793,0.06851252,1.2876643,0.072314,0.04
1845,-24.257113,0.51678765,2.867207,0.0766461,1.2677468,0.101969995,0.04
1846,-24.267742,0.5112282,2.5257692,0.05592431,1.2627261,0.08164881,0.04
1847,-24.263355,0.52392447,3.0184882,0.08500471,1.3298104,0.065535724,0.04
1848,-24.274496,0.5052799,2.839391,0.06025174,1.2132876,0.09113769,0.04
1849,-24.276564,0.5022521,2.9948175,0.056043953,1.2737907,0.07516543,0.04
1850,-24.272982,0.52218986,2.8240333,0.0679254,1.3667376,0.08393797,0.04
1851,-24.29509,0.52529305,3.223437,0.06877922,1.2659632,0.08336212,0.04
1852,-24.258171,0.50267214,2.625735,0.07805871,1.2906009,0.078888245,0.04
1853,-24.246988,0.5073618,2.6142461,0.068586476,1.2995583,0.07297013,0.04
1854,-24.279512,0.50122964,2.3358595,0.04949863,1.34427,0.07227021,0.04
1855,-24.281523,0.5064827,2.6772013,0.05883917,1.1671424,0.06962336,0.04
1856,-24.288977,0.4930595,2.410699,0.06711238,1.2451481,0.08096709,0.04
1857,-24.280792,0.50436896,2.7246757,0.08683904,1.391053,0.079208314,0.04
1858,-24.27138,0.49846813,2.7830496,0.08870483,1.2965375,0.08147993,0.04
1859,-24.275501,0.4983608,2.7814004,0.06581898,1.3671205,0.09865063,0.04
1860,-24.305374,0.5165807,2.954218,0.05899548,1.2730616,0.091436334,0.04
1861,-24.28996,0.49404457,2.572608,0.057705928,1.3583287,0.08483262,0.04
1862,-24.281185,0.5115156,2.4653106,0.061419975,1.3771261,0.06579178,0.04
1863,-24.27547,0.5035007,2.532687,0.068852685,1.3526604,0.086136796,0.04
1864,-24.265936,0.51421833,2.9415178,0.08385635,1.2976183,0.08303278,0.04
1865,-24.295313,0.49754447,2.7059765,0.05502739,1.3605877,0.07857699,0.04
1866,-24.291113,0.5119148,3.0430584,0.046057492,1.3031068,0.090459205,0.04
1867,-24.269766,0.52223045,2.7621932,0.080607355,1.3569824,0.050196387,0.04
1868,-24.26254,0.5092817,2.5556426,0.06717076,1.2873335,0.068409145,0.04
1869,-24.248156,0.51817584,2.7318223,0.081031576,1.3698756,0.074948035,0.04
1870,-24.260618,0.50905645,2.8643503,0.08378147,1.3866879,0.061052375,0.04
1871,-24.2663,0.5094427,3.2474027,0.069770776,1.4358242,0.09699842,0.04
1872,-24.258099,0.49779865,2.3233557,0.06974679,1.201672,0.06521273,0.04
1873,-24.255035,0.522886,2.929895,0.064754896,1.2730051,0.08937878,0.04
1874,-24.253286,0.49719495,2.5400634,0.07873062,1.3043275,0.06991087,0.04
1875,-24.271215,0.512503,2.6164594,0.05135876,1.1769873,0.07815086,0.04
1876,-24.287527,0.51379526,2.7730365,0.08683493,1.24059,0.08595971,0.04
1877,-24.267267,0.5229197,2.640968,0.058570966,1.4065499,0.06627774,0.04
1878,-24.263239,0.5240184,2.8624504,0.062194895,1.3980024,0.07760983,0.04
1879,-24.269047,0.52043575,2.8416526,0.061112154,1.2511996,0.078587875,0.04
1880,-24.270777,0.5076619,2.4876094,0.07438032,1.2724437,0.076139264,0.04
1881,-24.28739,0.4918812,2.475582,0.07034495,1.1373376,0.063501805,0.04
1882,-24.28023,0.49713966,2.9001377,0.0835156,1.1847025,0.06628645,0.04
1883,-24.292309,0.5224225,3.5107808,0.06326307,1.194331,0.06851263,0.04
1884,-24.280724,0.49108887,2.7879567,0.058565337,1.1920549,0.08162479,0.04
1885,-24.26407,0.50286776,2.7612262,0.054240827,1.3429863,0.081186496,0.04
1886,-24.27961,0.49485043,2.6888044,0.09198289,1.1979601,0.080050305,0.04
1887,-24.259924,0.4927568,2.5511127,0.07047159,1.3186357,0.08151713,0.04
1888,-24.285282,0.50096875,2.8304338,0.054065317,1.3001261,0.06733315,0.04
1889,-24.295662,0.4982148,3.0651562,0.046427563,1.3444884,0.06824897,0.04
1890,-24.278145,0.50826687,3.198723,0.059567593,1.3085083,0.07102543,0.04
1891,-24.28801,0.50189584,3.6520576,0.056277562,1.3041438,0.07302123,0.04
1892,-24.275364,0.51070154,2.8920472,0.06603742,1.2725493,0.07369161,0.04
1893,-24.286818,0.5121452,3.2888017,0.07385689,1.2840518,0.06593869,0.04
1894,-24.29732,0.49831653,2.771265,0.047376204,1.2399018,0.06313034,0.04
1895,-24.271906,0.48310256,2.5288606,0.051210146,1.2293285,0.076377966,0.04
1896,-24.26541,0.49394563,2.5607033,0.06187663,1.2684553,0.059724674,0.04
1897,-24.280378,0.50457907,2.903573,0.058238577,1.1544573,0.08762501,0.04
1898,-24.266518,0.50702596,2.76647,0.0836174,1.2055557,0.094937965,0.04
1899,-24.26952,0.51857185,2.7726958,0.08204477,1.2106396,0.05198576,0.04
1900,-24.25781,0.5133141,3.2418091,0.07085434,1.1773732,0.07087438,0.04
1901,-24.264715,0.5020356,2.7399423,0.08877692,1.2584795,0.08860642,0.04
1902,-24.261341,0.49792725,2.691735,0.053371526,1.2901958,0.07853039,0.04
1903,-24.25909,0.5090278,2.602527,0.06328624,1.3087631,0.0659542,0.04
1904,-24.276876,0.52216256,2.538844,0.06729584,1.342428,0.066747084,0.04
1905,-24.289923,0.4922881,2.8975074,0.07969382,1.2600229,0.08304439,0.04
1906,-24.288265,0.5051054,2.6831794,0.06316957,1.2444217,0.066555694,0.04
1907,-24.273289,0.48933217,3.231226,0.07641632,1.1842602,0.08852958,0.04
1908,-24.288145,0.47761595,2.7713327,0.05380097,1.3638738,0.10450277,0.04
1909,-24.296677,0.4982255,2.8192809,0.062348366,1.2774069,0.073917925,0.04
1910,-24.288145,0.4839696,2.516217,0.08026469,1.1865692,0.07671779,0.04
1911,-24.299183,0.4940958,2.7537274,0.05965537,1.4214587,0.07706157,0.04
1912,-24.28273,0.4951635,2.7534118,0.059147216,1.3753408,0.11303115,0.04
1913,-24.290422,0.52792406,3.1960473,0.086881325,1.387426,0.076022476,0.04
1914,-24.296648,0.5136009,3.3319435,0.072618864,1.2776437,0.0778863,0.04
1915,-24.27936,0.514581,2.7633517,0.06463875,1.3403623,0.091924764,0.04
1916,-24.282509,0.49719232,2.4981923,0.06950251,1.3278455,0.082939,0.04
1917,-24.286528,0.50723284,2.830922,0.09304599,1.302077,0.07776884,0.04
1918,-24.242575,0.48678774,2.4001482,0.058783956,1.3243694,0.07154353,0.04
1919,-24.286226,0.5118644,3.0883245,0.072605394,1.2693629,0.08337742,0.04
1920,-24.282946,0.48464802,2.9263752,0.07091768,1.2445303,0.09069471,0.04
1921,-24.273216,0.49630854,3.3696647,0.062488034,1.2392497,0.077255026,0.04
1922,-24.290964,0.5055041,3.0135837,0.07357603,1.2656446,0.074039556,0.04
1923,-24.274803,0.50017416,2.905112,0.07881062,1.1871368,0.072699465,0.04
1924,-24.28282,0.48657987,2.463123,0.048347898,1.2620925,0.06162604,0.04
1925,-24.267647,0.51829517,2.987539,0.08728439,1.3009827,0.07197275,0.04
1926,-24.274466,0.4954581,2.6347895,0.0753328,1.2277097,0.08701275,0.04
1927,-24.275911,0.49755853,2.886996,0.09840986,1.2837483,0.08714165,0.04
1928,-24.256817,0.5046354,2.6671858,0.06883169,1.2284579,0.07232171,0.04
1929,-24.263775,0.50371206,2.918114,0.075887024,1.1760881,0.066602655,0.04
1930,-24.27459,0.4799349,2.8811417,0.050910134,1.2943261,0.05421763,0.04
1931,-24.284338,0.4941472,2.9718552,0.058914926,1.343876,0.070647664,0.04
1932,-24.272305,0.5031789,2.6246445,0.05222296,1.3129445,0.056464333,0.04
1933,-24.271273,0.5074583,2.592501,0.05857123,1.3284776,0.06912088,0.04
1934,-24.27362,0.52132183,3.0861185,0.04785313,1.304626,0.082109064,0.04
1935,-24.255693,0.50101596,2.9725902,0.0907482,1.2262535,0.07332174,0.04
1936,-24.247465,0.5096692,2.8490474,0.07415266,1.3166872,0.07891573,0.04
1937,-24.279135,0.51599604,3.2049942,0.05968593,1.2011393,0.07866384,0.04
1938,-24.25975,0.49143755,2.6707847,0.051500544,1.2916206,0.06777827,0.04
1939,-24.281166,0.5059048,2.7992408,0.051159963,1.2907023,0.06648808,0.04
1940,-24.266352,0.50417686,2.649131,0.053332698,1.2095704,0.06308983,0.04
1941,-24.281105,0.50267535,3.190843,0.07644574,1.3041397,0.08472048,0.04
1942,-24.293535,0.51206183,2.82458,0.068613514,1.2485576,0.09992703,0.04
1943,-24.263596,0.516419,2.88888,0.06482788,1.3750168,0.09891278,0.04
1944,-24.274462,0.52153724,3.1076005,0.059131384,1.260172,0.062367693,0.04
1945,-24.283772,0.5142321,2.9886935,0.06211303,1.2229596,0.100917734,0.04
1946,-24.28781,0.51701903,3.3147624,0.1234126,1.2133977,0.057294946,0.04
1947,-24.280952,0.52208865,3.787515,0.07756851,1.2210842,0.049029294,0.04
1948,-24.254515,0.48583555,3.3287032,0.05810315,1.1990491,0.06777615,0.04
1949,-24.281063,0.5008703,3.4624586,0.041469526,1.2198952,0.0677702,0.04
1950,-24.281406,0.5103191,2.8869152,0.056254443,1.37304,0.06343391,0.04
1951,-24.271296,0.52263826,3.0796995,0.073942386,1.3227067,0.07236137,0.04
1952,-24.303709,0.5081904,2.8263268,0.07879819,1.3915167,0.08541864,0.04
1953,-24.265493,0.49796498,2.664381,0.055025354,1.3667822,0.0612871,0.04
1954,-24.284626,0.5007016,3.0230935,0.07104076,1.2530621,0.067102775,0.04
1955,-24.307112,0.5241644,3.3152733,0.052970063,1.2686408,0.04923436,0.04
1956,-24.280676,0.50222903,2.9090495,0.055691525,1.4068774,0.09919754,0.04
1957,-24.277327,0.5134257,2.8919446,0.07245916,1.3780464,0.08463882,0.04
1958,-24.275383,0.48983836,3.0057871,0.07956989,1.2648039,0.103537336,0.04
1959,-24.26108,0.5012417,2.8592825,0.055598997,1.4174479,0.08093446,0.04
1960,-24.278221,0.5149221,3.0668483,0.085197486,1.4142382,0.0874318,0.04
1961,-24.283281,0.4996189,2.8569992,0.05624388,1.4088792,0.07743843,0.04
1962,-24.295622,0.5007533,3.5453432,0.071878985,1.2771957,0.06939461,0.04
1963,-24.285263,0.49533835,3.37606,0.087475605,1.3806899,0.0800951,0.04
1964,-24.263088,0.52721876,2.9763827,0.06683648,1.3149692,0.071949944,0.04
1965,-24.290995,0.4967428,2.9426975,0.074169636,1.2327837,0.07683284,0.04
1966,-24.27269,0.49349976,2.9815,0.06251526,1.348587,0.07525852,0.04
1967,-24.2769,0.5093005,3.9964175,0.048655972,1.2655004,0.06641491,0.04
1968,-24.282368,0.50688165,3.4162586,0.05966035,1.2372795,0.08974906,0.04
1969,-24.278452,0.5065193,3.3701196,0.053917855,1.3003577,0.07046031,0.04
1970,-24.262524,0.50646377,2.8167593,0.060073838,1.2844989,0.06348872,0.04
1971,-24.2627,0.49233854,2.7291675,0.06801201,1.1674432,0.083667666,0.04
1972,-24.272,0.49360222,2.8731196,0.054343786,1.2309018,0.05542028,0.04
1973,-24.275425,0.50812244,3.3486927,0.054939907,1.1518346,0.08220605,0.04
1974,-24.258764,0.513554,2.949001,0.06183462,1.2432003,0.05671627,0.04
1975,-24.249805,0.507721,3.0935907,0.066005975,1.1881571,0.07046025,0.04
1976,-24.246563,0.4921789,2.8805752,0.0527203,1.2068902,0.07392603,0.04
1977,-24.271051,0.50215685,2.8364553,0.07437177,1.250069,0.081541814,0.04
1978,-24.256746,0.49539915,2.4890056,0.08476178,1.2143137,0.0904978,0.04
1979,-24.260649,0.51268387,2.8508387,0.0613814,1.2497426,0.04742242,0.04
1980,-24.2764,0.5126984,3.0738902,0.07714875,1.2276521,0.08299953,0.04
1981,-24.252287,0.50763124,2.8652418,0.07566557,1.2019984,0.06019318,0.04
1982,-24.24554,0.48837975,2.7810662,0.05792758,1.203301,0.058556896,0.04
1983,-24.265615,0.47408497,3.0577774,0.06534371,1.2085066,0.059837982,0.04
1984,-24.269293,0.49937633,2.9336174,0.058145024,1.1504452,0.060964804,0.04
1985,-24.29709,0.52326185,3.4240916,0.064679004,1.1632165,0.08269191,0.04
1986,-24.274166,0.5126545,2.9324615,0.07039162,1.2575742,0.07275936,0.04
1987,-24.269665,0.5047741,2.9244282,0.053778272,1.177996,0.06415688,0.04
1988,-24.27943,0.5044914,3.147488,0.06970178,1.3470757,0.077734396,0.04
1989,-24.282219,0.5207766,3.2536502,0.08801151,1.3113942,0.074110985,0.04
1990,-24.267534,0.5073626,2.5366194,0.05861574,1.2928361,0.072566845,0.04
1991,-24.251469,0.511993,2.7713842,0.08471499,1.2232378,0.0801128,0.04
1992,-24.250246,0.5127319,2.9104404,0.08084183,1.3694196,0.069679745,0.04
1993,-24.25804,0.51621234,2.8792894,0.097211055,1.2139627,0.061499402,0.04
1994,-24.271347,0.50136405,2.8865929,0.05487802,1.2121687,0.061331276,0.04
1995,-24.276236,0.506229,2.8320198,0.07630409,1.1862197,0.06794102,0.04
1996,-24.265968,0.5148545,2.8354414,0.058948033,1.301658,0.06563114,0.04
1997,-24.260786,0.49285612,2.9052157,0.07142672,1.2647804,0.065350436,0.04
1998,-24.28427,0.49198776,2.6279447,0.08372816,1.2501669,0.09371631,0.04
1999,-24.260303,0.47392684,2.5515382,0.054724082,1.246758,0.07010491,0.04
