epoch,energy,energy_std,grad_amp_before,grad_phi_before,grad_amp_after,grad_phi_after,learning_rate
0,2.2161582,4.3084793,14.32676,11.004731,2.841034,3.7688522,0.04
1,1.8882899,4.4688983,15.940525,14.385962,2.8840811,3.9387097,0.04
2,1.2859143,4.2459917,14.157194,11.86881,2.9253194,3.7985764,0.04
3,1.1051452,4.163163,17.905924,14.374178,2.729242,3.6120276,0.04
4,0.81237495,4.0433345,14.192182,10.050752,2.653599,3.6152472,0.04
5,0.44798842,4.0180674,14.580238,10.3671665,2.645753,3.5289958,0.04
6,0.18438962,4.0992184,13.972283,10.550911,2.6250253,3.4634695,0.04
7,-0.12443586,4.0149584,15.447278,15.808124,2.640481,3.5044653,0.04
8,-0.32725227,4.201698,21.633904,20.610956,2.5655355,3.3851829,0.04
9,-0.618116,3.9539974,15.127973,11.553338,2.400879,3.2944942,0.04
10,-0.7102208,4.1278625,16.880844,10.60733,2.6263456,3.5591688,0.04
11,-1.1120847,3.9548569,16.210926,12.750137,2.439555,3.2980845,0.04
12,-0.95741445,3.8829706,15.744721,9.775465,2.5044258,3.3328958,0.04
13,-1.2709532,3.8936648,14.975268,9.349568,2.4135513,3.2680035,0.04
14,-1.3883078,3.974021,14.8866005,10.119986,2.6675978,3.4255826,0.04
15,-1.5320385,3.942324,15.892419,9.966142,2.5330226,3.2601156,0.04
16,-1.6696556,3.8571782,14.888842,10.038116,2.409224,3.2486823,0.04
17,-1.8845779,3.97819,14.948371,9.657391,2.494771,3.3095348,0.04
18,-2.0061402,3.9505203,16.654482,9.434859,2.4223764,3.2686327,0.04
19,-2.1965084,3.9756985,15.334611,10.568169,2.4022524,3.1986005,0.04
20,-2.3957636,3.8318017,15.282285,8.703325,2.3777807,3.2070162,0.04
21,-2.3967917,3.8427105,16.011417,8.168827,2.5171995,3.4106247,0.04
22,-2.534163,3.8679724,17.009905,7.49216,2.4532702,3.2647202,0.04
23,-2.7133658,3.9430344,17.257385,9.302589,2.5385487,3.3146424,0.04
24,-2.7484536,3.9265366,16.861595,9.276306,2.5128403,3.2947264,0.04
25,-3.015613,3.9062676,16.761932,9.820175,2.492752,3.2735028,0.04
26,-3.1456957,3.947167,16.545237,8.557932,2.516322,3.384468,0.04
27,-3.112504,3.981902,17.587393,8.230229,2.5751016,3.376412,0.04
28,-3.3914804,3.79894,15.413887,7.290477,2.4444,3.2877047,0.04
29,-3.4187613,4.036355,18.802418,10.114001,2.6176403,3.4196863,0.04
30,-3.5639768,3.9709196,16.247746,8.037984,2.528373,3.3235502,0.04
31,-3.6769118,3.7927153,16.644234,8.057092,2.3705876,3.2465007,0.04
32,-3.6743386,3.852035,17.78131,7.677922,2.3488526,3.1892958,0.04
33,-3.8271074,4.0371895,19.576494,9.314533,2.5182326,3.3371704,0.04
34,-4.0603657,3.9949827,17.910667,8.571625,2.4298687,3.3286648,0.04
35,-4.0248976,4.0268607,18.670269,9.58189,2.5545099,3.4616704,0.04
36,-4.0847926,3.9507165,17.900835,8.595094,2.470977,3.376741,0.04
37,-4.2564397,3.8871527,17.78099,8.237875,2.4972348,3.2951586,0.04
38,-4.307205,4.0571113,19.9543,10.152425,2.4986076,3.4320853,0.04
39,-4.3203425,3.957615,18.050684,9.5898485,2.5290723,3.3047962,0.04
40,-4.393641,3.9605088,17.673157,8.46321,2.5994985,3.444249,0.04
41,-4.7478423,4.091634,19.88083,9.437053,2.64906,3.483966,0.04
42,-4.894634,3.9834728,18.53091,8.814339,2.682374,3.41357,0.04
43,-4.7674727,3.9204087,20.00806,8.190807,2.5258033,3.306305,0.04
44,-4.947009,3.9077206,20.566769,8.263233,2.3220804,3.1589963,0.04
45,-5.021316,4.3250747,24.348421,18.012697,2.625259,3.5673125,0.04
46,-5.2442346,3.9687264,21.175293,8.449823,2.449754,3.3573806,0.04
47,-5.4405017,4.312514,25.269123,15.347133,2.597197,3.5869904,0.04
48,-5.516839,4.0028243,22.347084,8.108399,2.510561,3.3414733,0.04
49,-5.484964,4.024025,21.309753,8.230224,2.6394377,3.6273117,0.04
50,-5.645004,4.1421366,26.303465,8.352548,2.6990066,3.4817646,0.04
51,-5.867577,4.0427165,25.553816,7.629822,2.591801,3.374377,0.04
52,-5.8776493,4.1030984,25.766602,9.54037,2.5847306,3.4062915,0.04
53,-6.073792,4.345165,28.970625,27.20961,2.5234926,3.4653966,0.04
54,-6.3451815,4.1144543,30.480387,8.695354,2.5676029,3.5067434,0.04
55,-6.3443313,4.0369496,31.39751,7.958494,2.6189768,3.3827431,0.04
56,-6.314262,4.22628,32.838993,10.006514,2.5771735,3.4225123,0.04
57,-6.5391054,4.230226,33.40338,11.227962,2.6214879,3.5345583,0.04
58,-6.6912684,4.3468256,49.27525,21.964823,2.6338522,3.4264073,0.04
59,-6.699994,4.46381,47.738068,13.790116,2.5477192,3.5378866,0.04
60,-6.8935733,4.4709973,55.339954,11.059616,2.7452667,3.6728852,0.04
61,-7.1293964,4.4500265,57.169636,12.489903,2.7444816,3.5911405,0.04
62,-7.2439427,4.5713534,67.06517,10.585113,2.7321265,3.739768,0.04
63,-7.4439607,4.422954,73.49518,10.083047,2.6156578,3.441897,0.04
64,-7.5908194,4.435657,75.07535,8.36241,2.716379,3.788783,0.04
65,-7.995562,4.7049294,96.29031,10.622264,2.8102107,3.7972386,0.04
66,-8.220345,4.7719812,126.98907,8.684988,2.8556173,3.933909,0.04
67,-8.6849375,5.1021547,165.32744,14.224749,2.8097644,3.6767883,0.04
68,-8.851818,5.1862392,190.70381,10.02687,2.7901912,3.7427342,0.04
69,-9.102689,5.5838633,247.65141,13.33854,2.7356453,3.7192247,0.04
70,-9.255982,5.5006933,270.79837,14.858663,2.8112686,3.7465937,0.04
71,-9.754265,5.9063716,316.93018,13.280999,2.8379962,3.8513114,0.04
72,-9.957916,5.962447,357.93478,16.64092,2.8927877,3.6483214,0.04
73,-10.277778,6.0350647,391.3195,18.26445,3.0022378,3.8882215,0.04
74,-10.770493,6.3629203,448.3488,16.315706,2.8338697,3.5719662,0.04
75,-11.08359,6.3007216,473.11237,16.673578,2.7444315,3.588229,0.04
76,-11.74022,6.702443,504.64554,20.608458,2.9598281,4.1134963,0.04
77,-12.009004,6.8407106,566.60876,21.51318,2.7687166,3.6585515,0.04
78,-12.7473955,7.0843816,588.93555,22.01869,3.0957112,4.265148,0.04
79,-13.232057,7.0947075,626.9843,23.538754,2.8157475,3.74738,0.04
80,-13.3707285,6.8981175,638.57025,22.916847,2.8282309,3.6923792,0.04
81,-13.248168,7.0842032,668.8437,31.683128,2.5994027,3.6821105,0.04
82,-13.553946,6.9173083,647.8762,20.68379,2.756941,3.7132328,0.04
83,-13.55009,7.0395436,656.3795,16.13802,3.1228137,4.1839767,0.04
84,-13.88436,6.9843674,647.7327,26.651203,2.7849195,3.8050528,0.04
85,-14.132617,6.8249955,641.5424,34.364803,2.6700056,3.5654013,0.04
86,-13.942299,6.793967,661.0601,33.63489,2.5687132,3.241268,0.04
87,-14.183643,6.7503567,648.46954,27.483181,2.774798,3.5599003,0.04
88,-14.003146,6.960289,639.9612,30.987982,2.8714945,3.7868683,0.04
89,-13.910272,6.68895,613.0037,19.047215,2.694379,3.305961,0.04
90,-13.677317,6.859259,608.97754,18.71701,2.8335981,3.4310527,0.04
91,-13.851639,6.682922,569.7451,26.464945,2.8871036,3.5012949,0.04
92,-13.581959,6.8607297,556.39197,17.442713,3.2315547,4.0764623,0.04
93,-13.280502,6.607036,521.09625,13.975913,2.851996,3.4691744,0.04
94,-13.197159,6.5386877,506.23953,13.251337,2.8311555,3.5939484,0.04
95,-13.0359745,6.4875255,498.85046,14.148774,2.8999646,3.5528688,0.04
96,-13.381664,6.6225295,504.27185,16.947525,3.108665,3.7982616,0.04
97,-13.343885,6.4650517,484.4414,13.144501,2.9565074,3.776071,0.04
98,-13.400838,6.497035,482.41193,19.479523,2.9099734,3.605036,0.04
99,-13.510275,6.6462793,500.00394,16.717417,2.8191118,3.6950605,0.04
100,-13.382607,6.454895,487.79248,10.472828,2.8488448,3.497422,0.04
101,-13.581627,6.693942,484.10394,18.051262,2.942231,3.6646276,0.04
102,-13.760733,6.853262,490.1242,14.826203,3.2321248,3.9974911,0.04
103,-14.082061,6.7434235,492.1168,10.484653,3.040551,3.9699228,0.04
104,-14.147352,6.7568283,515.8108,14.167724,2.8590972,3.7186072,0.04
105,-14.754675,6.63576,519.55493,13.070033,3.025733,3.9662654,0.04
106,-15.255746,6.594789,529.8114,12.504533,2.941158,3.6249683,0.04
107,-15.464322,6.631964,541.477,18.049229,2.7965791,3.5361464,0.04
108,-15.928863,6.655027,534.66315,9.955507,2.9725451,3.8700023,0.04
109,-16.001535,6.6446114,549.71075,12.52056,2.8552394,3.5897734,0.04
110,-16.032492,6.686019,548.193,16.33614,2.8893554,3.59938,0.04
111,-15.886155,6.686022,543.3658,12.065621,2.8901925,3.5283804,0.04
112,-15.888117,6.78903,539.4515,55.062084,2.888338,3.4863307,0.04
113,-15.983738,6.5112996,514.16693,10.855991,2.877572,3.5997498,0.04
114,-15.733578,6.540738,505.08392,20.4268,2.7045605,3.4487767,0.04
115,-15.91801,6.470043,509.86285,11.869352,2.954426,3.7185307,0.04
116,-16.03139,6.4935713,486.2246,10.006018,2.9912026,3.8913894,0.04
117,-16.129642,6.3910813,488.52103,8.256617,2.9973161,3.6100159,0.04
118,-16.136274,6.466191,467.3042,7.4605346,2.9520195,3.8862252,0.04
119,-16.336342,6.37434,450.98505,9.562985,2.9786115,3.7493687,0.04
120,-16.14199,6.588968,455.87817,10.623386,2.9448626,3.4803438,0.04
121,-15.904403,6.77151,432.70724,13.755369,3.355715,4.1533327,0.04
122,-16.053112,6.460748,439.46957,9.430272,2.9471848,3.6426437,0.04
123,-16.286926,6.7039795,452.5618,13.617328,3.2459788,3.888317,0.04
124,-16.216444,6.497686,438.955,8.67897,3.116961,3.8701127,0.04
125,-16.428204,6.4586134,426.14514,10.897497,3.0842767,3.6258495,0.04
126,-16.321606,6.4594107,425.39282,11.782848,2.9818664,3.8138182,0.04
127,-16.610273,6.423299,411.23386,7.7546406,2.9662287,3.7660816,0.04
128,-16.914362,6.3924017,415.2252,9.309414,2.9914575,3.6274428,0.04
129,-16.648132,6.4798574,413.00162,10.220137,3.0736377,3.7007592,0.04
130,-17.036549,6.3671966,418.32675,8.801973,2.9274297,3.5987773,0.04
131,-17.07116,6.2066445,400.93973,9.040182,2.944946,3.7439222,0.04
132,-17.232477,6.4966145,409.8822,10.642612,3.2199233,3.795094,0.04
133,-17.324795,6.303232,390.76868,10.166974,3.0783818,3.5948167,0.04
134,-17.52757,6.3896422,386.34048,10.700224,3.0905032,3.8667016,0.04
135,-17.525562,6.342106,386.65033,12.65732,2.858465,3.7137332,0.04
136,-17.450743,6.235189,387.4966,11.369298,2.83546,3.5561519,0.04
137,-17.501574,6.4066586,377.82016,11.10788,2.8963335,3.6887312,0.04
138,-17.468273,6.2292485,368.30032,9.231817,3.0283847,3.7057436,0.04
139,-17.488192,6.296203,359.3095,10.787888,3.054174,3.900559,0.04
140,-17.647856,6.391421,372.66193,10.874941,3.031077,3.8600535,0.04
141,-18.138706,6.2980576,356.9055,15.165399,3.1212862,3.9986155,0.04
142,-18.191652,6.240456,354.52136,13.23318,3.3219972,4.119861,0.04
143,-18.484577,6.218196,342.98535,11.959384,3.2573576,3.9103239,0.04
144,-18.572851,6.2355623,334.41635,18.5574,3.133076,3.9110947,0.04
145,-18.649103,6.2189612,312.7273,15.738272,3.2688346,4.0019526,0.04
146,-18.598522,6.172674,318.62463,13.527312,3.1746123,3.9547784,0.04
147,-18.87466,6.2147374,319.59598,13.492274,3.3598602,4.0585527,0.04
148,-19.191963,5.9740157,315.26596,12.849468,3.1448772,3.8086765,0.04
149,-19.372093,5.777746,308.68658,14.2335,2.9563806,3.7119842,0.04
150,-19.626049,5.8070755,297.9475,14.154051,3.0374618,3.8561277,0.04
151,-19.432957,5.9490476,313.7954,14.992797,3.0898805,3.7374096,0.04
152,-19.523985,5.860921,307.1799,13.885516,2.9627092,3.694899,0.04
153,-19.95509,5.888207,281.12607,12.757062,3.3515527,3.9368057,0.04
154,-20.085896,5.4031096,267.61804,13.252328,2.966184,3.4915495,0.04
155,-20.033266,5.7051725,275.4207,15.115166,3.3445687,3.9762924,0.04
156,-19.907894,5.8629603,275.03113,12.105552,3.5424829,4.058861,0.04
157,-20.142609,5.9600034,258.78232,11.443307,3.2779968,3.9378672,0.04
158,-20.235203,5.4209914,253.5866,12.991593,3.0452147,3.7925215,0.04
159,-20.350784,5.6460595,242.65875,13.52306,3.4672375,4.0827994,0.04
160,-20.274168,5.4769073,247.08919,9.740812,3.0946565,3.8950644,0.04
161,-20.328382,5.4660897,249.98972,14.81009,3.0273104,3.9627519,0.04
162,-20.2138,5.7849355,241.21094,13.982007,3.3439066,4.222387,0.04
163,-19.976868,5.7114496,240.77472,11.296838,3.3996575,4.120795,0.04
164,-20.107422,5.5586457,227.05113,9.434505,3.329396,4.287065,0.04
165,-19.956617,5.9792433,234.76999,14.870813,3.754146,4.396281,0.04
166,-20.118176,5.650048,222.07588,9.148042,3.4402003,4.0831537,0.04
167,-20.360497,5.6990113,218.10141,8.527066,3.8003054,4.368674,0.04
168,-20.805862,5.4428043,199.35434,9.12005,3.4531455,4.050573,0.04
169,-21.241425,5.0752854,166.33362,7.9854918,3.4119747,3.9648352,0.04
170,-21.51449,4.640454,143.44199,6.7525477,3.174576,3.6665497,0.04
171,-21.395906,5.2387886,165.20622,8.046172,4.0078745,4.2601366,0.04
172,-21.311586,4.900276,183.74097,7.026271,3.1627946,3.552035,0.04
173,-21.455786,4.652209,153.8136,7.2809477,2.9949484,3.5542703,0.04
174,-21.412996,4.972236,172.8961,6.6260724,3.337725,3.90958,0.04
175,-21.75409,4.4689636,148.52095,5.5653496,3.016632,3.3829324,0.04
176,-21.574816,4.7275515,154.91096,7.029309,3.201692,3.4537146,0.04
177,-21.70666,4.5287223,134.21118,5.405594,3.1606457,3.527689,0.04
178,-21.839493,4.4976177,113.615074,11.283845,3.1492703,3.3082705,0.04
179,-21.83452,4.2780375,116.12934,7.1083283,2.8487353,3.2964768,0.04
180,-21.955914,4.131678,103.924286,5.031579,3.0895867,3.5039604,0.04
181,-21.99212,4.2173157,98.108246,4.861403,2.8533995,3.1697607,0.04
182,-22.042017,4.373757,102.54005,6.497625,3.152433,3.2780313,0.04
183,-22.019938,4.285933,98.92144,5.7079253,3.1776001,3.3922558,0.04
184,-22.103739,4.190401,92.00998,8.501867,3.075682,3.2607007,0.04
185,-22.032192,4.4465823,95.21492,7.9825735,3.413162,3.6085358,0.04
186,-22.26791,4.4508123,70.22529,9.62745,3.2717874,3.528535,0.04
187,-22.25435,4.2823787,57.20987,6.4114614,3.3322165,3.331321,0.04
188,-22.159515,6.150776,81.31562,59.158535,3.3217008,3.4448256,0.04
189,-22.16896,4.1159825,53.968792,4.950402,3.1007414,3.3534517,0.04
190,-22.127424,4.255566,66.86862,6.0025496,2.6764073,3.1239376,0.04
191,-22.240938,3.8841865,49.37548,4.585658,3.2457023,3.085579,0.04
192,-22.31386,4.112871,44.397068,5.4544992,2.934533,3.21716,0.04
193,-22.299334,3.9471493,45.893673,5.0435,2.9436195,3.0872736,0.04
194,-22.378456,3.8010592,44.22816,4.56614,2.8967452,3.0292962,0.04
195,-22.380957,4.123978,40.732533,7.0817933,3.0648,3.3406844,0.04
196,-22.442448,3.6759603,37.59786,4.3184752,2.5873277,2.6712077,0.04
197,-22.38632,3.507851,37.822777,4.0145893,2.6417627,2.722658,0.04
198,-22.370539,3.7463849,39.397396,4.51005,2.874285,3.0389435,0.04
199,-22.413933,3.8841343,38.947903,7.2275376,2.8933628,2.8307922,0.04
200,-22.577488,3.8439496,38.12973,6.573934,2.70593,2.9898002,0.04
201,-22.541822,3.910964,35.61923,8.060979,2.8899283,2.811849,0.04
202,-22.5814,3.5289755,34.924908,4.3995943,2.5558615,2.7394602,0.04
203,-22.381859,3.9967196,45.81997,7.8162155,2.862961,3.0155926,0.04
204,-22.564383,3.54258,34.57542,3.7632322,2.50813,2.7316442,0.04
205,-22.623396,3.3922353,32.125423,3.697111,2.6940298,2.7907293,0.04
206,-22.583902,3.4220676,32.680737,3.7725532,2.6919055,2.991972,0.04
207,-22.66783,3.518628,33.561775,3.7310944,2.6331835,2.8403175,0.04
208,-22.637363,3.6838884,34.6746,6.187713,2.8309596,2.8076503,0.04
209,-22.644024,3.9516711,38.308243,9.960573,2.813655,3.0055935,0.04
210,-22.650524,3.458195,44.11387,3.4313471,2.545514,2.691977,0.04
211,-22.683424,3.2968464,46.254604,3.6961155,2.513345,2.6564488,0.04
212,-22.795591,3.13382,63.80592,4.879521,2.1465337,2.294203,0.04
213,-22.771172,3.3660572,65.13889,6.0435123,2.6092513,2.6242433,0.04
214,-22.798717,3.1928284,68.54071,8.692504,2.0568492,2.3007436,0.04
215,-22.792072,3.1769645,67.60365,4.9438186,2.1111953,2.3874788,0.04
216,-22.860308,2.899761,77.58223,5.3175707,2.1688619,2.22686,0.04
217,-22.779177,3.1056705,69.58775,4.3658533,2.502778,2.4146085,0.04
218,-22.895138,2.9153702,78.49027,5.355874,2.0949252,2.271936,0.04
219,-22.884012,2.8147697,74.79552,3.7626848,2.0262856,2.1579614,0.04
220,-22.950117,3.041095,62.81187,5.1286955,2.282236,2.3714526,0.04
221,-22.871584,2.793935,60.738605,3.6688023,2.0654228,2.1135461,0.04
222,-22.904123,2.9689767,46.461163,3.9728014,2.5172596,2.2658367,0.04
223,-22.93605,2.900456,48.701614,3.2753112,2.4009497,2.2946389,0.04
224,-22.95293,2.8847706,53.6031,3.2257483,2.3826852,2.3306966,0.04
225,-22.991688,2.9420214,45.345074,3.2753134,2.1375732,2.1878936,0.04
226,-23.037954,2.9283845,48.61409,3.8492057,2.2075002,2.3329296,0.04
227,-22.974304,3.127595,29.901936,4.9206424,2.572096,2.571198,0.04
228,-23.087555,3.016706,42.346626,3.2607882,2.2681317,2.369263,0.04
229,-23.134224,3.1286073,50.755875,4.3387256,2.059421,2.1890938,0.04
230,-23.082605,2.87733,37.547398,3.6743615,2.1952264,2.2655728,0.04
231,-23.162333,2.9811811,40.75161,4.4704413,2.5676944,2.2457888,0.04
232,-23.127754,2.9631443,40.314983,3.3532984,2.373576,2.5651412,0.04
233,-23.10989,2.7490833,37.300636,3.7544992,2.311139,2.2265449,0.04
234,-23.149029,2.9829967,41.734337,4.7268553,2.3670492,2.2421517,0.04
235,-23.192205,2.9404023,42.992683,3.664655,2.5000877,2.415825,0.04
236,-23.15225,2.976616,41.416515,3.3955152,2.38548,2.3623304,0.04
237,-23.091785,2.9604445,48.42636,3.152123,2.1811676,2.3078,0.04
238,-23.118992,3.2828915,68.79716,4.334868,2.863653,2.6608932,0.04
239,-23.036621,2.601124,56.880325,3.4859428,1.7475657,1.9412853,0.04
240,-23.165796,2.846842,72.01813,4.8801956,2.10194,2.2638292,0.04
241,-23.142416,2.9589007,58.786266,3.8989334,2.218136,2.4782288,0.04
242,-23.147577,2.771617,52.230305,3.4243453,2.0324755,2.1860847,0.04
243,-23.222496,2.8706565,53.893272,3.762232,2.2961428,2.1396587,0.04
244,-23.114788,3.0065293,29.845701,3.5335512,2.124591,2.3911712,0.04
245,-23.182077,2.9499943,37.336742,3.1195517,2.3852222,2.4292288,0.04
246,-23.330587,2.845973,58.98556,3.3459473,2.1450903,2.2133343,0.04
247,-23.167545,2.8711958,49.53006,2.9739232,2.2763693,2.4660966,0.04
248,-23.225578,2.6202025,65.57407,2.1819744,1.9612421,1.9128454,0.04
249,-23.121466,2.8727026,53.863773,2.4989898,2.0807967,2.3003902,0.04
250,-23.212997,2.6960235,68.4295,3.1903758,2.002786,2.0429864,0.04
251,-23.26271,2.7965808,77.451744,3.9001856,2.6007466,2.2361064,0.04
252,-23.334927,2.7899044,79.715,4.7401905,2.2102957,2.0267043,0.04
253,-23.359,2.8775861,89.0305,6.216947,2.1116748,2.1896148,0.04
254,-23.230934,2.4155726,79.83876,2.2152605,1.4523001,1.6428827,0.04
255,-23.285309,2.5418508,69.019485,3.6446903,1.8551416,1.9415225,0.04
256,-23.349781,2.6459188,60.69784,2.6940668,2.0803735,2.1599715,0.04
257,-23.312593,2.495772,38.179707,2.2588038,1.8325319,2.084176,0.04
258,-23.40347,2.619627,38.558006,2.658257,2.0540423,2.2457235,0.04
259,-23.347485,2.864187,49.199474,4.341194,2.3652644,2.2217593,0.04
260,-23.407667,2.782853,53.498577,3.8281748,1.9710915,2.125825,0.04
261,-23.319012,2.5771492,43.81353,2.2504222,1.9620904,2.033053,0.04
262,-23.440052,2.6274006,44.718998,3.012477,1.8573331,2.0559604,0.04
263,-23.386023,2.769482,50.163513,2.960415,2.130109,2.2737393,0.04
264,-23.37188,2.806656,49.695507,2.683667,2.1166747,2.236709,0.04
265,-23.351234,2.6831439,54.035484,2.8386,1.8965635,2.1009483,0.04
266,-23.442064,2.5454476,57.442074,3.1118,1.8519578,1.9976274,0.04
267,-23.438587,2.5105348,48.76953,2.0496497,1.8806665,2.0844853,0.04
268,-23.46475,2.4514685,49.08173,2.17658,1.8508663,1.9115702,0.04
269,-23.378677,2.5347712,56.94713,2.1125777,1.6547608,1.8484832,0.04
270,-23.440805,2.6766713,52.13322,2.849806,2.2053106,2.1354396,0.04
271,-23.412785,2.6597626,54.450615,3.2262595,2.0184054,1.9984386,0.04
272,-23.395138,2.6717699,47.754868,3.3423843,2.1255677,2.035775,0.04
273,-23.50498,2.5179632,52.694534,2.3221374,1.8583564,1.8691969,0.04
274,-23.418797,2.4129672,57.5883,2.0795493,1.6334016,1.8406615,0.04
275,-23.411745,2.5297089,54.65925,2.9287696,1.9641911,2.0799334,0.04
276,-23.455378,2.49719,52.201115,2.6818836,1.812481,1.7953601,0.04
277,-23.463867,2.7658753,54.219414,3.5825083,2.2338572,2.227356,0.04
278,-23.597473,2.5017314,49.9331,2.4623606,1.9067745,1.9471209,0.04
279,-23.569292,2.9554002,46.558674,3.748874,2.1342044,2.2261405,0.04
280,-23.450329,2.344027,44.01531,2.0071125,1.3945752,1.6740911,0.04
281,-23.54407,2.6416488,50.947212,2.1745427,1.7848579,1.9922657,0.04
282,-23.481464,2.392221,50.05182,1.9204643,1.7047073,1.8416574,0.04
283,-23.533604,2.5694473,56.875534,2.628678,1.878024,1.9036521,0.04
284,-23.47684,2.3316052,52.652477,2.367837,1.7683547,1.7291719,0.04
285,-23.469416,2.5470345,53.964714,3.3081114,1.9686028,2.0481606,0.04
286,-23.57669,2.4205537,57.102623,2.4118056,1.8786459,2.0554225,0.04
287,-23.580597,2.58124,61.42771,3.5807045,1.7256308,1.8959919,0.04
288,-23.573263,2.6030962,61.93796,3.1572692,1.5970933,1.7666705,0.04
289,-23.51409,2.1690617,50.844975,1.8360193,1.2361356,1.5374678,0.04
290,-23.574188,2.3858387,60.00354,2.4118373,1.372797,1.7144017,0.04
291,-23.59855,2.205742,50.148285,2.1466858,1.4421504,1.5831193,0.04
292,-23.663866,2.4353652,43.484154,3.0377011,1.7817932,1.774942,0.04
293,-23.617817,2.3932264,42.79602,2.7536347,1.4050536,1.6953201,0.04
294,-23.57845,2.305827,33.762104,1.8570209,1.6317217,1.792766,0.04
295,-23.74849,2.419514,48.412132,3.3155909,1.7739602,1.8566434,0.04
296,-23.631868,2.3903477,34.57912,2.1187482,1.6417936,1.760786,0.04
297,-23.587086,2.4077225,35.380733,2.7569363,1.9983064,2.1157546,0.04
298,-23.724054,2.4174352,52.758335,2.289057,1.6747884,1.7449502,0.04
299,-23.660154,2.633434,58.589565,2.4657283,1.7879162,1.952242,0.04
300,-23.629774,2.3678997,52.30313,2.3242264,1.7169658,1.764229,0.04
301,-23.717627,2.341752,48.976448,2.3254895,1.4900242,1.6429198,0.04
302,-23.683208,2.2641742,42.126717,2.1033452,1.5363356,1.7166649,0.04
303,-23.705654,2.3073795,42.033497,1.8377125,1.6155444,1.6096056,0.04
304,-23.690054,2.7233007,50.914948,5.308213,2.0906782,1.8865304,0.04
305,-23.740269,2.3148637,58.966755,2.54495,1.4634743,1.5726109,0.04
306,-23.669777,2.1436307,56.4609,2.8724751,1.2968516,1.5258801,0.04
307,-23.586733,2.130963,57.170177,1.7211668,1.3261563,1.4767675,0.04
308,-23.655735,2.3865557,55.037075,2.6727028,1.37608,1.5713259,0.04
309,-23.66541,2.3236175,42.601383,1.9954882,1.8524531,1.6703875,0.04
310,-23.672808,2.204119,48.822113,1.8692087,1.5747386,1.5789193,0.04
311,-23.778753,2.2613559,48.851254,2.0651076,1.4748952,1.5503721,0.04
312,-23.753366,2.2412114,33.16232,1.9483985,1.360166,1.498043,0.04
313,-23.77147,2.2459092,30.014187,2.3219843,1.6670752,1.7781285,0.04
314,-23.822067,2.3493347,36.011494,2.289546,1.5347478,1.7092882,0.04
315,-23.778858,2.3584063,20.08738,3.2709126,1.8608289,1.7070967,0.04
316,-23.76134,2.30024,23.712847,2.4953244,1.3631151,1.5677876,0.04
317,-23.790674,2.2381103,20.937983,2.1465058,1.3968139,1.6587448,0.04
318,-23.754847,2.3174374,31.29458,2.8807042,1.5552148,1.7965574,0.04
319,-23.779352,2.1630294,41.22438,2.7209034,1.3552396,1.5154847,0.04
320,-23.842943,2.174841,60.3299,3.0401967,1.39795,1.5258907,0.04
321,-23.759882,2.1444552,57.84797,3.2594776,1.3735086,1.4841585,0.04
322,-23.80327,2.1331623,55.189213,3.2646372,1.504269,1.533464,0.04
323,-23.777176,2.200988,59.036663,2.5337698,1.6425986,1.498005,0.04
324,-23.812344,2.136519,57.408108,2.5512772,1.3297553,1.4535962,0.04
325,-23.830883,2.1372254,47.91614,1.6098683,1.1960262,1.3448244,0.04
326,-23.81171,2.2649455,44.003494,2.234862,1.6099981,1.5493146,0.04
327,-23.796959,2.5472457,46.947723,4.6495247,2.2005703,1.7160053,0.04
328,-23.808838,2.126919,51.513374,2.2121227,1.2469083,1.5084505,0.04
329,-23.758833,2.1032856,31.097416,2.0896156,1.1890265,1.497983,0.04
330,-23.872793,2.1321304,32.00841,2.4115472,1.2293767,1.4740454,0.04
331,-23.836637,1.9795218,21.724924,1.5844283,1.1856643,1.3256403,0.04
332,-23.823162,2.279863,19.512886,3.233125,1.9701875,1.6042037,0.04
333,-23.920105,2.1928174,21.493269,2.5590155,1.2892535,1.4708066,0.04
334,-23.841902,2.161934,19.109777,2.1470134,1.4094296,1.5023873,0.04
335,-23.935926,2.171951,27.88186,1.9844823,1.1683968,1.4451318,0.04
336,-23.909855,2.2474482,29.482874,2.2403312,1.4083034,1.606406,0.04
337,-23.923325,2.2863317,39.012104,2.2940493,1.5360074,1.6004817,0.04
338,-23.905449,2.1186073,41.95968,1.5270984,1.2346088,1.3545936,0.04
339,-23.863813,2.1167343,50.31134,2.2985077,1.1816733,1.3161079,0.04
340,-23.80736,2.1182213,50.072826,3.160659,1.2108072,1.4327205,0.04
341,-23.84016,2.185798,61.660316,2.1812994,1.3505361,1.4680191,0.04
342,-23.865217,2.059808,53.179333,2.9309042,1.2684673,1.3946918,0.04
343,-23.82695,2.1660771,49.11727,3.0707598,1.2540009,1.4580145,0.04
344,-23.86869,2.0782557,41.940063,2.9023817,1.2258406,1.3906542,0.04
345,-23.980574,1.9879545,47.478985,2.8106153,1.2159808,1.2698209,0.04
346,-23.909142,2.0826476,43.72836,1.8800019,1.2486198,1.3284271,0.04
347,-23.891735,2.0430055,37.12345,2.0216002,1.1536051,1.301881,0.04
348,-23.879898,1.9806421,29.911396,1.7866751,1.2420952,1.321783,0.04
349,-23.967323,2.2608528,32.926826,5.445041,1.3441399,1.4670707,0.04
350,-23.946121,2.1004539,22.785706,2.8779874,1.6235361,1.5638666,0.04
351,-24.026241,2.0977619,19.90372,2.1444833,1.1765401,1.4136046,0.04
352,-23.960043,2.1173594,15.237165,2.4903169,1.1916405,1.4150343,0.04
353,-23.99638,2.0864387,21.230228,2.0483294,1.1968573,1.3464819,0.04
354,-24.0255,2.060497,28.030691,2.2413418,1.3164586,1.3036907,0.04
355,-24.021189,2.1062293,27.1568,2.267919,1.2514013,1.392081,0.04
356,-23.957355,1.9852192,20.925877,2.0064602,1.0364804,1.1788449,0.04
357,-23.992485,2.1154244,20.864042,2.2619355,1.3551108,1.4685518,0.04
358,-23.973808,1.9687755,19.419085,1.6633115,1.1291456,1.2377286,0.04
359,-23.991426,1.9208686,15.952126,2.1723673,1.18201,1.2882562,0.04
360,-23.98069,2.083116,19.577618,1.7578306,1.1938268,1.358826,0.04
361,-24.067142,2.1795866,27.704044,2.1575668,1.1822636,1.2705368,0.04
362,-24.054863,2.1469097,31.130564,2.5040653,1.3321782,1.4972357,0.04
363,-23.959148,2.1524327,30.326105,2.132188,1.4018497,1.4224035,0.04
364,-23.987047,1.994952,29.071692,2.1596925,1.159025,1.3617809,0.04
365,-24.072926,2.0661888,35.680325,1.9933074,1.2428788,1.438,0.04
366,-23.976269,2.07504,30.384243,2.5361226,1.4451482,1.539536,0.04
367,-23.977633,1.9672328,26.329782,2.361373,1.233519,1.2527921,0.04
368,-24.020573,1.9594427,25.572338,1.7692975,1.049363,1.2548773,0.04
369,-23.984978,1.8863859,19.02305,1.4051641,1.0184773,1.2120111,0.04
370,-24.030718,1.9649707,12.502972,2.1692743,1.1737899,1.2220157,0.04
371,-23.96439,2.044334,7.5264177,1.654325,1.5361506,1.3499221,0.04
372,-24.008125,1.955165,6.1740627,1.4506092,1.0612625,1.2678964,0.04
373,-24.06363,2.089673,9.514441,1.8598818,1.2054653,1.3152263,0.04
374,-24.052835,2.0918057,8.32991,2.223563,1.2174487,1.3289528,0.04
375,-23.959446,1.9646194,4.8546476,1.7238677,1.1240871,1.3359966,0.04
376,-24.032036,2.0196254,4.0995064,1.7032143,1.3109136,1.4457927,0.04
377,-24.042496,1.9969114,6.75574,1.9016523,1.3949968,1.4024268,0.04
378,-24.064434,2.0916655,7.001627,2.4352722,1.153,1.3136903,0.04
379,-24.058796,1.9952093,4.2941008,1.4606332,1.0567759,1.2201263,0.04
380,-24.013596,1.9992065,4.884106,2.185445,1.0716714,1.3814728,0.04
381,-24.056631,1.9580522,11.593935,1.7463273,1.0777966,1.2698449,0.04
382,-24.07257,1.977297,16.137423,2.5862012,1.1630574,1.2433689,0.04
383,-24.044163,1.9817456,10.193049,2.4723496,1.1244484,1.3387859,0.04
384,-24.06556,1.8618017,11.253245,1.896034,0.9326752,1.1360047,0.04
385,-24.061268,2.013821,9.757783,2.6314275,1.2634875,1.2696426,0.04
386,-24.121763,1.919459,16.22867,1.5848812,1.0102155,1.1563362,0.04
387,-24.070847,1.9091357,13.284967,1.6847724,0.9756722,1.2634755,0.04
388,-24.03046,1.774607,12.652085,1.4972935,0.8649531,1.1462432,0.04
389,-24.114178,1.8727362,11.595422,1.8604093,1.048938,1.2164565,0.04
390,-24.074787,1.8781415,10.63216,2.4931636,1.0114604,1.1939756,0.04
391,-24.079546,1.8270113,13.950597,1.4082824,1.0118742,1.1536742,0.04
392,-24.091301,1.8305025,15.02461,1.8982443,1.1422783,1.2168038,0.04
393,-24.086752,1.8830758,14.6855345,1.4877557,0.9673194,1.1838523,0.04
394,-24.020569,1.7591056,11.155481,1.6069154,0.99503106,1.057368,0.04
395,-24.108644,1.6970788,12.664253,1.4648721,0.90780735,1.0431087,0.04
396,-24.102472,1.7532326,13.920244,2.2212644,0.89315104,1.0957301,0.04
397,-24.115047,1.7762345,9.018655,1.7693117,0.91140944,1.066338,0.04
398,-24.07551,1.8214326,2.9308908,1.8166785,1.191505,1.1575701,0.04
399,-24.10132,1.8087837,7.710429,2.0698962,0.92532927,1.2043867,0.04
400,-24.080853,1.8701283,7.4192333,2.0577614,1.0587407,1.263012,0.04
401,-24.118078,1.8027401,7.0198,1.6315228,0.8730705,1.1611412,0.04
402,-24.12513,1.8230098,9.041082,1.5467116,0.99079144,1.1196923,0.04
403,-24.17279,1.8641726,10.262107,1.5571821,0.960314,1.147733,0.04
404,-24.176687,1.9161781,10.394309,1.7308426,1.050672,1.2701261,0.04
405,-24.108793,1.7682399,8.28328,1.9994581,0.8892905,1.113854,0.04
406,-24.072475,1.7891159,6.567817,1.433175,1.0247054,1.1373932,0.04
407,-24.14934,1.7650623,14.220347,1.5467429,0.91242963,1.0641382,0.04
408,-24.152575,1.8316926,16.001795,2.341003,1.0208317,1.1654899,0.04
409,-24.105236,1.780216,7.0685062,1.7520404,0.96588093,1.0885539,0.04
410,-24.094929,1.7521771,2.9270606,1.8475304,0.88665074,1.0656699,0.04
411,-24.08475,1.833252,3.2633574,1.9285349,0.9344118,1.0632509,0.04
412,-24.102942,1.7185845,1.697725,1.3012242,0.8128285,1.0862641,0.04
413,-24.165606,1.9853872,5.189834,2.0045197,1.2168853,1.3439367,0.04
414,-24.087477,1.6995951,10.308948,1.4825994,0.80953234,1.0789516,0.04
415,-24.083616,1.6710223,9.7035055,2.0534616,0.9048552,1.0350305,0.04
416,-24.168491,1.762058,13.564531,1.4881126,0.9354335,1.150769,0.04
417,-24.175303,1.852209,14.380781,2.0689216,0.87973934,1.0642791,0.04
418,-24.12729,1.689595,10.808357,1.4667971,0.8298305,1.0618289,0.04
419,-24.142136,1.8019911,10.441166,1.3707268,0.99388146,1.16177,0.04
420,-24.192495,1.7782853,11.945935,2.1205268,0.8720341,1.0597435,0.04
421,-24.1508,1.7254312,11.58841,1.609236,0.849692,1.0794333,0.04
422,-24.180159,1.791174,16.710384,1.6025336,0.97078675,1.1628069,0.04
423,-24.126371,1.7987626,22.43952,1.6268681,1.0363392,1.1218988,0.04
424,-24.165247,1.8661743,17.558487,1.4302102,1.1022044,1.1838349,0.04
425,-24.152866,1.7216036,14.970519,1.9468188,0.93451786,1.1101903,0.04
426,-24.130083,1.7912,16.154345,1.4032462,1.1838672,1.0938531,0.04
427,-24.150286,1.7985992,21.264212,2.7488189,0.9945965,1.1609601,0.04
428,-24.228493,1.7622163,21.567255,1.8715379,0.91997284,1.1354256,0.04
429,-24.126612,1.7461663,17.670004,1.6512066,1.1180804,1.1638117,0.04
430,-24.148176,1.7684457,14.594567,2.1319764,0.9665294,1.100319,0.04
431,-24.166317,1.7405171,17.616814,1.7843031,0.8377488,1.0404437,0.04
432,-24.161203,1.7250962,13.992671,1.5961186,0.9797517,1.046544,0.04
433,-24.16693,1.6792377,13.033004,1.698309,0.8353732,1.0050485,0.04
434,-24.149029,1.6384495,12.616918,1.3604988,0.8666445,0.9875919,0.04
435,-24.17512,1.7180953,11.099259,1.3593765,0.9425831,1.0334386,0.04
436,-24.185333,1.6666684,14.075429,1.2977281,0.7923007,0.96307755,0.04
437,-24.204006,1.7003665,10.223866,1.8611401,0.9547784,1.0013915,0.04
438,-24.136309,1.6126467,2.9122226,1.601095,0.8503993,1.018103,0.04
439,-24.223116,1.8120476,2.228059,1.6631655,1.0248798,1.1092479,0.04
440,-24.145996,1.646343,1.8888063,1.4065206,0.7341721,0.9427261,0.04
441,-24.195204,1.6450304,1.2956454,1.544203,0.8042555,1.0266848,0.04
442,-24.202196,1.6772107,2.0224013,1.2190543,0.8341591,0.97325236,0.04
443,-24.185457,1.6357558,3.6762064,1.2935361,0.84459645,0.972208,0.04
444,-24.21089,1.6602274,2.6655705,1.4272435,0.87691927,1.0356375,0.04
445,-24.206348,1.6112838,2.809739,1.1672002,0.73731154,0.9444678,0.04
446,-24.20417,1.7385249,2.3176658,2.3526416,1.0786294,1.0299248,0.04
447,-24.172056,1.6694782,5.3239574,1.8454156,0.78016204,0.91746014,0.04
448,-24.183874,1.7499549,7.0246344,1.1255145,0.87411374,1.0518184,0.04
449,-24.175346,1.68901,5.3211746,1.5241848,0.85298383,1.0334083,0.04
450,-24.154016,1.7971624,3.8627691,1.2840009,0.849786,1.0655084,0.04
451,-24.219057,1.7477374,1.6291096,1.3825716,0.8297564,1.0003716,0.04
452,-24.231606,1.7412215,10.984167,1.8076727,0.89636457,1.0256004,0.04
453,-24.207745,1.6068472,10.981745,1.281612,0.71698,0.8926715,0.04
454,-24.260757,1.8540891,19.18172,2.7702599,1.2175071,1.101834,0.04
455,-24.192066,1.6274137,20.434782,1.8144861,0.74991494,0.9506677,0.04
456,-24.17651,1.6509439,23.773687,1.8751186,0.920023,0.9865992,0.04
457,-24.188774,1.5956006,18.86973,1.7791563,0.82496524,0.91371655,0.04
458,-24.144087,1.520994,11.339598,1.5933048,0.7689081,1.026436,0.04
459,-24.152977,1.5686624,9.336369,1.3976309,0.8085679,0.9671118,0.04
460,-24.145489,1.5194235,7.024418,1.4096061,0.7813202,0.9678947,0.04
461,-24.181673,1.6088257,2.3833494,1.7945722,0.8779399,1.0043179,0.04
462,-24.189468,1.632971,2.5907028,2.2659307,0.81658274,0.94394547,0.04
463,-24.226547,1.558373,3.8431919,1.7406894,0.7394348,0.8871345,0.04
464,-24.21758,1.6007308,3.8640766,1.8451203,0.7806723,0.9038417,0.04
465,-24.204853,1.5603364,2.4633093,1.2251549,0.74509245,0.98192173,0.04
466,-24.176569,1.7658706,2.8571005,1.7081077,1.2835307,1.1450835,0.04
467,-24.214714,1.5598631,1.6197633,1.1648161,0.7431894,0.9043554,0.04
468,-24.232082,1.7546272,2.4793932,2.133361,0.8345658,0.97323704,0.04
469,-24.23069,1.7163011,1.440161,1.5630162,0.8754316,0.9912847,0.04
470,-24.175636,1.7024617,2.655882,1.4172274,0.9108761,0.97369516,0.04
471,-24.154741,1.7266021,4.966605,1.9378401,0.8769463,1.0367507,0.04
472,-24.20629,1.5781505,1.4359748,1.2897948,0.7092034,0.86597806,0.04
473,-24.219719,1.6301872,2.2830515,1.299464,0.7736791,0.91933715,0.04
474,-24.175453,1.7301755,1.4445678,1.9720708,1.183511,1.1739968,0.04
475,-24.19803,1.5381505,3.0946531,1.4832726,0.7942001,0.94400203,0.04
476,-24.221329,1.5975955,3.1987114,1.2947445,0.7393972,0.8759944,0.04
477,-24.223969,1.5898131,2.6335332,1.3358158,0.70688415,0.83189535,0.04
478,-24.262861,1.7929512,1.7115579,1.3656843,0.9586512,1.0540512,0.04
479,-24.259129,1.6733834,3.5365312,1.938031,0.8130282,0.96473664,0.04
480,-24.229422,1.7128675,5.8184223,1.2750151,0.85477597,0.99651396,0.04
481,-24.24622,1.6593935,4.567938,1.8439888,0.8042571,0.9537374,0.04
482,-24.189411,1.6487305,11.3317995,1.4117696,0.9038388,1.1595522,0.04
483,-24.21491,1.5754025,10.128672,1.5309395,0.79851544,0.96427554,0.04
484,-24.212778,1.5864524,10.846459,1.1389282,0.71107477,0.8939928,0.04
485,-24.23342,1.8423196,7.9316325,1.5890032,0.9588133,1.1075976,0.04
486,-24.203585,1.6700901,4.421832,1.4973748,0.74182004,0.90685934,0.04
487,-24.210865,1.6219318,3.2349696,1.3976566,0.7660356,0.99930155,0.04
488,-24.225777,1.7471267,1.5406847,1.5224515,0.9033152,1.0013423,0.04
489,-24.289381,1.62659,5.5305567,1.4515271,0.78108364,0.9729033,0.04
490,-24.20305,1.6039078,4.613927,1.802784,0.82958996,1.0222237,0.04
491,-24.200233,1.5303034,2.1554575,1.578029,0.6823411,0.9404399,0.04
492,-24.202879,1.4790667,2.8464284,1.5110079,0.6523425,0.7821212,0.04
493,-24.217493,1.6715735,1.7375174,1.2589375,0.8995369,0.9556092,0.04
494,-24.208591,1.4366298,5.4954257,1.3718666,0.6465766,0.83361953,0.04
495,-24.239157,1.5364052,8.941567,1.7880243,0.81346685,0.918768,0.04
496,-24.186357,1.5206872,5.1845603,2.1112132,0.7607274,0.87378806,0.04
497,-24.217344,1.4948608,3.0136864,1.1389467,0.73594403,0.94157016,0.04
498,-24.22753,1.6064926,4.2538075,1.6689571,1.0521094,1.030923,0.04
499,-24.275831,1.5828605,9.933944,1.3112264,0.83869725,0.885819,0.04
500,-24.221628,1.5708926,5.9897614,1.8848478,0.80997574,0.9455417,0.04
501,-24.234098,1.5144781,3.0106387,1.4826179,0.70245,0.892048,0.04
502,-24.247635,1.5075206,1.6127818,1.2894064,0.68578726,0.79171115,0.04
503,-24.189222,1.4678051,6.3685203,1.6159515,0.697765,0.8941258,0.04
504,-24.209467,1.5038245,6.8262258,1.2366412,0.7533337,0.9289714,0.04
505,-24.249626,1.4222937,7.1202574,1.012892,0.64363205,0.83002794,0.04
506,-24.194447,1.4976928,7.250409,1.2957624,0.6329369,0.8416338,0.04
507,-24.27719,1.4895779,3.9613547,1.7630315,0.64663804,0.8340401,0.04
508,-24.24953,1.5646446,7.869764,1.4688709,0.69758165,0.9085152,0.04
509,-24.254019,1.5599937,6.2627096,1.6529906,0.7961968,0.89517003,0.04
510,-24.24086,1.440808,5.4723597,0.9611039,0.6279646,0.85933995,0.04
511,-24.24216,1.5229868,1.6340808,1.0821651,0.6858649,0.82999265,0.04
512,-24.220211,1.4516261,1.7584789,1.3002199,0.59985906,0.86301506,0.04
513,-24.239754,1.5181236,2.102107,1.3871535,0.923151,0.94041663,0.04
514,-24.268581,1.4166939,2.9810815,1.2600768,0.6226398,0.82544667,0.04
515,-24.252008,1.4935768,3.6905348,1.444303,0.7651072,0.9223846,0.04
516,-24.258867,1.4244114,3.1237316,1.4888973,0.66164976,0.8705609,0.04
517,-24.237606,1.4352744,4.4705133,1.3473645,0.6889856,0.87866426,0.04
518,-24.268126,1.5476687,5.19834,2.032587,0.87512445,0.91648316,0.04
519,-24.266151,1.4781091,3.018327,1.1543593,0.6557704,0.80757344,0.04
520,-24.301287,1.5099963,2.437885,1.4079185,0.724712,0.96187997,0.04
521,-24.243332,1.4411448,3.540759,1.2752904,0.7010444,0.83941555,0.04
522,-24.29885,1.5327991,1.243298,1.7917907,0.82442445,0.8805821,0.04
523,-24.242218,1.520005,3.154625,1.2776996,0.7419046,0.85382366,0.04
524,-24.284788,1.5487946,1.1191225,1.6199292,0.7709156,0.91870415,0.04
525,-24.318436,1.6084306,1.622285,1.4335256,0.81391174,0.92191553,0.04
526,-24.275526,1.500033,4.5871234,1.5261761,0.6415447,0.8057733,0.04
527,-24.274422,1.4981707,7.98594,1.1108665,0.6871417,0.84800476,0.04
528,-24.217531,1.4633313,11.914391,1.8335766,0.594063,0.7578241,0.04
529,-24.290041,1.5975131,7.648967,1.6644964,0.85241437,0.9977463,0.04
530,-24.233778,1.470359,8.937617,1.3460007,0.64652497,0.76000035,0.04
531,-24.254793,1.6107352,7.1392117,1.9142425,0.7166601,0.9343981,0.04
532,-24.269043,1.4310033,7.475795,1.394537,0.6483728,0.8528158,0.04
533,-24.233305,1.4084604,8.233557,1.5850843,0.62866336,0.82271194,0.04
534,-24.241337,1.4156317,9.804146,1.4013444,0.60261345,0.8304262,0.04
535,-24.28231,1.5053566,8.008854,1.2914956,0.6461114,0.8570977,0.04
536,-24.260042,1.547673,9.96348,1.2377173,0.65686494,0.80282867,0.04
537,-24.265867,1.4944186,11.661627,1.6436836,0.68511164,0.8426348,0.04
538,-24.29948,1.4677626,8.86136,1.0384166,0.646564,0.8512862,0.04
539,-24.265543,1.5190055,8.707046,1.3675116,0.7302626,0.9204674,0.04
540,-24.253927,1.4414808,5.8973546,1.5881613,0.6422487,0.7805712,0.04
541,-24.256044,1.4270465,7.144314,1.2395027,0.66859734,0.84573436,0.04
542,-24.275734,1.4327135,5.292064,1.3944459,0.62315226,0.8111228,0.04
543,-24.255785,1.5099128,7.927934,1.225868,0.70345473,0.8829332,0.04
544,-24.20995,1.3721113,8.005379,1.1476912,0.60647476,0.8065752,0.04
545,-24.276972,1.4222504,8.5043,1.5126933,0.6580455,0.8068609,0.04
546,-24.29039,1.5293735,7.1788397,1.3074088,0.7148165,0.8268185,0.04
547,-24.259106,1.475687,9.919531,1.6215241,0.6336108,0.85966367,0.04
548,-24.219736,1.4222172,10.869703,1.4265134,0.65453523,0.79663014,0.04
549,-24.289091,1.54305,8.190626,1.7764918,0.7469223,0.91651374,0.04
550,-24.277617,1.5789207,9.112914,1.3542906,0.66802615,0.8050988,0.04
551,-24.271456,1.4495407,7.544055,1.4484637,0.5995883,0.8102924,0.04
552,-24.240034,1.3648793,9.401818,1.0474796,0.5496615,0.69891804,0.04
553,-24.286865,1.4900535,10.047129,1.2278243,0.6005602,0.8077901,0.04
554,-24.28591,1.5462891,9.836811,1.6101091,0.78943276,1.0580631,0.04
555,-24.29712,1.6871932,8.661182,1.5768452,0.858544,0.9143488,0.04
556,-24.314823,1.5780903,5.6629376,1.4215901,0.771747,0.921575,0.04
557,-24.270689,1.404888,9.097765,1.4117306,0.63603616,0.8165338,0.04
558,-24.27078,1.4367055,10.282338,1.562752,0.5920812,0.82960564,0.04
559,-24.26025,1.367177,10.499496,1.3441683,0.58945376,0.78881365,0.04
560,-24.243153,1.4656551,9.94534,1.2123066,0.6219999,0.7884934,0.04
561,-24.246073,1.3910561,9.41321,1.2117221,0.55869806,0.70833415,0.04
562,-24.298952,1.5317991,9.314794,1.2071686,0.7115018,0.8752048,0.04
563,-24.241398,1.3920816,11.258531,1.2567855,0.62959504,0.829445,0.04
564,-24.210855,1.3314553,13.572905,1.1512135,0.5238366,0.7263038,0.04
565,-24.263672,1.5519551,9.28793,1.2109725,0.81656575,0.9212636,0.04
566,-24.2756,1.4643438,8.380613,1.2940716,0.6089122,0.7997246,0.04
567,-24.246658,1.3323135,9.965992,1.7377193,0.57716703,0.7818413,0.04
568,-24.24706,1.319452,11.338765,1.1871051,0.54352784,0.7117984,0.04
569,-24.25549,1.3616134,10.966954,1.3589176,0.5623515,0.75688034,0.04
570,-24.2902,1.4571155,9.851546,1.525494,0.6074844,0.80539155,0.04
571,-24.24966,1.3763584,12.351893,1.5418502,0.5531615,0.79417866,0.04
572,-24.312876,1.4795136,12.179215,1.5940795,0.6034803,0.83342797,0.04
573,-24.267344,1.5015682,10.5710945,1.7588774,0.6657688,0.8446026,0.04
574,-24.274675,1.4706339,9.682693,1.1581768,0.6066649,0.836439,0.04
575,-24.287443,1.5567042,8.619692,1.1539094,0.6558258,0.76038903,0.04
576,-24.24819,1.4550837,9.631184,1.118286,0.5812009,0.75402725,0.04
577,-24.270191,1.399635,9.838224,1.3695306,0.58855826,0.7300153,0.04
578,-24.26236,1.4145224,9.3087225,1.1407939,0.55754656,0.82577145,0.04
579,-24.26311,1.4445227,10.486604,1.3513739,0.63239527,0.7583969,0.04
580,-24.255335,1.4349272,9.532855,1.2981362,0.61636305,0.7798937,0.04
581,-24.237774,1.3922086,10.889413,1.0333734,0.58703345,0.82016385,0.04
582,-24.264015,1.442641,10.505948,1.4113585,0.6977722,0.8585813,0.04
583,-24.251686,1.4217033,11.507858,1.369855,0.56471175,0.7438667,0.04
584,-24.217113,1.362607,11.37709,1.2355142,0.5716813,0.7695355,0.04
585,-24.279364,1.4426501,8.939825,1.8090813,0.5789558,0.74925125,0.04
586,-24.260704,1.4994565,9.541739,1.1589652,0.6555376,0.8998834,0.04
587,-24.244307,1.4427987,11.076328,1.461583,0.58254176,0.7102098,0.04
588,-24.262308,1.477653,10.381537,1.6479939,0.64332646,0.8544854,0.04
589,-24.262363,1.36767,8.887523,1.3116735,0.54306483,0.7659252,0.04
590,-24.265734,1.3907723,11.275168,0.92482626,0.6046805,0.73596674,0.04
591,-24.258854,1.5390338,11.097549,1.6459953,0.81908774,0.9431069,0.04
592,-24.251385,1.4445759,13.148682,1.542815,0.5699815,0.7237702,0.04
593,-24.258547,1.4055244,11.358768,1.4902661,0.60539144,0.7756219,0.04
594,-24.247915,1.4117715,11.238955,1.1531414,0.56825346,0.71829826,0.04
595,-24.262218,1.4574322,11.575748,1.4434407,0.5719321,0.8156523,0.04
596,-24.28231,1.3584852,10.612759,1.39136,0.4999349,0.7445567,0.04
597,-24.252398,1.3526235,9.292732,1.001737,0.509327,0.7052002,0.04
598,-24.307125,1.5180405,9.250881,1.122598,0.599351,0.7335255,0.04
599,-24.269196,1.4008071,9.819954,1.0300786,0.53094304,0.73486435,0.04
600,-24.25299,1.307757,11.562146,1.0603375,0.50087535,0.6876281,0.04
601,-24.235075,1.4264404,9.649741,1.3344917,0.60984147,0.8057476,0.04
602,-24.240883,1.4132985,9.962921,1.1802685,0.53363305,0.6978989,0.04
603,-24.238783,1.3796993,11.085022,1.1823206,0.5894063,0.8135442,0.04
604,-24.292652,1.3208487,9.549427,1.3673167,0.5244323,0.73043466,0.04
605,-24.278488,1.4074086,9.230305,1.5030363,0.61740804,0.79957265,0.04
606,-24.303637,1.3348457,9.018451,1.1634523,0.50895864,0.7128387,0.04
607,-24.263964,1.2420684,11.443756,1.4366393,0.4545235,0.645447,0.04
608,-24.245459,1.2768285,8.917433,1.1147935,0.5097606,0.6897935,0.04
609,-24.23537,1.2968588,11.030763,1.0634614,0.5243452,0.67317414,0.04
610,-24.317907,1.4769446,9.1370735,1.3498639,0.6660913,0.8787907,0.04
611,-24.26618,1.2845802,10.0537195,1.1381692,0.54018676,0.69639516,0.04
612,-24.262203,1.326302,9.152219,1.090869,0.55567586,0.7337441,0.04
613,-24.283102,1.3141435,9.392511,1.2881408,0.51408046,0.70346045,0.04
614,-24.274311,1.3345736,9.784987,1.0137815,0.53456235,0.7233923,0.04
615,-24.293663,1.2980719,10.346724,1.4421656,0.50484407,0.7444993,0.04
616,-24.256426,1.2753972,10.681114,0.7818134,0.50114775,0.67412454,0.04
617,-24.311771,1.4130665,8.992629,1.1801132,0.57963437,0.7893584,0.04
618,-24.242407,1.3022475,10.670743,1.27634,0.5016314,0.7013265,0.04
619,-24.278702,1.2724954,10.564924,1.366887,0.49575323,0.7042386,0.04
620,-24.282827,1.267768,12.6609745,1.0565888,0.48912698,0.6689016,0.04
621,-24.275719,1.4209135,11.044503,1.3452766,0.6114045,0.79511356,0.04
622,-24.224085,1.2815953,9.759,1.2023491,0.47327912,0.6741728,0.04
623,-24.297007,1.387331,9.985494,1.3133112,0.53081715,0.7273763,0.04
624,-24.27162,1.3106285,11.146458,1.1537021,0.5225203,0.69244325,0.04
625,-24.30635,1.3455151,9.893926,0.9572179,0.5536088,0.7635884,0.04
626,-24.276777,1.332941,10.896467,1.0201178,0.5616935,0.72884804,0.04
627,-24.291317,1.3211734,10.352179,1.1380415,0.5086086,0.6910471,0.04
628,-24.235207,1.2359598,12.4883795,1.1014519,0.45768017,0.68425804,0.04
629,-24.235329,1.3342118,8.895276,1.2254819,0.54835755,0.71663857,0.04
630,-24.253815,1.315309,10.488088,1.1286519,0.49161634,0.7109674,0.04
631,-24.260883,1.2329386,9.529226,1.5111033,0.49920806,0.70857483,0.04
632,-24.266745,1.3782862,8.175228,1.5343388,0.9396386,0.7368843,0.04
633,-24.280064,1.3158962,10.068467,1.0884396,0.6048933,0.7100164,0.04
634,-24.273735,1.2719748,10.025637,1.2128259,0.4768968,0.6858461,0.04
635,-24.23615,1.2766074,9.7495165,1.1698171,0.48112145,0.6824339,0.04
636,-24.245405,1.2942431,8.582276,1.1699979,0.5241528,0.7009063,0.04
637,-24.282898,1.2262397,11.931194,1.0294656,0.4724444,0.6327784,0.04
638,-24.257973,1.2156428,10.299831,1.250895,0.45575938,0.6503758,0.04
639,-24.278816,1.2692642,9.179555,1.2253684,0.47174093,0.6563482,0.04
640,-24.31621,1.241433,9.279379,1.0912012,0.45261288,0.6206408,0.04
641,-24.266405,1.265764,9.093781,1.1551838,0.49161208,0.70735765,0.04
642,-24.267921,1.2618238,8.835451,1.1989744,0.48867583,0.66641504,0.04
643,-24.26445,1.2165742,9.011607,1.055736,0.4923393,0.6694315,0.04
644,-24.284784,1.230556,11.058812,1.1087534,0.5013408,0.6265406,0.04
645,-24.261364,1.1110272,10.030533,1.202923,0.40495947,0.5543908,0.04
646,-24.285994,1.2425736,9.805397,1.2218896,0.44503328,0.65488285,0.04
647,-24.28194,1.1925206,9.907738,1.6317703,0.46623427,0.6621722,0.04
648,-24.269972,1.2263317,9.835204,1.0148007,0.45338833,0.6292043,0.04
649,-24.276018,1.2303597,8.869773,1.4080342,0.47214466,0.64320654,0.04
650,-24.26164,1.2016783,8.4765215,1.5133151,0.450258,0.6481851,0.04
651,-24.276024,1.2248944,7.9546328,1.2081897,0.53221995,0.6898002,0.04
652,-24.212502,1.1712236,10.420115,1.4969275,0.4182093,0.6490691,0.04
653,-24.309668,1.3943456,8.282281,1.4895519,0.62369454,0.8572658,0.04
654,-24.286037,1.23632,10.023165,1.352877,0.45812157,0.6002428,0.04
655,-24.275854,1.2113,10.025326,1.0264587,0.436022,0.63876283,0.04
656,-24.298613,1.2783674,6.7784305,1.6972104,0.46631494,0.630854,0.04
657,-24.270668,1.2771686,9.156913,1.4913868,0.503649,0.6955772,0.04
658,-24.29314,1.2990676,9.986128,1.1997198,0.47720462,0.66673255,0.04
659,-24.28325,1.184829,10.23698,1.0932355,0.42279366,0.6279106,0.04
660,-24.269121,1.2354362,9.94252,1.1348075,0.45036778,0.6455074,0.04
661,-24.255728,1.2722381,9.745694,1.362171,0.47050628,0.6850923,0.04
662,-24.277588,1.1729897,11.28967,1.511235,0.41430864,0.59257054,0.04
663,-24.285988,1.2023909,6.7420235,2.044143,0.44322473,0.6367314,0.04
664,-24.245893,1.1659262,11.36256,1.1280557,0.428134,0.6015057,0.04
665,-24.288828,1.2425101,10.012258,1.3562931,0.47266752,0.65195143,0.04
666,-24.316034,1.278453,9.58313,1.3152235,0.5203695,0.6445556,0.04
667,-24.299961,1.2411324,9.112701,1.3163481,0.512797,0.6574859,0.04
668,-24.292171,1.2387859,9.304069,1.7286292,0.49185652,0.67032504,0.04
669,-24.331247,1.336553,9.033242,1.801965,0.48103723,0.6431624,0.04
670,-24.283028,1.1668768,8.946546,1.2137939,0.4239022,0.612539,0.04
671,-24.308245,1.256456,9.224674,1.4314916,0.514456,0.6396948,0.04
672,-24.271315,1.1983609,8.7908,1.239393,0.45191434,0.6258322,0.04
673,-24.284355,1.1879139,8.863444,1.587644,0.41704622,0.6243662,0.04
674,-24.305166,1.1916533,9.0532465,1.4576231,0.45417738,0.6295617,0.04
675,-24.294329,1.2147511,8.920743,1.5493387,0.5153217,0.61733,0.04
676,-24.268831,1.1578519,9.192794,1.5032933,0.42665014,0.6418327,0.04
677,-24.26073,1.1325569,9.188571,1.0070432,0.41519076,0.60281897,0.04
678,-24.31411,1.20219,9.901346,0.9814218,0.44000947,0.64492154,0.04
679,-24.301453,1.1463829,9.147402,1.6738505,0.41918397,0.6152321,0.04
680,-24.28351,1.1148125,8.68681,1.2164611,0.41519216,0.60610414,0.04
681,-24.327982,1.1861621,8.580014,1.1194923,0.42935947,0.6227238,0.04
682,-24.288643,1.1326522,9.727853,1.1668766,0.40908298,0.62469655,0.04
683,-24.302437,1.182096,9.986396,1.299668,0.43236437,0.6857185,0.04
684,-24.25973,1.0950638,8.639551,1.309197,0.425332,0.5833281,0.04
685,-24.297628,1.0960335,9.961736,1.27673,0.42863455,0.5701371,0.04
686,-24.292385,1.1446487,11.391629,1.5476947,0.3725579,0.56189346,0.04
687,-24.273752,1.0734694,9.635337,1.2341652,0.3819032,0.5670638,0.04
688,-24.305008,1.1810956,9.971843,1.3846774,0.48857787,0.6590117,0.04
689,-24.276066,1.1245348,9.432692,1.3412704,0.4100989,0.6023871,0.04
690,-24.297342,1.1641828,10.353433,1.2269019,0.4092618,0.59670717,0.04
691,-24.296621,1.1795309,8.4676285,1.2354575,0.45979944,0.61201113,0.04
692,-24.336166,1.1635141,6.7370753,1.0893341,0.42289054,0.56747043,0.04
693,-24.325304,1.1768125,9.013772,1.065508,0.42320812,0.63580936,0.04
694,-24.285137,1.1157199,9.470619,1.3878266,0.41622305,0.63503975,0.04
695,-24.283941,1.5842133,8.021759,2.2408497,0.9779308,0.84951156,0.04
696,-24.294508,1.2573246,7.7513456,2.0128286,0.42356923,0.6312679,0.04
697,-24.28589,1.1208034,9.0285015,1.2925881,0.38449013,0.59292,0.04
698,-24.278429,1.1002702,10.293836,1.2966224,0.4177017,0.55007297,0.04
699,-24.25898,1.1401637,10.855685,1.3049103,0.4203718,0.6332252,0.04
700,-24.27161,1.0796368,9.332473,1.0603495,0.3724382,0.5889781,0.04
701,-24.27917,1.1138839,9.05176,1.1604449,0.39518288,0.6004861,0.04
702,-24.311472,1.1067336,9.563205,1.2365721,0.37658507,0.51845866,0.04
703,-24.303823,1.1723679,11.119776,1.3141149,0.4379043,0.6074344,0.04
704,-24.291155,1.1828352,9.357797,1.3534001,0.43549472,0.62925893,0.04
705,-24.28809,1.0733241,12.145083,1.4260621,0.35852075,0.5407828,0.04
706,-24.302492,1.022589,9.660768,0.98071164,0.3344326,0.55182326,0.04
707,-24.331192,1.0796243,8.819613,1.1275342,0.36788842,0.5755644,0.04
708,-24.30457,1.1727958,8.093323,1.5374202,0.43526092,0.6065191,0.04
709,-24.274656,1.0387133,9.875245,1.9012026,0.38186434,0.57048607,0.04
710,-24.306824,1.1065242,9.225289,1.2546374,0.4116615,0.59245986,0.04
711,-24.292175,1.0684385,8.982049,1.4159455,0.38536328,0.56435496,0.04
712,-24.318316,1.0792001,8.306942,1.4305576,0.36755383,0.56882465,0.04
713,-24.30575,1.0338143,9.946011,1.811686,0.36522704,0.5912111,0.04
714,-24.297152,1.0766513,8.921758,1.3518047,0.40980172,0.55181843,0.04
715,-24.292965,1.0724906,10.358187,1.3923392,0.3902496,0.56937766,0.04
716,-24.321398,1.1153715,11.519954,1.7446456,0.36935917,0.6140564,0.04
717,-24.303541,1.0898362,9.148254,1.9055037,0.4050723,0.5800603,0.04
718,-24.304047,1.0244757,9.938495,1.3440403,0.34410983,0.5508686,0.04
719,-24.300488,1.0511171,8.480832,1.0195088,0.37413707,0.5440595,0.04
720,-24.333382,1.0561682,9.132265,1.3297725,0.3739656,0.5559995,0.04
721,-24.306368,1.0925527,8.087047,1.5118936,0.36359853,0.558637,0.04
722,-24.32313,1.1624309,7.0738316,1.592581,0.44395798,0.62367266,0.04
723,-24.299269,1.0355608,7.9062457,1.288977,0.3830903,0.5634704,0.04
724,-24.312454,0.99475485,10.478429,1.2604123,0.36629108,0.54964876,0.04
725,-24.328875,1.0420693,8.122117,1.285669,0.37764174,0.5304382,0.04
726,-24.30291,1.0940703,9.338676,1.8546925,0.55516464,0.5750868,0.04
727,-24.311981,1.0072718,9.525761,1.3450074,0.35288587,0.5403356,0.04
728,-24.298721,0.95047855,9.671528,1.3715427,0.3156504,0.52407384,0.04
729,-24.302193,1.0260544,8.670439,1.687963,0.36754823,0.57245976,0.04
730,-24.3074,0.9514287,9.216601,1.6841539,0.30453634,0.5035713,0.04
731,-24.309391,0.927878,8.769258,1.5358943,0.2897044,0.5232372,0.04
732,-24.339481,1.0824857,9.21893,1.4745972,0.36565036,0.52949846,0.04
733,-24.320717,0.9473513,9.23308,1.2968469,0.31692517,0.52722687,0.04
734,-24.308884,0.883803,11.327656,1.5648994,0.27116734,0.5194296,0.04
735,-24.326077,0.93123037,10.324219,1.9458438,0.2983206,0.53318363,0.04
736,-24.32763,0.9559756,7.7725625,1.5952197,0.30850738,0.50369316,0.04
737,-24.331823,0.9138076,9.478163,1.353597,0.29466754,0.47337142,0.04
738,-24.353226,0.9139264,7.9894266,1.2864153,0.28541842,0.49321458,0.04
739,-24.305317,0.8773817,10.231302,1.326241,0.2686599,0.50759155,0.04
740,-24.337635,0.874239,9.885582,1.7236253,0.28599897,0.50427115,0.04
741,-24.337465,0.8986915,8.889733,1.4364827,0.31050813,0.5093179,0.04
742,-24.359964,0.84730136,10.410722,1.5813379,0.27621165,0.450136,0.04
743,-24.333294,0.8249194,7.904869,1.5177448,0.25873664,0.46986172,0.04
744,-24.330692,0.7996875,10.18784,1.3235705,0.24064772,0.45361733,0.04
745,-24.331469,0.7968685,9.294599,1.3533114,0.25899062,0.4813107,0.04
746,-24.331879,0.7943151,8.709575,1.2848959,0.24288951,0.45826608,0.04
747,-24.343634,0.7594154,9.613276,1.3391639,0.21448003,0.45691392,0.04
748,-24.347319,0.7555505,9.475133,1.443234,0.24051474,0.4558476,0.04
749,-24.358946,0.7739989,8.940113,1.2684264,0.23017308,0.4517488,0.04
750,-24.332985,0.7673891,9.30814,1.3030019,0.30317017,0.44988078,0.04
751,-24.348682,0.7719727,8.98795,1.0436654,0.23458196,0.44125414,0.04
752,-24.33876,0.7229752,8.113217,1.0474386,0.21790639,0.45407662,0.04
753,-24.330376,0.738355,8.042168,1.5760038,0.21127282,0.45310014,0.04
754,-24.355629,0.76965475,11.192336,1.5284117,0.24413148,0.44490242,0.04
755,-24.350245,0.75708914,8.939632,1.2597126,0.24958299,0.46728623,0.04
756,-24.336798,0.7176785,8.514339,1.0353993,0.21389203,0.44354948,0.04
757,-24.330656,0.6990824,11.14884,1.0842685,0.2043069,0.43963987,0.04
758,-24.349985,0.7179412,8.655786,1.1099011,0.21252966,0.4354071,0.04
759,-24.365236,0.7428434,8.431192,1.0214564,0.2424252,0.4363252,0.04
760,-24.354742,0.70151925,9.410467,1.0674788,0.20540023,0.42905703,0.04
761,-24.341215,0.67914313,9.275149,1.2462146,0.18680015,0.42786565,0.04
762,-24.344051,0.70986885,8.069183,1.2190071,0.21510082,0.4583213,0.04
763,-24.342106,0.7048935,8.522735,0.83507967,0.2147523,0.45836544,0.04
764,-24.350515,0.7130549,7.764948,1.003901,0.20217922,0.4485357,0.04
765,-24.343847,0.7335767,7.437722,0.8939502,0.23094685,0.4652996,0.04
766,-24.338326,0.6792909,7.2099657,0.9459722,0.21156746,0.43304354,0.04
767,-24.339085,0.6851488,6.699795,0.8305005,0.20794742,0.43986154,0.04
768,-24.356173,0.70279545,8.255242,0.74658483,0.20708036,0.43372992,0.04
769,-24.364162,0.68481666,8.17634,0.88294524,0.21576297,0.4378882,0.04
770,-24.347206,0.666703,8.121224,0.95453596,0.18583739,0.44646624,0.04
771,-24.337648,0.6716319,9.564904,1.1498353,0.18749519,0.4311751,0.04
772,-24.34993,0.6371236,8.613083,0.9214238,0.18426237,0.40456408,0.04
773,-24.35888,0.72491926,8.933675,1.1318829,0.24253942,0.46461126,0.04
774,-24.356087,0.66423285,8.501265,1.1094372,0.19195181,0.4193819,0.04
775,-24.356258,0.6415132,9.470679,1.160228,0.16361885,0.39420718,0.04
776,-24.3409,0.6489343,10.35627,1.0832249,0.1832252,0.42105713,0.04
777,-24.36073,0.6768298,8.597423,1.1686672,0.20407891,0.41966957,0.04
778,-24.347198,0.6439388,8.97287,1.0976198,0.17223407,0.43487376,0.04
779,-24.360384,0.62040764,8.232895,1.1071296,0.1784413,0.39409053,0.04
780,-24.362816,0.6593038,9.070786,1.1975803,0.18342558,0.4407669,0.04
781,-24.351141,0.6474002,9.908573,0.97954094,0.18968175,0.4173708,0.04
782,-24.36648,0.6626912,8.777084,0.87282854,0.18984929,0.4578418,0.04
783,-24.36639,0.6714809,8.897044,0.9731333,0.199907,0.4464546,0.04
784,-24.356606,0.70770246,9.148582,0.8467411,0.22413625,0.42184204,0.04
785,-24.356497,0.66219586,8.387413,0.75706863,0.19382015,0.3996301,0.04
786,-24.367388,0.61881423,9.223397,0.7602138,0.16713312,0.38338387,0.04
787,-24.357534,0.6545288,9.340219,0.81609374,0.17908388,0.3960175,0.04
788,-24.378967,0.6468673,9.484236,0.977411,0.17740047,0.41026008,0.04
789,-24.386473,0.68351376,10.275481,0.90765417,0.22366263,0.40645888,0.04
790,-24.3647,0.6188362,9.575994,1.152714,0.16546296,0.4088729,0.04
791,-24.378757,0.63872653,9.388823,0.935371,0.19914341,0.4200361,0.04
792,-24.367966,0.6276235,9.0727825,0.9544036,0.17957793,0.37532955,0.04
793,-24.356833,0.59130794,8.562679,0.9766067,0.16537173,0.35632128,0.04
794,-24.340776,0.5894094,6.937136,1.0081393,0.16477804,0.36602244,0.04
795,-24.365166,0.61627096,6.976952,0.9422341,0.17242101,0.3897089,0.04
796,-24.370058,0.6212543,8.45558,0.97005,0.169283,0.38346282,0.04
797,-24.35648,0.60522634,8.290121,0.82365537,0.1547945,0.37417173,0.04
798,-24.382135,0.63192546,10.3359995,0.9976612,0.1857989,0.3794809,0.04
799,-24.356218,0.6042141,8.78614,0.8099114,0.16501574,0.38174954,0.04
800,-24.367985,0.61841726,8.743428,0.8745595,0.17190626,0.39655662,0.04
801,-24.365812,0.6295347,9.690451,1.0145695,0.16251884,0.39462447,0.04
802,-24.367043,0.62590504,10.948142,0.8538891,0.1709562,0.3811757,0.04
803,-24.37443,0.6198817,9.390578,0.89308554,0.15713502,0.39273652,0.04
804,-24.356329,0.61456937,9.488644,0.9295892,0.17244358,0.3647115,0.04
805,-24.373129,0.64962506,8.586143,0.85422236,0.17575486,0.3934983,0.04
806,-24.350536,0.57810724,6.8831162,0.6765632,0.16072904,0.36088294,0.04
807,-24.357504,0.6002662,8.982117,0.83179057,0.16049278,0.3686705,0.04
808,-24.365942,0.6318867,9.257447,0.9952498,0.20047876,0.39053848,0.04
809,-24.353397,0.60652393,9.392396,0.8554093,0.16579778,0.3964377,0.04
810,-24.361536,0.6434828,8.17693,0.95277923,0.24877681,0.440347,0.04
811,-24.35371,0.5988331,7.831001,0.70616436,0.16280483,0.3810279,0.04
812,-24.351946,0.60771793,7.484859,0.68772125,0.18431938,0.40405506,0.04
813,-24.36384,0.61961085,8.36836,0.76252216,0.17256208,0.351107,0.04
814,-24.361647,0.565744,9.661474,0.86447585,0.14584513,0.34779662,0.04
815,-24.36629,0.60143894,8.337932,1.0338101,0.18004674,0.39482883,0.04
816,-24.358967,0.5959643,9.789125,0.95775443,0.16048789,0.37612876,0.04
817,-24.35801,0.6097851,9.017819,0.838327,0.20219286,0.37645298,0.04
818,-24.345238,0.564807,9.878682,0.8761465,0.14695981,0.33664814,0.04
819,-24.357063,0.57353914,10.120534,0.66715807,0.13757452,0.3246135,0.04
0,-24.357023,0.5743727,10.128234,0.6848806,0.13729788,0.32474688,0.04
1,-24.384764,0.61650217,9.443442,0.58831763,0.16844359,0.38062385,0.04
2,-24.383913,0.6192915,9.958194,0.67285395,0.16926138,0.36055875,0.04
3,-24.360136,0.63621616,11.367397,0.955634,0.16394924,0.37103298,0.04
4,-24.348635,0.6041857,8.547262,0.80566233,0.17082527,0.3603648,0.04
5,-24.363058,0.62850267,8.756191,0.8976559,0.17265789,0.34971818,0.04
6,-24.366352,0.58758485,7.8547196,0.7597936,0.15871489,0.35965848,0.04
7,-24.358137,0.5998009,8.202909,1.0298451,0.1603305,0.37155885,0.04
8,-24.331326,0.5850856,8.037095,0.8547175,0.14413054,0.3503636,0.04
9,-24.358599,0.6138646,8.155942,1.1031548,0.17359813,0.37798926,0.04
10,-24.348125,0.5812537,8.874568,0.78107464,0.14164057,0.36409128,0.04
11,-24.33961,0.5762565,8.986113,0.8940789,0.14462407,0.3459758,0.04
12,-24.35319,0.62169737,9.346541,0.95658535,0.17037182,0.34694812,0.04
13,-24.345127,0.581652,8.246595,0.86159647,0.14348494,0.33880788,0.04
14,-24.344671,0.5889562,9.082387,0.8518321,0.13702174,0.366827,0.04
15,-24.345919,0.5704543,9.3644,1.1531926,0.13766412,0.35322854,0.04
16,-24.360874,0.6165943,8.525366,1.3806754,0.18411857,0.3781768,0.04
17,-24.355074,0.5949715,8.851332,0.82147175,0.15485114,0.34922254,0.04
18,-24.333307,0.61613196,9.176187,0.7058865,0.16453312,0.38687608,0.04
19,-24.330761,0.5896435,8.345428,0.68041354,0.16692643,0.356385,0.04
20,-24.348223,0.6172952,7.863709,0.7585732,0.17282695,0.36873704,0.04
21,-24.349203,0.5877046,8.440465,0.93552375,0.15378094,0.3550397,0.04
22,-24.323223,0.5816702,9.155953,0.7949113,0.14293995,0.34873596,0.04
23,-24.337152,0.57696784,8.723321,0.93382186,0.13533999,0.3506604,0.04
24,-24.349867,0.5692028,9.176575,0.8999647,0.13589765,0.35469684,0.04
25,-24.350351,0.6125807,9.197094,0.98567134,0.16517796,0.37177068,0.04
26,-24.339207,0.59504753,10.448654,0.9967878,0.15217584,0.377468,0.04
27,-24.337566,0.61516714,9.28214,0.91152114,0.15654017,0.37327573,0.04
28,-24.326834,0.5757732,8.768594,0.87135744,0.13486344,0.35441118,0.04
29,-24.32421,0.5927407,8.410946,1.0168316,0.14932933,0.39497373,0.04
30,-24.338163,0.58467036,8.882541,0.9361938,0.1456633,0.36356452,0.04
31,-24.344679,0.5872745,10.322623,1.1915057,0.1422501,0.3508146,0.04
32,-24.333988,0.60425764,9.311302,1.0500491,0.15078096,0.3377686,0.04
33,-24.328508,0.6053095,9.736025,1.3882977,0.14189346,0.3643022,0.04
34,-24.34615,0.62358665,10.54309,1.3033345,0.14295727,0.34228858,0.04
35,-24.335934,0.58874345,8.489872,0.9499475,0.15854317,0.37398142,0.04
36,-24.326921,0.58498657,8.090827,1.005753,0.14799537,0.36129242,0.04
37,-24.331413,0.5841498,9.185435,1.1406553,0.14040028,0.342604,0.04
38,-24.32559,0.5711272,8.16387,0.94050866,0.1295018,0.35024926,0.04
39,-24.33978,0.56556624,8.558815,1.0004785,0.1275105,0.3421979,0.04
40,-24.324188,0.5744091,9.525577,1.0662113,0.12912573,0.32304645,0.04
41,-24.358532,0.5786569,9.347534,0.9202369,0.13135079,0.3518296,0.04
42,-24.341759,0.59025204,9.834287,0.99420136,0.13801551,0.3492623,0.04
43,-24.33157,0.56821805,8.623268,0.9727419,0.12365052,0.33840978,0.04
44,-24.338207,0.6025315,9.047021,1.0066317,0.14245786,0.37179023,0.04
45,-24.340134,0.58546144,8.577404,1.04514,0.13878669,0.36235672,0.04
46,-24.343481,0.5807788,9.614375,0.97623265,0.13039736,0.3604219,0.04
47,-24.324278,0.5874433,9.2778635,0.94000185,0.1284738,0.36030897,0.04
48,-24.327082,0.57528716,9.156808,1.0605036,0.12895304,0.3307582,0.04
49,-24.338348,0.5742109,8.21879,0.9526906,0.13144869,0.343608,0.04
50,-24.306162,0.5653693,8.336753,0.798611,0.13558683,0.3150033,0.04
51,-24.349113,0.55600405,8.931459,0.7562714,0.12708366,0.32798287,0.04
52,-24.33598,0.5466016,8.045256,0.70256615,0.11893964,0.32497662,0.04
53,-24.337078,0.5632769,9.021419,0.7298994,0.12717806,0.33752036,0.04
54,-24.330462,0.5516591,8.947348,0.9845912,0.13304086,0.32706052,0.04
55,-24.329855,0.5520635,8.662568,0.69726527,0.13639173,0.3262971,0.04
56,-24.329992,0.552844,9.319858,0.8365071,0.114453375,0.32561633,0.04
57,-24.350845,0.55663955,9.490988,0.71327937,0.13056439,0.32910216,0.04
58,-24.345806,0.554898,10.725968,0.7154181,0.13248229,0.2955147,0.04
59,-24.33145,0.5610057,8.540971,0.72769535,0.12705088,0.33463326,0.04
60,-24.34827,0.5576663,9.191421,0.9218554,0.1325412,0.31925803,0.04
61,-24.322115,0.5604816,8.057029,0.9479656,0.12146031,0.34107336,0.04
62,-24.32152,0.56150144,9.366293,1.1524415,0.12364343,0.3252093,0.04
63,-24.336452,0.57755077,8.421214,0.9495433,0.13225876,0.35051292,0.04
64,-24.329672,0.5679167,9.285149,1.028793,0.1280497,0.34718573,0.04
65,-24.310246,0.54587597,7.3486376,0.7567834,0.12297601,0.33256716,0.04
66,-24.33926,0.5542761,9.540928,1.0427065,0.123554796,0.35237855,0.04
67,-24.349594,0.55413544,9.533347,0.9710268,0.12533988,0.32478547,0.04
68,-24.331188,0.5574905,8.817244,0.73586607,0.119003914,0.32816824,0.04
69,-24.34098,0.55993545,9.94714,0.9703673,0.1152539,0.32419682,0.04
70,-24.324629,0.55185276,8.361815,0.8788673,0.11882253,0.3162672,0.04
71,-24.316757,0.5547169,8.897079,0.8325929,0.13459724,0.34280267,0.04
72,-24.34253,0.5552381,9.314173,0.7805831,0.11330434,0.34516716,0.04
73,-24.323776,0.5661192,9.798638,0.83505046,0.12473597,0.34866878,0.04
74,-24.330406,0.5278494,9.7592,0.68459284,0.106572405,0.29618236,0.04
75,-24.332275,0.5478584,8.851629,0.73497766,0.1109331,0.3166619,0.04
76,-24.332935,0.56448466,9.728538,0.67552125,0.11496332,0.3222979,0.04
77,-24.3451,0.5398663,8.969807,0.8804048,0.11622343,0.3000052,0.04
78,-24.33173,0.53310966,8.440325,0.66599464,0.11544922,0.32494015,0.04
79,-24.326042,0.54581237,8.030206,0.7427771,0.11302647,0.32973453,0.04
80,-24.339952,0.54284567,8.341416,0.5936377,0.11110576,0.32556275,0.04
81,-24.331577,0.55919886,8.777354,0.8688047,0.12111941,0.34071183,0.04
82,-24.321926,0.55101913,9.244053,0.7808005,0.1125601,0.29856762,0.04
83,-24.340458,0.5552973,9.556289,0.846164,0.11355139,0.30861074,0.04
84,-24.345375,0.5507984,9.869428,0.7952035,0.11632964,0.32889956,0.04
85,-24.319574,0.5484376,8.197487,0.65480053,0.11353578,0.32800642,0.04
86,-24.333128,0.5345591,9.436805,0.74218875,0.10283881,0.2820653,0.04
87,-24.334923,0.5627811,9.203813,0.7696945,0.12001739,0.3180777,0.04
88,-24.321293,0.5385406,9.339209,0.662534,0.10636495,0.30447638,0.04
89,-24.354156,0.5446297,9.407275,0.77632576,0.1166249,0.30226457,0.04
90,-24.314547,0.55004627,8.6199665,0.74301255,0.12211525,0.32380378,0.04
91,-24.322258,0.5290333,8.408478,0.6383735,0.10795584,0.3160068,0.04
92,-24.330448,0.5352846,8.336198,0.57937145,0.118037626,0.3157642,0.04
93,-24.32565,0.54324543,9.192344,0.7468411,0.11485727,0.3184184,0.04
94,-24.322205,0.53872496,8.624527,0.7366703,0.11601465,0.30564442,0.04
95,-24.328451,0.5501248,9.1270075,0.7795263,0.1206598,0.3180435,0.04
96,-24.314026,0.54604584,9.189525,0.8132515,0.110990696,0.3306635,0.04
97,-24.32805,0.5492514,8.7057295,0.8122348,0.122237265,0.32715663,0.04
98,-24.330095,0.54192007,8.647023,0.6886808,0.10372193,0.31048232,0.04
99,-24.32127,0.54603267,8.516292,0.6507464,0.11568043,0.3184016,0.04
100,-24.32587,0.53648823,8.529835,0.9180576,0.10786651,0.31078672,0.04
101,-24.32319,0.546567,8.349259,0.6670567,0.117219366,0.30397382,0.04
102,-24.316786,0.5161675,8.336182,0.7242201,0.105959244,0.28893143,0.04
103,-24.332819,0.53072333,9.104386,0.9170387,0.104168065,0.3038774,0.04
104,-24.339497,0.5260737,9.394308,0.8602539,0.100698225,0.29583713,0.04
105,-24.342512,0.5319923,9.443716,0.89003485,0.10543106,0.3122655,0.04
106,-24.33065,0.5319258,9.481992,0.8719918,0.10490733,0.32218125,0.04
107,-24.327785,0.5406439,8.942412,0.9034829,0.1090758,0.30169442,0.04
108,-24.332794,0.52547085,8.685407,0.73743224,0.11011347,0.3014589,0.04
109,-24.342094,0.52711165,9.226225,0.77306217,0.10425849,0.32909974,0.04
110,-24.333466,0.5249417,9.13602,0.73494416,0.10808193,0.29620048,0.04
111,-24.334158,0.53409374,8.957737,0.71109146,0.11117987,0.31716776,0.04
112,-24.327938,0.52060705,8.798843,0.6220253,0.09960089,0.29243556,0.04
113,-24.33124,0.5160349,9.276595,0.66358066,0.0989764,0.29199168,0.04
114,-24.325617,0.5265603,9.651173,0.673188,0.09950698,0.277821,0.04
115,-24.341555,0.53650624,10.273366,0.6226875,0.10358389,0.30795553,0.04
116,-24.331953,0.52831,9.9319935,0.70896906,0.09701506,0.2911235,0.04
117,-24.332487,0.5224614,8.966046,0.4569798,0.100746036,0.2742449,0.04
118,-24.334019,0.55718035,9.663076,0.5519827,0.1083457,0.35345346,0.04
119,-24.315056,0.5136121,8.062126,0.6279719,0.09943686,0.27594984,0.04
120,-24.321117,0.52807784,8.141469,0.7293503,0.111172765,0.31509125,0.04
121,-24.316792,0.5383907,8.729495,0.72499645,0.10720592,0.28941664,0.04
122,-24.317225,0.5261812,8.8911915,0.60107183,0.09894009,0.2951998,0.04
123,-24.328327,0.529493,8.881222,0.7962016,0.10341096,0.31853676,0.04
124,-24.32211,0.52659,9.211228,0.7156,0.101719745,0.29841822,0.04
125,-24.336283,0.54000247,9.776221,0.7652732,0.10132123,0.31785807,0.04
126,-24.328943,0.53268707,9.445334,0.5990512,0.10082506,0.29136407,0.04
127,-24.324245,0.5231975,8.663222,0.6323523,0.10159129,0.2790053,0.04
128,-24.3202,0.5259954,9.127473,0.6858864,0.09678896,0.29144827,0.04
129,-24.350328,0.51391757,10.222113,0.8065908,0.096338004,0.30167392,0.04
130,-24.320036,0.5305374,8.905779,0.7832446,0.10197,0.29117247,0.04
131,-24.343739,0.52101123,10.613101,0.9118271,0.09545644,0.28214037,0.04
132,-24.341446,0.53318435,10.104051,0.8696214,0.10293614,0.2777009,0.04
133,-24.33666,0.5235453,9.482248,0.7632838,0.09434369,0.29340875,0.04
134,-24.333895,0.53761756,9.574542,0.7548133,0.10706129,0.2885772,0.04
135,-24.34191,0.51574993,8.961137,0.67179275,0.09436688,0.28723195,0.04
136,-24.326862,0.53217334,9.529317,0.7983099,0.10704785,0.28497726,0.04
137,-24.32341,0.5390213,9.874919,0.8162889,0.10130803,0.28544167,0.04
138,-24.342365,0.4922119,8.024983,0.6837868,0.092084706,0.26008585,0.04
139,-24.331911,0.51903886,8.6421175,0.63822275,0.10565884,0.27797535,0.04
140,-24.322556,0.51020175,8.89362,0.56457746,0.09797828,0.27982247,0.04
141,-24.333937,0.52675885,10.168915,0.63400763,0.09833913,0.296628,0.04
142,-24.32057,0.51849025,9.476916,0.4451885,0.09398544,0.25892287,0.04
143,-24.320423,0.52244747,9.599219,0.6114251,0.09359937,0.30459005,0.04
144,-24.331089,0.5172548,9.619352,0.793417,0.09595284,0.2559736,0.04
145,-24.337257,0.53231764,10.377626,0.7306792,0.09591181,0.2821913,0.04
146,-24.3213,0.5315842,9.43029,0.840222,0.10033454,0.2959502,0.04
147,-24.333832,0.53807205,10.555622,1.1328676,0.10223111,0.30523252,0.04
148,-24.327236,0.5279459,8.967044,0.8479069,0.09918757,0.2826485,0.04
149,-24.320166,0.5339756,9.424999,0.9750481,0.094762534,0.2635435,0.04
150,-24.322922,0.5227948,9.173403,0.8069398,0.09216044,0.2535217,0.04
151,-24.327585,0.5302035,8.371644,0.61436146,0.10153118,0.2859852,0.04
152,-24.325645,0.5284777,9.319564,0.76722455,0.10187901,0.27178136,0.04
153,-24.325176,0.52242595,8.545954,0.576225,0.09565808,0.28724337,0.04
154,-24.329203,0.5241437,9.753797,0.5592695,0.09422765,0.26059514,0.04
155,-24.322132,0.54402065,11.031104,0.6529805,0.093037985,0.2759173,0.04
156,-24.31975,0.52130777,8.285383,0.5412744,0.09085168,0.2934697,0.04
157,-24.309872,0.51756924,8.935671,0.51214415,0.09329103,0.2648035,0.04
158,-24.313667,0.52119184,9.047813,0.58435506,0.09114671,0.272153,0.04
159,-24.33173,0.5240772,8.775905,0.6299681,0.08936365,0.275788,0.04
160,-24.317335,0.5245359,8.825056,0.48244715,0.094662145,0.28054506,0.04
161,-24.32591,0.5105295,8.202892,0.57586604,0.09295248,0.2699352,0.04
162,-24.322472,0.5328721,9.816792,0.5293224,0.09738638,0.29088664,0.04
163,-24.335127,0.52207947,9.333939,0.61682713,0.08856365,0.27759376,0.04
164,-24.320728,0.511197,8.955703,0.54061097,0.08698641,0.27011302,0.04
165,-24.31303,0.5238732,9.124897,0.6203166,0.1006621,0.26596877,0.04
166,-24.312428,0.5323524,9.529114,0.5702148,0.10072139,0.28232497,0.04
167,-24.319288,0.51991576,9.121403,0.6747849,0.09195886,0.2630413,0.04
168,-24.323977,0.5258297,9.70607,0.9256089,0.096736364,0.2890756,0.04
169,-24.337473,0.52068675,10.727378,0.7211004,0.091938846,0.26265493,0.04
170,-24.333153,0.5188157,9.858815,0.8934667,0.0923987,0.28573117,0.04
171,-24.331495,0.5278357,8.941895,0.77197397,0.09528089,0.28566015,0.04
172,-24.312973,0.54279244,10.41429,0.7420793,0.09522256,0.28015542,0.04
173,-24.314423,0.5484697,9.965573,0.7351136,0.098789975,0.2771695,0.04
174,-24.325819,0.509088,8.413293,0.68624574,0.09193371,0.284228,0.04
175,-24.35052,0.5152807,9.750668,0.84766734,0.091029085,0.27774805,0.04
176,-24.319235,0.51814544,9.632389,0.5550821,0.08900062,0.252056,0.04
177,-24.323921,0.5178338,9.6386,0.6288194,0.08675789,0.28504407,0.04
178,-24.332218,0.5138008,8.218893,0.4911253,0.0957101,0.29056907,0.04
179,-24.312605,0.50548005,8.364665,0.6915162,0.08747817,0.27396297,0.04
180,-24.315746,0.5237584,9.414045,0.68002576,0.08832523,0.25342566,0.04
181,-24.318325,0.5113226,9.732659,0.72654104,0.08414298,0.25194854,0.04
182,-24.320026,0.5230016,8.950295,0.7614952,0.10129147,0.25218347,0.04
183,-24.32258,0.5081801,9.640484,1.0306145,0.08492529,0.27756372,0.04
184,-24.321121,0.4969403,8.813445,0.94062847,0.08531973,0.25030988,0.04
185,-24.317875,0.50544906,8.786341,0.6797982,0.08538146,0.26327592,0.04
186,-24.321379,0.5245027,9.160276,0.5460835,0.0988453,0.281978,0.04
187,-24.319977,0.5260312,10.40261,0.44777587,0.09136993,0.27694806,0.04
188,-24.312141,0.5283811,10.019265,0.46725485,0.09254006,0.28329757,0.04
189,-24.32276,0.538525,10.864708,0.5356891,0.10321255,0.28469828,0.04
190,-24.318907,0.5164481,9.252427,0.46193182,0.088227466,0.2697937,0.04
191,-24.332687,0.50233734,9.783369,0.5680787,0.08380442,0.2383999,0.04
192,-24.320566,0.5063632,9.282669,0.59302634,0.087030895,0.25197092,0.04
193,-24.318335,0.5132256,9.586655,0.45365113,0.092551984,0.2637982,0.04
194,-24.31528,0.52169764,9.759231,0.42741087,0.09710854,0.26921725,0.04
195,-24.32011,0.5016049,8.888748,0.34990835,0.0883452,0.27112418,0.04
196,-24.310057,0.5118231,7.940916,0.35776228,0.09368539,0.30241895,0.04
197,-24.317648,0.5245285,8.617201,0.54181784,0.12094717,0.25508666,0.04
198,-24.330187,0.513041,9.826819,0.45256913,0.08622018,0.24606907,0.04
199,-24.311243,0.49580154,8.22491,0.53630304,0.08936141,0.26856133,0.04
200,-24.341448,0.50285953,10.325794,0.4367401,0.08586953,0.22637835,0.04
201,-24.32311,0.48941988,8.791375,0.41929507,0.08161846,0.24583039,0.04
202,-24.320992,0.49554685,8.86079,0.4282982,0.088799305,0.25912327,0.04
203,-24.32373,0.5122658,9.397951,0.40612876,0.08449767,0.24523884,0.04
204,-24.309105,0.50275755,9.257929,0.4470243,0.08255885,0.24804768,0.04
205,-24.319183,0.5059677,9.101305,0.5149092,0.08522482,0.25239998,0.04
206,-24.292658,0.5136828,8.477393,0.6044546,0.089285955,0.2551909,0.04
207,-24.295626,0.49667504,7.8539824,0.58436763,0.08411793,0.25071117,0.04
208,-24.319756,0.50921345,8.921513,0.8207551,0.085768536,0.25923803,0.04
209,-24.302849,0.5088834,8.859382,0.7307322,0.08773721,0.24377432,0.04
210,-24.317732,0.5338492,11.572523,0.4926329,0.082021385,0.26292574,0.04
211,-24.320724,0.5060028,9.426277,0.433012,0.087559894,0.24304454,0.04
212,-24.328867,0.4992099,9.636634,0.5865467,0.080632746,0.22903286,0.04
213,-24.311644,0.5090802,8.741083,0.50080127,0.082555704,0.25685972,0.04
214,-24.319525,0.50885177,8.600146,0.40509495,0.08635236,0.26641044,0.04
215,-24.327152,0.54176885,10.061185,0.5183723,0.09435811,0.28971598,0.04
216,-24.311577,0.5157821,9.158683,0.36038756,0.08862181,0.26092082,0.04
217,-24.320398,0.50203174,8.623416,0.45446968,0.09327933,0.26586235,0.04
218,-24.31534,0.49683946,7.9886937,0.32748142,0.08384278,0.2579768,0.04
219,-24.310503,0.50397646,9.14205,0.35468835,0.07980834,0.24216406,0.04
220,-24.337255,0.5099916,10.222341,0.38794315,0.090163074,0.24614432,0.04
221,-24.334051,0.50851715,8.936811,0.71318156,0.09284493,0.27250713,0.04
222,-24.323229,0.49643677,8.921608,0.61958414,0.0862102,0.26717418,0.04
223,-24.326675,0.49769014,9.459254,0.58820206,0.0806537,0.2539127,0.04
224,-24.310427,0.49919933,8.765582,0.54780287,0.086765945,0.26440564,0.04
225,-24.319107,0.5027376,9.654195,0.6782055,0.0878458,0.24728948,0.04
226,-24.328457,0.48209068,9.259287,0.84285563,0.08395371,0.22732688,0.04
227,-24.308283,0.5041264,8.895242,0.8044128,0.09547018,0.24875379,0.04
228,-24.33468,0.4929555,9.229392,0.88261133,0.0894283,0.24530976,0.04
229,-24.307472,0.48880982,8.6304,0.7770768,0.0824316,0.24955569,0.04
230,-24.330812,0.49308908,8.291621,0.6454563,0.08826431,0.24935141,0.04
231,-24.327923,0.49258596,9.49377,0.67469275,0.0781825,0.24232644,0.04
232,-24.343493,0.5202135,11.418923,0.851664,0.086325996,0.2446605,0.04
233,-24.321976,0.5013272,9.982536,0.7157941,0.08393491,0.25160763,0.04
234,-24.317396,0.507121,9.735409,0.59123766,0.08656395,0.2552819,0.04
235,-24.324852,0.49317813,9.007049,0.74013937,0.0850878,0.23667514,0.04
236,-24.315212,0.48964754,9.102227,0.6301618,0.082673214,0.23541085,0.04
237,-24.326061,0.48972768,9.640344,0.75746113,0.078616574,0.23041078,0.04
238,-24.317646,0.50655377,9.40848,0.655376,0.09086983,0.23996718,0.04
239,-24.31717,0.5013797,8.801753,0.72099715,0.08257148,0.2517889,0.04
240,-24.316275,0.517463,9.579838,0.79186505,0.090923615,0.2626035,0.04
241,-24.319523,0.50861543,9.856687,0.7254722,0.08267468,0.24751003,0.04
242,-24.341543,0.49981645,9.999451,0.5926708,0.08616675,0.2368556,0.04
243,-24.313044,0.50987154,9.716265,0.58269894,0.0841278,0.2394782,0.04
244,-24.329718,0.52005553,10.827307,0.7411395,0.08782684,0.22604972,0.04
245,-24.301975,0.4959521,8.240011,0.4831026,0.08115864,0.23444979,0.04
246,-24.302094,0.5063644,7.563883,0.4967839,0.09157932,0.25660992,0.04
247,-24.315392,0.50170213,8.587153,0.6001841,0.07988723,0.24112909,0.04
248,-24.318268,0.50399256,8.986104,0.56490046,0.082404524,0.25421166,0.04
249,-24.316593,0.5046514,8.444717,0.6765736,0.08308503,0.24479742,0.04
250,-24.302515,0.5215449,8.559679,0.4687191,0.09351232,0.2497368,0.04
251,-24.312956,0.5103837,9.225132,0.3854293,0.08392883,0.24649915,0.04
252,-24.320465,0.5134093,9.390314,0.6996017,0.08522101,0.23226297,0.04
253,-24.322565,0.51128334,9.717236,0.54765373,0.07763163,0.24265422,0.04
254,-24.307446,0.50307554,8.826225,0.49534586,0.07836206,0.22680129,0.04
255,-24.292963,0.5070046,8.628653,0.52663636,0.078731984,0.24327819,0.04
256,-24.317558,0.5166094,9.041292,0.6164561,0.092746384,0.23782724,0.04
257,-24.286976,0.4942266,7.9253073,0.5932191,0.08128571,0.23434578,0.04
258,-24.314043,0.50839305,8.992708,0.58901614,0.086606756,0.2403324,0.04
259,-24.316097,0.5111851,9.975916,0.40789765,0.07950414,0.2569981,0.04
260,-24.331285,0.49134836,8.874778,0.42590696,0.08394735,0.2430745,0.04
261,-24.318832,0.51390177,9.787482,0.4730716,0.08550127,0.25403315,0.04
262,-24.304468,0.4951809,9.065984,0.39567822,0.077021174,0.22511867,0.04
263,-24.30865,0.50945395,9.740579,0.4837239,0.07951745,0.23455198,0.04
264,-24.33228,0.5040295,10.072252,0.587594,0.080728315,0.22838314,0.04
265,-24.293804,0.50347143,8.540258,0.65864336,0.08016064,0.25719416,0.04
266,-24.30856,0.49590424,9.395143,0.6590623,0.077770464,0.22302496,0.04
267,-24.305658,0.4997688,8.825975,0.58244234,0.08444667,0.24407429,0.04
268,-24.323067,0.49034294,9.258844,0.57421917,0.07612959,0.2091631,0.04
269,-24.308504,0.5073639,9.850245,0.6467746,0.08366727,0.24206111,0.04
270,-24.323147,0.5070921,9.922923,0.88922566,0.080635525,0.22243887,0.04
271,-24.315887,0.5037516,9.219895,0.79369235,0.08336874,0.22485474,0.04
272,-24.32859,0.48822957,8.814264,0.75759685,0.08038256,0.2327688,0.04
273,-24.316067,0.49552917,9.152186,0.8280814,0.08197802,0.21408208,0.04
274,-24.30927,0.49672264,8.882484,0.6534216,0.079606116,0.23205073,0.04
275,-24.311516,0.508501,9.699224,0.7419494,0.08247933,0.25144175,0.04
276,-24.305025,0.5077852,9.120631,0.577874,0.08322813,0.24756567,0.04
277,-24.306608,0.47628853,8.194579,0.5578193,0.07195483,0.23908451,0.04
278,-24.319736,0.5027235,8.912672,0.6918808,0.085979395,0.24250199,0.04
279,-24.30802,0.50269055,9.465829,0.6685413,0.08299968,0.24547431,0.04
280,-24.318,0.5088067,9.202531,0.5093331,0.090755835,0.25477803,0.04
281,-24.327805,0.48384523,8.739974,0.4022618,0.07789615,0.21542647,0.04
282,-24.31195,0.5033575,9.973896,0.34521514,0.08078811,0.24008939,0.04
283,-24.343025,0.5024645,10.702174,0.40424854,0.0754244,0.21286315,0.04
284,-24.335316,0.504729,10.400753,0.36046073,0.0813138,0.226597,0.04
285,-24.336802,0.49659267,9.858427,0.44886774,0.07744294,0.22926728,0.04
286,-24.319847,0.5093844,10.004928,0.5382596,0.0782438,0.23532619,0.04
287,-24.324242,0.50488645,9.348163,0.49392155,0.075370826,0.24745202,0.04
288,-24.308437,0.5012127,9.285445,0.57232,0.077054225,0.23262283,0.04
289,-24.302645,0.49234045,8.781361,0.5190633,0.07813059,0.23046577,0.04
290,-24.304274,0.497635,9.878427,0.5008368,0.0804504,0.20680621,0.04
291,-24.30029,0.49631917,8.100802,0.47077045,0.08153567,0.25090134,0.04
292,-24.325426,0.49674428,8.772171,0.36185315,0.08611991,0.23385063,0.04
293,-24.302248,0.5087009,9.144695,0.5373898,0.082272254,0.22456571,0.04
294,-24.312351,0.50021714,8.972443,0.60591745,0.082815416,0.20955825,0.04
295,-24.301481,0.4827964,7.5866237,0.6913115,0.0846029,0.21489163,0.04
296,-24.30647,0.49181166,8.600396,0.6061509,0.08294786,0.22692615,0.04
297,-24.32436,0.49387425,8.921696,0.5924454,0.08060753,0.22148249,0.04
298,-24.320984,0.49018082,8.515522,0.5798461,0.079725705,0.24255393,0.04
299,-24.310776,0.48914295,9.287941,0.5151417,0.07669076,0.21717957,0.04
300,-24.307133,0.4916836,9.380264,0.7136492,0.08062352,0.21980785,0.04
301,-24.30235,0.5000096,8.947993,0.7057717,0.083914205,0.24796641,0.04
302,-24.306738,0.4724621,7.5055327,0.71556115,0.07632251,0.21665642,0.04
303,-24.3245,0.48931265,9.124848,0.81476456,0.08378855,0.22886372,0.04
304,-24.310385,0.4820883,8.461215,0.6270032,0.07578919,0.22846965,0.04
305,-24.294485,0.49209958,8.689468,0.6653887,0.0797453,0.23692468,0.04
306,-24.300941,0.47321272,7.788389,0.4627724,0.07462407,0.21348988,0.04
307,-24.319477,0.4972706,9.531179,0.45951504,0.07846008,0.23139085,0.04
308,-24.333586,0.4894918,9.7804785,0.30763006,0.07920337,0.21990454,0.04
309,-24.310926,0.49563998,10.147244,0.46994033,0.07427002,0.19635797,0.04
310,-24.317959,0.4843876,8.904802,0.39879364,0.07610586,0.21853344,0.04
311,-24.307423,0.49708456,8.942499,0.39188582,0.080048196,0.2234632,0.04
312,-24.314856,0.48766255,9.257183,0.43398735,0.073724546,0.22275639,0.04
313,-24.30891,0.4859724,8.652146,0.48565143,0.08036633,0.22151244,0.04
314,-24.326664,0.48508063,9.189558,0.58042246,0.07599298,0.20645112,0.04
315,-24.318148,0.51453155,9.990766,0.6152231,0.082417935,0.22030613,0.04
316,-24.30845,0.4949147,8.9827795,0.5238856,0.07800303,0.20781139,0.04
317,-24.310623,0.51210743,9.258139,0.5262883,0.08111937,0.22476625,0.04
318,-24.310183,0.4944962,9.478953,0.48863006,0.07515799,0.21519727,0.04
319,-24.312307,0.50763077,9.571641,0.43774348,0.08030553,0.2353174,0.04
320,-24.321392,0.5017771,10.024511,0.36597472,0.076416984,0.21910542,0.04
321,-24.30805,0.49542063,8.998698,0.39767978,0.077936955,0.20969765,0.04
322,-24.310276,0.49235767,9.528335,0.3856296,0.076951236,0.18637982,0.04
323,-24.307863,0.4797473,8.561054,0.54376054,0.07525299,0.20283611,0.04
324,-24.3052,0.49593532,9.360963,0.5938814,0.08609776,0.2140238,0.04
325,-24.32039,0.4967375,10.6540165,0.69524616,0.07370073,0.19856665,0.04
326,-24.314964,0.51777077,10.266435,0.48376492,0.09286633,0.2174159,0.04
327,-24.310532,0.49359718,9.040567,0.33768684,0.08520682,0.24218313,0.04
328,-24.317886,0.49597877,9.756407,0.444574,0.07114142,0.23002477,0.04
329,-24.331793,0.49013263,10.084617,0.3352428,0.07511396,0.2040937,0.04
330,-24.312386,0.48717847,8.491297,0.33779487,0.077966094,0.21059409,0.04
331,-24.324793,0.500008,9.7576885,0.41534594,0.08289977,0.21587485,0.04
332,-24.315876,0.49497083,9.520796,0.4599238,0.077039935,0.20714313,0.04
333,-24.316008,0.48827407,8.918117,0.47650918,0.08282978,0.23494942,0.04
334,-24.30611,0.49405643,8.818927,0.45849898,0.0882987,0.21689218,0.04
335,-24.336277,0.4926475,10.159878,0.38383263,0.076542825,0.20400335,0.04
336,-24.308336,0.48877397,9.342537,0.3354667,0.0702497,0.19913778,0.04
337,-24.335554,0.4689434,8.978396,0.30417958,0.071998335,0.19878305,0.04
338,-24.307152,0.48351568,8.299366,0.29355732,0.08209568,0.2117325,0.04
339,-24.315826,0.48526153,8.941581,0.3908681,0.076478325,0.21189013,0.04
340,-24.307205,0.4865264,9.346708,0.3821437,0.07546659,0.21270956,0.04
341,-24.324617,0.4983103,10.063598,0.56019723,0.07614337,0.21874815,0.04
342,-24.315918,0.4821974,9.467984,0.4158433,0.0706866,0.20165777,0.04
343,-24.30087,0.48915905,9.006455,0.6771994,0.07182556,0.19083242,0.04
344,-24.293587,0.48685694,8.855678,0.8197578,0.07408257,0.19651304,0.04
345,-24.303482,0.4962573,10.156735,0.6096178,0.07469442,0.18862064,0.04
346,-24.31935,0.49051124,9.391483,0.44756263,0.07325604,0.19678324,0.04
347,-24.297266,0.49588096,8.689348,0.4056433,0.07679791,0.19606161,0.04
348,-24.318727,0.5105222,9.6304865,0.6025851,0.08152199,0.21248941,0.04
349,-24.307974,0.50229377,9.644481,0.47219503,0.07243691,0.20595264,0.04
350,-24.310785,0.52397656,10.881977,0.57450783,0.07499713,0.20406854,0.04
351,-24.313461,0.5289059,11.15357,0.6084273,0.07736181,0.21290521,0.04
352,-24.317106,0.5030792,10.17988,0.7130197,0.07487168,0.22821902,0.04
353,-24.308891,0.5101491,9.9866495,0.63869405,0.07867244,0.19777691,0.04
354,-24.321938,0.5103472,10.501536,0.48340055,0.07494428,0.20470545,0.04
355,-24.296429,0.4976527,9.344902,0.5222546,0.07461183,0.20419057,0.04
356,-24.304989,0.49945644,9.323319,0.4940588,0.07581261,0.20633097,0.04
357,-24.320637,0.53411645,11.640365,0.70907843,0.08265835,0.21568456,0.04
358,-24.291653,0.49011055,8.99561,0.5950585,0.07120032,0.19350111,0.04
359,-24.289408,0.50419706,8.990566,0.5880442,0.0719562,0.21958737,0.04
360,-24.292994,0.50429523,8.238927,0.5458727,0.08446763,0.20039782,0.04
361,-24.298515,0.51584154,9.533558,0.50908357,0.079607755,0.23164132,0.04
362,-24.283327,0.48028636,8.045332,0.450428,0.07772551,0.19324401,0.04
363,-24.305346,0.5174925,9.84399,0.58876085,0.07700266,0.22858472,0.04
364,-24.315468,0.48944825,8.706512,0.57314587,0.0728126,0.21956679,0.04
365,-24.310026,0.49374261,9.707386,0.5649623,0.07394485,0.20272861,0.04
366,-24.308071,0.50357735,8.983644,0.3800402,0.0779039,0.20935762,0.04
367,-24.29257,0.5108806,9.56215,0.43520197,0.0810908,0.20834318,0.04
368,-24.300808,0.5058741,9.784862,0.5526762,0.07505034,0.23443519,0.04
369,-24.309597,0.49622098,9.776821,0.38013542,0.07571857,0.1991729,0.04
370,-24.312773,0.50227195,10.185661,0.2939144,0.07594807,0.20566799,0.04
371,-24.312859,0.50009936,10.005354,0.34551767,0.07636611,0.1974452,0.04
372,-24.316061,0.48867965,8.993898,0.2646209,0.07640552,0.20552666,0.04
373,-24.293055,0.48652887,8.586509,0.34057906,0.0745748,0.19452251,0.04
374,-24.326134,0.50104856,11.573993,0.30190772,0.07437363,0.20095693,0.04
375,-24.318043,0.47320807,8.686353,0.2532225,0.071693465,0.20633718,0.04
376,-24.302395,0.49304667,9.273404,0.43105915,0.073867865,0.20382409,0.04
377,-24.30793,0.493031,9.17499,0.46528488,0.0735638,0.222868,0.04
378,-24.321383,0.4785282,9.479172,0.37067676,0.071042,0.19578686,0.04
379,-24.314255,0.48209676,8.588162,0.3844415,0.08472351,0.20692155,0.04
380,-24.314623,0.48718742,9.612736,0.55972385,0.07274972,0.20419717,0.04
381,-24.308329,0.48283094,9.458454,0.34302843,0.07284727,0.1899912,0.04
382,-24.301426,0.4721484,8.779182,0.29835173,0.06631146,0.1834939,0.04
383,-24.312592,0.4738365,9.233818,0.41811907,0.07047748,0.18439782,0.04
384,-24.297285,0.47604418,8.701638,0.39730522,0.07116955,0.19090165,0.04
385,-24.297216,0.479763,9.079509,0.61047393,0.071089275,0.20032595,0.04
386,-24.302116,0.47947946,8.657683,0.472697,0.07735014,0.1963979,0.04
387,-24.294895,0.4839009,8.814471,0.66798294,0.072544344,0.21049227,0.04
388,-24.312212,0.50644696,9.727678,0.65669554,0.077586696,0.2075665,0.04
389,-24.29749,0.4827713,9.072731,0.4927267,0.07327698,0.20256123,0.04
390,-24.315271,0.48460063,9.162171,0.35085008,0.07057023,0.19849484,0.04
391,-24.311556,0.49956506,10.309528,0.33804086,0.07037656,0.19638926,0.04
392,-24.326042,0.4981182,10.98861,0.45882618,0.07476273,0.20196451,0.04
393,-24.294008,0.4991866,9.556292,0.3079143,0.077770226,0.21063891,0.04
394,-24.294605,0.48665625,9.022239,0.45427498,0.0738302,0.19541483,0.04
395,-24.280567,0.4890833,9.636648,0.4926012,0.07054703,0.18987815,0.04
396,-24.318464,0.48245242,8.700687,0.6387942,0.078570746,0.19130614,0.04
397,-24.304113,0.49618667,9.134906,0.58959365,0.078912415,0.20833133,0.04
398,-24.310793,0.49572748,10.139616,0.42868218,0.0727643,0.20791261,0.04
399,-24.31138,0.48987222,9.120674,0.40245935,0.07352952,0.19384362,0.04
400,-24.29785,0.49496245,9.590244,0.39886805,0.075227134,0.20996702,0.04
401,-24.306644,0.49267316,9.504131,0.43199074,0.06898899,0.19379494,0.04
402,-24.29493,0.48381054,9.2856655,0.3990432,0.06999224,0.19845855,0.04
403,-24.311506,0.48396614,9.538036,0.18801142,0.066351295,0.19358668,0.04
404,-24.302883,0.49771005,9.778535,0.34246942,0.07381227,0.19592999,0.04
405,-24.304264,0.48514533,9.0349245,0.34105805,0.072221376,0.19310753,0.04
406,-24.30325,0.48024508,9.396038,0.40668708,0.07289295,0.18131888,0.04
407,-24.304953,0.4900882,10.462938,0.36556,0.074008405,0.19620413,0.04
408,-24.296038,0.49423885,10.01126,0.4350525,0.07021667,0.19516028,0.04
409,-24.311111,0.48309088,9.38224,0.5050343,0.07163177,0.2173677,0.04
410,-24.308783,0.4786128,8.646264,0.4217172,0.08180426,0.20822133,0.04
411,-24.298477,0.5046226,10.417079,0.34022802,0.07458371,0.20337987,0.04
412,-24.308632,0.5034458,10.201986,0.38867676,0.07319852,0.19855922,0.04
413,-24.30105,0.51792485,9.999966,0.5005485,0.07891943,0.20528273,0.04
414,-24.300907,0.48916188,9.310765,0.26268646,0.07054788,0.20236152,0.04
415,-24.308325,0.48609436,9.334717,0.33553773,0.070345365,0.17788258,0.04
416,-24.300531,0.48757312,9.203254,0.36787182,0.06881714,0.18604256,0.04
417,-24.272167,0.4986575,8.605946,0.39870542,0.07446014,0.23292358,0.04
418,-24.308046,0.48897034,9.560214,0.3461621,0.07263422,0.1953749,0.04
419,-24.303753,0.49384233,9.31878,0.4218146,0.07749824,0.19826506,0.04
420,-24.315582,0.49209312,10.018573,0.37969965,0.07236084,0.18660411,0.04
421,-24.291246,0.5106296,10.4535885,0.4223316,0.07379602,0.18246448,0.04
422,-24.303558,0.49289066,10.550016,0.39402112,0.06572119,0.17734192,0.04
423,-24.290884,0.4753655,7.8437104,0.4383807,0.07547424,0.19759053,0.04
424,-24.291176,0.48684418,9.8698635,0.61883825,0.06993339,0.18652245,0.04
425,-24.301277,0.48929894,9.249509,0.353899,0.072061576,0.21035804,0.04
426,-24.310337,0.47697502,9.536098,0.4780419,0.06869493,0.19730793,0.04
427,-24.310215,0.5082298,10.610521,0.35208222,0.078710146,0.19715449,0.04
428,-24.301489,0.49232358,9.493098,0.35451517,0.07167714,0.17146838,0.04
429,-24.295834,0.47649127,8.528974,0.36067384,0.06813444,0.20135227,0.04
430,-24.302164,0.47348988,8.887722,0.23424786,0.067529924,0.18452679,0.04
431,-24.304663,0.47360793,9.087771,0.40871742,0.07136788,0.18024592,0.04
432,-24.28682,0.47737354,8.9107685,0.49545962,0.06871407,0.19853435,0.04
433,-24.311857,0.47559154,8.982024,0.4024951,0.07185494,0.19695331,0.04
434,-24.31292,0.49035344,9.743724,0.5290272,0.07705173,0.20904216,0.04
435,-24.297316,0.4685886,9.055094,0.2915945,0.06792668,0.18857077,0.04
436,-24.309313,0.47415632,9.383667,0.2710017,0.07018854,0.19792509,0.04
437,-24.299248,0.48530716,9.498435,0.41808766,0.07135307,0.19425735,0.04
438,-24.32543,0.4633157,9.311493,0.3170419,0.06949598,0.17364104,0.04
439,-24.306637,0.46617022,9.097312,0.35903895,0.07302752,0.18261646,0.04
440,-24.296032,0.47790593,9.358001,0.24305327,0.071378544,0.20641683,0.04
441,-24.297312,0.48556414,9.175003,0.29343957,0.08058318,0.19866222,0.04
442,-24.302164,0.49345535,9.988869,0.3841139,0.07223291,0.19946077,0.04
443,-24.30973,0.470067,9.000841,0.30559778,0.07119019,0.18532938,0.04
444,-24.305145,0.47642192,9.239146,0.4970306,0.074678905,0.19128115,0.04
445,-24.298403,0.4664329,8.575902,0.4090094,0.07297274,0.19206952,0.04
446,-24.293005,0.46973538,8.842761,0.5245465,0.06800698,0.19248666,0.04
447,-24.316511,0.47510743,10.17435,0.4341634,0.06683753,0.19355336,0.04
448,-24.300278,0.48923996,9.9997425,0.40190503,0.074294955,0.19674315,0.04
449,-24.309305,0.4638888,9.291357,0.44064468,0.06881652,0.18199526,0.04
450,-24.301456,0.4762363,9.470875,0.3742108,0.067732565,0.18891984,0.04
451,-24.31638,0.47662124,9.536319,0.2851774,0.06988607,0.18684138,0.04
452,-24.312597,0.48062363,9.473692,0.31172878,0.07798177,0.20191035,0.04
453,-24.304653,0.47708347,9.221009,0.35821486,0.07583133,0.19025408,0.04
454,-24.30502,0.4724385,8.599247,0.40900692,0.07280182,0.18354833,0.04
455,-24.293886,0.46075094,8.24406,0.4534787,0.06962293,0.18366031,0.04
456,-24.301739,0.4624855,8.712479,0.5362702,0.071787104,0.2005264,0.04
457,-24.309168,0.46462905,8.430003,0.43822718,0.072545335,0.2100348,0.04
458,-24.296827,0.4885311,9.698963,0.34616488,0.07017679,0.19821136,0.04
459,-24.286442,0.4646053,7.6017427,0.40712324,0.074554436,0.2098191,0.04
460,-24.292818,0.46981892,8.829567,0.35556382,0.06928655,0.19827633,0.04
461,-24.31152,0.47458744,9.781436,0.40056935,0.07252406,0.20117465,0.04
462,-24.308512,0.46952897,9.7997055,0.38138908,0.07116745,0.20197397,0.04
463,-24.335543,0.47192207,9.947472,0.47966662,0.07278072,0.20016035,0.04
464,-24.306366,0.46340635,8.838867,0.41602114,0.071168445,0.17524149,0.04
465,-24.291155,0.46019667,8.101929,0.30983502,0.06763396,0.19554718,0.04
466,-24.304325,0.46206543,8.743014,0.53726244,0.06779451,0.18820313,0.04
467,-24.292767,0.45506245,7.745641,0.4184565,0.07141926,0.18905199,0.04
468,-24.297016,0.46027353,8.333129,0.43131256,0.068085,0.19643514,0.04
469,-24.31193,0.471738,9.678526,0.33260387,0.07220565,0.19497727,0.04
470,-24.316347,0.46434492,9.710807,0.42326704,0.07032485,0.19403253,0.04
471,-24.308144,0.44785428,8.360124,0.48567218,0.06901697,0.17922334,0.04
472,-24.311998,0.46447644,9.323507,0.3023588,0.068193704,0.16995853,0.04
473,-24.320925,0.47897568,9.9757185,0.38477606,0.07621231,0.18872438,0.04
474,-24.313427,0.45334128,8.658736,0.35109982,0.06584963,0.18725634,0.04
475,-24.318151,0.46180397,9.870232,0.38371986,0.0694201,0.18265882,0.04
476,-24.32505,0.45809302,9.192914,0.29039288,0.069444396,0.18507251,0.04
477,-24.30752,0.4439781,7.728359,0.4247223,0.0679498,0.18064193,0.04
478,-24.311571,0.4657289,9.62959,0.43784446,0.068051785,0.18862016,0.04
479,-24.304432,0.46618876,8.756407,0.3453946,0.07690084,0.20357244,0.04
480,-24.306593,0.4763243,9.230484,0.48289275,0.07403007,0.18186791,0.04
481,-24.288723,0.45660368,8.189967,0.3166906,0.0669432,0.20185725,0.04
482,-24.305027,0.46965286,9.937537,0.3595292,0.06652867,0.20011026,0.04
483,-24.316305,0.47913685,10.530451,0.3300083,0.07257629,0.1927238,0.04
484,-24.32411,0.48724362,10.31282,0.29110274,0.07873769,0.19847341,0.04
485,-24.301449,0.44105008,7.71731,0.402265,0.06764614,0.17669812,0.04
486,-24.288929,0.45530957,7.4811544,0.4018408,0.07158001,0.20413771,0.04
487,-24.315496,0.49073872,10.73207,0.4012561,0.07387321,0.19486511,0.04
488,-24.302444,0.4575768,9.128477,0.25919777,0.062299743,0.17551315,0.04
489,-24.292772,0.4735894,9.512491,0.31029177,0.06847773,0.17519888,0.04
490,-24.30241,0.4617433,9.348476,0.42787784,0.065083764,0.18333893,0.04
491,-24.286585,0.4707187,8.983885,0.43745163,0.07002469,0.17347503,0.04
492,-24.323317,0.45170894,8.894175,0.33175626,0.06757921,0.16908374,0.04
493,-24.283558,0.46400166,9.088678,0.39155024,0.07031599,0.17985375,0.04
494,-24.312773,0.46938717,9.51584,0.40412152,0.06680358,0.1760696,0.04
495,-24.3037,0.46114028,8.428545,0.42507106,0.07117615,0.18753174,0.04
496,-24.308987,0.4713718,9.051597,0.31882867,0.06883938,0.18807149,0.04
497,-24.321783,0.47468647,9.907321,0.3712977,0.06854838,0.1905665,0.04
498,-24.300032,0.4660676,9.321827,0.35602683,0.066367164,0.16555248,0.04
499,-24.31744,0.46125206,9.303885,0.23541006,0.071251884,0.1712232,0.04
500,-24.317513,0.44241133,8.149191,0.39359,0.063237436,0.1745917,0.04
501,-24.302187,0.4529217,8.499597,0.34307697,0.06984386,0.19457398,0.04
502,-24.299152,0.45010644,8.933606,0.26031187,0.0666062,0.17966242,0.04
503,-24.305744,0.4533882,8.494438,0.30465168,0.07196762,0.18445478,0.04
504,-24.325703,0.46061656,9.358578,0.39536613,0.06984786,0.2040993,0.04
505,-24.295918,0.4505979,8.313958,0.41180646,0.07346587,0.18541823,0.04
506,-24.320257,0.45175898,8.971676,0.3177819,0.064240515,0.16939679,0.04
507,-24.29474,0.45418286,8.815981,0.4207381,0.07017913,0.17893776,0.04
508,-24.31147,0.45571178,9.218375,0.36017397,0.0679248,0.17454118,0.04
509,-24.32288,0.46127334,10.112146,0.32866222,0.06385801,0.17693293,0.04
510,-24.298414,0.45331427,8.041388,0.31440207,0.071103536,0.17473681,0.04
511,-24.304941,0.4671526,9.255753,0.29296795,0.073255025,0.19944885,0.04
512,-24.308962,0.46039912,8.692808,0.43662104,0.07015867,0.18764956,0.04
513,-24.305227,0.46969563,9.540779,0.29325736,0.071175285,0.18494888,0.04
514,-24.305773,0.461193,9.439852,0.45182338,0.06796475,0.18853433,0.04
515,-24.29892,0.45389387,8.137481,0.36130628,0.06889503,0.17575261,0.04
516,-24.29938,0.45635647,8.063675,0.4699709,0.07033143,0.19199622,0.04
517,-24.320154,0.47912028,9.447857,0.3454098,0.07687785,0.17985533,0.04
518,-24.307405,0.47127938,9.489435,0.35293764,0.069499575,0.18679823,0.04
519,-24.302242,0.46875212,9.132556,0.2926536,0.06677327,0.15515585,0.04
520,-24.301477,0.47463754,9.906337,0.3752846,0.06747782,0.18261842,0.04
521,-24.311024,0.4700175,9.944316,0.27034077,0.070257716,0.17289491,0.04
522,-24.300127,0.46582386,8.980414,0.25416976,0.06576581,0.17559828,0.04
523,-24.28925,0.4615251,8.222975,0.26814744,0.06846655,0.17877486,0.04
524,-24.297087,0.47307393,8.81076,0.25457758,0.06732427,0.1716797,0.04
525,-24.313372,0.46445954,9.391237,0.30037874,0.06557992,0.18313757,0.04
526,-24.301933,0.4493307,7.652011,0.5209959,0.06718004,0.18471014,0.04
527,-24.29558,0.46556807,8.633723,0.48659787,0.07058134,0.17198469,0.04
528,-24.299086,0.4699037,9.170594,0.41347104,0.068209454,0.18391512,0.04
529,-24.312986,0.46110374,9.351561,0.5525242,0.06833288,0.17517944,0.04
530,-24.303524,0.47175056,9.345495,0.5169485,0.07648759,0.18639022,0.04
531,-24.298231,0.46176177,8.8489275,0.26672992,0.06648227,0.18767989,0.04
532,-24.307026,0.48383737,10.603868,0.4381073,0.06820521,0.16807583,0.04
533,-24.301733,0.4474277,8.571463,0.40814516,0.067061506,0.17713757,0.04
534,-24.301111,0.46788284,8.773578,0.24210262,0.072266094,0.17826356,0.04
535,-24.28898,0.46569064,8.033196,0.3280065,0.08365467,0.19094539,0.04
536,-24.324104,0.4566916,9.735343,0.26373187,0.06761526,0.16700259,0.04
537,-24.30317,0.46149933,8.903222,0.27740723,0.06921782,0.18395354,0.04
538,-24.33343,0.47040555,10.064537,0.29734647,0.06829037,0.17927168,0.04
539,-24.322828,0.46533406,10.737272,0.35383534,0.06571048,0.16950905,0.04
540,-24.32861,0.46308032,10.418888,0.37629172,0.06191036,0.1709464,0.04
541,-24.299242,0.47361827,8.528638,0.30414304,0.0799924,0.19128174,0.04
542,-24.32679,0.47541097,11.125207,0.42483377,0.06655609,0.1788039,0.04
543,-24.308825,0.46373114,9.618598,0.29646954,0.064595886,0.17050654,0.04
544,-24.310127,0.47855613,10.052547,0.32161275,0.07049769,0.19570377,0.04
545,-24.295292,0.45788357,8.839727,0.46347317,0.0686329,0.18017471,0.04
546,-24.310783,0.47121027,9.495375,0.46116146,0.06741793,0.1733136,0.04
547,-24.308125,0.4608232,8.8463125,0.4278497,0.06729191,0.18227081,0.04
548,-24.29854,0.46793225,9.182105,0.37488326,0.06353607,0.17244482,0.04
549,-24.313995,0.4685857,9.8993,0.38151076,0.068042845,0.1891311,0.04
550,-24.312214,0.45073807,8.682114,0.51559025,0.06878206,0.17522486,0.04
551,-24.318083,0.4779917,10.640356,0.467102,0.06840223,0.18824482,0.04
552,-24.299316,0.47668967,10.216199,0.50552785,0.07376314,0.16475539,0.04
553,-24.302336,0.47836852,10.0208435,0.4267523,0.071853966,0.18667367,0.04
554,-24.28966,0.4612407,9.138303,0.36812055,0.06631808,0.1748,0.04
555,-24.301594,0.46946728,9.643475,0.28296778,0.07117975,0.17823946,0.04
556,-24.30154,0.4541979,8.584824,0.2297717,0.07109086,0.187611,0.04
557,-24.304337,0.4674178,10.343401,0.37786564,0.06737047,0.17067128,0.04
558,-24.305399,0.46939042,9.908209,0.44444016,0.066593416,0.17587335,0.04
559,-24.310383,0.4503032,8.970892,0.41268665,0.06765679,0.1685165,0.04
560,-24.30853,0.44760358,8.593086,0.29770005,0.06817741,0.17906298,0.04
561,-24.30824,0.46676484,10.027392,0.21124503,0.06743406,0.1710813,0.04
562,-24.299433,0.47788945,9.916687,0.32018632,0.0807988,0.19564322,0.04
563,-24.337172,0.47246513,11.240951,0.28046712,0.067417644,0.17347443,0.04
564,-24.30984,0.46258572,9.667945,0.27553055,0.06239574,0.18156812,0.04
565,-24.319227,0.46782336,9.732617,0.34155324,0.072507635,0.16099083,0.04
566,-24.296883,0.4407622,7.92857,0.31448564,0.06641943,0.16970052,0.04
567,-24.304129,0.46156934,9.317834,0.39498195,0.06718873,0.17131633,0.04
568,-24.294195,0.44696164,8.107452,0.23001717,0.063309744,0.16406843,0.04
569,-24.297087,0.4443776,8.187907,0.29761487,0.06849775,0.17530535,0.04
570,-24.30704,0.45514673,8.490687,0.30926606,0.07049346,0.18221715,0.04
571,-24.298895,0.4490052,7.882211,0.4525675,0.06501375,0.18608107,0.04
572,-24.323578,0.45534015,9.641773,0.42120993,0.06588261,0.1584389,0.04
573,-24.315546,0.47064462,10.65422,0.6192792,0.06954035,0.1735862,0.04
574,-24.294645,0.45905957,8.964387,0.5190653,0.069643684,0.18055958,0.04
575,-24.305552,0.4492619,9.150583,0.47918996,0.06673053,0.17244998,0.04
576,-24.321041,0.47072563,10.548102,0.5726196,0.06725009,0.15929621,0.04
577,-24.300777,0.4573984,9.661832,0.42189062,0.06232819,0.15868144,0.04
578,-24.30793,0.44166136,8.572467,0.28418085,0.061371464,0.15328975,0.04
579,-24.299429,0.4529762,8.963846,0.41951257,0.06830671,0.16036136,0.04
580,-24.317438,0.47422078,10.202926,0.44968098,0.0686762,0.1733273,0.04
581,-24.309229,0.46091965,9.735668,0.359245,0.063927785,0.1772663,0.04
582,-24.309517,0.44674563,8.7789955,0.31238407,0.06605064,0.1782372,0.04
583,-24.31382,0.4520049,9.330076,0.29507217,0.064478286,0.16541652,0.04
584,-24.295773,0.44327283,8.38067,0.25499827,0.065052845,0.16466701,0.04
585,-24.302074,0.4500891,8.948615,0.30515307,0.06404358,0.17104998,0.04
586,-24.31218,0.45468384,9.422217,0.304513,0.06764871,0.17141397,0.04
587,-24.316721,0.45226872,9.37387,0.34345374,0.06293062,0.18618624,0.04
588,-24.308395,0.44408125,8.389399,0.48194394,0.07128181,0.18154159,0.04
589,-24.308313,0.45567763,9.274166,0.26336208,0.071185544,0.18165162,0.04
590,-24.314398,0.45964006,9.969283,0.2863274,0.06729857,0.17983487,0.04
591,-24.295494,0.43932047,8.426832,0.41831487,0.06306747,0.16693588,0.04
592,-24.303991,0.44737035,9.232471,0.2899838,0.069082215,0.16167398,0.04
593,-24.326075,0.46385834,10.880111,0.358343,0.068823,0.17680766,0.04
594,-24.3193,0.45753708,10.702333,0.29016572,0.06198935,0.16734813,0.04
595,-24.308918,0.44511563,9.42144,0.2764974,0.06413331,0.16174476,0.04
596,-24.294859,0.43876785,8.239041,0.3802019,0.06847398,0.16654792,0.04
597,-24.315716,0.46788093,10.263609,0.2665946,0.06624081,0.16614242,0.04
598,-24.310516,0.44886532,9.424146,0.27340505,0.061731,0.1609577,0.04
599,-24.29854,0.44488388,8.849544,0.42532408,0.06333583,0.1576951,0.04
600,-24.336319,0.4489029,9.410708,0.35630834,0.06671581,0.14935693,0.04
601,-24.315187,0.46413088,10.142372,0.39520553,0.06526879,0.16032289,0.04
602,-24.319412,0.47489884,10.440643,0.2946876,0.06947822,0.17843296,0.04
603,-24.2926,0.44257665,8.355604,0.24988525,0.06593468,0.17464639,0.04
604,-24.310656,0.4659934,10.183201,0.40515804,0.070252724,0.17620353,0.04
605,-24.314644,0.4512464,9.619145,0.280038,0.062747024,0.17223312,0.04
606,-24.31251,0.453228,9.431486,0.38856366,0.062805966,0.15855414,0.04
607,-24.326685,0.4600585,10.241223,0.38265198,0.064531654,0.17598417,0.04
608,-24.306522,0.45977217,9.582514,0.36350596,0.07467217,0.18298364,0.04
609,-24.31004,0.44904178,9.031556,0.31103858,0.06369128,0.15856087,0.04
610,-24.303406,0.46186894,9.549491,0.261799,0.06794335,0.17111458,0.04
611,-24.307688,0.4581255,9.7206,0.24525422,0.06406323,0.17922288,0.04
612,-24.313953,0.4548399,10.028687,0.23977025,0.05996422,0.16173317,0.04
613,-24.328894,0.4515082,9.962325,0.2611703,0.0628938,0.1629663,0.04
614,-24.319046,0.46430886,10.0812,0.27321473,0.06406097,0.17645694,0.04
615,-24.307465,0.44560623,8.781058,0.2656768,0.062988155,0.15473524,0.04
616,-24.311098,0.45124066,9.524978,0.24664679,0.06432712,0.16956389,0.04
617,-24.304626,0.46182838,9.892261,0.26728013,0.06228268,0.16897663,0.04
618,-24.311632,0.4602847,9.537005,0.3631375,0.0678603,0.16066493,0.04
619,-24.299208,0.45602766,8.990161,0.34122592,0.07069679,0.1700294,0.04
620,-24.30397,0.4541677,9.244865,0.2767114,0.06490179,0.18088615,0.04
621,-24.294106,0.44618168,8.389132,0.35898742,0.064707436,0.16804102,0.04
622,-24.29253,0.43729854,7.978085,0.31488883,0.06440406,0.17112799,0.04
623,-24.310148,0.453314,10.072736,0.34007487,0.063696645,0.15849042,0.04
624,-24.298235,0.44751695,8.506225,0.29351893,0.06731449,0.18149139,0.04
625,-24.308367,0.45736262,9.73097,0.3168049,0.0674656,0.17576702,0.04
626,-24.30474,0.44137454,8.69775,0.34098706,0.06871551,0.17092855,0.04
627,-24.304548,0.4459994,9.195469,0.3299882,0.06875389,0.1563259,0.04
628,-24.29691,0.43311867,8.104276,0.29910648,0.061127096,0.15391095,0.04
629,-24.309925,0.44117114,8.686135,0.36743376,0.06648517,0.16244777,0.04
630,-24.310917,0.4478526,9.2675295,0.3340721,0.065247744,0.18852676,0.04
631,-24.315777,0.44158757,8.926489,0.24533658,0.06562458,0.15027095,0.04
632,-24.316616,0.46103084,10.454864,0.2808885,0.065591365,0.17341648,0.04
633,-24.319693,0.4668433,10.624472,0.2620718,0.06460555,0.17737761,0.04
634,-24.310911,0.44909596,8.933549,0.3088119,0.06760879,0.16752276,0.04
635,-24.311338,0.43939665,8.664571,0.26883838,0.06593954,0.16275418,0.04
636,-24.338032,0.45456904,10.564455,0.32575405,0.062228084,0.15583017,0.04
637,-24.296562,0.44532916,9.054193,0.278567,0.06623573,0.16845453,0.04
638,-24.304333,0.45113796,9.0937805,0.39228833,0.06635821,0.15876734,0.04
639,-24.309536,0.46408024,10.099144,0.24475321,0.06772606,0.16239367,0.04
640,-24.30819,0.44212255,9.039528,0.3296064,0.06295252,0.1521309,0.04
641,-24.295965,0.44395706,8.766796,0.29430428,0.06418024,0.17168215,0.04
642,-24.306171,0.44514748,9.031371,0.2818791,0.067831166,0.15736206,0.04
643,-24.32409,0.45727143,10.208019,0.45261878,0.06868693,0.16839284,0.04
644,-24.311625,0.45845383,9.473453,0.38684466,0.06973984,0.16389236,0.04
645,-24.298668,0.45341963,9.172992,0.41986755,0.065906286,0.16681828,0.04
646,-24.317356,0.4478445,9.44222,0.35846856,0.063291855,0.16615063,0.04
647,-24.31443,0.47787124,11.141514,0.35472906,0.06872388,0.16656579,0.04
648,-24.317118,0.4814218,11.659034,0.33491763,0.065496966,0.15806168,0.04
649,-24.298765,0.46281427,9.296576,0.3551667,0.07221161,0.18821903,0.04
650,-24.301044,0.45940372,9.417633,0.3103215,0.06996292,0.15922683,0.04
651,-24.303253,0.45248067,9.02416,0.28120014,0.07078464,0.17799109,0.04
652,-24.3159,0.4426418,8.76209,0.30875868,0.060997315,0.17866714,0.04
653,-24.293348,0.46355915,8.996636,0.30568388,0.07011643,0.1764847,0.04
654,-24.286154,0.4479883,8.454839,0.35341913,0.0694356,0.1654283,0.04
655,-24.277296,0.43457112,7.521035,0.35534346,0.06688709,0.1582133,0.04
656,-24.298676,0.43177202,7.7047815,0.27255708,0.06325582,0.154087,0.04
657,-24.292688,0.46501577,9.455803,0.4742656,0.0662437,0.16477734,0.04
658,-24.31288,0.44558418,9.429117,0.46322212,0.061075587,0.15851465,0.04
659,-24.320585,0.46451712,10.726551,0.50832564,0.06459267,0.15716471,0.04
660,-24.29641,0.46370655,9.544689,0.46706113,0.069818296,0.17216486,0.04
661,-24.292675,0.43951115,7.7731805,0.36036247,0.07045655,0.17292963,0.04
662,-24.301445,0.46457344,9.381692,0.50343406,0.07086866,0.16437593,0.04
663,-24.296577,0.47254124,10.433829,0.5410535,0.06602704,0.15127173,0.04
664,-24.305801,0.47229302,9.807205,0.50791943,0.06487681,0.16111547,0.04
665,-24.289192,0.4652448,8.890226,0.2697539,0.06626941,0.17081055,0.04
666,-24.311676,0.48171106,10.32542,0.32473943,0.06733499,0.17145379,0.04
667,-24.30943,0.4594116,8.938432,0.3402504,0.06627319,0.18608509,0.04
668,-24.28023,0.45335627,8.258232,0.2419746,0.06329818,0.16678049,0.04
669,-24.296234,0.4650515,9.555965,0.40790418,0.062439222,0.16880128,0.04
670,-24.299286,0.46080074,9.125121,0.2806332,0.06313408,0.16577497,0.04
671,-24.308235,0.4538575,9.619002,0.25967774,0.06481193,0.16037507,0.04
672,-24.295324,0.4707058,9.654404,0.4315906,0.06630914,0.18120565,0.04
673,-24.321274,0.4692131,10.194157,0.4334886,0.06575948,0.16310671,0.04
674,-24.297743,0.47680742,10.341796,0.49676612,0.06736977,0.16697699,0.04
675,-24.309938,0.4579361,9.476579,0.40700185,0.063189656,0.1775136,0.04
676,-24.307247,0.46124282,9.722069,0.40363565,0.06248505,0.1590736,0.04
677,-24.304047,0.4440362,8.091856,0.36801994,0.065005966,0.15568197,0.04
678,-24.29354,0.45003906,8.709196,0.33873785,0.062729724,0.17198159,0.04
679,-24.29595,0.46674562,9.046941,0.4737868,0.071639925,0.17383237,0.04
680,-24.300995,0.44567928,8.91099,0.3729433,0.060484767,0.14354913,0.04
681,-24.297905,0.45373404,8.877488,0.3813305,0.062267143,0.15082107,0.04
682,-24.288355,0.47061032,9.449485,0.4557066,0.065820776,0.16328357,0.04
683,-24.299685,0.4574207,9.877361,0.5252402,0.062715836,0.16149595,0.04
684,-24.30312,0.45693436,9.282449,0.5057479,0.065528326,0.15862039,0.04
685,-24.294807,0.4707976,9.898021,0.47213745,0.06411683,0.15138708,0.04
686,-24.309202,0.44846278,8.65249,0.5139652,0.062082842,0.16945714,0.04
687,-24.294527,0.4660217,9.764877,0.3639499,0.06516059,0.15488748,0.04
688,-24.291756,0.4482815,8.48981,0.4761817,0.06396549,0.17545962,0.04
689,-24.309225,0.45418495,9.592061,0.40307942,0.062265035,0.16035068,0.04
690,-24.299562,0.44174305,8.833456,0.278926,0.0621712,0.16561113,0.04
691,-24.301027,0.45209143,9.382301,0.2540782,0.06685439,0.16340314,0.04
692,-24.304562,0.46377182,8.97702,0.36558935,0.072419554,0.18510647,0.04
693,-24.304165,0.4555558,9.163538,0.4028597,0.06434989,0.16562521,0.04
694,-24.288622,0.4421995,8.472412,0.30097142,0.06583496,0.16535431,0.04
695,-24.30212,0.44301045,8.757492,0.3124393,0.064993024,0.16793938,0.04
696,-24.301168,0.4380488,8.5617695,0.3177846,0.064686835,0.16433689,0.04
697,-24.312082,0.44095293,9.002079,0.33250675,0.06170952,0.16105978,0.04
698,-24.312183,0.44042775,8.712378,0.40131584,0.06532594,0.16375706,0.04
699,-24.30421,0.45737058,9.445127,0.5582087,0.06712967,0.15747383,0.04
700,-24.294489,0.4441659,8.726562,0.431395,0.06825969,0.16036028,0.04
701,-24.308535,0.4421417,9.490039,0.44381595,0.06526761,0.13943088,0.04
702,-24.304514,0.44748482,9.20838,0.4298877,0.06447985,0.1527008,0.04
703,-24.29665,0.43510213,8.291318,0.24879292,0.066368975,0.16575243,0.04
704,-24.294586,0.44925296,8.748231,0.34191263,0.064074546,0.16600539,0.04
705,-24.305437,0.43605617,8.78297,0.25501838,0.06319417,0.17149828,0.04
706,-24.309092,0.45705572,10.577382,0.26076645,0.06331346,0.1547611,0.04
707,-24.306547,0.4578255,9.81528,0.23423977,0.06542484,0.16058727,0.04
708,-24.320156,0.45981824,10.597978,0.32941648,0.06724377,0.15913346,0.04
709,-24.315836,0.4494577,9.557322,0.2613428,0.06944298,0.1552254,0.04
710,-24.318365,0.44043544,9.324514,0.21607567,0.06284621,0.1637882,0.04
711,-24.303202,0.4447409,9.195482,0.27796158,0.06310216,0.15048711,0.04
712,-24.313643,0.43214974,9.215746,0.36061886,0.060915943,0.17112474,0.04
713,-24.293518,0.4387917,9.081768,0.36098933,0.06364033,0.1672616,0.04
714,-24.31635,0.44007963,9.279874,0.32802355,0.060159758,0.15004694,0.04
715,-24.306334,0.44226146,8.951016,0.28349337,0.06777052,0.1667616,0.04
716,-24.319714,0.452031,10.533169,0.3660536,0.064813145,0.15443072,0.04
717,-24.314852,0.44393107,9.956119,0.31267133,0.064118154,0.15600634,0.04
718,-24.307137,0.44310024,10.364482,0.4381433,0.060486358,0.14815757,0.04
719,-24.314236,0.43578216,9.204737,0.29830933,0.0630093,0.15750119,0.04
720,-24.293816,0.43498856,8.589918,0.26878783,0.062787175,0.15209107,0.04
721,-24.31736,0.45765668,10.803611,0.27872694,0.062394824,0.15986949,0.04
722,-24.310339,0.44180056,9.305181,0.31612962,0.063344546,0.17682032,0.04
723,-24.312513,0.43756625,9.052116,0.23128092,0.058897648,0.15306874,0.04
724,-24.304472,0.43694207,9.046897,0.29209876,0.059876364,0.17238201,0.04
725,-24.320078,0.4395185,9.285142,0.39002717,0.0627593,0.15362832,0.04
726,-24.311317,0.43144608,8.413932,0.277986,0.063687235,0.16806962,0.04
727,-24.303988,0.44412264,9.426446,0.17349075,0.06713521,0.1462924,0.04
728,-24.299185,0.44064808,9.287543,0.2628378,0.062852874,0.16498879,0.04
729,-24.293587,0.43204015,8.6973295,0.34590653,0.06348076,0.16156822,0.04
730,-24.304478,0.43117175,8.495832,0.28957465,0.059708785,0.15486772,0.04
731,-24.317356,0.44879866,10.418966,0.22451325,0.061603557,0.14716507,0.04
732,-24.312883,0.44412,10.358208,0.31707773,0.05801792,0.14930914,0.04
733,-24.312027,0.43966705,9.386326,0.30110943,0.060464837,0.15157083,0.04
734,-24.303802,0.41471738,7.752944,0.36148578,0.06053218,0.1630471,0.04
735,-24.305151,0.42039558,8.3434925,0.2903166,0.06431323,0.16350552,0.04
736,-24.325373,0.4382712,9.685339,0.28786743,0.06361687,0.16786493,0.04
737,-24.327806,0.434341,9.982825,0.24581417,0.06370541,0.1453402,0.04
738,-24.290583,0.43610802,8.835042,0.27228183,0.06488532,0.1570731,0.04
739,-24.311892,0.43893808,9.371909,0.29817227,0.06187732,0.16008729,0.04
740,-24.311659,0.43486184,9.197729,0.2589612,0.06095655,0.15651132,0.04
741,-24.319254,0.43193042,9.431642,0.3102652,0.06400831,0.15573177,0.04
742,-24.294958,0.4249142,8.1332855,0.30352905,0.062028725,0.16332003,0.04
743,-24.318136,0.42579195,8.41309,0.34045118,0.0670377,0.15820038,0.04
744,-24.314074,0.43607998,9.19376,0.3429295,0.063694686,0.14087872,0.04
745,-24.304848,0.42931873,9.184281,0.26935592,0.06189772,0.15195942,0.04
746,-24.314926,0.43143347,9.358891,0.22531588,0.05803544,0.14878462,0.04
747,-24.308296,0.41989866,7.711694,0.22246535,0.06426596,0.16181321,0.04
748,-24.322157,0.43554035,9.819083,0.3694224,0.06158792,0.15355153,0.04
749,-24.322536,0.41736284,8.604304,0.375988,0.06280527,0.15456417,0.04
750,-24.318516,0.45496616,10.400284,0.29354656,0.06667571,0.16391812,0.04
751,-24.307537,0.43754584,9.545743,0.23322825,0.061132394,0.15193316,0.04
752,-24.308134,0.43525147,9.406385,0.28806198,0.06369058,0.15522146,0.04
753,-24.314869,0.4431677,9.728785,0.23970807,0.06792812,0.1563157,0.04
754,-24.32165,0.4390531,9.854618,0.29450127,0.0605086,0.1519869,0.04
755,-24.302874,0.43469217,8.900638,0.3047312,0.06440315,0.14858294,0.04
756,-24.31493,0.44076738,9.405196,0.24457371,0.06664233,0.15810524,0.04
757,-24.306772,0.44305742,8.948207,0.26770356,0.06226752,0.14514977,0.04
758,-24.306856,0.4491067,9.866544,0.32018927,0.061886184,0.15527329,0.04
759,-24.326845,0.4454998,10.320498,0.22888751,0.06086266,0.15586372,0.04
760,-24.304632,0.4421257,9.272602,0.29881024,0.063443966,0.13708541,0.04
761,-24.309258,0.44013423,9.470663,0.2935246,0.05880987,0.1469075,0.04
762,-24.314623,0.45165133,10.089953,0.25683,0.06426479,0.15821555,0.04
763,-24.293392,0.43989387,8.887073,0.30690685,0.062574126,0.14685932,0.04
764,-24.304527,0.44296107,9.756565,0.35103673,0.058557127,0.15621917,0.04
765,-24.301208,0.4477421,9.808176,0.26602775,0.063721605,0.14328738,0.04
766,-24.30571,0.4248938,8.366646,0.25138083,0.060426738,0.15477383,0.04
767,-24.306385,0.44321528,9.279656,0.30901286,0.06400003,0.150376,0.04
768,-24.304314,0.43573526,8.821444,0.34746546,0.06545065,0.15920551,0.04
769,-24.31524,0.45084554,10.246685,0.43327835,0.06267944,0.14298598,0.04
770,-24.30616,0.4352503,8.536357,0.36830872,0.0648543,0.15283523,0.04
771,-24.28629,0.42037648,7.674542,0.34448245,0.063201316,0.15390083,0.04
772,-24.301035,0.43471503,7.679748,0.3114989,0.07483869,0.1736539,0.04
773,-24.29564,0.42451718,8.425275,0.26925704,0.061468747,0.15512416,0.04
774,-24.310696,0.43875167,9.251849,0.2076722,0.06227733,0.15687019,0.04
775,-24.306616,0.43919668,9.716,0.27109987,0.061021186,0.15490206,0.04
776,-24.294228,0.42714074,8.349107,0.19942586,0.063306056,0.14674206,0.04
777,-24.308346,0.42475265,8.614775,0.29043472,0.05957404,0.15290087,0.04
778,-24.301083,0.43982494,9.037881,0.37328127,0.06484695,0.15942611,0.04
779,-24.297285,0.43206224,8.688858,0.3182295,0.05794046,0.15617071,0.04
780,-24.32243,0.43610835,9.859586,0.28468123,0.06481576,0.15393756,0.04
781,-24.318254,0.4370955,9.591228,0.28493473,0.06487112,0.14671648,0.04
782,-24.310308,0.43135488,9.003036,0.21168122,0.05955998,0.14265199,0.04
783,-24.307625,0.42982876,9.205456,0.20723505,0.06153701,0.14071335,0.04
784,-24.327007,0.42320892,9.209652,0.31072032,0.05557926,0.16015172,0.04
785,-24.308458,0.42572835,8.887878,0.38504025,0.060762577,0.1698697,0.04
786,-24.307053,0.43386763,9.366725,0.23120601,0.061056167,0.14683323,0.04
787,-24.297739,0.42944238,8.367115,0.33252868,0.06556233,0.16323736,0.04
788,-24.318504,0.44338146,9.806212,0.2614056,0.05958799,0.1455221,0.04
789,-24.316362,0.42855167,9.100654,0.2352599,0.06085714,0.16562256,0.04
790,-24.317093,0.43882048,9.950019,0.31134567,0.061573025,0.16221723,0.04
791,-24.313572,0.43453115,9.175364,0.30456853,0.060846932,0.14218985,0.04
792,-24.320839,0.43848562,10.30542,0.2629095,0.05720829,0.14750311,0.04
793,-24.303364,0.4286925,8.729128,0.21114406,0.06281898,0.16801222,0.04
794,-24.295618,0.42043507,8.096365,0.26492798,0.06456616,0.15772097,0.04
795,-24.319712,0.43135422,9.30171,0.20906696,0.06608409,0.14016148,0.04
796,-24.313633,0.4479195,9.610818,0.30678052,0.06375837,0.15581998,0.04
797,-24.316187,0.42883918,9.19771,0.3766156,0.063998275,0.15396301,0.04
798,-24.305964,0.41115493,8.12883,0.3106859,0.058654144,0.15047266,0.04
799,-24.311043,0.42785156,9.244919,0.39309064,0.059674,0.15363252,0.04
800,-24.301277,0.42236286,9.104061,0.30385384,0.05954253,0.14880273,0.04
801,-24.31323,0.43233597,10.086771,0.32341975,0.06278386,0.15466036,0.04
802,-24.30891,0.42779407,9.058132,0.35818973,0.06959699,0.14217135,0.04
803,-24.310394,0.42536864,8.583926,0.28740063,0.06386906,0.1602175,0.04
804,-24.30673,0.42695504,9.128889,0.23185298,0.06113579,0.14024872,0.04
805,-24.31852,0.43296614,9.505434,0.30607045,0.063866116,0.14617254,0.04
806,-24.325375,0.42807606,9.533158,0.34482205,0.05912913,0.15820293,0.04
807,-24.30716,0.42543438,9.368141,0.37817997,0.057957627,0.14791359,0.04
808,-24.318796,0.43023404,9.851971,0.37740925,0.06272679,0.1577332,0.04
809,-24.307001,0.42364326,9.200547,0.25449464,0.05969537,0.14835075,0.04
810,-24.318598,0.4354513,9.746434,0.20717382,0.06345796,0.15191886,0.04
811,-24.30317,0.41077873,8.32879,0.31208494,0.061975833,0.14178333,0.04
812,-24.316769,0.42297044,9.086816,0.3132316,0.05991419,0.13423994,0.04
813,-24.306503,0.41421336,8.379225,0.18352178,0.06548404,0.13716654,0.04
814,-24.319153,0.43218017,8.986216,0.22217448,0.06384424,0.15428075,0.04
815,-24.308945,0.40199098,7.2994657,0.2943854,0.060312808,0.15352488,0.04
816,-24.306738,0.43380627,8.807921,0.30670726,0.06772892,0.16379023,0.04
817,-24.311844,0.42157483,9.094079,0.28693008,0.06393807,0.14209168,0.04
818,-24.303274,0.43616006,9.4570265,0.3613254,0.06500196,0.15179203,0.04
819,-24.297024,0.41946372,8.298064,0.31421104,0.06431395,0.16676427,0.04
820,-24.323267,0.42178315,9.673153,0.31756726,0.058789477,0.14794217,0.04
821,-24.318407,0.44807354,11.141844,0.30818644,0.06160987,0.14321697,0.04
822,-24.313398,0.41243368,8.542156,0.23712543,0.06137583,0.14784525,0.04
823,-24.313446,0.43880346,10.0604925,0.32199997,0.066636264,0.16121475,0.04
824,-24.330898,0.42743656,9.987188,0.42562583,0.06135172,0.1435785,0.04
825,-24.315163,0.42553177,9.413015,0.2505906,0.060759734,0.15498665,0.04
826,-24.304298,0.4243731,9.117132,0.30372086,0.062501,0.1467489,0.04
827,-24.31583,0.43297622,9.20889,0.37337792,0.06618826,0.16042991,0.04
828,-24.327507,0.4504797,11.62797,0.34932384,0.061781693,0.14805096,0.04
829,-24.319427,0.42969316,9.3406,0.374444,0.06369164,0.15842858,0.04
830,-24.315603,0.4253419,8.773111,0.32760745,0.062623106,0.16298003,0.04
831,-24.331594,0.4193416,9.172871,0.34307513,0.05800864,0.14054815,0.04
832,-24.32643,0.4254058,9.692929,0.4332222,0.06089241,0.14222762,0.04
833,-24.315523,0.41945797,8.601231,0.277499,0.06209979,0.13669053,0.04
834,-24.311731,0.4204955,8.780415,0.5493363,0.060112838,0.15246224,0.04
835,-24.303806,0.4099203,7.9303956,0.31491247,0.060204286,0.14363417,0.04
836,-24.315348,0.4369208,9.735726,0.35872993,0.06327023,0.16065179,0.04
837,-24.320934,0.43147674,9.623845,0.33857846,0.0598701,0.15949944,0.04
838,-24.314919,0.42957002,9.331669,0.3351589,0.06011436,0.14926994,0.04
839,-24.320566,0.4279836,9.626601,0.25275016,0.061128575,0.14042234,0.04
840,-24.317163,0.43919694,10.377293,0.254132,0.063565336,0.13802978,0.04
841,-24.317926,0.44581887,10.808237,0.2656234,0.060748562,0.14489073,0.04
842,-24.323324,0.43270725,8.973596,0.3143207,0.061888948,0.16078685,0.04
843,-24.315449,0.43778312,9.880654,0.1921114,0.065583475,0.14379954,0.04
844,-24.30005,0.43721443,9.191736,0.272283,0.06196711,0.15282147,0.04
845,-24.279118,0.42003375,7.9178076,0.28820646,0.06309932,0.15991788,0.04
846,-24.306957,0.41756794,8.121998,0.21522272,0.063331425,0.1419839,0.04
847,-24.297985,0.4243011,8.450235,0.3325383,0.063351505,0.14553967,0.04
848,-24.309433,0.4248763,8.671234,0.27469143,0.061106943,0.15650952,0.04
849,-24.30682,0.41459668,8.461833,0.31921774,0.05997698,0.13626233,0.04
850,-24.305988,0.41558388,8.239225,0.30911657,0.061466623,0.15528783,0.04
851,-24.307648,0.4388657,10.015968,0.2688605,0.056877114,0.14898553,0.04
852,-24.31651,0.43343458,9.371998,0.28152892,0.059721246,0.14208646,0.04
853,-24.296375,0.4369872,8.821475,0.19860615,0.063687235,0.14934634,0.04
854,-24.303156,0.4413725,9.290409,0.22079058,0.06488668,0.16012247,0.04
855,-24.294577,0.44445994,8.891267,0.2587206,0.06469068,0.16082315,0.04
856,-24.30925,0.42748708,8.508713,0.2655489,0.058950387,0.14062674,0.04
857,-24.300882,0.42549896,8.414658,0.23253377,0.060677793,0.13499431,0.04
858,-24.321333,0.4543892,9.991445,0.31724846,0.06823577,0.15873548,0.04
859,-24.295944,0.4283811,8.583108,0.33576965,0.061780896,0.14295186,0.04
860,-24.300896,0.44165653,9.688612,0.42623416,0.060157552,0.14834173,0.04
861,-24.313173,0.4488987,10.302313,0.30076924,0.06418447,0.14922513,0.04
862,-24.295986,0.43821305,8.8758545,0.3187401,0.06397122,0.1630787,0.04
863,-24.304758,0.43213904,9.21004,0.34950972,0.06249015,0.13983658,0.04
864,-24.313711,0.44388133,10.152337,0.47197005,0.059815712,0.15260403,0.04
865,-24.310766,0.4249489,8.642058,0.3722616,0.06363689,0.140701,0.04
866,-24.302902,0.42498437,8.325276,0.37830678,0.059116963,0.15961389,0.04
867,-24.310692,0.42047483,8.427396,0.26610982,0.06521317,0.14652884,0.04
868,-24.309761,0.43199274,8.944412,0.3923215,0.060866553,0.14383945,0.04
869,-24.316671,0.43402833,9.530661,0.24032922,0.05981461,0.13309765,0.04
870,-24.307346,0.42898333,9.082568,0.28248426,0.057670876,0.14448489,0.04
871,-24.303453,0.42275652,9.191673,0.31279007,0.061018344,0.13559437,0.04
872,-24.303886,0.42837533,9.249557,0.25645974,0.06285974,0.1394745,0.04
873,-24.30978,0.41666743,8.2000065,0.24561943,0.061679985,0.14757402,0.04
874,-24.316805,0.44980264,10.381171,0.2719922,0.06251005,0.14291951,0.04
875,-24.295172,0.43109828,8.588704,0.31568778,0.06346474,0.15578137,0.04
876,-24.294174,0.42974013,8.572723,0.25875154,0.061697815,0.14227411,0.04
877,-24.305672,0.4290375,9.014746,0.17844528,0.05898796,0.14131266,0.04
878,-24.314634,0.42215556,8.618297,0.22509933,0.05951575,0.13894692,0.04
879,-24.300035,0.42039713,8.375098,0.25885192,0.058045596,0.1420388,0.04
880,-24.304707,0.44060752,9.884407,0.29179135,0.062036734,0.14505671,0.04
881,-24.320515,0.44750148,9.940202,0.24212429,0.06616217,0.16253233,0.04
882,-24.321627,0.4344456,10.004012,0.22728679,0.058278825,0.13062264,0.04
883,-24.294418,0.42562696,8.226563,0.23104711,0.059986845,0.14709581,0.04
884,-24.303308,0.42712763,8.602801,0.3826756,0.059160214,0.17237373,0.04
885,-24.323425,0.4357347,9.745869,0.39476258,0.058387894,0.15024675,0.04
886,-24.307447,0.43928394,9.430665,0.23418912,0.061584905,0.16506259,0.04
887,-24.30673,0.43457502,9.171123,0.26307046,0.058698714,0.15119891,0.04
888,-24.313158,0.43036675,9.123101,0.24169531,0.06273862,0.15236744,0.04
889,-24.295988,0.43844938,9.429128,0.25710213,0.062022097,0.15991502,0.04
890,-24.305458,0.42884648,8.916945,0.24269766,0.059097767,0.14551994,0.04
891,-24.297579,0.43130112,9.220527,0.23971812,0.061063122,0.13830626,0.04
892,-24.31608,0.43707487,9.920664,0.19165945,0.058154684,0.13378462,0.04
893,-24.3119,0.43110663,9.121803,0.34062797,0.062031783,0.1399661,0.04
894,-24.301352,0.4412079,9.733032,0.29164824,0.0637001,0.14483872,0.04
895,-24.311438,0.42816088,9.537493,0.19740851,0.059709653,0.15130834,0.04
896,-24.296503,0.42576352,8.024461,0.35745952,0.06455908,0.16759256,0.04
897,-24.307093,0.42738932,9.393698,0.21135801,0.06055222,0.1505117,0.04
898,-24.316944,0.43701884,9.884793,0.3343983,0.061289933,0.14576024,0.04
899,-24.319115,0.43918043,9.940911,0.29266822,0.063813426,0.15398048,0.04
900,-24.319519,0.42354926,9.19413,0.23059829,0.062623754,0.15035269,0.04
901,-24.314226,0.40809408,8.221521,0.25157976,0.058873832,0.1493413,0.04
902,-24.314013,0.42964402,9.985462,0.3509295,0.06273046,0.14808278,0.04
903,-24.304707,0.40190023,7.8010178,0.30156446,0.056022417,0.15305015,0.04
904,-24.298882,0.41313305,7.9766645,0.2208851,0.06343476,0.14793102,0.04
905,-24.317986,0.4053231,8.397794,0.22227979,0.060048778,0.13670668,0.04
906,-24.31465,0.43243077,9.72121,0.22925892,0.059865013,0.14182745,0.04
907,-24.309156,0.3992053,7.8438134,0.30392665,0.057625942,0.14728373,0.04
908,-24.315777,0.42352137,9.153429,0.2936516,0.061821677,0.14449756,0.04
909,-24.32091,0.42422822,10.070763,0.42284516,0.057604015,0.14365035,0.04
910,-24.303461,0.4177065,9.403602,0.28312582,0.057688,0.13027126,0.04
911,-24.31209,0.4007023,7.7434826,0.24909471,0.064505555,0.13886245,0.04
912,-24.320711,0.41638297,9.1228075,0.28945506,0.062298506,0.13534021,0.04
913,-24.325657,0.42528594,9.889493,0.19252753,0.06358317,0.1363485,0.04
914,-24.30943,0.43122527,9.45715,0.26347798,0.0648197,0.15124245,0.04
915,-24.30132,0.42220697,8.453987,0.24622315,0.062011845,0.15608887,0.04
916,-24.31765,0.42441395,9.1764,0.25340977,0.059018992,0.13599418,0.04
917,-24.303726,0.41845846,8.622523,0.21261272,0.057233915,0.15777059,0.04
918,-24.321722,0.4308747,8.845638,0.26441604,0.0623017,0.17024209,0.04
919,-24.311222,0.42682904,9.220044,0.24597028,0.061430734,0.13935807,0.04
920,-24.31404,0.43071777,9.948293,0.23227589,0.059345067,0.145211,0.04
921,-24.326843,0.41534123,8.820379,0.2687952,0.059278358,0.14011806,0.04
922,-24.307808,0.4193877,8.980934,0.41407824,0.058503654,0.14829102,0.04
923,-24.313183,0.43102723,9.890835,0.4719149,0.06057803,0.14137334,0.04
924,-24.308184,0.42027056,9.108599,0.38944173,0.05440074,0.14134322,0.04
925,-24.32127,0.41732952,9.650835,0.26418006,0.05423338,0.1329665,0.04
926,-24.312666,0.42092356,9.722341,0.264334,0.057966914,0.13119455,0.04
927,-24.306637,0.40742025,8.544419,0.2999025,0.05561542,0.12447843,0.04
928,-24.321014,0.42119583,8.887102,0.44592893,0.064222515,0.15529218,0.04
929,-24.31871,0.43065363,9.686781,0.22459008,0.05935153,0.15278167,0.04
930,-24.32404,0.43104145,10.073045,0.2581378,0.060417723,0.13964127,0.04
931,-24.303003,0.42613563,8.975169,0.31105664,0.061125003,0.13815157,0.04
932,-24.310316,0.42624763,9.698591,0.3044134,0.061838698,0.13873558,0.04
933,-24.303875,0.42002127,9.027938,0.26855075,0.062483393,0.14209536,0.04
934,-24.318047,0.42015922,9.345683,0.22567688,0.059428114,0.14120269,0.04
935,-24.312109,0.43218583,9.591527,0.28487337,0.06084741,0.14286491,0.04
936,-24.305336,0.41049817,7.8996964,0.30930394,0.06147926,0.16196643,0.04
937,-24.313005,0.44481066,10.468336,0.28830406,0.06390023,0.14227125,0.04
938,-24.308195,0.42882833,9.491618,0.3847103,0.05642639,0.14926694,0.04
939,-24.31435,0.43948245,10.423707,0.5114459,0.06111048,0.14665891,0.04
940,-24.31736,0.4379258,9.502387,0.41885132,0.06387988,0.14843702,0.04
941,-24.312935,0.42378175,9.272179,0.36209384,0.0626367,0.14428093,0.04
942,-24.30752,0.4381645,9.915301,0.45524088,0.06386994,0.13356183,0.04
943,-24.318316,0.42426488,8.889636,0.4936923,0.063188784,0.13896868,0.04
944,-24.293266,0.397305,7.285651,0.3327813,0.059881117,0.14498767,0.04
945,-24.325598,0.42004117,9.691077,0.49548233,0.058707464,0.1331662,0.04
946,-24.315159,0.4061458,8.515581,0.44948062,0.060570706,0.13668683,0.04
947,-24.32668,0.41890928,9.346149,0.49474826,0.05858037,0.13842988,0.04
948,-24.322,0.41816348,9.348581,0.32949942,0.06029732,0.1412474,0.04
949,-24.315298,0.4211684,9.348279,0.2615529,0.0610194,0.13477099,0.04
950,-24.302954,0.41588444,8.833625,0.19244267,0.05960742,0.13190521,0.04
951,-24.324577,0.4112352,9.002442,0.25084987,0.05801991,0.13717619,0.04
952,-24.298756,0.41064116,8.150379,0.21520664,0.059783608,0.14032449,0.04
953,-24.303484,0.41313308,7.8551426,0.25609574,0.06606107,0.14270206,0.04
954,-24.31908,0.42869163,9.792558,0.2256107,0.06435255,0.13844603,0.04
955,-24.3211,0.43618518,10.52639,0.21974202,0.059497874,0.14197233,0.04
956,-24.32168,0.41122907,8.618801,0.29323673,0.059122603,0.121823624,0.04
957,-24.316574,0.4161358,8.924649,0.34142554,0.06020811,0.12969986,0.04
958,-24.313309,0.41932052,8.499219,0.30763105,0.068030186,0.16685103,0.04
959,-24.3224,0.4259422,8.861613,0.30985922,0.061948977,0.14764482,0.04
960,-24.311169,0.4306835,9.225576,0.26504865,0.06329464,0.13724047,0.04
961,-24.30806,0.43481144,9.516423,0.22458103,0.0600946,0.15128398,0.04
962,-24.317463,0.43991244,10.505451,0.1982302,0.05893479,0.14095452,0.04
963,-24.307705,0.42538956,9.285002,0.23309802,0.0645552,0.14950985,0.04
964,-24.314386,0.43030778,9.1732235,0.258127,0.06135852,0.15127046,0.04
965,-24.313398,0.42873502,9.299308,0.26275882,0.061581507,0.13793898,0.04
966,-24.313692,0.43430367,10.029641,0.23081236,0.058832884,0.1437686,0.04
967,-24.307812,0.42378682,9.499644,0.25922582,0.059174508,0.13267979,0.04
968,-24.314983,0.41363686,8.212209,0.27727345,0.062140506,0.14107017,0.04
969,-24.308535,0.43335277,9.435854,0.21261825,0.062492847,0.14337125,0.04
970,-24.307398,0.43464652,9.263055,0.2912409,0.06456482,0.15232654,0.04
971,-24.308006,0.42926878,9.288669,0.30159584,0.06030215,0.13445877,0.04
972,-24.304157,0.43249628,9.5442915,0.22669339,0.059237927,0.13886663,0.04
973,-24.307348,0.43249336,9.70513,0.2526447,0.05889939,0.1341111,0.04
974,-24.314949,0.42281732,9.195435,0.22700356,0.05754829,0.1296806,0.04
975,-24.305717,0.41361597,8.317454,0.20335093,0.056646917,0.13072348,0.04
976,-24.315966,0.42257515,9.375167,0.25144747,0.05982743,0.12942159,0.04
977,-24.31592,0.4347997,10.069278,0.27393776,0.05654989,0.1445547,0.04
978,-24.325333,0.4215689,9.445062,0.25055182,0.057109896,0.13028075,0.04
979,-24.325901,0.4112485,8.80656,0.2283567,0.055785365,0.12582251,0.04
980,-24.299524,0.40976006,8.060261,0.2786821,0.057590865,0.12880793,0.04
981,-24.309723,0.4240338,9.091542,0.28700054,0.065790854,0.14723793,0.04
982,-24.316862,0.42929468,9.429639,0.36088458,0.06185076,0.16054653,0.04
983,-24.313307,0.4187325,8.846485,0.2324208,0.060274288,0.15616068,0.04
984,-24.320219,0.42163017,9.19379,0.23111969,0.061283037,0.14173616,0.04
985,-24.316055,0.4213662,9.016168,0.2436653,0.06464339,0.13465725,0.04
986,-24.328064,0.41974726,9.313474,0.22922038,0.05841117,0.13236201,0.04
987,-24.330582,0.42029917,9.224247,0.20289274,0.058394067,0.1379435,0.04
988,-24.319862,0.42799315,9.315364,0.19555278,0.0697249,0.1465092,0.04
989,-24.312292,0.42268476,8.561162,0.31352407,0.065523356,0.152121,0.04
990,-24.296343,0.41131926,8.034173,0.19993678,0.057893943,0.13751319,0.04
991,-24.315742,0.40948808,8.168489,0.246359,0.057914827,0.14340259,0.04
992,-24.31161,0.42473,9.610526,0.20241356,0.059062626,0.1323112,0.04
993,-24.323357,0.41869858,9.108969,0.22908364,0.057868797,0.1298656,0.04
994,-24.32752,0.41515687,9.35209,0.28024775,0.057371758,0.14700674,0.04
995,-24.331738,0.42934728,10.2277775,0.30169177,0.05967823,0.1472292,0.04
996,-24.329378,0.42720777,10.2421,0.22643346,0.05728401,0.13323085,0.04
997,-24.325768,0.41832158,9.02,0.28545424,0.060559634,0.12461021,0.04
998,-24.30495,0.4065232,8.302393,0.21593896,0.057295058,0.12404444,0.04
999,-24.320013,0.4141525,8.94487,0.2835958,0.05597408,0.14709166,0.04
1000,-24.30966,0.4179373,8.797363,0.3541588,0.060307894,0.13796124,0.04
1001,-24.313465,0.41155824,9.032589,0.257077,0.058117718,0.11656222,0.04
1002,-24.322718,0.41540098,9.051766,0.34232134,0.061118,0.13602419,0.04
1003,-24.309149,0.42100406,9.316539,0.2844987,0.06042841,0.14383283,0.04
1004,-24.306175,0.3942491,8.022934,0.3685484,0.056165613,0.14013866,0.04
1005,-24.32656,0.41179794,8.576144,0.2942281,0.062021095,0.13027427,0.04
1006,-24.306364,0.42687482,9.32171,0.25506923,0.06295114,0.13316678,0.04
1007,-24.307898,0.42524683,9.204789,0.23137414,0.06359059,0.15078597,0.04
1008,-24.301617,0.41539872,8.290857,0.2253398,0.05925356,0.14213356,0.04
1009,-24.309061,0.42561987,9.099847,0.29681116,0.058871042,0.14170784,0.04
1010,-24.306458,0.4400056,10.292449,0.28521022,0.0594021,0.12200197,0.04
1011,-24.296066,0.4210826,8.642756,0.30096734,0.06069772,0.1365814,0.04
1012,-24.31026,0.43147498,9.97783,0.30113214,0.05802245,0.15464786,0.04
1013,-24.327362,0.4185228,9.551737,0.19931892,0.058261584,0.13025907,0.04
1014,-24.320059,0.42151508,9.040272,0.32432637,0.06873221,0.15710422,0.04
1015,-24.32036,0.42168573,9.563342,0.21339805,0.059476506,0.12810789,0.04
1016,-24.303543,0.4188954,8.864159,0.19411558,0.057453442,0.13577184,0.04
1017,-24.314394,0.4149747,8.537875,0.29080346,0.058670517,0.14303868,0.04
1018,-24.313383,0.4024468,8.220468,0.2797056,0.060722556,0.12917455,0.04
1019,-24.316296,0.41745648,9.22627,0.21302506,0.058847003,0.13580371,0.04
1020,-24.326195,0.4207172,9.973689,0.34306315,0.06299006,0.12632246,0.04
1021,-24.308922,0.41037866,8.592888,0.23130961,0.057702813,0.14470127,0.04
1022,-24.324429,0.42782944,10.174769,0.17985575,0.0580042,0.13441831,0.04
1023,-24.32665,0.4182948,9.631577,0.28864613,0.059663445,0.13515544,0.04
1024,-24.331491,0.42302486,10.056957,0.33779547,0.05714756,0.13519305,0.04
1025,-24.328512,0.4261177,10.348737,0.24024892,0.055848796,0.14334098,0.04
1026,-24.29917,0.4352892,9.655973,0.21473016,0.059069715,0.1467679,0.04
1027,-24.308722,0.4203817,9.191628,0.25825667,0.0581228,0.13288185,0.04
1028,-24.317959,0.42751136,9.336934,0.36615518,0.063915424,0.14359656,0.04
1029,-24.309544,0.4188345,9.153928,0.3321726,0.05577622,0.13351546,0.04
1030,-24.316444,0.4215525,9.23677,0.21662313,0.056404352,0.13580734,0.04
1031,-24.315844,0.42037958,9.302144,0.3274702,0.061367474,0.14709716,0.04
1032,-24.30938,0.41949287,9.105369,0.22915936,0.059894264,0.14162493,0.04
1033,-24.307226,0.43289393,9.460163,0.17612433,0.061536867,0.1379474,0.04
1034,-24.296898,0.4107631,7.2970114,0.24693573,0.06681086,0.13762704,0.04
1035,-24.303413,0.44012895,9.74139,0.35444814,0.06392279,0.14358707,0.04
1036,-24.294947,0.41882548,8.00223,0.24770215,0.061762642,0.14017537,0.04
1037,-24.312687,0.41906375,8.464478,0.2574597,0.05893164,0.15313871,0.04
1038,-24.32648,0.43702683,9.911483,0.2461797,0.05765943,0.135642,0.04
1039,-24.302273,0.42427945,9.400875,0.32033578,0.05838274,0.13003592,0.04
1040,-24.321205,0.42781562,9.222191,0.22127244,0.05886748,0.14870986,0.04
1041,-24.323725,0.44567266,10.153174,0.26554024,0.060060386,0.15430145,0.04
1042,-24.300837,0.4212179,8.546184,0.25161248,0.061466422,0.13966382,0.04
1043,-24.293133,0.41282263,8.043246,0.29105628,0.058500923,0.13601603,0.04
1044,-24.309895,0.42578816,8.891642,0.19424203,0.057885054,0.14623804,0.04
1045,-24.30207,0.41374302,8.446891,0.31090146,0.057578966,0.14166553,0.04
1046,-24.318188,0.42004436,9.190014,0.20383206,0.060629264,0.13938178,0.04
1047,-24.3062,0.43376967,10.193558,0.31083432,0.055878464,0.1358769,0.04
1048,-24.304,0.41442335,8.866195,0.24749714,0.060113873,0.12026008,0.04
1049,-24.323582,0.42331344,10.042379,0.23347749,0.058517203,0.14059141,0.04
1050,-24.307383,0.41176262,8.789361,0.24565157,0.05932005,0.13844708,0.04
1051,-24.313625,0.4020914,8.064678,0.27856132,0.056182753,0.13202144,0.04
1052,-24.311886,0.40562388,8.2190695,0.25764054,0.05922486,0.1412638,0.04
1053,-24.33184,0.41848388,9.706752,0.19960855,0.059612073,0.13530804,0.04
1054,-24.308207,0.40677425,8.511127,0.2881076,0.059633285,0.122458205,0.04
1055,-24.315222,0.43652025,9.92768,0.24280992,0.06079858,0.14375229,0.04
1056,-24.324614,0.43945715,10.899078,0.30318204,0.059227508,0.1280376,0.04
1057,-24.314148,0.4435284,10.249356,0.3039854,0.063764706,0.14459988,0.04
1058,-24.319407,0.4104864,8.917272,0.26953554,0.055169713,0.14466482,0.04
1059,-24.321966,0.41222528,8.61764,0.32472557,0.0627534,0.13821451,0.04
1060,-24.310352,0.41142553,8.248412,0.18958862,0.058431868,0.13055608,0.04
1061,-24.30855,0.40148544,8.005208,0.1990454,0.059413772,0.1372391,0.04
1062,-24.317266,0.39805654,8.099999,0.23110645,0.059501994,0.12766497,0.04
1063,-24.307621,0.41429955,8.62579,0.19113721,0.060531717,0.14012632,0.04
1064,-24.316303,0.4273624,9.874446,0.31149733,0.058939002,0.12992951,0.04
1065,-24.312449,0.4194943,9.282907,0.23526713,0.058365025,0.13478734,0.04
1066,-24.321898,0.42183474,9.499073,0.1711357,0.061911844,0.13945991,0.04
1067,-24.313812,0.43380782,9.821788,0.23116136,0.06386648,0.13467817,0.04
1068,-24.332481,0.4339114,10.822271,0.23613518,0.0568477,0.13758676,0.04
1069,-24.31953,0.43145025,9.761323,0.25291765,0.06500472,0.16415586,0.04
1070,-24.299149,0.4088547,8.147653,0.25208363,0.06439225,0.15368523,0.04
1071,-24.310957,0.39928064,7.5928254,0.19470502,0.057963867,0.12398105,0.04
1072,-24.31723,0.39717552,8.226852,0.24180812,0.056527093,0.12504159,0.04
1073,-24.312792,0.4067097,8.79572,0.3026215,0.05881076,0.13463603,0.04
1074,-24.325287,0.41929844,9.629831,0.31065378,0.059777174,0.12989506,0.04
1075,-24.319603,0.42255545,9.952591,0.24426185,0.060857177,0.14945458,0.04
1076,-24.311974,0.40324622,8.6075735,0.27720338,0.05892715,0.13200451,0.04
1077,-24.315674,0.41060975,9.508111,0.20494148,0.056429528,0.1345509,0.04
1078,-24.314365,0.4318914,10.09051,0.23433422,0.059344433,0.12185367,0.04
1079,-24.324833,0.4205997,9.31248,0.2020191,0.059821468,0.13066043,0.04
1080,-24.306387,0.41733047,8.942276,0.3074985,0.057309456,0.1363499,0.04
1081,-24.315369,0.4192858,9.126695,0.27883586,0.059789635,0.1447757,0.04
1082,-24.301847,0.4023111,8.037965,0.28314775,0.05786292,0.13675919,0.04
1083,-24.30857,0.42595187,9.560139,0.2390585,0.059223615,0.13901834,0.04
1084,-24.307016,0.41222918,8.360857,0.2796539,0.061141282,0.12670948,0.04
1085,-24.329605,0.42171976,9.410144,0.24177943,0.060235173,0.12442404,0.04
1086,-24.325352,0.42755008,9.408164,0.27547833,0.061084248,0.14534701,0.04
1087,-24.318758,0.4285308,9.770384,0.2872493,0.06112243,0.13161281,0.04
1088,-24.298391,0.4195948,9.134694,0.29201487,0.058247376,0.13677537,0.04
1089,-24.311735,0.40772018,8.430955,0.21982534,0.06080386,0.14121392,0.04
1090,-24.306347,0.4179442,8.941418,0.23768786,0.06234215,0.12766872,0.04
1091,-24.321512,0.4193019,9.325312,0.25430372,0.059167363,0.13083121,0.04
1092,-24.315832,0.4076919,9.176028,0.30915606,0.057215434,0.12403585,0.04
1093,-24.309164,0.40318775,8.556009,0.32085845,0.058189716,0.12703085,0.04
1094,-24.324558,0.40578428,8.992138,0.25952855,0.0610145,0.14141734,0.04
1095,-24.320642,0.39750952,8.613114,0.210711,0.059004743,0.12313277,0.04
1096,-24.322002,0.41333956,9.892046,0.32980725,0.059099674,0.12967871,0.04
1097,-24.324263,0.41427976,9.123549,0.36237034,0.06406952,0.13669242,0.04
1098,-24.316011,0.40003142,8.571112,0.17965053,0.054633915,0.123875156,0.04
1099,-24.316278,0.41493312,9.839493,0.2362281,0.054866035,0.121666335,0.04
1100,-24.314095,0.400678,8.7476,0.25820395,0.057690725,0.13416533,0.04
1101,-24.32354,0.41157925,9.722017,0.22166155,0.057675164,0.12873718,0.04
1102,-24.322464,0.40142447,8.457166,0.25422174,0.05886275,0.12612501,0.04
1103,-24.306805,0.39607492,8.373842,0.23352376,0.05636328,0.13104673,0.04
1104,-24.318483,0.41351825,9.149907,0.37246436,0.060708307,0.1265577,0.04
1105,-24.327387,0.4070659,9.089635,0.20090005,0.0584471,0.13184467,0.04
1106,-24.334146,0.40983513,9.212884,0.26299232,0.058875073,0.13276197,0.04
