epoch,energy,energy_std,grad_amp_before,grad_phi_before,grad_amp_after,grad_phi_after,learning_rate
0,26.713308,1.5495918,0.32384765,1.1063617,0.82808256,2.0631132,0.04
1,26.567375,1.760027,0.37391558,1.6058353,0.8944944,2.5241444,0.049999997
2,26.172695,2.3350172,0.563137,3.0479474,1.1293566,3.4526746,0.062499996
3,24.825335,3.3372703,0.8879916,6.3855534,1.2985442,4.7638826,0.07812499
4,19.174585,5.7686896,1.9630475,17.747873,1.9312899,6.603715,0.09765624
5,4.442953,6.4639416,3.0253859,16.63516,2.312576,5.6113915,0.122070305
6,-2.1334255,4.111631,1.3459013,5.689118,1.4070909,2.8162081,0.15258788
7,-2.8009887,3.921042,1.6222736,10.343348,1.1804355,2.3653076,0.19073485
8,-4.366559,3.7323995,1.9031675,8.109518,1.0065533,2.301877,0.2
9,-5.722498,3.6324756,2.1570385,4.9724884,0.9884094,2.3988526,0.2
10,-7.2324443,3.4607928,3.0177047,3.7695057,0.8855936,2.2761414,0.2
11,-8.298444,3.3005447,3.8092694,2.609148,0.8245722,2.203623,0.2
12,-9.2902355,3.254606,4.547294,1.9821172,0.8093062,2.1065824,0.2
13,-9.847654,3.0988908,4.5683737,2.1918235,0.7414079,1.7995508,0.2
14,-10.4534025,3.0322638,5.3113747,2.1863656,0.73620987,1.700162,0.2
15,-10.962941,2.9581246,5.05215,1.8985618,0.7074374,1.5940552,0.2
16,-11.294011,2.9497697,5.1968875,1.6041889,0.71958965,1.5398194,0.2
17,-11.698842,2.960207,4.9532943,1.7641143,0.68755054,1.5841743,0.2
18,-12.047667,2.9499788,5.3335843,2.0341687,0.695214,1.5727692,0.2
19,-12.381076,2.982084,5.786437,2.0858972,0.7034003,1.511449,0.2
20,-13.057836,3.0221133,5.728568,2.3157985,0.709978,1.6958662,0.2
21,-13.623088,3.0762155,5.9093847,3.6687074,0.6914766,1.8181008,0.2
22,-14.847542,2.7237585,4.8934774,3.9027479,0.5959502,2.034715,0.2
23,-15.620545,2.5337098,6.445962,3.064492,0.55612177,1.7430159,0.17010678
24,-15.9512205,2.4053142,5.768648,3.0701902,0.5674041,1.4851643,0.2
25,-16.176365,2.2386072,4.9551606,1.0833794,0.5653481,1.0744858,0.2
26,-16.341215,2.1986744,5.1096683,1.6410959,0.55585563,1.1087168,0.2
27,-16.40379,2.0754313,5.674062,1.3219568,0.5415385,0.8752451,0.19081376
28,-16.606236,2.0490608,5.3108816,0.81779224,0.55444086,0.69424754,0.2
29,-16.622778,2.0223851,4.4498105,0.8761536,0.55898106,0.7977996,0.2
30,-16.753172,1.9108174,3.0137558,0.5658361,0.563906,0.57162154,0.2
31,-16.835909,1.841531,2.895645,1.250998,0.5330577,0.6103537,0.2
32,-16.826826,1.8634869,4.8641047,0.62179977,0.54907596,0.4921704,0.2
33,-16.905,1.8643231,4.5498405,0.91820025,0.5555836,0.5986722,0.2
34,-16.947796,1.826199,4.166328,0.6880848,0.56056315,0.46742043,0.2
35,-16.980228,1.7573248,4.3599424,1.1962712,0.5233826,0.66070944,0.2
36,-16.996462,1.7596216,4.7639832,1.6404507,0.52180326,0.720076,0.13940386
37,-17.01435,1.7648164,4.556565,0.9654751,0.52714205,0.5319943,0.13852748
38,-17.073078,1.7713846,3.3529172,0.49360865,0.5585278,0.42575154,0.17315936
39,-17.090508,1.7281493,4.8894815,0.5634319,0.5237279,0.36742216,0.2
40,-17.111626,1.7276428,3.0951018,0.33024544,0.55754274,0.2788658,0.2
41,-17.123905,1.7183552,3.611717,0.69407654,0.54955816,0.50064164,0.2
42,-17.182734,1.7518626,4.8190837,0.37526584,0.54107577,0.3033083,0.2
43,-17.276587,1.6297789,3.1395283,0.6312575,0.5145911,0.36310345,0.2
44,-17.266148,1.6634017,3.937276,0.6122973,0.53447425,0.278478,0.2
45,-17.17262,1.6559345,4.811351,0.41758767,0.5383871,0.20128663,0.2
46,-17.191488,1.6011877,4.674337,0.34910214,0.49665737,0.21893445,0.2
47,-17.232962,1.5706208,4.8377757,0.43310073,0.50029147,0.27564532,0.2
48,-17.246815,1.5891498,4.389672,0.37773153,0.52334976,0.20455912,0.2
49,-17.326292,1.5984116,3.7375243,0.30635494,0.5179985,0.18898804,0.2
50,-17.344309,1.5890229,2.6878073,0.19568768,0.527933,0.1667055,0.2
51,-17.276218,1.5805273,2.8641734,0.37588587,0.51960033,0.2455341,0.2
52,-17.425697,1.5908811,4.1778083,0.32313195,0.5270251,0.16762827,0.2
53,-17.380783,1.5977496,5.216653,0.3114177,0.527249,0.16555274,0.2
54,-17.367432,1.634586,5.8057775,0.24709654,0.5534956,0.16686623,0.2
55,-17.36831,1.657881,3.4124625,0.71573716,0.5320029,0.6899035,0.2
56,-17.3935,1.5492651,4.0699735,0.8858615,0.48236585,0.4163613,0.2
57,-17.316957,1.6782943,5.1434717,1.6188442,0.51500833,0.8094241,0.11382396
58,-17.390589,1.588809,3.0248008,1.5266085,0.52935123,0.6703476,0.07368482
59,-17.378958,1.5808046,5.381079,0.68252915,0.52534235,0.232906,0.09210602
60,-17.529552,1.5149994,3.2551587,0.38453224,0.52720606,0.17705642,0.115132526
61,-17.483313,1.4990119,3.3073554,0.15263097,0.51101667,0.14011313,0.14391565
62,-17.472816,1.5367955,3.7527518,0.18225645,0.51620495,0.13802756,0.17989457
63,-17.497746,1.4929712,5.5888352,0.3161386,0.5010549,0.17251365,0.2
64,-17.455511,1.5481379,4.27241,0.22578253,0.52294195,0.13720353,0.2
65,-17.5109,1.466305,3.9733021,0.2829322,0.5104228,0.1619811,0.2
66,-17.531445,1.4274856,3.468166,0.28899375,0.48661152,0.14373715,0.2
67,-17.474028,1.4868404,5.25828,0.33589658,0.5033468,0.16600582,0.2
68,-17.478575,1.4543806,6.242964,0.23877697,0.48940256,0.1370435,0.2
69,-17.525984,1.4619173,6.4818873,0.33310118,0.47242382,0.1775975,0.2
70,-17.594973,1.471141,5.483794,0.30555922,0.504419,0.15274113,0.2
71,-17.572145,1.4253358,4.2271347,0.31127256,0.49865082,0.12607512,0.2
72,-17.583982,1.3938632,5.0851917,0.18085225,0.4695212,0.14097211,0.2
73,-17.598984,1.4609349,4.712602,0.33876386,0.5210634,0.18266349,0.2
74,-17.55878,1.3658364,5.970361,0.34196168,0.46767986,0.12613487,0.2
75,-17.60239,1.4297798,5.721287,0.29020914,0.4814894,0.13990095,0.2
76,-17.626156,1.4277896,3.9626038,0.17573598,0.49893093,0.12365672,0.2
77,-17.636684,1.3284743,6.688936,0.28618103,0.46437225,0.14398174,0.2
78,-17.539082,1.3396975,7.798174,0.25665054,0.4532229,0.13201448,0.2
79,-17.623825,1.2830756,7.5292063,0.35506383,0.43274885,0.19616614,0.2
80,-17.666605,1.3003806,4.7945323,0.50224155,0.43736947,0.19900288,0.2
81,-17.62197,1.3860879,6.7156534,0.80518615,0.47981808,0.31423402,0.2
82,-17.616056,1.3979566,6.1374125,1.890703,0.44454288,0.7206903,0.12499134
83,-17.546867,1.4647394,6.1922092,3.1772385,0.41621658,0.95333767,0.0576001
84,-17.689789,1.2875407,5.103374,0.9159085,0.45288572,0.15609793,0.07200012
85,-17.61712,1.1770282,6.323886,0.3859556,0.38891533,0.14206676,0.09000015
86,-17.687836,1.2146344,3.64559,0.15077293,0.4245293,0.097387455,0.11250019
87,-17.691238,1.1690694,4.6225634,0.13019386,0.39682412,0.09514963,0.14062524
88,-17.697308,1.1629598,4.144534,0.12727971,0.40320057,0.091507636,0.17578155
89,-17.69548,1.1810292,6.047989,0.13007541,0.41453338,0.08861083,0.2
90,-17.721966,1.1635869,5.764165,0.15683179,0.39506456,0.09811917,0.2
91,-17.719534,1.1451118,6.3162947,0.15000464,0.40444267,0.097682305,0.2
92,-17.690506,1.2023542,4.923527,0.21610846,0.426177,0.10539561,0.2
93,-17.761744,1.1123524,4.279352,0.17092018,0.37678736,0.11406097,0.2
94,-17.738049,1.1679531,5.0335345,0.3901141,0.40011525,0.24056284,0.2
95,-17.706371,1.1437105,5.9336452,0.7672993,0.39095223,0.30651048,0.2
96,-17.719877,1.2362244,5.1017904,1.2035644,0.41099355,0.57792765,0.12171425
97,-17.75675,1.1560993,4.3094053,1.6683251,0.36955324,0.5485107,0.073374666
98,-17.753561,1.048689,4.67394,0.46798003,0.36534953,0.13505797,0.09171833
99,-17.749756,1.1637336,4.197393,0.22077681,0.40087548,0.1267739,0.11464791
100,-17.778864,1.0647551,3.47317,0.12907687,0.36113673,0.08879402,0.14330989
101,-17.798172,1.0788351,3.9985673,0.113649055,0.3806924,0.0753156,0.17913736
102,-17.767275,1.0349952,3.1471982,0.13920395,0.3546682,0.07974301,0.2
103,-17.769642,1.0270271,5.48893,0.15585037,0.34820753,0.09986345,0.2
104,-17.739317,1.0909592,4.0110273,0.29578486,0.38384038,0.20038775,0.2
105,-17.744366,1.0413953,4.6760707,0.27934432,0.347652,0.1220633,0.2
106,-17.811344,1.0838426,4.3514767,0.14053279,0.35995,0.10688169,0.2
107,-17.792912,1.0301532,4.7288475,0.16162457,0.3484663,0.104025565,0.2
108,-17.767817,1.0580997,3.849761,0.14135712,0.37075654,0.11124972,0.2
109,-17.780981,1.0794272,3.9280746,0.27478373,0.3666765,0.16558102,0.2
110,-17.789747,0.9676241,4.26835,0.21510698,0.3374879,0.10219309,0.2
111,-17.787212,1.0751511,4.0193415,0.25203112,0.37621975,0.08890601,0.2
112,-17.811777,1.024302,4.2167144,0.115188256,0.34545624,0.087773904,0.2
113,-17.817844,0.9655451,3.8840263,0.22093488,0.32853064,0.15538193,0.2
114,-17.818087,0.9506191,4.0299606,0.17903955,0.3262499,0.12223669,0.2
115,-17.839956,0.95855653,3.1948607,0.14950582,0.3248499,0.087486655,0.2
116,-17.772915,0.90305203,5.1627684,0.1471958,0.30829525,0.07141069,0.2
117,-17.76041,1.0146096,4.3985357,0.18975665,0.34265646,0.11440309,0.2
118,-17.799604,0.9856048,4.011556,0.15498334,0.33625573,0.09023762,0.2
119,-17.821815,0.9854674,4.020364,0.29538268,0.3385169,0.1689001,0.2
120,-17.827679,1.0439336,4.50738,0.46455196,0.3534336,0.18727991,0.2
121,-17.820053,1.0132551,4.025689,0.94196004,0.33183488,0.34850806,0.17206801
122,-17.77598,1.1544174,4.324513,2.228626,0.3272414,0.7893864,0.06539267
123,-17.84809,1.0200961,4.4738865,0.84961444,0.35107076,0.1677048,0.0563493
124,-17.81052,0.95347506,4.1966977,0.4875266,0.32063562,0.12226258,0.07043663
125,-17.805346,1.1260234,3.645862,0.17924233,0.4089248,0.108757615,0.08804578
126,-17.851036,0.9698329,4.012829,0.10430772,0.33978596,0.093292296,0.11005723
127,-17.837881,0.90325385,3.7399242,0.08986999,0.3025894,0.07192307,0.13757153
128,-17.864563,0.92131037,3.306783,0.061938338,0.31849858,0.053933818,0.1719644
129,-17.844484,0.96975374,2.9802191,0.081597134,0.34019843,0.07314912,0.2
130,-17.820808,0.9078045,4.1644764,0.103055574,0.31267107,0.07345528,0.2
131,-17.854052,1.0229537,2.4916854,0.10859217,0.3546809,0.097336575,0.2
132,-17.836597,0.9404001,4.356062,0.13042888,0.31235817,0.07919427,0.2
133,-17.839252,0.99395907,4.018227,0.13129698,0.33907256,0.0860981,0.2
134,-17.868725,0.95758176,4.022157,0.11700844,0.33142638,0.071888775,0.2
135,-17.815313,0.97754157,4.923689,0.14921331,0.33235556,0.085627764,0.2
136,-17.842468,0.9058949,4.3087792,0.11944766,0.3022361,0.07098421,0.2
137,-17.807505,0.9781313,5.052189,0.16469356,0.33534896,0.0986937,0.2
138,-17.915972,0.9752149,3.9828153,0.22697847,0.3352591,0.13660042,0.2
139,-17.884214,0.89524436,2.2176404,0.12209573,0.30602813,0.06640784,0.2
140,-17.876434,0.9480395,2.8634994,0.14387208,0.3238762,0.0907547,0.2
141,-17.858572,0.86550945,5.0956683,0.12599684,0.30251116,0.088021815,0.2
142,-17.851942,0.90429544,3.3562436,0.2849574,0.30833605,0.1605457,0.2
143,-17.856949,0.9789446,2.5722144,0.3454582,0.33122107,0.16472423,0.2
144,-17.853695,0.9890723,3.4116638,0.5668019,0.32574433,0.25550047,0.2
145,-17.834167,0.9658609,3.4975772,1.4893048,0.28737697,0.6208317,0.10118052
146,-17.834164,0.961223,2.4593866,1.5082374,0.2856013,0.52440745,0.05696177
147,-17.844799,0.88394177,3.962488,0.6416069,0.29691562,0.10992726,0.07120221
148,-17.900957,0.81942344,2.3935075,0.1769258,0.26615,0.10408051,0.089002766
149,-17.900461,0.87160695,2.806294,0.06870769,0.2958974,0.069405586,0.111253455
150,-17.87333,0.8541866,3.905306,0.08213314,0.29008082,0.07404416,0.13906682
151,-17.88777,0.8478251,2.6088498,0.06626555,0.28382778,0.060470637,0.17383352
152,-17.859493,0.90309477,3.9122186,0.091184705,0.30731863,0.06498349,0.2
153,-17.891993,0.9016231,3.823629,0.09768969,0.3090484,0.07576133,0.2
154,-17.87062,0.8651752,3.2425876,0.16234024,0.2894058,0.10389151,0.2
155,-17.829493,0.8981243,3.7707596,0.21311605,0.29207233,0.12033307,0.2
156,-17.809887,0.98949075,3.0930521,0.5468824,0.3356213,0.29085907,0.2
157,-17.860321,1.0321,3.843406,1.1470323,0.34942254,0.51717085,0.12738296
158,-17.886818,0.8875045,2.9815514,1.3113983,0.27881777,0.47369426,0.07871662
159,-17.897932,0.9780305,4.2610836,0.4951024,0.32614467,0.107031405,0.09839578
160,-17.88665,0.9025281,3.5666711,0.1215543,0.30838895,0.096019395,0.12299472
161,-17.893566,0.9772016,2.8268826,0.11061309,0.3297341,0.09776385,0.1537434
162,-17.892164,0.7954316,2.95736,0.11681935,0.26712814,0.07560238,0.19217925
163,-17.914257,0.84156334,3.153527,0.15834938,0.28347814,0.1279545,0.2
164,-17.899324,0.87747467,3.0405934,0.1288367,0.29967472,0.08336806,0.2
165,-17.916956,1.0034715,2.9167593,0.21002157,0.34514606,0.12414945,0.2
166,-17.918516,0.8864794,2.9874113,0.11642235,0.29868516,0.07969096,0.2
167,-17.904598,0.85391784,1.8252094,0.15966345,0.2899533,0.08996223,0.2
168,-17.91659,0.80468833,2.8340464,0.07637211,0.26510152,0.05941141,0.2
169,-17.883074,0.7950771,3.2491305,0.10893374,0.25782925,0.07203191,0.2
170,-17.896461,0.86760324,3.331169,0.08008626,0.28734803,0.06820884,0.2
171,-17.89821,0.8367194,2.9731567,0.13328713,0.28377312,0.08976213,0.2
172,-17.903719,0.9445589,2.7366512,0.13297775,0.31974074,0.08513456,0.2
173,-17.94172,0.82827044,1.6748406,0.05526262,0.2887281,0.054847494,0.2
174,-17.853016,0.83828855,3.79588,0.09336195,0.2809353,0.06092516,0.2
175,-17.89096,0.7954293,2.8707383,0.093485236,0.25278357,0.069904365,0.2
176,-17.877024,0.86943805,2.2388217,0.11896842,0.29835665,0.08114031,0.2
177,-17.862253,0.88961565,3.3390565,0.27493143,0.30367973,0.12985498,0.2
178,-17.916962,0.8482529,2.8374977,0.2145632,0.28640714,0.122805715,0.2
179,-17.912966,0.85528344,2.8383522,0.28844497,0.2808682,0.12841205,0.2
180,-17.967445,0.7964143,2.2057788,0.28310254,0.26945186,0.13315274,0.2
181,-17.874582,0.8409973,3.9805307,0.49618533,0.27965817,0.19833691,0.2
182,-17.882948,0.9961642,2.2455645,1.2515858,0.31491065,0.47528097,0.1112576
183,-17.884632,0.9028775,3.6647282,1.5025685,0.2766479,0.4893954,0.060396854
184,-17.93422,0.81878567,3.1848238,0.5275417,0.27362272,0.09964652,0.07549607
185,-17.909828,0.95212203,3.19198,0.18071547,0.32880318,0.1043433,0.09437009
186,-17.890543,0.9597056,2.887188,0.08315935,0.32476535,0.07225915,0.11796261
187,-17.901983,0.88652986,3.8910275,0.09492065,0.30648565,0.07375052,0.14745326
188,-17.909798,0.7903376,3.2718709,0.06874396,0.2527636,0.065137774,0.18431658
189,-17.884579,0.8714954,3.9435918,0.08956476,0.2908348,0.07341634,0.2
190,-17.900734,0.83722115,1.5897807,0.0672206,0.28498924,0.056291383,0.2
191,-17.898943,0.88568395,2.6692998,0.09940948,0.28752926,0.11103668,0.2
192,-17.936064,0.8498051,2.388065,0.11325298,0.28636447,0.07208124,0.2
193,-17.905489,0.92226505,3.276745,0.106095135,0.3054721,0.08076941,0.2
194,-17.897726,0.87392783,3.5953603,0.09146708,0.28727135,0.07606241,0.2
195,-17.901882,0.8547165,3.2853072,0.14198454,0.282963,0.100590765,0.2
196,-17.913246,0.80723006,1.9333942,0.07315258,0.26345202,0.05956792,0.2
197,-17.894144,0.91964453,2.7902822,0.15411186,0.29763824,0.0906992,0.2
198,-17.899355,0.8179077,2.3481781,0.1079414,0.27335835,0.076045774,0.2
199,-17.921741,0.8659297,2.6448178,0.18851677,0.29581127,0.11808263,0.2
200,-17.89571,0.8886859,4.5681105,0.3785697,0.29166222,0.1575214,0.2
201,-17.8977,0.9859056,4.214315,0.8316604,0.3259363,0.33851787,0.1659057
202,-17.862478,1.0201991,3.6871867,1.7543631,0.29508343,0.73737526,0.069319665
203,-17.884129,0.9908927,3.841065,0.87428844,0.34289777,0.20185816,0.054644316
204,-17.88826,0.937089,2.9681811,0.48895684,0.31742167,0.1140225,0.068305396
205,-17.871094,0.9139987,4.316032,0.19413087,0.2925234,0.10914352,0.08538175
206,-17.894669,0.96143943,2.9697416,0.081698105,0.32751667,0.078857094,0.10672718
207,-17.922039,0.82049394,2.2790952,0.07021163,0.27754396,0.06641512,0.13340898
208,-17.920504,0.84565395,2.9655478,0.05653319,0.2851387,0.0512877,0.16676122
209,-17.924257,0.89329726,2.9315093,0.06962865,0.29333234,0.058529265,0.2
210,-17.904503,0.8334378,3.5095289,0.064636685,0.2725825,0.05538017,0.2
211,-17.926847,0.854088,4.131218,0.07420687,0.28753826,0.06458679,0.2
212,-17.888588,0.8568028,2.992517,0.07037745,0.29192105,0.056412216,0.2
213,-17.92729,0.83478534,2.0331316,0.095968954,0.2738852,0.080355994,0.2
214,-17.946136,0.7578054,1.9829507,0.10313924,0.24661112,0.07611777,0.2
215,-17.857399,0.88100725,3.1796782,0.2462936,0.28967735,0.14516082,0.2
216,-17.897692,0.8502685,3.353794,0.4652272,0.27726454,0.17653856,0.2
217,-17.935583,1.0031126,1.7416378,0.9851207,0.32335395,0.36180964,0.13286676
218,-17.911028,0.9352643,2.7892826,1.4637717,0.2819381,0.4994291,0.066816926
219,-17.903648,0.8668477,1.5526096,0.49630594,0.28380662,0.10532054,0.066486046
220,-17.916956,0.88220406,3.0451083,0.24707885,0.29285783,0.090929694,0.08310756
221,-17.881914,0.83799946,2.2808185,0.09012659,0.27954078,0.07318844,0.10388445
222,-17.957323,0.83973813,1.6657389,0.046037335,0.290116,0.055758554,0.12985556
223,-17.910225,0.7943804,2.8216527,0.06162786,0.26404497,0.057659615,0.16231945
224,-17.899158,1.020587,3.3948927,0.08924384,0.34857866,0.07703864,0.2
225,-17.925114,0.8560563,3.4675035,0.076285094,0.2799597,0.061864614,0.2
226,-17.93721,0.9683072,2.6369169,0.06433572,0.33959815,0.070214055,0.2
227,-17.896435,0.8188454,3.1130104,0.1164543,0.27321258,0.10196871,0.2
228,-17.922226,0.9575625,3.614749,0.1716247,0.34246585,0.106998466,0.2
229,-17.939201,0.8565612,2.2358873,0.2545129,0.28837326,0.12326841,0.2
230,-17.923977,0.79924405,2.4451973,0.2671753,0.2628037,0.1249162,0.2
231,-17.877718,0.8654104,4.4197345,0.37060025,0.29232627,0.15079406,0.2
232,-17.919008,0.81633,4.298727,0.6553594,0.25531557,0.23489624,0.1988434
233,-17.859514,1.0072974,3.1428232,1.6463308,0.30217174,0.57016325,0.07912862
234,-17.916012,0.82355237,4.205414,0.83273757,0.26378304,0.1970311,0.061559603
235,-17.928476,0.82528645,2.4418666,0.3705791,0.26668736,0.09700468,0.07694951
236,-17.914152,0.8218145,2.7507567,0.11239102,0.2663606,0.07994527,0.096186884
237,-17.924873,0.8625416,1.9702235,0.04304924,0.28199863,0.05477045,0.1202336
238,-17.935555,0.8662906,1.9778322,0.069454044,0.27778235,0.05792437,0.15029201
239,-17.897915,0.84333056,3.369689,0.07477714,0.2784768,0.05530558,0.18786502
240,-17.901154,0.8321087,4.2025027,0.08972253,0.2825855,0.060116783,0.2
241,-17.940884,0.7662459,2.3693366,0.05755572,0.25419787,0.050722897,0.2
242,-17.935867,0.8218271,3.2815661,0.0736026,0.26827884,0.06719548,0.2
243,-17.909945,0.84989953,3.0940452,0.08832713,0.28979382,0.087327234,0.2
244,-17.929665,0.87609553,2.8175728,0.22398758,0.29466957,0.13345355,0.2
245,-17.95668,0.81913733,2.0182571,0.12880094,0.2820995,0.08887114,0.2
246,-17.910378,0.79127574,2.4400125,0.09302369,0.26279643,0.057741474,0.2
247,-17.948355,0.7731957,2.9332929,0.056585323,0.25195512,0.05735104,0.2
248,-17.966682,0.79333305,1.3766506,0.06782779,0.27000338,0.06424938,0.2
249,-17.862938,0.9869602,3.2472467,0.12329966,0.32192305,0.07786692,0.2
250,-17.937225,0.8091955,2.306063,0.08098324,0.26684457,0.05450038,0.2
251,-17.915255,0.9316657,3.1066487,0.10690319,0.3140555,0.08593196,0.2
252,-17.94479,0.7873097,2.8754377,0.18095185,0.2571671,0.110764876,0.2
253,-17.93886,0.85267663,1.6498369,0.1811451,0.28192508,0.0878715,0.2
254,-17.926912,0.7914389,2.4964087,0.09171599,0.25669685,0.06015199,0.2
255,-17.933237,0.84586155,3.9958227,0.0771538,0.27480733,0.06329165,0.2
256,-17.934883,0.8240036,3.7658348,0.099389754,0.28152165,0.0621349,0.2
257,-17.929512,0.82799006,2.5332117,0.070512876,0.26760522,0.06194845,0.2
258,-17.914145,0.85918975,3.5743818,0.17101601,0.28489542,0.089389995,0.2
259,-17.924866,0.74025965,3.0924828,0.2741734,0.2328632,0.111303665,0.2
260,-17.95337,0.95035386,2.265742,0.6673932,0.3157079,0.23445897,0.1755536
261,-17.90868,0.98955685,4.3525405,1.7247928,0.28624052,0.566283,0.08384806
262,-17.89125,0.9544196,3.5503726,1.2037464,0.30576035,0.3543965,0.052141912
263,-17.932512,0.90037024,3.3898542,0.56497836,0.2984593,0.11949244,0.06517739
264,-17.952961,0.79167885,2.0087023,0.21051405,0.26717412,0.092194706,0.081471734
265,-17.93984,0.77273005,3.3833804,0.070299886,0.25642487,0.074345194,0.10183967
266,-17.91644,0.85810715,2.9404707,0.081894025,0.2982567,0.0655419,0.12729959
267,-17.904915,0.8423498,2.902169,0.076590255,0.27448636,0.062496237,0.1591245
268,-17.961226,0.7871141,2.3221602,0.056751862,0.26366708,0.049032085,0.19890562
269,-17.918,0.8808972,2.502222,0.072422184,0.3059826,0.056208085,0.2
270,-17.892704,0.9823613,3.6419663,0.1076648,0.31905136,0.091525614,0.2
271,-17.914864,0.9220616,2.8671927,0.35050115,0.29883787,0.5771775,0.2
272,-17.926369,0.87258905,2.7579207,0.7121004,0.27630618,0.47739998,0.17172083
273,-17.897566,1.0038133,3.6674585,2.4642675,0.26934028,0.85857034,0.06100297
274,-17.91327,0.7927943,3.0711317,1.265728,0.25453305,0.20537272,0.07625371
275,-17.892551,0.80513316,3.2084315,0.82460696,0.25845566,0.122825645,0.09531714
276,-17.949533,0.81346625,2.5314782,0.32040054,0.26876608,0.083904624,0.11914642
277,-17.940155,0.79278576,3.7968795,0.10158234,0.25696078,0.07719237,0.14893302
278,-17.923672,0.86368006,3.0448518,0.10076621,0.29363218,0.06763044,0.18616629
279,-17.906862,0.964046,4.1511064,0.108181596,0.3305586,0.09502488,0.2
280,-17.946283,0.80662966,2.5323596,0.15424664,0.26123425,0.09877245,0.2
281,-17.923656,0.9808329,2.5212114,0.13167161,0.33352932,0.085823506,0.2
282,-17.918371,0.9602438,3.1816864,0.17231146,0.3166111,0.09809127,0.2
283,-17.8895,0.99223524,3.1942918,0.121245496,0.3336679,0.09494714,0.2
284,-17.950773,0.7729382,2.9532013,0.20990795,0.25029454,0.11863519,0.2
285,-17.921919,0.85854715,4.2035847,0.25917724,0.29316717,0.10631999,0.2
286,-17.938772,0.850838,2.3493898,0.27033037,0.27711838,0.11079841,0.2
287,-17.912436,0.8210668,3.4215481,0.38594583,0.27718067,0.1520116,0.2
288,-17.898628,0.863536,3.7461333,0.7477813,0.28520828,0.29861116,0.15697818
289,-17.881487,0.9532451,3.9413056,1.3287944,0.28160784,0.531321,0.07735021
290,-17.936295,0.8758417,2.850634,0.6889705,0.2900217,0.15732297,0.066352986
291,-17.902328,0.8833564,3.852813,0.29182652,0.2959028,0.08094722,0.082941234
292,-17.94308,0.91389453,4.036282,0.0895466,0.3262677,0.06896054,0.10367654
293,-17.932516,0.84196264,3.6814134,0.11415058,0.2722086,0.07866687,0.12959568
294,-17.912008,0.846055,4.7095127,0.08729367,0.27541953,0.06522287,0.1619946
295,-17.895857,0.86118644,2.5567832,0.07454759,0.2863898,0.06427983,0.2
296,-17.931076,0.81652725,3.1302447,0.056090087,0.2759404,0.0652194,0.2
297,-17.949242,0.80639005,2.1781087,0.11478195,0.27186936,0.087384254,0.2
298,-17.927137,0.8092328,3.539629,0.13951847,0.26034173,0.071436994,0.2
299,-17.89896,0.88800955,3.9928057,0.22227873,0.30161723,0.1053613,0.2
300,-17.899055,0.8497353,3.2571836,0.11114648,0.28298253,0.069662325,0.2
301,-17.91753,0.94741374,3.085031,0.09724298,0.3093961,0.084191285,0.2
302,-17.929386,0.89796984,2.1155992,0.08816904,0.2931197,0.08908208,0.2
303,-17.933258,0.81484663,2.1561465,0.08584112,0.26787072,0.06715496,0.2
304,-17.935274,0.75969875,2.9278467,0.15766242,0.2520133,0.104217716,0.2
305,-17.927702,0.8081417,2.180778,0.13073382,0.26092115,0.06369522,0.2
306,-17.94427,0.8546285,2.963929,0.05930676,0.28232706,0.0652882,0.2
307,-17.927954,0.8462078,2.0803413,0.13476756,0.27260262,0.092823066,0.2
308,-17.930824,0.85159296,3.0572672,0.088375695,0.28405878,0.06553309,0.2
309,-17.955376,0.833161,2.734743,0.09727397,0.27062592,0.066271745,0.2
310,-17.929914,0.9372519,3.083161,0.08972219,0.30195546,0.066385165,0.2
311,-17.885778,0.94020385,4.9623337,0.10506072,0.3159244,0.06767256,0.2
312,-17.950947,0.8186104,2.701584,0.07610374,0.25483063,0.057741277,0.2
313,-17.9225,0.9484427,4.2158127,0.15433815,0.3309144,0.096586324,0.2
314,-17.971563,0.77415746,2.7555087,0.16296794,0.25284067,0.079679795,0.2
315,-17.95667,0.8218284,3.124479,0.21294467,0.2709164,0.084846966,0.2
316,-17.920773,0.9686015,3.5766635,0.23497735,0.32930127,0.11323925,0.2
317,-17.916988,0.8214288,3.9093657,0.44692284,0.26835644,0.1724811,0.2
318,-17.938663,0.8944909,1.9927757,1.1108271,0.2865273,0.4110944,0.12092312
319,-17.929562,1.0604692,3.2415135,1.4236168,0.32876703,0.5273725,0.060943056
320,-17.934622,0.90301394,3.8165395,0.54275143,0.29669756,0.09990873,0.07617882
321,-17.908573,0.8293906,4.115255,0.21117248,0.27603394,0.08160036,0.09522352
322,-17.965656,0.8005585,3.1562438,0.060002305,0.2599994,0.06104541,0.1190294
323,-17.935879,0.8642329,3.111535,0.06348094,0.29214555,0.053229015,0.14878675
324,-17.955702,0.8670381,3.353837,0.057627343,0.2946979,0.060898725,0.18598345
325,-17.939526,0.8346271,3.5117965,0.06695827,0.27778745,0.059047103,0.2
326,-17.934021,0.87676233,3.8848014,0.05932852,0.283471,0.058947492,0.2
327,-17.932636,0.7787887,3.0916977,0.06858766,0.2564598,0.060098443,0.2
328,-17.944695,0.7792054,3.544272,0.088472456,0.26013896,0.08107655,0.2
329,-17.953777,0.7388874,2.1346464,0.21894233,0.23817527,0.10378894,0.2
330,-17.938763,0.8363698,1.4782935,0.2752719,0.2929762,0.114314586,0.2
331,-17.937977,0.85165274,3.1470342,0.67295265,0.2754417,0.20837109,0.2
332,-17.904995,1.0317967,3.2081077,1.4002602,0.32735214,0.60202575,0.08718634
333,-17.946352,0.7733167,2.6378741,1.204077,0.23387001,0.33693928,0.058506805
334,-17.923985,0.8491379,1.9808321,0.4261594,0.27539584,0.11347721,0.073133506
335,-17.915792,0.9962285,4.508655,0.17051381,0.33590224,0.10611876,0.09141688
336,-17.958124,0.7690296,2.258478,0.074139714,0.25515404,0.0624955,0.114271104
337,-17.955946,0.79347396,2.8296983,0.06028084,0.26045927,0.06240369,0.14283888
338,-17.915195,0.8134177,3.917256,0.07786525,0.26777723,0.0627446,0.1785486
339,-17.891436,0.82393783,4.924207,0.09112388,0.27733073,0.06612146,0.2
340,-17.933475,0.7254246,3.0563784,0.064551435,0.23570742,0.04834018,0.2
341,-17.927765,0.8994124,3.1828525,0.0891443,0.30629745,0.055586517,0.2
342,-17.923563,0.81340075,2.0786765,0.07225635,0.26672345,0.06637067,0.2
343,-17.918856,0.79433316,3.7510996,0.09328131,0.26860863,0.067083746,0.2
344,-17.92003,0.92425907,4.339344,0.2011221,0.31521216,0.1069791,0.2
345,-17.920454,0.88154334,3.472024,0.1626807,0.2985967,0.09480855,0.2
346,-17.926533,0.7445906,3.764291,0.10953724,0.24484083,0.06351088,0.2
347,-17.952423,0.81006074,2.6706352,0.06904537,0.27796516,0.053484164,0.2
348,-17.949734,0.87450397,2.4984567,0.06968843,0.29513597,0.063888036,0.2
349,-17.927113,0.84111816,3.148537,0.08152526,0.28449562,0.05838548,0.2
350,-17.95778,0.873129,3.046159,0.06679464,0.2932773,0.05750292,0.2
351,-17.930538,0.8270866,3.2380953,0.07155929,0.26998892,0.06605976,0.2
352,-17.908663,0.8406365,2.8320832,0.09344829,0.27228546,0.07096162,0.2
353,-17.960459,0.86579686,3.1942456,0.09302677,0.2855974,0.067900196,0.2
354,-17.919516,0.9260844,3.2882488,0.14131711,0.3261622,0.084452376,0.2
355,-17.938995,0.78252846,2.9487836,0.08114409,0.25783226,0.06807234,0.2
356,-17.915897,0.8117513,1.9386022,0.084100634,0.2635218,0.060320314,0.2
357,-17.950586,0.832812,2.6067357,0.078085296,0.28349537,0.06434593,0.2
358,-17.948914,0.8458365,3.9415197,0.15714088,0.28216502,0.10518632,0.2
359,-17.949474,0.8159299,3.5971172,0.28126997,0.26782408,0.124777004,0.2
360,-17.91161,0.8700567,3.919811,0.66339576,0.28380388,0.24544741,0.2
361,-17.881783,1.0371656,3.1792228,1.8808675,0.29668227,0.7106067,0.08452207
362,-17.891644,0.9428757,2.9557261,1.4885654,0.2900699,0.45526084,0.05255141
363,-17.925934,0.79002446,2.6570833,0.6410652,0.2498084,0.1239835,0.065689266
364,-17.943508,0.8455828,2.680218,0.23643504,0.26943016,0.11116234,0.08211158
365,-17.927494,0.8260659,4.296679,0.115578055,0.27775413,0.07482139,0.10263948
366,-17.936794,0.9559583,2.3725235,0.06897607,0.3293519,0.09469849,0.12829936
367,-17.956722,0.76107144,2.1296644,0.058144484,0.24061498,0.05465974,0.1603742
368,-17.931835,0.7776279,2.925507,0.0693902,0.25984076,0.05588601,0.2
369,-17.940933,0.7257387,2.8139687,0.05612073,0.2362582,0.06055992,0.2
370,-17.948832,0.8360555,3.1231205,0.12002569,0.27989775,0.085057676,0.2
371,-17.909538,0.8720677,4.5480647,0.10698185,0.2881715,0.07332764,0.2
372,-17.93018,0.83594084,3.224915,0.23945388,0.27134335,0.12888949,0.2
373,-17.973011,0.87236595,2.0034847,0.4237719,0.2836732,0.18676697,0.2
374,-17.94591,0.84010476,2.8847904,1.0139823,0.2697596,0.42882073,0.13288654
375,-17.914562,0.8528678,3.3930278,1.634375,0.24095501,0.61496514,0.060871057
376,-17.937,0.77591926,2.720129,0.5830648,0.25485817,0.092705,0.07608882
377,-17.97031,0.8438262,2.3606522,0.21558627,0.28141785,0.080549285,0.09511103
378,-17.902285,0.8615491,3.6437228,0.091265544,0.27766803,0.066841334,0.11888878
379,-17.94002,0.7474645,2.7446003,0.072189756,0.24746495,0.050397635,0.14861098
380,-17.973242,0.7728406,2.2113287,0.061439008,0.25059754,0.06752261,0.18576372
381,-17.919857,1.0337732,3.1798975,0.07955661,0.36698177,0.06272148,0.2
382,-17.937113,0.95108515,3.0459697,0.093977325,0.30974352,0.06526824,0.2
383,-17.954042,0.80103827,3.274701,0.061101157,0.26918858,0.06071633,0.2
384,-17.957905,0.7717031,1.6954997,0.07446787,0.25984022,0.065024845,0.2
385,-17.936989,0.816534,2.9099302,0.12290962,0.27211803,0.084470935,0.2
386,-17.948025,0.8156311,3.2316334,0.19995819,0.27305523,0.0973728,0.2
387,-17.933853,0.95445585,3.4574172,0.15387428,0.3326885,0.0796402,0.2
388,-17.928387,0.8179983,3.6813006,0.14116602,0.26877588,0.072669506,0.2
389,-17.952673,0.88999957,2.5238686,0.08108336,0.30265138,0.06994816,0.2
390,-17.88981,1.0180831,5.205199,0.24582773,0.34015128,0.1355709,0.2
391,-17.955383,0.7401747,3.3354862,0.4148546,0.24250333,0.15697867,0.2
392,-17.957531,0.8117105,3.970771,0.95214504,0.25671718,0.331636,0.12366074
393,-17.902254,0.9687338,4.708057,1.2019421,0.30253318,0.41822648,0.06570021
394,-17.944408,0.7497848,3.672629,0.42960748,0.24832241,0.09547684,0.08212526
395,-17.94215,0.84479636,3.2508833,0.14403875,0.28659353,0.07726894,0.10265657
396,-17.979298,0.7738411,1.3406813,0.045334857,0.26157817,0.0591582,0.12832072
397,-17.943005,0.8390522,2.2035043,0.053370804,0.28223956,0.06015511,0.1604009
398,-17.966475,0.76268065,2.566193,0.06021526,0.24761769,0.051386464,0.2
399,-17.949131,0.9480415,4.720832,0.06542842,0.3323754,0.058268286,0.2
400,-17.932133,0.7950369,4.1346993,0.07780018,0.2631419,0.05887446,0.2
401,-17.929821,0.82808787,3.4414682,0.095659055,0.27443355,0.064002626,0.2
402,-17.975857,0.8158863,2.1474702,0.16454495,0.2607492,0.11417802,0.2
403,-17.934668,0.71293855,3.3733354,0.098864004,0.23127101,0.060438316,0.2
404,-17.971382,0.8010438,2.4380915,0.15597223,0.26659203,0.10242979,0.2
405,-17.928164,0.7484992,2.2833972,0.07775198,0.24189323,0.07207548,0.2
406,-17.956198,0.8142426,2.606864,0.2156861,0.26514336,0.1157732,0.2
407,-17.922638,0.8315087,2.798864,0.33380556,0.26852617,0.13404828,0.2
408,-17.948862,0.8014249,2.5863662,0.53814465,0.2555437,0.21986185,0.2
409,-17.92727,0.9143823,3.642096,1.209646,0.2819867,0.49345905,0.10484682
410,-17.940536,0.89053327,2.889932,1.1743478,0.28304318,0.36668798,0.06439862
411,-17.96725,0.74232227,1.7189494,0.38027942,0.24011351,0.087639414,0.08049827
412,-17.961878,0.7332602,2.4410136,0.12205426,0.23729514,0.088701166,0.10062284
413,-17.941805,0.8436526,3.5715837,0.08107484,0.28306934,0.076861575,0.12577856
414,-17.921371,0.9468603,3.3018053,0.09104969,0.32109112,0.07627911,0.1572232
415,-17.94978,0.9348558,2.581412,0.09472654,0.32914004,0.08064656,0.196529
416,-17.949366,0.7954481,2.2494495,0.087281056,0.2741033,0.079299554,0.2
417,-17.934736,0.72161037,3.3294032,0.2311376,0.23985888,0.15897071,0.2
418,-17.924732,0.7597426,3.8119395,0.2863012,0.25277218,0.09991406,0.2
419,-17.927559,0.7940589,3.3365428,0.24232806,0.2632642,0.09841727,0.2
420,-17.936987,0.77765965,2.9790494,0.08875744,0.26389977,0.061314896,0.2
421,-17.94611,0.76149976,3.4195929,0.19577572,0.25483552,0.10534835,0.2
422,-17.943731,0.7265232,2.577048,0.14243042,0.23818728,0.062080387,0.2
423,-17.938808,0.7757608,2.7179332,0.09582844,0.24912435,0.075452745,0.2
424,-17.950068,0.8542749,2.6028764,0.23323005,0.29308668,0.13663037,0.2
425,-17.935528,0.81486326,3.6461456,0.2968527,0.27702266,0.117672876,0.2
426,-17.954538,0.77145714,2.2865105,0.3033054,0.24698672,0.12713435,0.2
427,-17.906973,0.8767747,3.8026462,0.4448801,0.28400356,0.17329022,0.2
428,-17.938915,0.8176671,2.0440803,0.94286436,0.26307106,0.35005727,0.14972028
429,-17.938366,0.8836978,3.0041869,1.5033226,0.26637685,0.57467216,0.06703969
430,-17.941721,0.7633458,2.6838505,0.5999554,0.25343636,0.10660503,0.065375336
431,-17.916126,0.8021847,3.0354757,0.31604078,0.2704278,0.08917358,0.08171917
432,-17.961584,0.83114815,2.3824525,0.09097758,0.2887344,0.08506807,0.10214896
433,-17.900969,0.8136867,4.160417,0.07397599,0.28918913,0.05990515,0.1276862
434,-17.971571,0.8464232,2.2216601,0.055084623,0.2827259,0.06288479,0.15960775
435,-17.955614,0.880027,1.3582814,0.06078933,0.29662105,0.06360615,0.1995097
436,-17.982662,0.73598886,1.1624284,0.043307412,0.23845671,0.054727584,0.2
437,-17.966282,0.77860606,0.95372164,0.100964494,0.25282958,0.08177034,0.2
438,-17.936884,0.7704208,3.164955,0.11862085,0.26396516,0.095923275,0.2
439,-17.95906,0.82465374,1.6065421,0.30157584,0.28042012,0.14809312,0.2
440,-17.939123,0.7839016,2.6787639,0.19360912,0.25372922,0.12193261,0.2
441,-17.920359,1.0078341,3.7214432,0.25220692,0.3486402,0.11409367,0.2
442,-17.936562,0.81152844,2.2371874,0.18686183,0.2723992,0.10875434,0.2
443,-17.97628,0.78603524,1.3098761,0.2210037,0.25965363,0.10361793,0.2
444,-17.904234,0.77262884,3.046549,0.17244397,0.25529355,0.09105814,0.2
445,-17.9277,0.7790422,2.9200206,0.26192597,0.25824642,0.105111256,0.2
446,-17.966906,0.78160954,1.8727756,0.111150205,0.2592246,0.07072834,0.2
447,-17.936113,0.787931,2.5428855,0.09644845,0.2530675,0.06902614,0.2
448,-17.940557,0.7575814,2.9959168,0.05325825,0.24886239,0.04890659,0.2
449,-17.942844,0.82874244,2.3076637,0.087476276,0.27213392,0.0570095,0.2
450,-17.96446,0.74157864,3.0871644,0.059352417,0.24233471,0.054208808,0.2
451,-17.966688,0.8330311,2.8299353,0.112894356,0.29064,0.085353516,0.2
452,-17.942188,0.71310943,2.5742323,0.062413204,0.23688073,0.061241433,0.2
453,-17.960722,0.78057635,1.6895986,0.16760463,0.25506926,0.09382088,0.2
454,-17.96732,0.773361,1.3461696,0.24088316,0.2569814,0.0997281,0.2
455,-17.976667,0.80299944,2.809634,0.35577324,0.2603269,0.13124159,0.2
456,-17.964241,0.7765862,2.2568183,0.6303076,0.2498437,0.24865483,0.18376082
457,-17.933603,0.89884216,2.4611335,1.7374208,0.25078002,0.59450215,0.07519622
458,-17.931139,0.78953767,2.9622068,0.88975203,0.25929564,0.21804221,0.055067908
459,-17.9452,0.79478556,2.2372494,0.44408533,0.25631088,0.094401896,0.068834886
460,-17.982174,0.73191637,1.4983836,0.13861205,0.23986179,0.087754935,0.08604361
461,-17.970798,0.7764033,1.9017804,0.06891256,0.25245818,0.06707911,0.10755451
462,-17.950163,0.8336993,1.3976716,0.056884754,0.27561072,0.06432397,0.13444313
463,-17.920063,0.9001287,2.6060894,0.08022815,0.31593558,0.060565837,0.16805393
464,-17.972507,0.7819423,1.2320833,0.04451487,0.2638874,0.04807459,0.2
465,-17.927534,0.7563771,2.1352944,0.06937716,0.2535912,0.070975706,0.2
466,-17.920933,0.8851322,4.094177,0.12157137,0.29968676,0.104021,0.2
467,-17.94254,0.74407583,2.211408,0.261321,0.25228932,0.10093321,0.2
468,-17.955082,0.76729834,2.7349808,0.24655312,0.24683821,0.12033043,0.2
469,-17.974829,0.81593806,2.4416435,0.26398072,0.26030645,0.1365678,0.2
470,-17.933012,0.9371077,1.8657491,0.33822975,0.30926785,0.17901148,0.2
471,-17.938946,0.8189461,3.0091078,0.53930354,0.25896212,0.28700414,0.2
472,-17.967537,0.8686706,1.5693682,1.3901336,0.25675702,0.63578886,0.09866645
473,-17.939367,0.8858696,2.1507068,1.628375,0.2844133,0.38839024,0.06399834
474,-17.960047,0.8096791,2.2046385,1.0596703,0.2726675,0.09691453,0.07999793
475,-17.928312,0.7934457,2.9345999,0.5969775,0.2715893,0.08920535,0.09999741
476,-17.946375,0.78234345,2.17331,0.28429228,0.26166013,0.07282648,0.12499676
477,-17.965164,0.8064124,1.2221049,0.052324273,0.26397717,0.05322144,0.15624595
478,-17.992508,0.767152,1.7944849,0.074706994,0.2504281,0.051181268,0.19530743
479,-17.971033,0.7990206,1.312425,0.082222186,0.26870364,0.060273293,0.2
480,-17.974726,0.74873763,2.269797,0.05330139,0.24167341,0.056301877,0.2
481,-17.954891,0.7852004,2.004743,0.08271639,0.26219323,0.055805683,0.2
482,-17.962818,0.746575,2.3908122,0.06332657,0.24340971,0.0572564,0.2
483,-17.966581,0.8270737,1.7174908,0.07760542,0.26872608,0.08447312,0.2
484,-17.95207,0.7703161,2.714295,0.19461058,0.24949552,0.115150854,0.2
485,-17.970863,0.7544389,1.599219,0.251488,0.25574622,0.106717646,0.2
486,-17.95961,0.7189941,3.0176702,0.15090394,0.23962446,0.106036626,0.2
487,-17.935574,0.78538793,2.168206,0.33267173,0.26095602,0.16025735,0.2
488,-17.989727,0.7014646,1.3862225,0.55465895,0.23684439,0.2133779,0.2
489,-17.956831,0.84608734,1.8625675,1.1387669,0.26188824,0.41170284,0.10382359
490,-17.943293,0.9724339,2.5195844,0.9632164,0.32222867,0.2952917,0.064541504
491,-17.943731,0.78774893,2.6146438,0.31901178,0.24961546,0.08953932,0.08067688
492,-17.967567,0.8721986,1.4705685,0.10617033,0.29153705,0.09160531,0.100846104
493,-17.952421,0.7380551,2.7493951,0.07187143,0.24830641,0.057643887,0.12605762
494,-17.959654,0.83896554,2.5049443,0.06066949,0.2896232,0.05123108,0.15757203
495,-17.969511,0.7316711,1.8834995,0.061029408,0.2488857,0.04822624,0.19696504
496,-17.995539,0.72988784,1.4159622,0.07530997,0.23649278,0.056592904,0.2
497,-17.93741,0.88826096,2.3466873,0.082339816,0.30880994,0.061399903,0.2
498,-17.946133,0.78992873,1.7420349,0.09513749,0.25914133,0.07783711,0.2
499,-17.957333,0.7327335,1.960199,0.09444372,0.23788556,0.082623035,0.2
500,-17.961525,0.78500915,2.3538816,0.24000053,0.25293717,0.1563336,0.2
501,-17.970387,0.72965896,1.896158,0.24553394,0.24242172,0.10688856,0.2
502,-17.960371,0.82447475,1.3718762,0.26528326,0.29429597,0.11524639,0.2
503,-17.932474,0.90573406,2.855858,0.37377036,0.30878642,0.15548126,0.2
504,-17.927784,0.7340146,2.8530488,0.57350296,0.24217844,0.24939665,0.2
505,-17.960926,0.91417116,2.3394115,1.4806114,0.26445782,0.60993546,0.0887726
506,-17.974257,0.84290785,1.9574695,1.1281859,0.26082677,0.33008605,0.058699355
507,-17.95348,0.7555838,1.8741007,0.49443346,0.25826707,0.09056413,0.0733742
508,-17.93623,0.7738238,2.0681396,0.1415436,0.27175426,0.08468245,0.09171775
509,-17.935234,0.95491177,2.9251776,0.09218888,0.32459357,0.07735158,0.11464719
510,-17.96355,0.7636857,1.6427689,0.053412996,0.25819638,0.052842878,0.14330898
511,-17.942204,0.816344,3.562623,0.07429361,0.26701155,0.06593829,0.17913623
512,-17.966036,0.8065411,1.9791209,0.05472175,0.27077162,0.06691447,0.2
513,-17.961214,0.7537052,1.2962817,0.08395572,0.24661873,0.05580396,0.2
514,-17.952528,0.9037311,2.6335852,0.11314074,0.30289426,0.087724045,0.2
515,-17.985577,0.8693583,2.2877216,0.24520443,0.30955335,0.17241682,0.2
516,-17.975328,0.7773512,1.559388,0.35220516,0.26570827,0.11686582,0.2
517,-17.97732,0.67653096,1.5218538,0.15052897,0.22676186,0.07390413,0.2
518,-17.950062,0.84062034,1.9454807,0.14746156,0.2754362,0.085131496,0.2
519,-17.962946,0.76239985,3.0150476,0.14146622,0.2633166,0.06118601,0.2
520,-17.948671,0.75012815,2.5673873,0.08447023,0.244733,0.0696791,0.2
521,-17.93909,0.795699,3.4647768,0.1833546,0.27089927,0.10707336,0.2
522,-17.948109,0.8443554,3.628952,0.09352267,0.29313475,0.071707755,0.2
523,-17.952538,0.73996645,2.8095543,0.2685195,0.24003637,0.12529396,0.2
524,-17.944199,0.78254837,3.4499428,0.3279706,0.26107135,0.13602188,0.2
525,-17.969368,0.7843606,1.6106544,0.6139126,0.26015264,0.23977777,0.2
526,-17.914286,0.9808906,2.6552145,1.5276035,0.29545364,0.5902609,0.08875311
527,-17.95018,0.79763216,2.5176654,1.0976628,0.2571986,0.30688637,0.061069135
528,-17.941545,0.9098682,2.8110898,0.42693314,0.31628603,0.09659507,0.07633642
529,-17.94794,0.8028535,2.48602,0.16711988,0.27382794,0.084713325,0.095420524
530,-17.957415,0.73052764,2.6381314,0.07543784,0.24427103,0.069087006,0.11927566
531,-17.955683,0.81978256,1.7184653,0.08256958,0.2823858,0.06978045,0.14909458
532,-17.977152,0.855367,1.195029,0.058274683,0.28809673,0.06063108,0.18636823
533,-17.972712,0.76964796,2.3822591,0.0582265,0.26554736,0.058944292,0.2
534,-17.959488,0.6926418,1.3764052,0.0599618,0.23212796,0.05115563,0.2
535,-17.976265,0.71976936,1.2768489,0.11056851,0.2326673,0.08697293,0.2
536,-17.946594,0.7756803,1.9206148,0.13282299,0.26345178,0.08872638,0.2
537,-17.969917,0.6828844,1.4961381,0.36523616,0.22970395,0.18732889,0.2
538,-17.983307,0.6903651,1.4250764,0.5714778,0.21755284,0.2511976,0.15438366
539,-17.96396,0.7845454,1.6318817,0.90007925,0.2499234,0.3129161,0.0898318
540,-17.967924,0.7724434,1.9776169,0.39037043,0.2576169,0.10059121,0.08653939
541,-17.935858,1.0157819,3.403629,0.14428703,0.3744945,0.10122263,0.108174235
542,-17.943306,0.77646023,2.3565571,0.078257754,0.25330186,0.061913613,0.13521779
543,-17.932419,0.75748616,2.2431211,0.05731786,0.25106224,0.05303264,0.16902223
544,-17.979021,0.73009753,1.5282863,0.050000302,0.24351819,0.05698579,0.2
545,-17.95274,0.79473776,1.3542788,0.06431156,0.27540743,0.06759127,0.2
546,-17.931463,0.76766133,1.4470848,0.09496292,0.25107422,0.07911885,0.2
547,-17.975542,0.7222531,1.6164061,0.120151006,0.2405096,0.093330726,0.2
548,-17.964468,0.72284424,2.5090468,0.34011313,0.24121895,0.16616559,0.2
549,-17.952003,0.78154236,1.6316144,0.6234724,0.24671806,0.21203873,0.19351716
550,-17.965508,0.8144791,1.9950705,0.94343674,0.26319104,0.37272945,0.116323955
551,-17.965849,0.75171506,2.756089,0.941691,0.24121049,0.3116487,0.07020244
552,-17.965008,0.72280854,2.0309784,0.32668635,0.2331019,0.12925223,0.08775305
553,-17.92215,0.78463495,3.3419545,0.11519151,0.25766793,0.080627516,0.109691314
554,-17.946796,0.7488845,2.0351665,0.064111084,0.23686187,0.06629679,0.13711414
555,-17.968534,0.7766905,2.3392358,0.060880564,0.25782913,0.06612723,0.17139268
556,-17.992514,0.8961982,1.3271537,0.079894364,0.30800974,0.06961963,0.2
557,-17.9557,0.769721,2.3291276,0.07842267,0.24609844,0.064978264,0.2
558,-17.927507,0.7828092,3.3128793,0.17664881,0.26503038,0.13275953,0.2
559,-17.998386,0.7537819,2.266444,0.3544386,0.24903148,0.12451879,0.2
560,-17.948997,0.7676176,2.9701972,0.3583627,0.2525648,0.17427142,0.2
561,-17.978472,0.74747586,2.5028837,0.49180058,0.25036895,0.18327034,0.2
562,-17.953695,0.76450294,3.062971,0.5722642,0.2565308,0.22663438,0.17879121
563,-17.941656,0.7914152,2.0468779,0.63905823,0.25213125,0.24907042,0.14972746
564,-17.942244,0.76096684,3.2901945,0.5172925,0.24583499,0.16645163,0.18715933
565,-17.978884,0.79680514,1.7428255,0.37796664,0.26464343,0.12823978,0.2
566,-17.961039,0.76151556,2.5552964,0.11205707,0.24291757,0.077439904,0.2
567,-17.940966,0.73852444,2.6223516,0.1168713,0.23699336,0.06756488,0.2
568,-17.948977,0.6968299,2.2695322,0.08475125,0.22836122,0.05496017,0.2
569,-17.947317,0.6662451,1.9648262,0.11781029,0.2146462,0.07405983,0.2
570,-17.96974,0.7422123,2.7556543,0.12654802,0.24942029,0.088985585,0.2
571,-17.978102,0.75223196,2.4561512,0.35171464,0.2527432,0.17243631,0.2
572,-17.945013,0.83076996,2.9993417,0.42184177,0.27770233,0.18293646,0.2
573,-17.95997,0.7886641,2.2800748,0.69616854,0.25320724,0.27589855,0.2
574,-17.923172,0.85651386,3.0514085,1.6949009,0.23509596,0.63533735,0.08721047
575,-17.948856,1.0584248,1.4385183,1.0161446,0.37830415,0.2822383,0.060548775
576,-17.94468,0.7475302,2.6450925,0.42204794,0.25482213,0.08857478,0.07568597
577,-17.966507,0.74663925,2.2930489,0.1274547,0.24853982,0.08564076,0.094607465
578,-17.9479,0.89244884,3.0131874,0.08819602,0.30219242,0.073330045,0.11825933
579,-17.95954,0.719492,2.1843061,0.07158613,0.25552556,0.045878217,0.14782417
580,-17.984226,0.71628153,2.1306493,0.050184816,0.23823287,0.04680687,0.18478021
581,-17.974155,0.73466796,2.3278773,0.057479724,0.24434932,0.053909782,0.2
582,-17.941008,0.7810757,2.9494994,0.11959165,0.26615733,0.08225933,0.2
583,-17.93935,0.7723916,2.8590195,0.097906336,0.256246,0.0839144,0.2
584,-17.957384,0.7091676,2.5174928,0.24244213,0.2326433,0.14528859,0.2
585,-17.977158,0.7413584,1.3879521,0.18294367,0.25218463,0.077364914,0.2
586,-17.991758,0.7204324,1.3465215,0.09217262,0.24444582,0.07951251,0.2
587,-17.918684,0.8836938,2.503605,0.26204205,0.2935213,0.16778582,0.2
588,-17.952942,0.767962,3.0478382,0.24286619,0.24688905,0.1298655,0.2
589,-17.969265,0.8013068,2.3831136,0.11049531,0.27976516,0.060895704,0.2
590,-17.940624,0.81077176,3.9160244,0.11031049,0.2785999,0.06892169,0.2
591,-17.955925,0.7319629,2.229198,0.04805356,0.25104043,0.051660348,0.2
592,-17.958687,0.96723884,3.2882965,0.1192697,0.3460064,0.080938734,0.2
593,-17.97864,0.778175,2.8495295,0.06921738,0.25660574,0.059446964,0.2
594,-17.9843,0.75181615,2.1600118,0.06740669,0.2541381,0.04943174,0.2
595,-17.993032,0.661326,1.4669971,0.06334964,0.21704242,0.048525825,0.2
596,-17.95847,0.85662234,3.9109364,0.06427224,0.28709412,0.05769502,0.2
597,-17.9744,0.7716411,1.9512538,0.045132946,0.25309283,0.042133454,0.2
598,-17.907928,0.74873656,3.6656594,0.07624572,0.2540006,0.057025757,0.2
599,-17.980978,0.69237024,1.4109873,0.08387819,0.22709486,0.064003795,0.2
600,-17.971281,0.7735225,2.1516287,0.080909684,0.25301346,0.06649491,0.2
601,-17.964382,0.79648834,1.9515713,0.21082585,0.2645241,0.12504493,0.2
602,-17.93125,0.7707706,3.6017303,0.44082618,0.24847794,0.18300015,0.2
603,-17.967995,0.911689,3.1695437,0.93934476,0.30542338,0.40937313,0.123982824
604,-17.964645,0.8064054,1.3851879,1.3980254,0.23169024,0.52361137,0.07038262
605,-17.939573,0.8302127,1.99747,0.6598573,0.27518132,0.12322697,0.060128305
606,-17.949171,0.80138844,2.1234934,0.32072514,0.2688792,0.08265215,0.075160384
607,-17.966974,0.72947216,1.5236474,0.09030637,0.24652065,0.07257552,0.09395048
608,-17.976797,0.72354597,1.9300764,0.05140909,0.23030798,0.055873524,0.1174381
609,-17.987032,0.79102117,2.3256006,0.05584918,0.26627195,0.057388302,0.14679763
610,-17.95535,0.70992416,2.2090483,0.05730541,0.23587361,0.042488705,0.18349704
611,-17.96349,0.7912289,1.145301,0.049928643,0.27546635,0.048829015,0.2
612,-17.951984,0.72966367,1.6977699,0.07682479,0.23239973,0.07066509,0.2
613,-17.932907,0.73810613,3.0445783,0.091501415,0.22932707,0.07607939,0.2
614,-17.959133,0.812949,1.9147907,0.20358774,0.27202266,0.13204415,0.2
615,-17.95295,0.71556526,3.008732,0.1299068,0.2492396,0.06533136,0.2
616,-17.989683,0.7713862,1.2055109,0.124556616,0.2644124,0.07293172,0.2
617,-17.988258,0.7131125,1.8750057,0.11115526,0.23899509,0.078301355,0.2
618,-17.944035,0.8015112,3.787036,0.32743585,0.26667634,0.17001691,0.2
619,-17.927975,0.944757,3.1572127,0.59198236,0.3166346,0.26399565,0.2
620,-17.958424,0.8328327,2.990981,1.3994738,0.24642974,0.60175776,0.10971031
621,-17.93034,0.9038692,3.7808967,1.5524486,0.2710093,0.5742953,0.059434224
622,-17.972595,0.731334,2.4455938,0.5527182,0.23824976,0.10920972,0.07429278
623,-17.979448,0.71005285,1.9220834,0.1535769,0.23708746,0.10580901,0.09286597
624,-17.96736,0.73388666,2.4280057,0.07480966,0.24648419,0.07084817,0.11608247
625,-17.946957,0.766253,3.1427598,0.072462305,0.2673775,0.068940476,0.14510308
626,-17.960226,0.66313666,2.6748617,0.052739665,0.22189471,0.05443834,0.18137886
627,-17.979153,0.74302,1.8920517,0.0859591,0.2510437,0.072393976,0.2
628,-17.953259,0.78848475,1.4330333,0.08227411,0.26180524,0.101752065,0.2
629,-17.976852,0.7158919,1.7088625,0.29524118,0.24449824,0.1358816,0.2
630,-17.978046,0.7495063,2.3444211,0.14647889,0.24525501,0.08342914,0.2
631,-17.973581,0.79619825,1.5999091,0.17165671,0.2752682,0.094730474,0.2
632,-17.932678,0.8320741,3.762054,0.12670396,0.28933564,0.08791745,0.2
633,-17.980473,0.883151,2.0573287,0.30948326,0.30230317,0.1573494,0.2
634,-17.96096,0.6911528,2.7030697,0.4384228,0.22168738,0.18507047,0.2
635,-17.962658,0.82837766,1.8434016,0.91133296,0.2700772,0.3704039,0.11838101
636,-17.966335,0.7443202,2.5471153,0.98714614,0.22509725,0.33959982,0.07284741
637,-17.972809,0.83238745,2.4149783,0.35935956,0.2815303,0.09780419,0.09105927
638,-17.960535,0.72506773,3.3913152,0.120586015,0.24040508,0.0709725,0.113824084
639,-17.967512,0.7311075,3.336383,0.060791943,0.24616225,0.05012931,0.1422801
640,-17.973377,0.92467135,3.464019,0.09814368,0.23209791,0.056855828,0.17785013
641,-18.010988,0.88273233,2.8862991,0.10664963,0.23163506,0.05961861,0.2
642,-17.975578,1.0339795,4.1083436,0.12994546,0.25133705,0.06742782,0.2
643,-17.962496,1.0235642,4.3163505,0.24733488,0.25276205,0.13724816,0.2
644,-17.979074,0.8324385,2.1736069,0.22815946,0.29126048,0.115486346,0.2
645,-17.959019,0.8262467,2.8460145,0.31131616,0.27022642,0.1271487,0.2
646,-17.954243,0.743882,2.808148,0.464018,0.24151887,0.19036506,0.2
647,-17.990044,0.7694682,2.7935112,1.0740721,0.23320654,0.42269012,0.1011633
648,-17.956522,0.81172633,2.584675,0.9213542,0.25605884,0.28833213,0.06457508
649,-17.979757,0.76061183,2.5503201,0.31860265,0.25787055,0.092498206,0.08071885
650,-17.983948,0.77705956,1.5904615,0.10106407,0.250694,0.08045213,0.100898564
651,-17.983696,0.90319055,2.9791753,0.08777738,0.3231338,0.07145421,0.1261232
652,-17.962488,0.6856901,2.9946454,0.048085093,0.22290656,0.050478548,0.157654
653,-17.97431,0.8731641,2.8754866,0.080840014,0.29882255,0.074506715,0.1970675
654,-17.939907,0.8825349,2.7788906,0.07565579,0.29969424,0.06834005,0.2
655,-17.954512,0.88265294,3.345319,0.09374887,0.2987717,0.0868523,0.2
656,-17.980423,0.73281306,3.4138012,0.08694103,0.24985845,0.1015158,0.2
657,-17.976168,0.6614966,2.2694387,0.27385837,0.21486928,0.12619458,0.2
658,-17.958239,0.7764084,1.464323,0.07784661,0.26031283,0.055458616,0.2
659,-17.988434,0.7211924,1.5810345,0.14755692,0.24039063,0.08493466,0.2
660,-17.991535,0.7129776,2.4393423,0.14210673,0.23533389,0.09052188,0.2
661,-17.980234,0.7433777,1.944953,0.37977514,0.24129966,0.21807328,0.2
662,-17.980536,0.7347977,2.7762685,0.83701307,0.2345222,0.356193,0.12549557
663,-17.975048,0.8006029,2.2065768,0.9209209,0.25615427,0.30715987,0.081396975
664,-17.955305,0.71580976,2.9957316,0.26068956,0.23644966,0.07940366,0.10174622
665,-17.956797,0.7881938,3.952443,0.13725664,0.26053128,0.073551685,0.12718277
666,-17.972668,0.705176,3.209803,0.061313555,0.22468175,0.050221704,0.15897846
667,-17.984304,0.6976712,2.5782607,0.044814065,0.22874081,0.0480587,0.19872308
668,-17.971935,0.80373204,2.772332,0.07478381,0.28312334,0.057526913,0.2
669,-17.93955,0.7435953,3.3130853,0.082545206,0.2615995,0.058239568,0.2
670,-17.96894,0.81623685,2.0910091,0.06648756,0.27609426,0.06306593,0.2
671,-17.962343,0.7443992,3.002373,0.1722726,0.24280706,0.107224844,0.2
672,-17.997234,0.7170532,1.713845,0.069343075,0.23490328,0.06510247,0.2
673,-17.962814,0.6996709,3.1181924,0.21232541,0.22549255,0.113546066,0.2
674,-17.998785,0.7370012,2.6881113,0.15030675,0.2478021,0.062972054,0.2
675,-17.978632,0.9001645,1.9199028,0.0887932,0.31072178,0.07025845,0.2
676,-17.982594,0.8111878,2.783906,0.066923074,0.26813275,0.05942586,0.2
677,-17.937399,0.7433775,3.5025625,0.09263371,0.24207172,0.06131849,0.2
678,-17.968336,0.7140681,3.3169804,0.06558986,0.23784986,0.058396645,0.2
679,-17.972746,0.7872284,2.404822,0.18621661,0.26295203,0.10514718,0.2
680,-17.993444,0.7313498,2.8667042,0.135828,0.24344811,0.06531964,0.2
681,-17.990782,0.7125902,3.0071623,0.2019963,0.237973,0.10146203,0.2
682,-17.952219,0.7165971,3.2129319,0.2541694,0.23173599,0.09805595,0.2
683,-17.945667,0.688045,2.734119,0.26279292,0.21340647,0.11372625,0.2
684,-17.97934,0.67860484,1.3151581,0.43538156,0.21644518,0.1892458,0.2
685,-17.988682,0.783516,1.2998046,1.0864283,0.23649915,0.4566581,0.09922702
686,-17.96807,0.7967048,2.5288773,0.8973135,0.25287685,0.3242453,0.06093062
687,-17.962,0.69013005,2.4529746,0.3958808,0.23245797,0.086214714,0.07616328
688,-17.979786,0.6932178,1.570523,0.11878311,0.2249705,0.08834999,0.0952041
689,-17.969786,0.7104644,2.5220041,0.06336645,0.2306217,0.057914924,0.11900513
690,-17.977516,0.7522505,2.1736097,0.055651445,0.24333265,0.04984549,0.14875641
691,-17.958664,0.7336005,2.0906737,0.052733567,0.24485037,0.053658754,0.18594551
692,-17.981647,0.66088134,2.2789743,0.05383457,0.22259687,0.051200654,0.2
693,-17.983082,0.6337825,1.6685743,0.06297989,0.20192161,0.05173537,0.2
694,-17.973633,0.7676209,1.40167,0.07277079,0.2502821,0.065893084,0.2
695,-17.980148,0.70222604,2.4828503,0.17693983,0.23142225,0.11189284,0.2
696,-17.941982,0.7549572,4.520214,0.13210729,0.24833664,0.063013844,0.2
697,-17.979498,0.79962635,2.6758432,0.2305302,0.27295142,0.13230245,0.2
698,-17.944847,0.84702605,3.5471408,0.32251787,0.3069722,0.13106409,0.2
699,-17.983332,0.764179,1.9672643,0.4297645,0.25034449,0.1772399,0.2
700,-17.95636,0.8660674,1.7364403,0.9345697,0.27594632,0.3702296,0.13515578
701,-17.949125,0.8156857,3.1904228,1.4280782,0.23619726,0.49305066,0.07125734
702,-17.958977,0.6942095,3.4076436,0.48817837,0.22314897,0.10735412,0.0665183
703,-17.978113,0.67575926,2.954727,0.2051956,0.22574249,0.08154978,0.083147876
704,-17.983118,0.6991479,2.0993054,0.07110205,0.2289952,0.06397771,0.10393485
705,-17.957293,0.81659263,2.2029486,0.069055974,0.27986148,0.08006472,0.12991856
706,-17.970297,0.65610945,1.9308159,0.053232048,0.21812335,0.051836528,0.1623982
707,-17.951992,0.7118373,1.8534864,0.05908171,0.23293436,0.053047217,0.2
708,-17.974703,0.84654653,1.8040265,0.058458745,0.27816892,0.071969576,0.2
709,-17.966242,0.70476055,3.060311,0.06352282,0.24572532,0.049159616,0.2
710,-17.992601,0.7491235,1.7720733,0.07459131,0.24156459,0.06567731,0.2
711,-17.986202,0.711896,1.6700437,0.17377912,0.2288872,0.121892996,0.2
712,-17.987059,0.6980087,2.388266,0.33829755,0.23025113,0.121470615,0.2
713,-17.97883,0.8173473,2.14343,0.41184962,0.26566595,0.16843322,0.2
714,-17.970936,0.75427157,2.2531826,0.33859503,0.23626988,0.15848218,0.2
715,-17.978708,0.7093011,2.126831,0.6164775,0.22730483,0.20592871,0.18057002
716,-17.974806,0.7571978,2.2661343,1.0307323,0.23204343,0.35293946,0.09513562
717,-17.984648,0.687659,2.2400002,0.55591196,0.22656283,0.14016134,0.0777934
718,-17.938047,0.8359699,4.3110595,0.18277958,0.27754748,0.098282084,0.097241744
719,-17.972939,0.773551,2.706766,0.09929912,0.26331428,0.071833566,0.121552184
720,-17.97496,0.732278,2.5751882,0.052274715,0.24918935,0.047086023,0.15194023
721,-18.002155,0.66434574,1.627468,0.047281437,0.21689737,0.042622864,0.18992528
722,-17.966906,0.70180535,2.8677907,0.055418037,0.23737279,0.049651515,0.2
723,-17.957632,0.807039,1.7059293,0.086228624,0.2675021,0.071747586,0.2
724,-17.974379,0.7623086,2.4687004,0.10747657,0.2643324,0.07708933,0.2
725,-17.977331,0.6501726,3.3007812,0.12101887,0.21140079,0.08705196,0.2
726,-17.941626,0.7162034,3.0249407,0.31140518,0.23848385,0.19251251,0.2
727,-17.960623,0.75147724,2.0133593,0.47847486,0.24143784,0.21580717,0.2
728,-17.950788,1.0078728,3.624074,0.88854337,0.24513313,0.37511554,0.13154621
729,-17.930435,1.1976357,5.171336,1.0170914,0.3170351,0.382768,0.111891806
730,-17.961521,0.83106923,2.4616706,0.71598476,0.21853505,0.21130803,0.13986476
731,-17.981104,0.7984783,1.706542,0.28930706,0.26806888,0.10623574,0.17483094
732,-17.99313,0.75101906,2.852596,0.078986816,0.24549757,0.08076489,0.2
733,-17.957453,0.93108857,4.0396667,0.25096545,0.33037704,0.15467471,0.2
734,-17.984156,0.7115244,2.0857008,0.31612515,0.22851847,0.11908073,0.2
735,-17.980738,0.74965185,1.4937563,0.13699912,0.25645128,0.06552792,0.2
736,-17.977053,0.6939183,2.901084,0.08277565,0.23192222,0.06565061,0.2
737,-17.958567,0.8163623,3.9155202,0.1360007,0.27086353,0.075454056,0.2
738,-17.97805,0.6450789,2.2714095,0.07521129,0.21423228,0.054545067,0.2
739,-17.988907,0.76993185,3.0964825,0.14095895,0.2544848,0.082496576,0.2
740,-18.007437,0.667955,1.2858312,0.09319482,0.22064573,0.06443283,0.2
741,-17.959345,0.7285801,3.0215058,0.22598965,0.24449924,0.122724675,0.2
742,-17.949121,0.7958328,2.9289253,0.14881714,0.27771428,0.08160293,0.2
743,-17.98038,0.7367312,1.6217499,0.0918529,0.24488689,0.064643696,0.2
744,-17.974398,0.9619884,1.7490653,0.09582535,0.33425948,0.07410136,0.2
745,-17.94164,0.90532804,4.4223695,0.09250025,0.32106218,0.062452856,0.2
746,-17.977287,0.651,2.7189333,0.101619996,0.21594894,0.05853331,0.2
747,-17.972906,0.80406904,3.613957,0.068451785,0.27999753,0.06629254,0.2
748,-17.966375,0.72669274,2.9710855,0.12344225,0.24150127,0.07326824,0.2
749,-17.99329,0.6742259,3.027173,0.12881209,0.21978481,0.077527285,0.2
750,-17.96271,0.763677,3.1083694,0.32169807,0.25844258,0.16559659,0.2
751,-17.957441,0.7890025,2.8895457,0.64362186,0.2564267,0.26928303,0.17774625
752,-17.974777,0.78775644,1.7046514,1.4147291,0.22119217,0.5378095,0.08732339
753,-18.001528,0.7712832,1.4193743,0.84803647,0.24198046,0.26754847,0.05702418
754,-17.970854,0.70765954,2.4442227,0.4279425,0.23186052,0.098722965,0.071280226
755,-17.9732,0.69783765,3.4205854,0.15310913,0.22568013,0.08493868,0.08910029
756,-18.002888,0.64525974,1.2107891,0.046373244,0.21520217,0.057520673,0.11137536
757,-17.976137,0.72961104,2.7052357,0.05664173,0.24738732,0.054496758,0.1392192
758,-17.974287,0.7646844,2.6812344,0.052323427,0.2591147,0.054901194,0.17402399
759,-17.999083,0.66994727,1.5794414,0.052434225,0.21948549,0.04856374,0.2
760,-17.967619,0.9125641,4.154745,0.10999662,0.3268464,0.060345102,0.2
761,-18.00616,0.6444454,1.9869626,0.14048207,0.22115138,0.08953252,0.2
762,-17.962112,0.7010794,2.6279578,0.073078506,0.23722586,0.059898823,0.2
763,-17.970213,0.6513211,1.7174128,0.14478813,0.2142486,0.087894306,0.2
764,-17.982313,0.6273506,2.4553275,0.07883878,0.20090605,0.0542063,0.2
765,-17.964176,0.63993156,2.154211,0.07256909,0.20441452,0.052705143,0.2
766,-17.961798,0.7073916,2.8559215,0.06301251,0.22501443,0.05012185,0.2
767,-17.985237,0.6903453,2.9703157,0.099762015,0.23309627,0.06483297,0.2
768,-17.990093,0.66763705,2.819322,0.05778221,0.22569232,0.06263597,0.2
769,-17.983494,0.6710169,1.7996405,0.14613506,0.21950328,0.09262328,0.2
770,-17.957129,0.65201247,3.422823,0.1585889,0.21322495,0.07305974,0.2
771,-17.99562,0.6751221,1.9428223,0.2400149,0.23118703,0.08470265,0.2
772,-17.985807,0.70599884,2.7414615,0.3005671,0.24634002,0.12886864,0.2
773,-17.957716,0.81791914,3.477044,0.9365784,0.26194298,0.3128372,0.13466258
774,-17.964792,0.79037625,2.202491,1.3541842,0.22696906,0.48703328,0.06302282
775,-17.974754,0.6614477,1.9275639,0.48434636,0.21732052,0.09549238,0.07877853
776,-17.961113,0.6861717,3.0005078,0.16403678,0.2264691,0.070342794,0.09847316
777,-18.015617,0.68465346,1.1214281,0.060547587,0.2302991,0.0525599,0.12309145
778,-17.981276,0.7765595,1.5306884,0.06901826,0.26335588,0.070797846,0.15386431
779,-17.937227,0.8403478,2.941594,0.070107214,0.28909248,0.05314902,0.19233039
780,-18.00451,0.62319016,1.1601917,0.047803786,0.20536476,0.050070766,0.2
781,-18.004763,0.6218588,1.8824078,0.041000113,0.2027934,0.04379522,0.2
782,-17.98013,0.67850614,2.539829,0.06396812,0.22580041,0.0492708,0.2
783,-17.973806,0.70760906,3.13237,0.07822053,0.24109244,0.06305836,0.2
784,-17.970922,0.7947606,1.7536385,0.12340448,0.2584371,0.08211574,0.2
785,-17.980078,0.8780376,1.6620327,0.09155436,0.29535297,0.08133989,0.2
786,-17.98217,0.7367455,2.4775746,0.17140372,0.24072322,0.10286879,0.2
787,-17.983446,0.6812255,2.6415186,0.16185583,0.22202474,0.081094965,0.2
788,-17.967073,0.75517195,2.6170728,0.08027276,0.24115801,0.05318183,0.2
789,-17.978218,0.7698165,2.637164,0.062485047,0.2563094,0.050990093,0.2
790,-17.98971,0.7315612,2.7086105,0.06980722,0.23675336,0.06688365,0.2
791,-17.990734,0.70425063,3.006471,0.04950811,0.23187055,0.052177325,0.2
792,-17.98906,0.7047729,2.6311269,0.09614978,0.22319613,0.067263,0.2
793,-18.001152,0.7186353,1.3999094,0.056019705,0.24001502,0.048379075,0.2
794,-18.000465,0.6832087,3.1383755,0.1185181,0.2193019,0.06969876,0.2
795,-17.959375,0.7571432,2.9310706,0.143431,0.24504732,0.0650037,0.2
796,-18.01079,0.6677248,1.6377548,0.15585147,0.22202104,0.06050126,0.2
797,-17.9702,0.7162425,2.7248945,0.20698142,0.23993646,0.091391124,0.2
798,-17.98946,0.7097949,2.8331761,0.36579868,0.2367978,0.16666666,0.2
799,-17.959852,0.81815916,2.7997599,1.2691964,0.24083494,0.4602042,0.10483588
800,-17.970396,0.7723713,2.0707436,1.3931292,0.22410922,0.47332692,0.05245701
801,-17.99993,0.66090316,2.0348275,0.56866384,0.21436746,0.097036734,0.06557126
802,-17.964264,0.63287705,3.069523,0.22776672,0.20135845,0.0756444,0.081964076
803,-17.993265,0.67461437,1.1525962,0.080376305,0.21821481,0.064018756,0.102455094
804,-17.996153,0.7108334,1.8804305,0.059952304,0.22912933,0.05722699,0.12806886
805,-18.001188,0.6810701,1.0581006,0.055957686,0.21773869,0.049232665,0.16008608
806,-17.966316,0.73386097,2.6462467,0.06340517,0.2475347,0.043094385,0.2
807,-18.004442,0.78773594,1.8005916,0.058312174,0.26429564,0.053498674,0.2
808,-17.986183,0.67224944,1.8818533,0.056020997,0.21394362,0.050894838,0.2
809,-17.982712,0.6788336,3.2548378,0.08494331,0.22624151,0.07134731,0.2
810,-17.991508,0.63525766,3.161227,0.06461953,0.21680745,0.05739272,0.2
811,-17.97323,0.7309291,2.3798785,0.14702816,0.24909233,0.09791103,0.2
812,-17.984474,0.64568335,2.451464,0.06432719,0.21059439,0.06300214,0.2
813,-17.961851,0.7533217,3.238964,0.13976693,0.26219055,0.09159468,0.2
814,-17.980726,0.66262144,1.9815788,0.102116644,0.2145789,0.06638652,0.2
815,-17.978168,0.6611861,2.4657454,0.2768556,0.21994989,0.14809376,0.2
816,-17.948391,0.88140017,2.4957783,0.6622665,0.2992188,0.2670515,0.16369109
817,-17.982147,0.82078373,2.612136,1.1092528,0.2538732,0.4655588,0.10306073
818,-17.969416,0.74113405,2.5405676,1.0470496,0.22982083,0.36978328,0.063169904
819,-17.983036,0.86013305,2.2768576,0.37580433,0.29877812,0.08427018,0.07896238
820,-17.98314,0.9003339,2.6144655,0.10901455,0.31870696,0.08509494,0.098702975
821,-17.999971,0.7068424,0.99796563,0.054121733,0.24353616,0.056411866,0.12337872
822,-17.97832,0.6894465,2.3946269,0.06681245,0.2158598,0.052780315,0.1542234
823,-17.977333,0.75135285,1.0813904,0.04627014,0.25470778,0.060924996,0.19277924
824,-17.974789,0.73899513,2.1448207,0.0757948,0.24892186,0.059480235,0.2
825,-18.003765,0.6983388,2.5464118,0.07058749,0.21811847,0.067637935,0.2
826,-17.966602,0.8183232,3.0924282,0.14056438,0.27474034,0.09057664,0.2
827,-18.005222,0.6513152,1.3207086,0.048345678,0.21164075,0.052826636,0.2
828,-17.966055,0.7550479,3.155511,0.16429645,0.24788429,0.09600348,0.2
829,-17.955328,0.8603708,2.785816,0.14736459,0.30103505,0.06677138,0.2
830,-17.982994,0.6592225,2.296575,0.07541921,0.21108922,0.057017975,0.2
831,-17.955975,0.6411191,3.414994,0.10573264,0.21363196,0.062896885,0.2
832,-17.98541,0.69780594,1.7244581,0.057993095,0.22643784,0.050447676,0.2
833,-17.939182,0.81275856,3.8629832,0.13182533,0.23057064,0.07391214,0.2
834,-17.95177,1.0119765,3.5755181,0.108475104,0.2809452,0.0722995,0.2
835,-17.980839,0.95105076,4.3899326,0.23687695,0.19767305,0.1249746,0.2
836,-17.96668,1.0145844,4.6255927,0.4450835,0.2299666,0.17306662,0.2
837,-17.973364,1.0576289,5.0744476,0.9014888,0.25335813,0.37762067,0.2
838,-17.893713,1.2943039,5.4895363,2.7839732,0.25794345,1.0760112,0.08673741
839,-17.948946,0.84268105,3.1372507,2.144131,0.21749677,0.6632926,0.055674933
840,-17.98634,0.7719683,1.7013512,1.0088668,0.25309554,0.15638801,0.06959367
841,-17.96544,0.94182473,2.290811,0.28235057,0.3181054,0.15298715,0.086992085
842,-17.979256,0.76567477,2.2460144,0.09244553,0.26070285,0.092334606,0.108740106
843,-17.964813,0.72186625,2.6096833,0.07595877,0.2439096,0.07929544,0.13592513
844,-18.000124,0.6642824,1.5762421,0.04887645,0.22222084,0.050266206,0.16990641
845,-17.979187,0.6235625,2.4721098,0.048910644,0.19795172,0.043522548,0.2
846,-17.97414,0.718645,2.3968365,0.075406544,0.23164868,0.06576337,0.2
847,-18.002863,0.7131707,2.215232,0.066289276,0.23609473,0.052741498,0.2
848,-17.97803,0.7178133,2.1716967,0.055386487,0.24630417,0.054012865,0.2
849,-17.997398,0.6082957,2.4160619,0.11350477,0.19484162,0.07527176,0.2
850,-17.98762,0.7520504,2.2232316,0.1211179,0.26242402,0.08415576,0.2
851,-18.007792,0.700816,1.6839838,0.35488385,0.23407899,0.18206576,0.2
852,-17.977882,0.6872531,3.5112944,0.5611077,0.2204882,0.20384416,0.18144657
853,-17.96725,0.7305757,2.4657128,0.7966053,0.2338015,0.29290664,0.11332248
854,-17.982847,0.7315347,3.7634878,0.57738817,0.23965931,0.18305351,0.088972494
855,-17.957,0.77802974,2.507098,0.1737081,0.2553215,0.09254765,0.11121562
856,-17.964754,0.84069973,3.8074985,0.11738226,0.28662804,0.06883407,0.13901952
857,-17.960318,0.7209663,2.3871732,0.07182312,0.22659926,0.061905727,0.17377439
858,-17.946363,1.087224,2.0925007,0.11843679,0.37318578,0.093851425,0.2
859,-18.00132,0.67714334,1.3102714,0.095458075,0.22329462,0.07904147,0.2
860,-17.97871,0.9624538,3.331669,0.25278762,0.33049974,0.19005641,0.2
861,-17.981207,0.6925003,2.3736777,0.23287529,0.21234564,0.11047988,0.2
862,-17.985538,0.80501544,2.2427433,0.25145972,0.267574,0.15030874,0.2
863,-17.966602,0.67744213,3.2130105,0.11024417,0.21599135,0.089714505,0.2
864,-17.981215,0.8143416,2.0761936,0.37317738,0.27068624,0.20001529,0.2
865,-17.98529,0.7680282,1.5808799,0.73262966,0.23841684,0.31453192,0.15142626
866,-17.998907,0.72977775,3.1265068,1.0497891,0.21457298,0.41667035,0.075945556
867,-17.969086,0.7173906,3.1571364,0.41705018,0.23027097,0.09429991,0.094931945
868,-17.974234,0.7392818,2.744889,0.16102087,0.25863063,0.07369131,0.118664935
869,-17.995771,0.6878843,2.6834247,0.062794104,0.23098126,0.061576784,0.14833117
870,-18.005959,0.6860311,2.2139719,0.06924134,0.22038536,0.0690313,0.18541396
871,-18.001375,0.7513061,2.4317095,0.077478565,0.25610706,0.07130004,0.2
872,-17.979797,0.67705137,2.8686156,0.15998983,0.21701439,0.119221754,0.2
873,-17.991879,0.7104352,1.645516,0.13085702,0.2196296,0.09485352,0.2
874,-17.986622,0.6675997,1.3858969,0.38883835,0.21186157,0.20628166,0.2
875,-17.974577,0.7751937,2.2875137,0.8357062,0.24441673,0.31423664,0.119698964
876,-17.976673,0.68336225,2.5867965,0.57228523,0.21888123,0.17696184,0.10265625
877,-18.00589,0.64673424,1.493996,0.12210761,0.21992607,0.084914535,0.12832032
878,-17.997261,0.67730606,1.0055302,0.13562405,0.21295112,0.08166836,0.1604004
879,-17.997133,0.69733196,1.8670328,0.14043696,0.22666863,0.09449425,0.2
880,-17.973253,0.7260281,2.817183,0.29834998,0.24111156,0.16884935,0.2
881,-17.999016,0.7002608,1.3498255,0.19731635,0.22915304,0.090735376,0.2
882,-17.98956,0.65692276,1.9710418,0.18006001,0.21675605,0.07410712,0.2
883,-17.98771,0.72974706,1.5155338,0.08136709,0.2361598,0.07550647,0.2
884,-17.968758,0.7479895,2.804558,0.20021111,0.25192162,0.12672578,0.2
885,-17.99681,0.6901832,1.9175007,0.1131584,0.22846876,0.07681925,0.2
886,-17.945831,0.85583717,3.745643,0.11600176,0.28935707,0.06507519,0.2
887,-17.985218,0.8797847,1.8999504,0.070386216,0.31205663,0.0677448,0.2
888,-17.954777,0.78715295,3.6959097,0.10290455,0.26626638,0.06682413,0.2
889,-17.973494,0.6871463,2.6792207,0.106648915,0.22772352,0.09144093,0.2
890,-17.988503,0.73117167,1.9625969,0.22220507,0.24189143,0.09965761,0.2
891,-17.975023,0.7705293,3.1397653,0.12065308,0.24698989,0.0951967,0.2
892,-18.01318,0.6102751,2.650506,0.30942002,0.19553842,0.18270768,0.2
893,-17.993113,0.6985037,2.1097283,0.4037992,0.22876394,0.17616051,0.19033283
894,-17.974743,0.7193737,2.7203896,0.6115474,0.22802703,0.23925221,0.15004574
895,-17.979876,0.73398006,3.199857,0.75429785,0.23456231,0.26068804,0.10634373
896,-17.977455,0.7348343,3.1748683,0.32194307,0.24711558,0.09011872,0.13292967
897,-17.994164,0.6407287,2.5002797,0.061421096,0.20690171,0.07509871,0.16616209
898,-17.977169,0.72493774,1.8403171,0.13781583,0.22959429,0.0986714,0.2
899,-17.971083,0.85976505,3.1454754,0.107976004,0.2838043,0.08699159,0.2
900,-17.982481,0.939234,3.416793,0.27983448,0.31288117,0.16962686,0.2
901,-18.013945,0.76222205,1.3033278,0.36766002,0.2684531,0.13798971,0.2
902,-17.992132,0.8132947,2.166262,0.43099955,0.27213603,0.18029039,0.2
903,-17.979347,0.83658195,3.9183114,0.95214254,0.25505176,0.3805009,0.12113683
904,-17.965332,0.77814823,3.763329,1.1135774,0.23941426,0.37886068,0.07061545
905,-17.987286,0.89725065,2.6935039,0.32909507,0.3066685,0.10865949,0.08826931
906,-17.978186,0.668971,2.930121,0.13844906,0.21875422,0.07743616,0.11033663
907,-17.972544,0.80131316,3.2747934,0.069407076,0.2772185,0.059019756,0.1379208
908,-18.00302,0.6389732,1.563059,0.069687076,0.19696064,0.06265354,0.172401
909,-17.972822,0.7430961,2.694948,0.10946714,0.24801517,0.07636764,0.2
910,-17.98203,0.72244793,2.1417425,0.1425334,0.23059198,0.105916396,0.2
911,-17.99349,0.70867306,2.3345547,0.34439433,0.23570006,0.22145987,0.2
912,-17.97982,0.74196976,2.7319212,0.5346721,0.22474328,0.23297267,0.1697559
913,-17.996305,0.671014,2.6381164,0.7243046,0.20930143,0.28975403,0.11945629
914,-17.96408,0.84495604,4.1017084,0.6382344,0.2829231,0.20486413,0.08340264
915,-17.97786,0.69332874,2.5277088,0.14630356,0.22886862,0.09185039,0.1042533
916,-17.99407,0.6190709,2.63665,0.087042764,0.19941069,0.065138586,0.13031663
917,-18.004133,0.5736723,1.6880087,0.07309901,0.18585442,0.047941823,0.16289578
918,-17.979017,0.7282114,3.1223109,0.05468837,0.24632698,0.053272888,0.2
919,-17.974825,0.63775355,2.6334338,0.06603042,0.2129014,0.06527756,0.2
920,-18.017056,0.6646518,1.5983251,0.13142051,0.22398235,0.08459294,0.2
921,-17.98946,0.73628354,2.361713,0.14514303,0.24807788,0.098581724,0.2
922,-17.956663,0.9087314,3.8184302,0.35626805,0.30331525,0.20244822,0.2
923,-17.926117,0.8936495,3.808174,0.5409282,0.29059422,0.23725614,0.2
924,-17.969364,0.81278396,3.1164453,1.379103,0.23794757,0.49805114,0.10898499
925,-17.9831,0.7934131,1.9362085,1.4933858,0.2220332,0.44531795,0.059312947
926,-18.014692,0.71835816,1.3538294,0.4357941,0.23907126,0.109683715,0.07414118
927,-17.995422,0.8339186,1.5978832,0.18751283,0.2916924,0.094373785,0.092676476
928,-18.00249,0.72442174,2.2747233,0.07644197,0.24750271,0.075069875,0.11584559
929,-17.96759,1.1054109,2.649423,0.08664535,0.4019551,0.075176194,0.14480698
930,-17.96221,0.626305,3.7130926,0.05322275,0.20398071,0.045237977,0.18100873
931,-17.994074,0.8350786,1.4498239,0.06503071,0.28924525,0.062495653,0.2
932,-17.96897,0.8110799,2.7989225,0.08817828,0.27941307,0.06950316,0.2
933,-18.005373,0.6302104,1.8806398,0.12683558,0.19967496,0.095613256,0.2
934,-17.967571,0.6838699,1.8572657,0.07766404,0.21920183,0.07324574,0.2
935,-17.973953,0.68629766,3.0524116,0.24392872,0.21849282,0.12024737,0.2
936,-17.983637,0.68475896,2.704151,0.1935291,0.22823381,0.09514321,0.2
937,-17.964523,0.68305886,3.3404477,0.1390996,0.22814392,0.062185764,0.2
938,-17.982876,0.6546405,2.1443632,0.062377527,0.2194048,0.065140344,0.2
939,-18.003794,0.69570154,2.5172765,0.0905646,0.22407499,0.055116855,0.2
940,-17.992071,0.6564833,2.8868856,0.054303464,0.21286623,0.054591488,0.2
941,-17.98493,0.6477674,2.1643255,0.1383284,0.2166355,0.084660985,0.2
942,-17.982285,0.7737361,2.5283115,0.13688505,0.25472912,0.092583455,0.2
943,-17.944262,0.88757825,2.4854362,0.47010517,0.30301306,0.19033709,0.2
944,-17.993578,0.79580605,1.4079592,0.88724464,0.24187274,0.38241664,0.18089351
945,-17.922482,0.9583483,4.579715,2.0728498,0.2457063,0.8553641,0.06297684
946,-17.972574,0.9180631,3.8675559,0.76837426,0.31811276,0.12276636,0.06083364
947,-17.973001,0.8906639,3.4335413,0.4564295,0.3086861,0.10402587,0.07604205
948,-18.00593,0.67803043,1.5598669,0.14094618,0.22537887,0.080812514,0.09505256
949,-17.953402,1.0983475,3.136179,0.1044041,0.3899138,0.08797903,0.118815705
950,-17.984003,0.7601014,3.3732357,0.07184953,0.25799754,0.053314514,0.14851964
951,-17.985792,0.635651,2.7889354,0.061525345,0.20692559,0.045392495,0.18564954
952,-17.969484,0.94703496,3.0006042,0.08652444,0.32486314,0.076360196,0.2
953,-17.964056,0.670567,2.4467988,0.07249748,0.22323778,0.05267706,0.2
954,-17.97077,0.80725473,3.164157,0.13441625,0.27311504,0.08368608,0.2
955,-17.963379,0.68433535,2.6824317,0.12957911,0.22126755,0.076089956,0.2
956,-18.011213,0.75712305,1.1501062,0.28201613,0.24348031,0.15093169,0.2
957,-17.989508,0.9179911,3.1441648,0.49080434,0.31632882,0.19944812,0.2
958,-17.969595,0.8629665,3.0373435,1.2761834,0.2666491,0.46697673,0.120857656
959,-17.952387,0.8312782,3.5202138,1.8037794,0.21836083,0.5631199,0.061565246
960,-17.953531,0.82883763,4.248934,0.54960257,0.26792428,0.12566772,0.076956555
961,-17.976301,0.8015715,2.3739266,0.21093152,0.2723882,0.09209424,0.0961957
962,-17.990475,0.6862931,3.145051,0.052560937,0.2310165,0.06316942,0.12024462
963,-17.98178,0.6651765,3.6824527,0.055781018,0.21841529,0.054862592,0.15030578
964,-18.001345,0.6596329,1.3858441,0.0680415,0.21699609,0.05246606,0.18788221
965,-17.949223,0.9623043,4.1247478,0.12699431,0.3302127,0.08011622,0.2
966,-17.98567,0.66978776,3.5786986,0.09460278,0.22443874,0.07411058,0.2
967,-17.987303,0.74544066,2.6407855,0.2656462,0.24163362,0.15182418,0.2
968,-17.967196,0.67503834,2.6389325,0.42831764,0.22991398,0.18234381,0.2
969,-17.990421,0.763958,2.417887,0.9039642,0.24021834,0.3459551,0.12932947
970,-17.973484,0.7397578,1.9873471,1.1248827,0.21086453,0.3992362,0.070632726
971,-17.980808,0.6991427,3.4323318,0.34557557,0.22406697,0.08833795,0.08829091
972,-18.00089,0.6333761,1.6335666,0.16262756,0.19816165,0.072050005,0.11036363
973,-17.953238,0.7398621,3.660325,0.075590394,0.24713427,0.05368423,0.13795453
974,-17.968378,0.7542203,3.75933,0.061355338,0.24932213,0.049451582,0.17244317
975,-17.96837,1.0946457,3.869555,0.09482145,0.38669473,0.068494804,0.2
976,-17.977337,0.7114698,2.733256,0.08040683,0.23762257,0.04807571,0.2
977,-17.985676,0.6704165,2.2560859,0.08294319,0.22839898,0.064541005,0.2
978,-17.99539,0.69338495,1.3849939,0.18652615,0.22790991,0.11502748,0.2
979,-17.986767,0.63164306,2.4035685,0.13804008,0.19707358,0.074439004,0.2
980,-17.976395,0.7770248,2.482379,0.1750863,0.2627333,0.064520344,0.2
981,-17.990602,0.8067558,1.8270922,0.09354109,0.27660072,0.068286166,0.2
982,-17.978811,0.8652272,2.8741705,0.20010734,0.30646163,0.12891583,0.2
983,-17.9978,0.6523344,2.4231339,0.26985747,0.21826199,0.10201068,0.2
984,-17.974531,0.81255716,2.0742497,0.29992154,0.2667776,0.11977156,0.2
985,-17.975864,0.73725015,2.5652452,0.47549978,0.24240372,0.18106729,0.2
986,-17.969103,0.7652535,2.6187007,1.0944177,0.22819379,0.41969013,0.10641517
987,-17.958315,0.71950644,2.6565838,1.0664682,0.21962339,0.34437022,0.063310854
988,-17.981918,0.8182991,2.5845773,0.36481273,0.26743722,0.10374621,0.07913857
989,-17.990578,0.76679873,1.2001445,0.10601043,0.25371048,0.0873034,0.098923214
990,-17.961164,0.7209347,2.2441227,0.057409383,0.23536149,0.06389852,0.123654015
991,-17.972595,0.74586755,3.12693,0.07503818,0.24998035,0.049908344,0.15456752
992,-17.98685,0.65773183,2.8747153,0.052107107,0.21481533,0.04728533,0.19320941
993,-17.994875,0.7089635,2.0677297,0.051289376,0.23238803,0.049860697,0.2
994,-17.977324,0.714668,2.586969,0.063148476,0.24729444,0.0568903,0.2
995,-17.982141,0.67923075,2.5194595,0.08969996,0.22269547,0.06866209,0.2
996,-17.979391,0.7182472,2.084627,0.09988823,0.23857868,0.0837757,0.2
997,-17.974262,0.73009884,3.3821757,0.31031612,0.23438683,0.17299478,0.2
998,-17.978619,0.7685697,2.4109793,0.5914993,0.24496832,0.2392708,0.1810566
999,-17.990324,0.7746578,2.5642753,1.0819373,0.23918399,0.44058856,0.09066931
1000,-17.998684,0.67373395,1.595184,0.6664505,0.21619545,0.16261604,0.074237265
1001,-17.994183,0.68045276,2.7068334,0.24484618,0.21834843,0.07482871,0.09279658
1002,-17.993761,0.7433961,1.6889079,0.07441869,0.26032755,0.066459954,0.11599572
1003,-17.966341,0.83703256,3.7428396,0.07600403,0.29739684,0.056772545,0.14499465
1004,-17.979141,0.6955846,1.7392188,0.06416647,0.23253256,0.043258987,0.1812433
1005,-17.972578,0.7320202,1.8520846,0.065281466,0.24692841,0.06159266,0.2
1006,-17.97754,0.7567751,3.085057,0.06163664,0.24927694,0.059587337,0.2
1007,-17.975355,0.6969405,2.2521622,0.11986584,0.22799335,0.08931372,0.2
1008,-18.008417,0.69969404,2.0185413,0.15959299,0.23522279,0.08020042,0.2
1009,-17.989422,0.6701435,2.991996,0.2606522,0.20950525,0.1517442,0.2
1010,-17.992235,0.6532513,2.00743,0.41700432,0.22162367,0.16919525,0.2
1011,-17.96522,0.7379093,2.719428,0.8292569,0.22974904,0.3244982,0.122098334
1012,-17.974426,0.74183077,2.3833103,0.9638485,0.22190212,0.33073726,0.07089076
1013,-17.989128,0.6636566,1.5178462,0.30356458,0.22147198,0.09103729,0.08861345
1014,-17.98529,0.7268251,1.8735731,0.11549875,0.2398898,0.06789068,0.11076681
1015,-17.985144,0.6468076,1.1066338,0.05081343,0.2104876,0.04784166,0.13845852
1016,-17.984625,0.80301434,2.5632489,0.061967243,0.26177117,0.05295223,0.17307314
1017,-17.996887,0.69583607,1.5242287,0.060822874,0.23282798,0.06045687,0.2
1018,-17.995684,0.7781161,2.479866,0.09687177,0.2591902,0.06399176,0.2
1019,-17.984953,0.67346156,2.4963076,0.12520416,0.21353525,0.09315367,0.2
1020,-17.957481,0.9707829,3.7322986,0.29853788,0.34129795,0.18861425,0.2
1021,-17.987528,0.67276454,1.9190382,0.3286084,0.20743938,0.13945226,0.2
1022,-17.992027,0.6605611,2.232939,0.45845518,0.21659961,0.18098779,0.19430046
1023,-17.96488,0.9746397,2.5083685,0.8656869,0.33145604,0.34902814,0.10361378
1024,-17.961557,0.74907625,3.0936215,0.61817944,0.23763748,0.19408514,0.09321481
1025,-17.991941,0.7044579,1.4685792,0.1725114,0.23835458,0.09087095,0.11651851
1026,-18.024796,0.7082788,1.2680315,0.08641314,0.23741004,0.056814596,0.14564814
1027,-17.963003,0.9372586,2.773012,0.09192915,0.3232442,0.07944647,0.18206017
1028,-17.980251,0.77451617,3.003647,0.12231544,0.25905436,0.08143316,0.2
1029,-17.961437,0.90375704,3.0905201,0.12243322,0.30779776,0.09866583,0.2
1030,-17.972317,0.788846,2.7285645,0.2545322,0.262061,0.185438,0.2
1031,-18.009161,0.81341565,2.627388,0.27230328,0.2598516,0.10608348,0.2
1032,-17.963177,1.4259682,3.4268615,0.22255903,0.50762504,0.13712555,0.2
1033,-17.99508,0.7806827,2.792881,0.09981186,0.25021055,0.08040144,0.2
1034,-17.98238,0.73391205,3.3614333,0.1546062,0.24576181,0.092087075,0.2
1035,-17.942516,0.80456114,4.6195884,0.11213287,0.26360035,0.064038984,0.2
1036,-17.979897,0.68420404,2.787674,0.05383847,0.2314395,0.055200316,0.2
1037,-17.988554,0.72078735,2.7848105,0.07185451,0.24568899,0.07405835,0.2
1038,-17.957722,0.7265449,3.9043283,0.18463288,0.22734003,0.13814937,0.2
1039,-17.976303,0.71309286,3.9120677,0.2757856,0.23470959,0.16984217,0.2
1040,-18.01075,0.66360176,1.4623785,0.44172838,0.20541324,0.24174424,0.2
1041,-17.976366,0.78378475,2.0778317,0.7443808,0.24096835,0.42839026,0.118551135
1042,-17.964125,0.81968427,4.0379043,0.66690326,0.26749024,0.30643085,0.08133336
1043,-17.986937,0.73255014,2.0336933,0.2143387,0.23624149,0.096173175,0.101666704
1044,-17.986965,0.666152,2.1773067,0.07427222,0.2110282,0.068104275,0.12708338
1045,-17.9904,0.617764,2.77384,0.044318836,0.19700758,0.0524151,0.15885422
1046,-17.992119,0.64465916,2.7384195,0.06526633,0.20875944,0.058567613,0.19856778
1047,-18.001358,0.8468104,1.8570772,0.089868695,0.29018524,0.06943661,0.2
1048,-17.986246,0.7027378,3.3483894,0.0734068,0.23846103,0.06488416,0.2
1049,-17.986067,0.6726545,2.029395,0.19326106,0.22657761,0.13558692,0.2
1050,-17.988699,0.66609323,2.2627015,0.24383514,0.21298791,0.10720264,0.2
1051,-17.987965,0.6808883,2.693966,0.3915818,0.21936858,0.15837455,0.2
1052,-18.000477,0.6240956,2.4260786,0.2993721,0.19792724,0.13711299,0.2
1053,-17.986294,0.71671844,2.5844054,0.30868012,0.23711528,0.12784076,0.2
1054,-17.966827,0.6918943,2.8651583,0.20947061,0.22691877,0.09135655,0.2
1055,-17.992254,0.7310063,1.7921345,0.06932374,0.23183842,0.06547233,0.2
1056,-17.981598,0.7596469,2.5984633,0.11403074,0.25728527,0.08263527,0.2
1057,-17.991308,0.7088381,1.9471288,0.12278423,0.234397,0.08377147,0.2
1058,-17.996939,0.7740664,2.422574,0.28020367,0.25720933,0.1619581,0.2
1059,-17.967062,0.7715858,2.7657735,0.38742724,0.2504519,0.16902162,0.2
1060,-17.977552,0.7437745,2.5549314,0.7427453,0.23269813,0.2920661,0.15181348
1061,-17.962618,0.89194417,3.5106313,1.2617999,0.26523462,0.4433461,0.07688398
1062,-17.983152,0.6719349,1.8968321,0.40991113,0.22513206,0.097746424,0.07599351
1063,-17.971714,0.7463687,3.2353644,0.17343907,0.25348568,0.08408531,0.094991885
1064,-17.969215,0.86405677,3.3052418,0.075381674,0.3075704,0.059986964,0.11873986
1065,-17.96638,0.7687928,3.1498713,0.063665785,0.25661695,0.05709144,0.14842482
1066,-17.988062,0.71136796,3.350938,0.048749927,0.23280093,0.049572214,0.18553102
1067,-17.989332,0.8857056,1.9560298,0.087598875,0.3004379,0.046576813,0.2
1068,-17.991,0.6853504,1.8277937,0.0517738,0.23181441,0.04528372,0.2
1069,-17.968945,0.68529755,3.3086195,0.06509202,0.23023134,0.05234202,0.2
1070,-17.970629,0.86035,3.2552319,0.078818694,0.29608774,0.0678256,0.2
1071,-17.990774,0.72438693,2.337273,0.15300134,0.23908041,0.0945427,0.2
1072,-17.973448,0.8139827,4.426005,0.11907791,0.26814437,0.07656567,0.2
1073,-17.977844,0.78545505,2.585281,0.12208404,0.2679217,0.07097205,0.2
1074,-17.98436,0.6370693,2.7743034,0.10932462,0.20127933,0.084884524,0.2
1075,-17.986763,0.7107141,2.8911664,0.2235,0.23723158,0.15866044,0.2
1076,-17.981709,0.6177884,1.9962417,0.2582585,0.20065229,0.09505421,0.2
1077,-17.987314,0.7273916,2.0182238,0.080096334,0.2413069,0.079393014,0.2
1078,-17.980173,0.72592527,1.8456358,0.31187865,0.2402111,0.15267017,0.2
1079,-17.971214,0.71112114,2.247531,0.5121727,0.21975045,0.20335099,0.2
1080,-17.970427,0.724299,3.7972045,0.96508545,0.21109693,0.41521785,0.10248627
1081,-17.974003,0.67994606,2.6559684,0.72848094,0.21500057,0.23939767,0.069343366
1082,-17.991114,0.65768427,1.8886003,0.2621438,0.21209094,0.08911964,0.086679205
1083,-17.985447,0.7343625,1.6945573,0.08361531,0.24172144,0.074475594,0.10834901
1084,-17.96895,0.6831971,2.858488,0.06280037,0.22927387,0.052878443,0.13543627
1085,-17.999765,0.6148337,1.8973097,0.05468897,0.21068335,0.052577168,0.16929534
1086,-18.016052,0.6028501,1.5651067,0.08406482,0.20016056,0.059048504,0.2
1087,-17.983965,0.67553186,2.3133588,0.10372329,0.21884243,0.08421561,0.2
1088,-17.993097,0.66320276,2.118512,0.2805984,0.21809755,0.15761334,0.2
1089,-17.961773,0.8394688,3.2635238,0.32940224,0.29164827,0.14104247,0.2
1090,-18.001522,0.73818403,1.9703691,0.5519955,0.22802141,0.22761604,0.2
1091,-17.916862,0.9084343,3.7791076,1.3932692,0.2620502,0.56432074,0.08512189
1092,-17.984184,0.7544274,2.363516,0.9322271,0.23795862,0.26030266,0.060685646
1093,-17.980911,0.66642815,1.9926233,0.38429645,0.22363184,0.10511355,0.07585706
1094,-17.998152,0.6667189,1.9998385,0.118807726,0.21153039,0.0901247,0.09482132
1095,-17.974625,0.6950537,2.674296,0.06748505,0.22406319,0.05925169,0.11852665
1096,-18.00428,0.7921518,1.9717201,0.06385131,0.2664976,0.060893632,0.14815831
1097,-18.006489,0.7151427,1.6535606,0.043226767,0.24582593,0.05400056,0.18519789
1098,-17.986855,0.73492247,2.1084251,0.050260592,0.25359502,0.044499848,0.2
1099,-17.99993,0.6718149,1.6560272,0.085516915,0.21793117,0.06463577,0.2
1100,-17.983068,0.661641,2.0623434,0.095460065,0.21132343,0.082943544,0.2
1101,-17.9895,0.7369761,2.2800121,0.2995379,0.24866866,0.1648708,0.2
1102,-17.966549,0.9077593,3.1943839,0.36167845,0.2986642,0.1744934,0.2
1103,-17.981895,0.7445356,2.883108,0.77802265,0.22916357,0.2867213,0.2
1104,-17.950367,0.8816486,2.305261,1.7727909,0.23478884,0.7010891,0.07668838
1105,-17.971615,0.8805437,3.6177769,0.69828945,0.3010556,0.1897936,0.060106535
1106,-17.978664,0.7806869,1.9657971,0.42877156,0.26805216,0.11610909,0.07513317
1107,-17.979406,0.81090325,2.2438066,0.12154867,0.2804675,0.10135494,0.09391646
1108,-17.985348,0.66397536,2.2665741,0.070678465,0.21518403,0.07438822,0.11739558
1109,-17.970146,0.78221935,2.4664598,0.070587955,0.25419474,0.0554662,0.14674447
1110,-17.989477,0.7405413,1.6091822,0.07259858,0.24540696,0.055753246,0.1834306
1111,-17.963882,0.65368134,2.6744065,0.06539435,0.21675852,0.056763433,0.2
1112,-17.985065,0.6983956,2.8352563,0.13708322,0.21833,0.09895259,0.2
1113,-17.978878,0.65176505,2.1146202,0.13017243,0.2140194,0.09402865,0.2
1114,-17.97948,0.6820294,1.9615242,0.35832828,0.22096989,0.18821715,0.2
1115,-18.01594,0.73300064,1.3231006,0.3925897,0.23647651,0.18890151,0.2
1116,-17.962818,0.7426398,3.0868335,0.6734133,0.23955312,0.2615687,0.16095822
1117,-17.961636,0.87778,3.1510122,1.215098,0.28556314,0.39351165,0.088218056
1118,-17.989128,0.7137498,2.5494866,0.45225266,0.23715271,0.11919645,0.08116644
1119,-17.964878,0.7802038,3.974351,0.16547365,0.25502238,0.08849009,0.10145805
1120,-17.970495,0.84894484,1.9351308,0.08350998,0.29340437,0.06645381,0.12682256
1121,-17.966145,0.7421887,2.655571,0.06728659,0.23837057,0.05186242,0.15852821
1122,-18.001076,0.6704038,1.748164,0.05787512,0.22166085,0.052942548,0.19816026
1123,-17.96359,0.7033516,2.2084801,0.06257457,0.23245475,0.0563113,0.2
1124,-17.996483,0.6816844,1.4221443,0.074942075,0.2236913,0.06783879,0.2
1125,-17.981058,0.64600486,2.094685,0.15064564,0.21380399,0.11052018,0.2
1126,-17.969753,0.71412927,2.4741678,0.1934564,0.22697172,0.10550208,0.2
1127,-17.98486,0.7800152,2.847511,0.47120738,0.25606972,0.22440103,0.2
1128,-17.976007,0.81684005,2.5371017,0.94873524,0.26490325,0.3850713,0.13470255
1129,-17.985094,0.7505662,2.088412,1.1255044,0.22283721,0.41396764,0.074156895
1130,-17.987637,0.6235003,1.4499091,0.3684534,0.21000525,0.09645678,0.092696115
1131,-17.981289,0.635632,2.6152554,0.143798,0.204843,0.071483,0.11587015
1132,-17.982069,0.6833036,2.6924424,0.06211696,0.2207694,0.05322271,0.14483768
1133,-17.98011,0.6812518,2.8054075,0.070739634,0.20886368,0.056417707,0.1810471
1134,-17.984816,0.7402762,1.9209871,0.05006601,0.2556172,0.0525971,0.2
1135,-17.960718,0.7126145,2.664343,0.08728612,0.2291393,0.066955574,0.2
1136,-17.979198,0.7790247,2.3230164,0.101145096,0.26237756,0.07891976,0.2
1137,-17.951738,1.0186565,2.7966232,0.21597381,0.35518548,0.15766248,0.2
1138,-17.950878,0.7956677,2.7851286,0.2114885,0.2660608,0.09431378,0.2
1139,-17.965094,0.76178813,2.8954127,0.36357263,0.25086635,0.18497004,0.2
1140,-18.008652,0.7928027,2.5336344,0.42106515,0.26600462,0.18799257,0.2
1141,-17.974367,0.759058,3.2245958,0.73603374,0.23652065,0.30813232,0.14095533
1142,-18.001734,0.75416994,3.5891678,1.0195675,0.22970928,0.36205673,0.085127324
1143,-18.000896,0.69451654,2.9849133,0.38563612,0.23137552,0.10049077,0.106409155
1144,-17.976345,0.6777555,2.9693975,0.09341477,0.21910122,0.0808823,0.13301145
1145,-17.956202,0.91606724,4.044178,0.11665066,0.33062622,0.07463164,0.16626431
1146,-17.952425,0.93395203,3.479754,0.10091475,0.32887822,0.07625423,0.2
1147,-17.96638,0.68292266,2.667935,0.15516634,0.22493096,0.101476215,0.2
1148,-18.006142,0.7302655,3.0906584,0.09742495,0.2352046,0.08313593,0.2
1149,-17.953424,0.81880957,2.8019986,0.17545779,0.26931253,0.09559745,0.2
1150,-18.003069,0.717773,2.3507087,0.07757982,0.23342618,0.07224579,0.2
1151,-17.975178,0.792002,2.2735267,0.1942308,0.26034343,0.11862512,0.2
1152,-17.972067,0.72868,2.81612,0.14530304,0.23652592,0.073462635,0.2
1153,-17.972843,1.5670769,2.4558778,0.103600115,0.5784921,0.103229575,0.2
1154,-17.987162,0.7295917,3.417101,0.14918058,0.23665497,0.09136464,0.2
1155,-17.986155,0.7773774,4.9078107,0.1615217,0.2610269,0.07193317,0.2
1156,-17.96645,0.7950611,4.7971463,0.12034812,0.26708433,0.07003727,0.2
1157,-17.964863,0.68733555,3.9318423,0.10089027,0.23193517,0.08056097,0.2
1158,-17.990528,0.6651112,3.3422515,0.25499564,0.21308109,0.16417803,0.2
1159,-17.972578,0.7238789,3.4204895,0.28091455,0.23877914,0.14486817,0.2
1160,-18.007511,0.66633993,2.3365293,0.55048627,0.21126807,0.20424221,0.2
1161,-17.977915,0.7555364,3.5408864,1.2442564,0.21385749,0.48025623,0.090250134
1162,-17.962593,0.8451202,3.1564267,0.80943316,0.27062687,0.24771261,0.058896706
1163,-17.977976,0.79058707,3.3577607,0.36066875,0.25888333,0.095851004,0.073620886
1164,-17.96959,0.7119244,3.8867223,0.13387603,0.2358664,0.09685053,0.09202611
1165,-17.997,0.6185767,3.0606444,0.063873306,0.19508354,0.055309538,0.115032636
1166,-17.976242,0.7945584,2.2844841,0.08077265,0.2648205,0.056152645,0.1437908
1167,-17.965807,0.6960635,3.0281954,0.0654993,0.23471582,0.046271577,0.17973849
1168,-18.011076,0.65953445,1.6475168,0.06671873,0.22055873,0.06826362,0.2
1169,-17.97309,0.6767887,2.8102913,0.13779819,0.22385705,0.10189791,0.2
1170,-17.992025,0.7337388,2.1299303,0.3599133,0.23704919,0.14786223,0.2
1171,-17.985783,0.92777807,3.9984016,0.397257,0.31265077,0.14859924,0.2
1172,-17.968105,0.80997556,3.1958647,0.52300304,0.27319333,0.19504447,0.2
1173,-17.983652,0.7895888,2.3067758,1.0458207,0.236427,0.39825824,0.13011381
1174,-17.944473,0.9027155,3.56071,1.5216128,0.28121585,0.49952343,0.061444126
1175,-17.989405,0.7010095,3.8164399,0.45137802,0.22726317,0.115004264,0.07680516
1176,-17.9812,0.7078627,3.0037427,0.14283389,0.23802063,0.10296427,0.09600645
1177,-17.982105,0.7166645,2.4268804,0.085778385,0.24067038,0.072678514,0.12000807
1178,-17.994905,0.82637125,2.1458864,0.07455214,0.2864859,0.06454797,0.15001008
1179,-17.991173,0.75883925,2.6477554,0.0737719,0.26643634,0.0612751,0.1875126
1180,-17.964945,1.4801294,4.4563055,0.16831647,0.54737824,0.12571307,0.2
1181,-17.971165,0.7377493,3.2897394,0.28191584,0.24754947,0.16273695,0.2
1182,-17.98462,0.71055645,1.7983959,0.25307098,0.22026965,0.15074283,0.2
1183,-18.007648,0.75643754,2.434346,0.4770939,0.24981068,0.16842115,0.2
1184,-17.968193,0.74110854,4.100341,0.30526167,0.24073333,0.18055856,0.2
1185,-17.98598,1.1155303,3.477934,0.73441064,0.39653018,0.29726905,0.1802133
1186,-17.98782,0.9161625,2.2583504,0.84187835,0.2974923,0.3674809,0.2
1187,-17.963259,0.9720874,4.426725,1.416509,0.2912029,0.6255528,0.11284459
1188,-17.983994,0.80888844,4.1092863,0.69616824,0.27317396,0.22353548,0.090163484
1189,-17.989367,0.80844086,3.7185981,0.3828028,0.28023553,0.10793786,0.11270435
1190,-17.968311,0.95140177,3.4877388,0.15204115,0.3293098,0.082069926,0.14088044
1191,-18.001362,0.7140399,2.7424924,0.057521813,0.23406737,0.059549183,0.17610055
1192,-17.992338,0.67891836,2.551485,0.055862874,0.22653705,0.06314421,0.2
1193,-17.967365,1.0244433,4.613535,0.1344555,0.35591748,0.09324984,0.2
1194,-17.98628,0.729165,2.5377104,0.26987487,0.24109104,0.1608268,0.2
1195,-18.005539,0.6487395,2.1812766,0.08608332,0.20706306,0.06690854,0.2
1196,-17.946682,1.0753089,4.1607995,0.19087791,0.37469068,0.12640461,0.2
1197,-18.000927,0.7042795,4.427324,0.13436031,0.23391119,0.12295412,0.2
1198,-17.979633,0.83705276,3.97142,0.44312438,0.27879417,0.26216826,0.2
1199,-17.975147,0.7246773,4.345456,0.7691211,0.22871876,0.36375344,0.15069987
1200,-17.977715,0.771458,4.506494,1.1266022,0.23411196,0.43857834,0.07759229
1201,-17.9931,0.63271385,3.100516,0.39608082,0.19077237,0.10516545,0.09699036
1202,-17.979622,0.5974867,2.5325782,0.122778326,0.19247389,0.070387006,0.12123795
1203,-17.965525,0.7076488,3.7214484,0.06743542,0.2374632,0.0644483,0.15154743
1204,-17.993805,0.6603524,2.2054348,0.062847584,0.22245519,0.053630494,0.18943429
1205,-17.980219,0.7184758,3.3460176,0.065680996,0.23543198,0.059149493,0.2
1206,-17.936754,0.90747386,4.5223584,0.11156278,0.29992753,0.07163603,0.2
1207,-17.994226,0.75593144,2.6692984,0.093726374,0.25662646,0.069064304,0.2
1208,-17.985655,0.7192627,3.434267,0.19727324,0.24210851,0.11054062,0.2
1209,-17.968151,0.743118,3.5614154,0.12913014,0.23767802,0.083821505,0.2
1210,-18.003521,0.74465585,2.8806455,0.3140977,0.24009092,0.18274689,0.2
1211,-17.977726,0.7337086,3.1284883,0.4381559,0.25283763,0.19844027,0.2
1212,-17.989658,0.69890624,3.933944,0.70016116,0.22440565,0.29743567,0.15007617
1213,-17.965956,0.68025047,4.206112,0.72039306,0.21116285,0.2900311,0.10322922
1214,-17.983046,0.7906524,2.1350117,0.21528266,0.27283743,0.08372329,0.12903652
1215,-17.981754,0.83000785,3.1235979,0.1130181,0.27599654,0.07695511,0.16129565
1216,-17.975922,0.8329612,3.3463547,0.08714464,0.2713807,0.069974616,0.2
1217,-18.00334,0.71325576,2.2302654,0.16077611,0.2262268,0.1069263,0.2
1218,-17.997356,0.7877739,1.6041639,0.06646048,0.27082855,0.06261984,0.2
1219,-17.977152,0.7364788,3.8837814,0.16901742,0.24618372,0.105285704,0.2
1220,-17.998812,0.6606844,1.9214839,0.07673496,0.217223,0.05736442,0.2
1221,-17.977852,0.77436227,3.3637195,0.12730083,0.26188946,0.08686984,0.2
1222,-17.995386,0.7437412,2.4912333,0.073197916,0.24488553,0.05659199,0.2
1223,-18.007566,0.69045943,1.4073578,0.09580475,0.22484021,0.066514984,0.2
1224,-18.019457,0.67675555,2.584426,0.08214156,0.23240308,0.07962894,0.2
1225,-17.986027,0.74683625,2.323534,0.23614344,0.25323936,0.1612607,0.2
1226,-17.989687,0.70821404,2.8147798,0.58259404,0.23513468,0.22594868,0.2
1227,-17.980402,0.70050865,2.6203117,1.0893941,0.20563887,0.4545064,0.11168841
1228,-17.971739,0.7953224,2.359617,0.65516293,0.25135255,0.3074117,0.07312577
1229,-17.98723,0.79205817,2.5798256,0.34396333,0.26847234,0.088718444,0.09140722
1230,-18.00062,0.6535561,1.8510593,0.13739349,0.2168876,0.07348374,0.11425902
1231,-17.972961,0.6984939,2.230483,0.07080773,0.23128445,0.061793953,0.14282377
1232,-17.99015,0.6399569,3.3214574,0.07257725,0.20215067,0.04851844,0.17852971
1233,-17.991766,0.63984174,1.8034977,0.07992614,0.21413419,0.055709068,0.2
1234,-17.975496,0.7816651,1.7330941,0.076372094,0.26169872,0.062283345,0.2
1235,-17.962,1.0354431,3.6909103,0.17482659,0.36324483,0.13212039,0.2
1236,-17.977274,0.7301925,4.1384764,0.14672878,0.2366112,0.0961923,0.2
1237,-17.966015,0.6719486,3.4162486,0.37280142,0.2164312,0.2001144,0.2
1238,-17.99109,0.63676924,3.5808923,0.46431756,0.19841117,0.19339705,0.2
1239,-17.99988,0.65612346,3.135473,0.6821863,0.19929376,0.2749947,0.122960724
1240,-17.9725,1.1067673,4.1833587,0.58229965,0.39116046,0.1887785,0.09118842
1241,-18.020758,0.7022489,2.9566712,0.15430452,0.24000746,0.085572354,0.11398553
1242,-17.990843,0.69073516,2.5495622,0.07783488,0.22671612,0.06234753,0.14248191
1243,-17.989027,0.6868155,2.39101,0.077180475,0.2291989,0.05659208,0.17810239
1244,-17.986042,0.6398688,1.7175245,0.056439966,0.20781903,0.048244577,0.2
1245,-18.008049,0.62814826,1.6965245,0.044844024,0.20828225,0.047340196,0.2
1246,-17.970808,0.70514065,2.9121995,0.07822176,0.23468482,0.06205415,0.2
1247,-17.959152,0.66444016,2.4360356,0.11443324,0.21496537,0.08025179,0.2
1248,-18.007795,0.68385845,2.897654,0.27468356,0.22852848,0.17466933,0.2
1249,-17.975574,0.6873729,3.0893946,0.45972657,0.21688981,0.14887802,0.2
1250,-17.96653,0.7303295,1.8184278,0.505722,0.24581611,0.17832789,0.2
1251,-17.99787,0.6428797,1.8977652,0.23577158,0.20482527,0.18551913,0.2
1252,-17.995943,0.7074574,1.8699919,0.8408962,0.22185102,0.34456003,0.14595711
1253,-17.982021,0.73589826,2.4615996,0.5829578,0.23686557,0.29011646,0.10902129
1254,-18.007208,0.69056785,1.669213,0.26527053,0.22355217,0.07589999,0.13627662
1255,-18.001724,0.80414724,1.7011896,0.09642988,0.27242738,0.05921214,0.17034577
1256,-17.960938,0.7260038,2.837938,0.055810638,0.24733853,0.050104715,0.2
1257,-17.994963,0.6970867,2.1839674,0.06060515,0.23975639,0.05333604,0.2
1258,-17.996946,0.63865703,2.7523217,0.05937559,0.20534424,0.04885893,0.2
1259,-18.014458,0.7098442,1.2367166,0.09042032,0.23664002,0.060202252,0.2
1260,-17.982954,0.7805087,2.08035,0.13433862,0.2604659,0.083505176,0.2
1261,-17.994831,0.72751784,3.7034748,0.26852807,0.23946476,0.14844054,0.2
1262,-17.994905,0.7146305,2.7838473,0.08084361,0.24050207,0.05819784,0.2
1263,-17.944487,0.7955278,3.5524833,0.13705307,0.26045465,0.078874886,0.2
1264,-17.976084,0.68995225,2.989336,0.106134064,0.22033939,0.069620065,0.2
1265,-17.978823,0.77015406,4.293283,0.21930361,0.25690606,0.14601475,0.2
1266,-17.980806,0.6680081,2.3258538,0.18274672,0.213946,0.07992465,0.2
1267,-17.967379,0.84942794,2.4857125,0.06779326,0.28476363,0.07107161,0.2
1268,-17.986399,0.69078094,2.8955684,0.16816984,0.22217962,0.087521374,0.2
1269,-17.960112,0.8298469,4.6393194,0.09157666,0.2777711,0.073473565,0.2
1270,-17.974989,0.71402586,3.2350624,0.22180292,0.23228359,0.13120186,0.2
1271,-18.002493,0.78517824,1.9929552,0.28643093,0.26744872,0.11470508,0.2
1272,-18.001755,0.6681903,2.6695123,0.26499844,0.22127546,0.11976936,0.2
1273,-17.965927,1.0517924,3.9348526,0.3267879,0.3836848,0.14505118,0.2
1274,-17.978802,0.8145594,2.181936,0.46166226,0.27578115,0.2078891,0.2
1275,-17.981535,0.7387195,2.505333,1.0021034,0.21591425,0.4300792,0.13215376
1276,-17.978415,0.7503484,1.8533701,1.3272568,0.2129576,0.52757025,0.0639922
1277,-18.000902,0.7492895,1.7292904,0.49530894,0.24525227,0.092726775,0.07999025
1278,-18.00161,0.6646359,2.281587,0.13696593,0.23122731,0.08984537,0.09998782
1279,-17.973528,0.6789688,2.6035566,0.06529934,0.22873911,0.06326285,0.12498477
1280,-17.959064,0.7510754,3.0459027,0.07490714,0.2533446,0.058329493,0.15623096
1281,-17.983097,0.6632746,2.1057842,0.04786334,0.22140384,0.046437345,0.19528869
1282,-17.974777,0.71866757,3.371444,0.066306,0.2284662,0.054936174,0.2
1283,-17.984526,0.729849,2.6624765,0.12624554,0.24014913,0.08203477,0.2
1284,-17.984983,0.70936817,3.1131415,0.08906747,0.22749506,0.07956403,0.2
1285,-17.995419,0.6428426,2.2910423,0.22897153,0.21725161,0.12722173,0.2
1286,-17.985075,0.6079669,2.5161793,0.12435351,0.19667624,0.06718269,0.2
1287,-17.982616,0.7310411,2.3610084,0.08353445,0.24146235,0.053220805,0.2
1288,-17.984993,0.7889274,1.9098812,0.072532006,0.26680097,0.061529912,0.2
1289,-17.997152,0.6542223,1.7719215,0.1028063,0.21291871,0.065582424,0.2
1290,-18.001932,0.75187236,2.483758,0.08238244,0.24579749,0.0727662,0.2
1291,-17.966646,0.81168514,2.0936682,0.19523536,0.2667023,0.114708774,0.2
1292,-18.000662,0.7349243,2.2937565,0.09407384,0.23822543,0.0747098,0.2
1293,-17.98042,0.73085153,2.7227035,0.12589736,0.23766145,0.068165176,0.2
1294,-17.986523,0.7195804,3.3685014,0.054130457,0.24696928,0.0505795,0.2
1295,-18.000742,0.7845917,2.8843477,0.11831985,0.26303515,0.08258198,0.2
1296,-18.001074,0.8674643,1.3853923,0.08620033,0.28817675,0.084607355,0.2
1297,-18.008696,0.6941738,3.618805,0.23858042,0.23561347,0.14507195,0.2
1298,-17.973377,0.7733514,4.2467346,0.4546309,0.25533897,0.18724291,0.2
1299,-17.9689,0.6797361,2.9871879,0.8535637,0.20037483,0.37929255,0.14956972
1300,-17.951866,1.418769,4.723743,1.4086341,0.475451,0.6009465,0.06493217
1301,-17.99384,0.6840077,2.294061,0.49590024,0.22298923,0.107650615,0.08116521
1302,-18.006449,0.6982744,2.2330048,0.19190922,0.246598,0.08694247,0.10145651
1303,-17.963696,0.6644681,3.302354,0.058932297,0.21524079,0.058440134,0.12682064
1304,-17.999632,0.69280523,2.9220736,0.04632629,0.22005478,0.05269513,0.1585258
1305,-18.006403,0.64968973,2.2474806,0.06657447,0.2170184,0.04610158,0.19815725
1306,-17.987848,0.7423881,3.6773317,0.10996101,0.2526482,0.07175658,0.2
1307,-17.999695,0.69422764,2.5272858,0.08299942,0.23285416,0.07342485,0.2
1308,-17.976336,0.72928685,3.16167,0.25838944,0.24986498,0.13578524,0.2
1309,-17.941172,1.0390666,4.215933,0.29839727,0.36162832,0.14600016,0.2
1310,-17.993876,0.6907079,3.67335,0.5199981,0.21929468,0.22557347,0.2
1311,-17.971863,0.8248277,2.827579,1.4914014,0.23308562,0.5835906,0.07970765
1312,-17.977383,0.82838374,3.1317058,0.8273734,0.27163392,0.21793738,0.057680696
1313,-17.95791,0.883118,3.412211,0.40755656,0.29431286,0.11820318,0.07210087
1314,-17.982765,0.764026,2.9215574,0.13049246,0.2657359,0.08593363,0.09012609
1315,-17.960423,0.72229385,3.6752617,0.06318027,0.2400476,0.062658325,0.112657614
1316,-17.998081,0.7683062,2.4433665,0.06002284,0.26857364,0.055020887,0.14082202
1317,-17.976152,0.6975445,2.7078407,0.050896373,0.23858471,0.040631946,0.17602754
1318,-18.005543,0.70944995,1.3258644,0.05869276,0.2334619,0.044264812,0.2
1319,-17.992327,0.6445743,1.5391865,0.0649725,0.2058367,0.06092845,0.2
1320,-17.965408,0.7270276,2.99705,0.13243285,0.24403025,0.08557461,0.2
1321,-17.974068,0.7966076,2.7283278,0.090222456,0.27741325,0.05787363,0.2
1322,-17.95281,0.77378833,3.636738,0.11052539,0.25751895,0.059233252,0.2
1323,-17.984297,0.6705447,2.3984673,0.046649992,0.21770702,0.046923686,0.2
1324,-17.955904,0.7703125,2.7865891,0.070355445,0.2535207,0.05623086,0.2
1325,-18.002493,0.7657946,2.521613,0.06437779,0.258201,0.04913372,0.2
1326,-17.987215,0.6692257,2.909286,0.060970057,0.22181989,0.0461926,0.2
1327,-17.983973,0.7281969,2.681887,0.0685587,0.23886794,0.053965546,0.2
1328,-17.95309,0.78711045,3.5837054,0.07457606,0.2697359,0.056140788,0.2
1329,-17.975195,0.689006,2.7800179,0.1481364,0.22908482,0.10061286,0.2
1330,-17.970049,0.6905629,3.0478814,0.23524226,0.22188015,0.09726022,0.2
1331,-17.954056,0.8883235,2.667162,0.3126301,0.30385053,0.14649028,0.2
1332,-17.975842,0.71494824,2.9382854,0.23570882,0.23845713,0.12486233,0.2
1333,-17.964243,0.6560402,2.6627164,0.28012034,0.20549425,0.12728597,0.2
1334,-17.985012,0.7810306,1.6733791,0.44760966,0.262697,0.19358377,0.2
1335,-17.962914,0.69283223,2.498915,1.0229673,0.19724484,0.44283888,0.11481127
1336,-17.98672,0.91133195,1.2281052,1.1682509,0.27554545,0.4490271,0.059055064
1337,-17.975414,0.6795616,1.8473762,0.44866925,0.21793607,0.10404054,0.07381883
1338,-17.99552,0.77794605,2.4145155,0.16154036,0.25889403,0.08904858,0.09227354
1339,-17.989285,0.65545094,2.2934837,0.056562282,0.20851809,0.062414706,0.115341924
1340,-17.973938,0.61941403,2.2581317,0.052790064,0.19633771,0.052378505,0.1441774
1341,-17.978182,0.68677217,2.4477162,0.049784575,0.22524604,0.047206018,0.18022177
1342,-18.001543,0.6715902,1.8007318,0.057219062,0.21737748,0.050606016,0.2
1343,-18.019758,0.6880747,1.3979605,0.04391873,0.22654949,0.03863127,0.2
1344,-17.999504,0.8972544,2.32901,0.06930642,0.29859617,0.05507143,0.2
1345,-17.970125,0.8432972,2.227162,0.08864481,0.29850626,0.0741109,0.2
1346,-17.995035,0.66988015,1.888907,0.0741586,0.22748409,0.07968755,0.2
1347,-17.988285,0.75612515,2.0915134,0.20148572,0.25415456,0.10764664,0.2
1348,-18.00802,0.70758575,2.5711825,0.08776341,0.23369393,0.058987856,0.2
1349,-17.985743,0.72712487,2.136241,0.08414539,0.25132152,0.061721984,0.2
1350,-17.978424,0.7091531,2.5945609,0.07328378,0.23429285,0.053976998,0.2
1351,-17.998074,0.6628386,3.0418308,0.047824204,0.21270587,0.054316655,0.2
1352,-17.954012,0.7289053,3.0801206,0.1556154,0.24174772,0.08911759,0.2
1353,-17.982378,0.76018125,3.8299973,0.09831688,0.25170356,0.07320182,0.2
1354,-17.980322,0.69479716,2.2557235,0.13599424,0.2332363,0.06960882,0.2
1355,-17.969948,0.727349,2.2321362,0.07233076,0.23897567,0.05451336,0.2
1356,-17.96208,0.7108239,3.8189375,0.15876274,0.23000191,0.102003865,0.2
1357,-17.992664,0.767591,2.5821977,0.084662475,0.25198,0.05755719,0.2
1358,-17.994343,0.6471933,3.0298774,0.1574652,0.21640773,0.08771952,0.2
1359,-17.974995,0.6941574,2.024429,0.16892591,0.22199087,0.078741096,0.2
1360,-17.97909,0.64750487,2.846633,0.2089204,0.21257633,0.08321503,0.2
1361,-17.99978,0.64043236,1.8401697,0.24109969,0.21746837,0.110517666,0.2
1362,-17.981356,0.68678427,2.6962345,0.50296587,0.20829622,0.21301632,0.17974487
1363,-17.986267,0.9194084,2.0969825,1.1045907,0.28719562,0.46040195,0.09044517
1364,-17.979164,0.6640861,2.4242244,0.9062438,0.21142213,0.28173336,0.063233465
1365,-17.957167,0.7479114,3.0688763,0.3326417,0.24322194,0.10273566,0.07904183
1366,-17.99773,0.6466479,1.7454381,0.09850029,0.2152675,0.07214898,0.09880229
1367,-18.00054,0.7066184,1.8284502,0.049876302,0.23353021,0.051076777,0.123502865
1368,-18.004547,0.6602377,2.5492368,0.05770919,0.2207781,0.04944186,0.15437858
1369,-17.983734,0.71541435,2.0599031,0.049980886,0.24108513,0.045695186,0.19297323
1370,-17.987043,0.82531494,1.3593284,0.06073954,0.2761824,0.05337135,0.2
1371,-17.979801,0.7208024,3.4646668,0.050413292,0.2478785,0.047651667,0.2
1372,-17.982582,0.7262445,1.6080949,0.06487333,0.22541888,0.052954063,0.2
1373,-17.977547,0.7237188,3.551123,0.10920398,0.23611264,0.07353278,0.2
1374,-17.980333,0.7047719,2.8736641,0.2210009,0.21869597,0.14892209,0.2
1375,-17.991934,0.76500076,1.26286,0.20861377,0.26317856,0.09213357,0.2
1376,-18.009695,0.69569504,2.6524956,0.13135083,0.2240818,0.09025111,0.2
1377,-17.974537,0.6520404,2.818189,0.2988789,0.20647764,0.13426839,0.2
1378,-18.006336,0.64167666,2.3438437,0.19558218,0.20131811,0.110376574,0.2
1379,-17.975758,0.72151595,2.8810697,0.16597855,0.23187827,0.07899846,0.2
1380,-17.958668,0.6384306,3.4806356,0.08051567,0.20789085,0.046334725,0.2
1381,-17.991205,0.72057295,3.4561853,0.06665364,0.23785442,0.053651266,0.2
1382,-17.992085,0.64988095,1.8987448,0.06634964,0.20219465,0.05538126,0.2
1383,-18.003658,0.70715445,2.1425116,0.08679206,0.23364455,0.06254056,0.2
1384,-17.981411,0.7037455,2.070923,0.14249052,0.22801284,0.09542316,0.2
1385,-17.985214,0.81829315,2.546753,0.11174176,0.2868018,0.057540707,0.2
1386,-17.977434,0.7457002,1.752408,0.06464615,0.25347146,0.054839067,0.2
1387,-17.972593,0.7844655,3.461158,0.07493306,0.2623032,0.049262304,0.2
1388,-17.967024,0.83139205,2.5395756,0.07035704,0.287622,0.056558542,0.2
1389,-17.989368,0.7465816,1.9899387,0.10932928,0.2462031,0.07869568,0.2
1390,-17.967852,0.71178246,3.680078,0.08683106,0.23122789,0.059046395,0.2
1391,-17.948484,0.7898218,3.562027,0.12712152,0.26837665,0.07712246,0.2
1392,-17.968029,0.86953187,4.2416058,0.08960063,0.30152667,0.07753244,0.2
1393,-17.958094,0.87674147,3.5213158,0.20022652,0.3031556,0.12503098,0.2
1394,-17.987043,0.7114462,2.5312319,0.31775147,0.22917688,0.13498592,0.2
1395,-17.98755,0.81394285,1.7339821,0.56821966,0.26662117,0.2380484,0.19655594
1396,-17.963224,0.8331172,2.9332476,1.3197993,0.2481426,0.54297054,0.09970102
1397,-17.971653,0.7436381,3.635548,1.0410852,0.23638043,0.35242704,0.06432572
1398,-17.983017,0.66799563,1.2332879,0.35581276,0.2252793,0.08578571,0.08040715
1399,-17.949677,0.7744577,3.9153445,0.11876396,0.2612463,0.103782,0.100508936
1400,-17.980606,0.7743539,1.8581647,0.06483657,0.25799933,0.06729508,0.12563618
1401,-17.98182,0.77492535,2.536616,0.05946053,0.26240313,0.044895627,0.15704522
1402,-17.995407,0.66480947,2.3352802,0.044912327,0.2192278,0.049055126,0.19630653
1403,-17.986458,0.67406887,2.485931,0.049140606,0.22329612,0.04725059,0.2
1404,-17.96536,0.7847163,2.3504677,0.059442833,0.26927313,0.059403334,0.2
1405,-17.995731,0.7255172,2.4942439,0.06749541,0.24318919,0.056307945,0.2
1406,-17.969446,0.7544122,2.5183055,0.06848306,0.25232932,0.062101897,0.2
1407,-18.005808,0.6910303,2.1970952,0.15622044,0.2169056,0.10141808,0.2
1408,-17.96909,0.783053,2.8035376,0.07912506,0.2609228,0.0556072,0.2
1409,-17.98278,0.6692664,3.6475456,0.07229946,0.2220001,0.051857956,0.2
1410,-17.987715,0.6562374,1.8457133,0.06420951,0.21798038,0.044666722,0.2
1411,-17.991997,0.778521,1.9136053,0.047538947,0.25589344,0.05657541,0.2
1412,-17.961582,0.8467462,1.0641948,0.069210865,0.27679673,0.05961846,0.2
1413,-17.992962,0.6747184,3.235479,0.04361631,0.22441512,0.050592236,0.2
1414,-17.983416,0.68449956,3.0859942,0.061941516,0.21694839,0.05405231,0.2
1415,-17.998333,0.67398214,2.1114063,0.06366538,0.21559367,0.050689917,0.2
1416,-17.992264,0.6984548,2.1645994,0.12999691,0.22776608,0.07222185,0.2
1417,-17.979433,0.7342315,2.8275874,0.090980545,0.23936056,0.06321352,0.2
1418,-17.991951,0.6457242,2.5368938,0.13691023,0.2189612,0.06783686,0.2
1419,-18.016321,0.608846,2.5830917,0.07287891,0.19111596,0.0529382,0.2
1420,-17.992672,0.68095547,2.4212735,0.08300659,0.22600776,0.051287178,0.2
1421,-18.018927,0.68135744,1.9783436,0.04392147,0.22331262,0.05320579,0.2
1422,-18.00077,0.6903004,2.2026548,0.10664025,0.22271228,0.06546099,0.2
1423,-17.989544,0.66764235,3.378908,0.071532615,0.22020464,0.0550079,0.2
1424,-17.99241,0.644159,3.93017,0.116963916,0.20453314,0.05543812,0.2
1425,-17.988853,0.71957046,3.6336808,0.095037125,0.24490498,0.060383976,0.2
1426,-17.97796,0.75640225,2.3412483,0.16772218,0.24183246,0.0820096,0.2
1427,-17.968311,0.67255443,2.751007,0.25284532,0.22301565,0.1143293,0.2
1428,-17.975563,0.8011087,2.9877288,0.5345427,0.26773816,0.2250166,0.2
1429,-17.966768,0.7618608,2.1392412,1.2792326,0.21084985,0.5844938,0.10366009
1430,-17.971542,0.77724826,3.568969,1.4480666,0.21783301,0.5267383,0.054571573
1431,-17.973808,0.67593056,3.0694296,0.55998313,0.21726592,0.10536578,0.06821447
1432,-18.009468,0.7949017,2.06096,0.20558769,0.27097774,0.09061178,0.08526809
1433,-18.02177,0.7069376,1.2704691,0.08782227,0.23470204,0.06965028,0.10658511
1434,-17.997982,0.89172214,2.7765925,0.090433486,0.3052113,0.07368169,0.13323139
1435,-18.009771,0.7146699,1.7342392,0.04946598,0.25122058,0.053810474,0.16653924
1436,-18.013008,0.63099796,1.3445096,0.045614693,0.21234305,0.04749737,0.2
1437,-17.970703,0.8419606,2.732798,0.06780852,0.28407064,0.05284527,0.2
1438,-17.994335,0.64600796,1.8882345,0.041082483,0.20676644,0.039878346,0.2
1439,-18.005068,0.6486728,1.7665603,0.07334987,0.21294495,0.05959514,0.2
1440,-17.999062,0.67659634,1.3067427,0.052314084,0.22186275,0.049797457,0.2
1441,-18.017075,0.677771,2.2383153,0.10138558,0.22278287,0.06844546,0.2
1442,-17.987953,0.72176653,3.1482165,0.08043703,0.24356012,0.0616854,0.2
1443,-17.943623,0.7077861,3.723475,0.17316815,0.22988081,0.1145119,0.2
1444,-17.984367,0.66259676,1.9429224,0.13028377,0.21217547,0.06963928,0.2
1445,-17.968813,1.1746174,3.2044203,0.15556616,0.4295624,0.104545556,0.2
1446,-17.977047,0.6371048,2.5536873,0.055286437,0.20833956,0.05458219,0.2
1447,-18.008326,0.757162,2.456535,0.11016015,0.24775137,0.06740892,0.2
1448,-17.959711,0.72854483,3.8167326,0.11068886,0.23577164,0.07898303,0.2
1449,-18.015581,0.667589,1.4803818,0.19396852,0.22066057,0.1220753,0.2
1450,-18.015451,0.6341586,1.7451707,0.26754203,0.19966866,0.12930857,0.2
1451,-17.992414,0.8944403,3.1084895,0.48059356,0.31119353,0.19605516,0.2
1452,-17.976822,0.70554084,2.8866599,0.9129074,0.21044579,0.40886262,0.1573718
1453,-17.949745,0.8394883,3.5905423,1.8777616,0.21310331,0.75607663,0.0614168
1454,-17.980387,0.68452865,1.9884806,0.63909227,0.21673833,0.13703142,0.059282012
1455,-18.010038,0.6391658,2.4989142,0.35048962,0.20644166,0.11178196,0.07410251
1456,-17.98736,0.6589329,2.9421544,0.10687289,0.22254463,0.089438565,0.092628144
1457,-18.008062,0.73289365,2.3384113,0.06934863,0.24513535,0.06816019,0.11578518
1458,-17.998545,0.6776979,3.060123,0.06181324,0.22677357,0.041002873,0.14473148
1459,-17.98994,0.62635493,2.3077447,0.055298816,0.20677996,0.048578978,0.18091434
1460,-18.01861,0.62475604,1.8146251,0.05707244,0.20536405,0.048138626,0.2
1461,-18.00516,0.6353207,2.5358257,0.07681261,0.21577612,0.055539753,0.2
1462,-18.02261,0.6249738,1.8707296,0.14858861,0.20121472,0.10020316,0.2
1463,-17.981699,0.71890384,2.4551113,0.073681325,0.23686238,0.07303533,0.2
1464,-17.983118,0.6338935,2.6520605,0.21100529,0.20513445,0.113960095,0.2
1465,-17.990023,0.70393914,2.461993,0.07891306,0.23569302,0.06626903,0.2
1466,-17.99952,0.6253214,1.5873003,0.17818393,0.20497131,0.1065188,0.2
1467,-17.997782,0.62567633,2.291659,0.14767659,0.20245874,0.078441165,0.2
1468,-17.995577,0.6484906,2.461581,0.13056988,0.21229266,0.06721081,0.2
1469,-18.000595,0.659915,2.0824869,0.10750212,0.21303897,0.07999041,0.2
1470,-17.987766,0.63823795,1.474629,0.27719814,0.2090041,0.15635695,0.2
1471,-17.96368,0.8685912,2.3066492,0.32631207,0.29044968,0.16615784,0.2
1472,-17.979416,0.83567774,1.2480296,0.62845445,0.2828962,0.2572218,0.2
1473,-17.969147,0.9605927,3.2955785,1.5605999,0.28664073,0.6532436,0.08703427
1474,-18.002094,0.6913387,2.3267677,1.1066334,0.21728712,0.34928685,0.058661472
1475,-18.012405,0.6431542,2.2455657,0.4517991,0.22058561,0.115388975,0.07332684
1476,-17.999168,0.6220719,1.7860385,0.14213184,0.20794189,0.10208211,0.09165855
1477,-17.97317,0.67029375,3.5599887,0.068645775,0.22276345,0.0676319,0.11457318
1478,-17.961618,0.7838359,3.7120023,0.085303284,0.25938118,0.06683701,0.14321648
1479,-17.992058,0.70817256,3.6986275,0.06257294,0.23910965,0.040021468,0.1790206
1480,-17.979511,0.74615926,3.4355688,0.06524638,0.25491095,0.0527604,0.2
1481,-17.98711,0.7330303,3.032665,0.08924601,0.243368,0.08244256,0.2
1482,-17.972925,0.9577637,3.955811,0.10083006,0.33520827,0.08685595,0.2
1483,-17.957653,0.830641,3.8671222,0.23063816,0.27958438,0.14037669,0.2
1484,-17.999258,0.66827446,1.9013884,0.15690617,0.21284659,0.10153942,0.2
1485,-17.998358,0.6801352,3.6366646,0.4354765,0.21394318,0.26344144,0.2
1486,-17.961388,0.85051244,3.1926858,0.69579756,0.28424275,0.301588,0.14944422
1487,-18.000654,0.65107834,1.3754067,0.51521295,0.20426326,0.16029467,0.14487891
1488,-17.991076,0.68744856,2.5222578,0.15635392,0.22984397,0.07456858,0.18109864
1489,-18.009039,0.685754,1.9360791,0.0984233,0.21940982,0.08543182,0.2
1490,-17.983011,0.6420804,2.4594295,0.11832201,0.20895849,0.0803365,0.2
1491,-17.981228,0.6800057,3.1316812,0.09974023,0.21774495,0.05731256,0.2
1492,-17.985075,0.71158844,2.2940216,0.06459265,0.23203993,0.05238682,0.2
1493,-17.977673,0.6521082,2.6600056,0.10612903,0.2184458,0.07828329,0.2
1494,-17.96282,0.66862667,3.3628218,0.16406009,0.21491283,0.10294688,0.2
1495,-17.959372,0.7539058,4.1181808,0.32580605,0.24383081,0.17946571,0.2
1496,-17.987356,0.8328793,1.3517754,0.6177373,0.26407096,0.23548698,0.2
1497,-17.940277,0.82357424,3.3652816,1.1050334,0.24416968,0.5035515,0.08925312
1498,-17.974907,0.6950049,2.9207854,0.7872904,0.21468323,0.2166053,0.06799356
1499,-17.963081,0.8221725,3.6717653,0.29777372,0.28650805,0.108231746,0.08499195
1500,-17.97902,0.9083209,2.0861156,0.10428056,0.29993674,0.09322587,0.10623993
1501,-17.960192,0.7855876,3.2519507,0.073448755,0.2672272,0.06240988,0.13279991
1502,-17.954721,0.75662017,3.274341,0.062300816,0.25671953,0.05181028,0.16599989
1503,-17.983149,0.7469221,1.8822592,0.08005465,0.24768186,0.06698506,0.2
1504,-17.99634,0.60736126,2.0418563,0.057211693,0.2004774,0.058091387,0.2
1505,-17.99745,0.72039884,1.837011,0.16150849,0.24924201,0.096622154,0.2
1506,-17.998543,0.58471733,2.30853,0.065646864,0.18771155,0.06944826,0.2
1507,-18.011984,0.5686633,1.8306444,0.13220172,0.18361907,0.05390748,0.2
1508,-17.972012,0.80584216,4.397727,0.15127796,0.27399394,0.099092565,0.2
1509,-17.975367,0.65946853,1.598501,0.29291877,0.20813255,0.18846187,0.2
1510,-17.973122,0.7139325,2.273451,0.3771009,0.22893071,0.16315569,0.2
1511,-17.98502,0.661034,2.4189026,0.5317152,0.21131754,0.17521045,0.2
1512,-17.981827,0.74715805,2.4868994,0.39541343,0.25135037,0.18428396,0.2
1513,-17.984068,0.70608664,2.3299017,0.707674,0.23397689,0.25913134,0.19748951
1514,-17.967373,0.7567082,2.96889,0.6879646,0.2289788,0.42273533,0.12588932
1515,-17.980663,0.7549867,3.255626,0.93684614,0.23726307,0.32273194,0.0850823
1516,-18.001772,0.70500153,1.912933,0.3762048,0.23570262,0.087660305,0.10635287
1517,-17.996485,0.6541763,2.58064,0.16216207,0.21203874,0.06362726,0.1329411
1518,-17.98676,0.6904884,2.667626,0.08112983,0.21686217,0.05871864,0.16617638
1519,-17.980356,0.6422482,2.4181392,0.06592848,0.21830463,0.054420125,0.2
1520,-17.986313,0.6740264,2.289083,0.09227001,0.22152308,0.05746867,0.2
1521,-17.963568,0.7832603,3.5164423,0.08615119,0.25301063,0.073033646,0.2
1522,-18.023132,0.62093854,1.1665357,0.15368016,0.19050944,0.10435318,0.2
1523,-18.000317,0.7338064,1.4563643,0.140201,0.2397267,0.110229805,0.2
1524,-17.951248,0.8786401,3.306894,0.4359005,0.31098682,0.20166826,0.2
1525,-17.98369,0.80306804,3.1322477,0.51638883,0.26247877,0.23107873,0.2
1526,-17.988255,0.68994665,2.2819118,0.9191333,0.20653416,0.37064022,0.13173856
1527,-17.98584,0.6914265,1.6772379,0.8940316,0.21837378,0.3149664,0.08235271
1528,-17.986015,0.65746397,2.6976795,0.215635,0.21632548,0.10291511,0.10294089
1529,-18.004019,0.71645045,1.472407,0.104589276,0.23000425,0.07208136,0.12867612
1530,-17.986256,0.7545942,2.129828,0.06251095,0.25770628,0.052849863,0.16084515
1531,-18.016243,0.63900113,1.7384082,0.051375728,0.20840304,0.05910588,0.2
1532,-18.002605,0.6498309,2.11129,0.06539807,0.21437441,0.049486827,0.2
1533,-18.014072,0.67048174,1.9600561,0.075374894,0.21918266,0.04750962,0.2
1534,-18.0096,0.64019996,2.379755,0.06721355,0.2114217,0.04632041,0.2
1535,-17.969309,0.70045865,2.954252,0.09159082,0.22985826,0.06186247,0.2
1536,-17.971992,0.7499058,2.913144,0.103985846,0.24049605,0.110040985,0.2
1537,-17.978981,0.7506589,4.133302,0.2524516,0.25530264,0.11440788,0.2
1538,-18.004738,0.64499,2.515276,0.09265635,0.20960267,0.06072962,0.2
1539,-18.011452,0.62021565,1.796837,0.17857212,0.20409666,0.10115411,0.2
1540,-17.994152,0.6273484,3.730591,0.08734941,0.1998357,0.04716703,0.2
1541,-17.978249,0.69735605,2.3770967,0.0979914,0.23207192,0.060852267,0.2
1542,-17.998213,0.6251495,1.9765406,0.08070715,0.19795924,0.06418278,0.2
1543,-18.01059,0.66875273,2.5139017,0.18495108,0.22557601,0.11660465,0.2
1544,-17.987036,0.7068978,2.504772,0.08317129,0.23606263,0.06564875,0.2
1545,-17.9725,0.75665724,2.807366,0.1363974,0.25619787,0.08154571,0.2
1546,-17.95896,0.813099,4.170113,0.06765319,0.27997655,0.07329813,0.2
1547,-18.034227,0.6412463,1.8438293,0.16910553,0.20327234,0.12236623,0.2
1548,-17.98729,0.6673446,2.1600091,0.14476928,0.21479349,0.067315005,0.2
1549,-17.99391,0.64956915,2.6739385,0.08086457,0.21563391,0.052728258,0.2
1550,-17.97969,0.6776535,4.466384,0.0879718,0.21946628,0.058664907,0.2
1551,-17.979458,0.7813065,2.9923027,0.066176765,0.2594022,0.05915497,0.2
1552,-17.989933,0.7100524,3.2632308,0.1556246,0.23002785,0.10340443,0.2
1553,-17.989428,0.8247246,2.7393997,0.21913815,0.26953703,0.107249826,0.2
1554,-17.982561,0.7951578,4.00501,0.23196718,0.2590964,0.10322632,0.2
1555,-17.995342,0.7077147,2.9594955,0.30024362,0.22603802,0.13774489,0.2
1556,-17.990913,0.7909872,2.8711793,0.59048563,0.25373894,0.26751944,0.1603056
1557,-17.944489,0.7699542,4.918558,1.1514628,0.22410245,0.4728914,0.08737247
1558,-17.958466,0.8491803,3.3785706,0.8098726,0.27493095,0.231917,0.062436968
1559,-18.003359,0.66517365,2.4504764,0.3143809,0.21755956,0.09419655,0.07804621
1560,-17.997551,0.71682674,2.991918,0.080901444,0.23655055,0.08426667,0.09755776
1561,-17.999912,0.6686593,2.468901,0.05690283,0.2236474,0.04687408,0.1219472
1562,-17.979303,0.6890925,2.9814208,0.068251416,0.21725406,0.053231373,0.15243399
1563,-18.014904,0.6351972,2.0359666,0.044276804,0.20487499,0.04905121,0.19054249
1564,-17.983688,0.8295268,2.7584174,0.07764336,0.28750995,0.057881102,0.2
1565,-17.97746,0.70986676,3.0673912,0.07061996,0.23387605,0.061261255,0.2
1566,-17.993797,0.6982743,2.6317902,0.1676161,0.23590569,0.094286785,0.2
1567,-17.977304,0.69685966,3.2628133,0.13579,0.21822214,0.06963174,0.2
1568,-17.995266,0.79775333,2.7564774,0.15321462,0.27852666,0.06835327,0.2
1569,-18.00567,0.6995256,2.2738144,0.08317089,0.2448632,0.06881843,0.2
1570,-17.97334,0.7294006,2.8412585,0.21677259,0.2479828,0.12310227,0.2
1571,-18.011011,0.63849425,1.4792112,0.19344895,0.21465129,0.08918432,0.2
1572,-17.96259,0.87655944,3.0445745,0.103507504,0.2977678,0.07383455,0.2
1573,-18.00104,0.65773386,2.4814928,0.08623695,0.21420762,0.05543762,0.2
1574,-17.981834,1.1512231,3.945129,0.102133036,0.42284012,0.091928326,0.2
1575,-18.009176,0.7521319,2.1266928,0.20151938,0.24375758,0.11379808,0.2
1576,-17.997736,0.6687045,3.5709872,0.2369032,0.21707152,0.10552143,0.2
1577,-17.97099,0.7613163,3.9456432,0.36655495,0.25219005,0.16659488,0.2
1578,-17.996159,0.6858344,2.8057923,0.87865543,0.2105133,0.37870967,0.13757852
1579,-17.984543,0.8124691,2.823942,1.4569734,0.23188066,0.58743703,0.060580984
1580,-17.962097,0.7088965,3.350961,0.5468944,0.22954242,0.12225667,0.075726226
1581,-17.996538,0.8104251,3.367481,0.21721493,0.2646683,0.09050536,0.09465778
1582,-17.995571,0.85903436,3.899192,0.06369711,0.28500313,0.07327009,0.11832222
1583,-17.981993,0.7549681,3.8558378,0.074169934,0.24768597,0.052370623,0.14790279
1584,-17.949007,0.77257407,3.9199495,0.09197578,0.24612716,0.060651544,0.18487848
1585,-17.98232,0.66468054,3.6132894,0.057911273,0.21818009,0.03791892,0.2
1586,-17.98955,0.614517,3.037397,0.05576979,0.20476596,0.049315885,0.2
1587,-18.000418,0.61188024,3.5825002,0.11819894,0.20251416,0.07708159,0.2
1588,-17.96778,0.72482455,3.7680483,0.08580723,0.23751229,0.067483276,0.2
1589,-17.98611,0.70054215,2.2375658,0.17509697,0.22815755,0.091907226,0.2
1590,-17.97184,0.61774606,3.0789008,0.06317137,0.20881002,0.05365548,0.2
1591,-17.983833,0.9476654,3.3747668,0.18525772,0.31848437,0.092719726,0.2
1592,-17.970516,0.87727153,4.1185803,0.080538616,0.28760627,0.058280252,0.2
1593,-17.968706,0.6895575,3.9127734,0.16274129,0.21849665,0.09324066,0.2
1594,-17.999456,0.7469401,1.8977792,0.19876203,0.25405058,0.08794648,0.2
1595,-17.982359,0.6038341,2.7862082,0.22640851,0.19451842,0.098580495,0.2
1596,-17.995089,0.6472163,2.7770722,0.3150301,0.2034658,0.13094929,0.2
1597,-17.960934,0.7639521,3.8893359,0.678684,0.24117121,0.26239356,0.14698295
1598,-17.992517,0.6946849,2.6118307,0.967965,0.19838595,0.39477703,0.08161317
1599,-18.000341,0.62477773,2.4271667,0.50050384,0.20031776,0.12036813,0.06969075
1600,-17.981047,0.6215927,3.1297123,0.19923648,0.20679122,0.07466919,0.08711344
1601,-17.987728,0.7738878,1.4969616,0.06543412,0.2533961,0.06492615,0.1088918
1602,-17.995956,0.70867294,1.3986965,0.059201255,0.24078135,0.050689235,0.13611475
1603,-17.981735,0.6856742,2.2143152,0.07235872,0.22193295,0.049321443,0.17014343
1604,-18.028187,0.6503513,1.9866259,0.054253444,0.2069241,0.039058715,0.2
1605,-17.98393,0.6940946,2.1024203,0.05843117,0.22831985,0.057683125,0.2
1606,-18.023996,0.62960345,1.7348416,0.09029889,0.20035657,0.066681944,0.2
1607,-17.999352,0.6814688,1.9956411,0.10159371,0.2225787,0.060443334,0.2
1608,-17.991894,0.7215577,3.2929292,0.17571607,0.23695695,0.10062394,0.2
1609,-17.997152,0.72905135,3.5570867,0.08809114,0.22685291,0.059142474,0.2
1610,-17.978119,0.63396275,3.7433069,0.12988423,0.20125918,0.07678551,0.2
1611,-17.959175,0.6924743,3.4733083,0.079602525,0.23455442,0.049370337,0.2
1612,-17.97405,1.1083627,3.007637,0.09304787,0.3907613,0.07505901,0.2
1613,-17.980438,0.78306496,3.1816392,0.06828653,0.2613742,0.05268195,0.2
1614,-17.9564,0.7841033,4.5492444,0.09162035,0.25502953,0.061984923,0.2
1615,-17.994793,0.64736307,2.0221615,0.072021,0.21621418,0.06401721,0.2
1616,-17.999477,0.7780252,2.9608178,0.1662025,0.26735687,0.10164754,0.2
1617,-17.99558,0.7910256,1.7216858,0.16109015,0.2521864,0.08833741,0.2
1618,-17.980404,0.64731205,2.608446,0.17574924,0.21077602,0.079974964,0.2
1619,-17.975542,0.6952034,2.8799303,0.24091172,0.22983576,0.108483866,0.2
1620,-17.992683,0.67541176,2.8395207,0.4713414,0.22082716,0.21045518,0.2
1621,-17.984112,0.7585676,4.074852,1.3307989,0.2121877,0.5650661,0.08461868
1622,-17.98641,0.8585855,3.4323413,0.88747895,0.27919236,0.27763158,0.055949412
1623,-17.978853,0.60220283,3.8366494,0.43901372,0.19303727,0.10153721,0.06993677
1624,-17.961494,0.7011277,3.5297077,0.13055296,0.22555947,0.08502069,0.087420955
1625,-18.019657,0.64294344,2.0656395,0.044594258,0.20570111,0.06418067,0.10927619
1626,-17.978214,0.7305951,2.408347,0.04678659,0.25551715,0.049343474,0.13659523
1627,-17.990929,1.0615182,1.8921589,0.076023094,0.38927534,0.07338548,0.17074405
1628,-17.996954,0.660311,2.7145755,0.05177287,0.22011004,0.04379342,0.2
1629,-17.992945,0.6707689,2.5305471,0.067698784,0.23145488,0.057157386,0.2
1630,-17.991968,0.882886,1.005798,0.17953126,0.2816466,0.116265774,0.2
1631,-18.016594,0.67541313,2.3862245,0.2858522,0.2237059,0.117390245,0.2
1632,-18.000225,0.6472395,2.8322666,0.49982053,0.21053651,0.20764463,0.18325742
1633,-17.942434,1.0243995,6.4851465,1.0686661,0.21430169,0.44320703,0.09417005
1634,-17.969854,1.1019698,5.34222,0.764406,0.27175713,0.26337272,0.083008565
1635,-17.980732,0.9887168,5.442612,0.26792702,0.22035609,0.09789379,0.103760704
1636,-17.961657,1.0505625,6.350086,0.091435745,0.25406545,0.076638915,0.12970088
1637,-17.98598,1.1568946,5.311134,0.08208856,0.3060455,0.059645247,0.16212611
1638,-17.986574,0.9721242,5.579367,0.066971354,0.21951984,0.04123234,0.2
1639,-17.974354,1.0122362,5.4125924,0.11611771,0.23220709,0.0676607,0.2
1640,-17.976397,0.6918916,3.5222385,0.0919915,0.22652006,0.07745117,0.2
1641,-17.99382,0.6943562,3.2166917,0.22096366,0.22671399,0.1296732,0.2
1642,-18.023266,0.65401185,2.3724864,0.2810521,0.22366707,0.13432586,0.2
1643,-17.992897,0.6876895,2.661811,0.5946731,0.21628538,0.21941024,0.16320218
1644,-17.96288,0.73490924,2.9764915,0.99237436,0.21965241,0.3747712,0.09204021
1645,-17.958853,0.8113676,2.7075386,0.6166807,0.26977625,0.1837132,0.06898298
1646,-17.987598,0.74125975,1.8721583,0.21215698,0.2422258,0.082993716,0.08622873
1647,-17.99299,0.73450905,2.9663186,0.0773373,0.24395022,0.070271,0.10778591
1648,-17.984177,0.6498835,2.775062,0.047447007,0.21442062,0.042891175,0.1347324
1649,-18.00128,0.66053164,1.926033,0.0423209,0.22819698,0.05355963,0.16841549
1650,-17.971794,0.6950765,3.0882046,0.04794599,0.22580564,0.04114155,0.2
1651,-18.00369,0.648699,1.7801902,0.052788317,0.2095952,0.04517147,0.2
1652,-17.966467,0.65894073,2.254828,0.056598466,0.2150518,0.038074028,0.2
1653,-18.01482,0.6335419,1.7188087,0.04894418,0.21425411,0.038610406,0.2
1654,-18.007746,0.6311939,2.1927004,0.04966166,0.21418029,0.042330522,0.2
1655,-18.008762,0.62282306,1.297001,0.052244008,0.20643613,0.051590748,0.2
1656,-17.99151,0.6645537,2.5768013,0.09316269,0.21743578,0.07646622,0.2
1657,-17.975378,0.68406993,2.6973612,0.0783581,0.22724836,0.060603186,0.2
1658,-17.961237,0.7194486,3.8227355,0.21396556,0.24310699,0.11515921,0.2
1659,-17.960194,0.7552479,3.8188865,0.24927816,0.24877954,0.118732855,0.2
1660,-17.973423,0.95436686,2.6412644,0.54756707,0.33405393,0.19622381,0.2
1661,-17.987097,0.7462086,1.9049413,1.0986063,0.21448995,0.47447112,0.14303823
1662,-17.961113,0.91168433,2.7824204,2.0481107,0.21737471,0.81832266,0.054626677
1663,-17.980766,0.69813645,2.462597,0.720458,0.22987436,0.14195862,0.06828335
1664,-17.97181,0.7526475,3.1493993,0.2826145,0.25215617,0.105382554,0.08535419
1665,-17.993298,0.6017563,2.902441,0.086460926,0.1972936,0.07731084,0.10669273
1666,-17.99962,0.63255346,2.4369323,0.059278768,0.21443324,0.05909167,0.13336591
1667,-17.959465,0.81171066,3.3345866,0.09186961,0.27527362,0.064585395,0.1667074
1668,-17.960703,0.7515412,3.0647445,0.06454656,0.25339738,0.055677965,0.2
1669,-17.994526,0.62834996,1.4782313,0.04415331,0.20283219,0.044003338,0.2
1670,-18.012363,0.6212769,2.2903256,0.060844976,0.19796656,0.053847745,0.2
1671,-17.979488,0.787632,2.68525,0.09025818,0.25910935,0.0649445,0.2
1672,-18.002522,0.7690293,1.4088843,0.17733935,0.26588807,0.12635604,0.2
1673,-17.97936,0.6534187,2.848165,0.21797052,0.20897399,0.08958235,0.2
1674,-18.01716,0.69884753,2.349962,0.34065682,0.22740835,0.13363802,0.2
1675,-17.98814,0.64560854,2.3395147,0.31493872,0.21705821,0.1445332,0.2
1676,-17.98494,0.67606723,2.8724916,0.5935899,0.21253043,0.24046127,0.14162467
1677,-17.995598,0.7821657,2.1671953,0.6729307,0.25866103,0.2552304,0.09589234
1678,-17.977953,0.82328504,2.2665231,0.2428969,0.28817433,0.08101395,0.119865425
1679,-17.986382,0.8279383,2.9501438,0.06934641,0.27613926,0.073688276,0.14983179
1680,-17.984926,0.7499934,3.1900132,0.05975677,0.25266188,0.065360345,0.18728973
1681,-17.972391,0.69967437,2.7595425,0.09314532,0.24021433,0.0665273,0.2
1682,-17.998556,0.6724424,2.9634671,0.17609273,0.22340824,0.099740505,0.2
1683,-17.96654,0.78084975,2.2007744,0.09446839,0.2657616,0.07797055,0.2
1684,-17.980759,0.7919007,2.453252,0.2328125,0.26936817,0.102520086,0.2
1685,-17.9773,0.64770794,2.9592218,0.09749584,0.2089069,0.07111208,0.2
1686,-17.987953,0.68775064,3.0736747,0.087566204,0.22770664,0.056993168,0.2
1687,-17.986582,0.6085341,2.513002,0.05361524,0.20625694,0.04797026,0.2
1688,-17.993328,0.7278501,1.5767988,0.09987861,0.2386577,0.059849948,0.2
1689,-17.996407,0.65832734,2.8226776,0.113453135,0.21075818,0.076750934,0.2
1690,-18.000902,0.7878512,2.0045164,0.24407694,0.25991338,0.15952754,0.2
1691,-17.969292,0.84555924,2.8027358,0.27971655,0.29420397,0.122398034,0.2
1692,-17.987263,0.63015187,2.3149645,0.21865104,0.2069609,0.10819163,0.2
1693,-17.985708,0.69397366,2.6334493,0.28839403,0.2313184,0.119887434,0.2
1694,-17.990957,0.7676161,2.304487,0.32249287,0.25115812,0.1527357,0.2
1695,-17.961388,1.0543808,4.5290427,0.5172811,0.37122598,0.23332095,0.2
1696,-17.989372,0.7663088,3.17691,1.1419678,0.23881409,0.49819463,0.2
1697,-17.887846,1.1383408,4.226457,3.0642128,0.2076051,1.3551285,0.058153577
1698,-17.997992,0.822042,1.6811473,1.0840688,0.27292234,0.16286375,0.07269197
1699,-17.997614,0.7082698,3.1500196,0.50042254,0.22191542,0.12723967,0.090864964
1700,-17.972736,0.7762178,3.3291557,0.14598256,0.26601198,0.105708316,0.1135812
1701,-17.97699,0.6377465,3.0575259,0.07672018,0.20380923,0.07790722,0.1419765
1702,-18.002039,0.65792644,2.0610332,0.06987901,0.21820968,0.06910034,0.17747062
1703,-17.978857,0.7803506,3.6412654,0.07793699,0.27192727,0.072447486,0.2
1704,-17.993097,0.63614297,3.5664935,0.09271517,0.19794108,0.060679678,0.2
1705,-17.993359,0.65425366,1.945766,0.1824072,0.20818241,0.09484222,0.2
1706,-18.00276,0.70359683,2.028498,0.1734419,0.22941601,0.105297305,0.2
1707,-17.993416,0.70042753,2.0476904,0.36521053,0.2237812,0.21665327,0.2
1708,-18.031385,0.660279,1.8083066,0.38214973,0.21500193,0.16482957,0.2
1709,-17.976023,0.7388119,2.4077263,0.22899799,0.24332839,0.09398939,0.2
1710,-17.96862,0.71583843,2.83168,0.121367134,0.22865477,0.08809115,0.2
1711,-18.002834,0.65279186,2.967304,0.28966013,0.21346438,0.17333372,0.2
1712,-17.982817,0.7054757,2.4588373,0.4318424,0.23028202,0.17418166,0.17381485
1713,-17.99205,0.75508374,3.041576,0.5537,0.24720556,0.18826057,0.1475773
1714,-18.000956,0.59730035,2.2737436,0.3520832,0.19090301,0.1405671,0.18447162
1715,-17.996407,0.5848556,2.2845747,0.28531098,0.18238482,0.12762928,0.2
1716,-18.008867,0.65896285,1.1689477,0.26084906,0.2097153,0.13156697,0.2
1717,-17.966417,0.6786831,2.5839121,0.37760538,0.22240339,0.14224954,0.2
1718,-17.994003,0.61384034,2.6802378,0.30913043,0.19925682,0.16485313,0.2
1719,-17.976778,0.68600893,2.18713,0.5466438,0.22213803,0.24512503,0.14450867
1720,-17.975851,0.84827965,1.7481209,0.50089616,0.2685401,0.20612317,0.1157791
1721,-17.979542,0.7207342,3.222193,0.16280372,0.23610167,0.086149015,0.14472388
1722,-17.977907,0.6583134,2.593738,0.05703514,0.21795216,0.0493411,0.18090485
1723,-17.998125,0.6241967,1.9001516,0.059880346,0.19979441,0.044553943,0.2
1724,-18.007652,0.6893001,1.9550381,0.06120392,0.22913828,0.056028105,0.2
1725,-17.980227,0.68500495,2.6589596,0.06498509,0.23276928,0.05582555,0.2
1726,-17.9923,0.6767471,2.132943,0.08063174,0.21090202,0.06160865,0.2
1727,-18.015429,0.65513945,2.0730138,0.13044871,0.20908119,0.07221927,0.2
1728,-17.98225,0.6688098,2.605844,0.14805369,0.21913268,0.090416946,0.2
1729,-17.990469,0.60573816,3.106262,0.2699834,0.19168088,0.16113327,0.2
1730,-17.974678,0.67840505,3.257017,0.17589281,0.22544412,0.07481215,0.2
1731,-18.017817,0.64067596,2.097444,0.22657645,0.21200873,0.10891498,0.2
1732,-18.001507,0.82417625,2.9625614,0.13319027,0.26640993,0.09232518,0.2
1733,-18.006836,0.66756344,1.2384454,0.3768311,0.2149071,0.2075568,0.2
1734,-17.972223,0.7670753,2.9376266,0.5646081,0.2576226,0.25957674,0.14971878
1735,-18.024212,0.6543049,0.98423266,0.41669968,0.20727707,0.15500131,0.18714847
1736,-17.99688,0.66780037,1.5438979,0.25955406,0.2179638,0.12017413,0.2
1737,-18.002636,0.6942868,2.8459406,0.21876371,0.23298422,0.08849644,0.2
1738,-18.011045,0.6875849,1.3329405,0.10450465,0.23168866,0.07476723,0.2
1739,-17.955507,0.7294455,4.269774,0.23343179,0.23617482,0.14008723,0.2
1740,-17.996841,0.64791286,2.439113,0.15264529,0.21057788,0.08822643,0.2
1741,-17.971783,0.7020514,1.9448228,0.1547961,0.21861568,0.08223937,0.2
1742,-17.977077,0.68404025,2.6316595,0.08150948,0.21727808,0.053406704,0.2
1743,-17.961517,1.2105103,3.7775722,0.09419511,0.4257151,0.08050057,0.2
1744,-17.969894,0.66027105,4.8743906,0.113261126,0.21510708,0.071320884,0.2
1745,-17.989689,0.7702819,2.554147,0.077637576,0.2691659,0.07106726,0.2
1746,-18.022102,0.74597734,1.931151,0.21805735,0.25227463,0.12435968,0.2
1747,-17.960697,0.7671786,3.346176,0.19964191,0.2644554,0.09451921,0.2
1748,-17.97843,0.71803606,4.508248,0.28252596,0.2294592,0.10922992,0.2
1749,-18.007969,0.66729367,2.5614314,0.244457,0.2117111,0.1273379,0.2
1750,-18.009825,0.67958766,2.4954076,0.5792509,0.21800323,0.22744164,0.15955308
1751,-17.97748,0.8104705,3.8096128,0.948538,0.25302014,0.36771068,0.0967805
1752,-17.953867,0.82846934,4.0357676,0.6029267,0.27055725,0.19859679,0.070405625
1753,-17.959385,0.6794691,4.0030007,0.22006157,0.21870266,0.07932693,0.08800703
1754,-18.009129,0.6202093,2.1276128,0.07323514,0.19724087,0.062183354,0.11000879
1755,-18.001318,0.6816472,3.2904208,0.053967383,0.2254133,0.04758867,0.13751099
1756,-18.002758,0.67968833,2.6175091,0.05714114,0.22279303,0.056942925,0.17188874
1757,-18.020128,0.66497946,1.7566779,0.055853516,0.22066376,0.052400775,0.2
1758,-17.980984,0.7155645,3.1086442,0.07116818,0.24108677,0.062171947,0.2
1759,-17.977219,0.8310099,3.231498,0.16950387,0.27557218,0.09904281,0.2
1760,-18.013996,0.77976674,1.6022996,0.15542862,0.2610231,0.08319539,0.2
1761,-17.983036,0.7225832,2.7046444,0.15979439,0.24633966,0.07090466,0.2
1762,-17.983797,0.7280498,2.2224889,0.07581501,0.2398753,0.06285596,0.2
1763,-17.996515,0.6913694,2.0241103,0.17523079,0.22596186,0.1117919,0.2
1764,-17.99572,0.6826196,2.240903,0.15751709,0.22773813,0.078232035,0.2
1765,-17.962141,0.6859556,3.423309,0.07198488,0.21701823,0.054858364,0.2
1766,-17.985672,0.69521767,2.7475498,0.06729792,0.23326619,0.058577616,0.2
1767,-18.018332,0.60956967,1.3062791,0.04753369,0.19918872,0.051420074,0.2
1768,-17.996937,0.6894655,1.776021,0.17197283,0.2314223,0.099224575,0.2
1769,-17.981228,0.78550893,3.5650911,0.1090171,0.2750842,0.065249376,0.2
1770,-17.984968,0.74804294,1.7782363,0.08305018,0.24674763,0.05835214,0.2
1771,-17.955343,0.92297167,3.6500165,0.07762639,0.31273338,0.054333847,0.2
1772,-17.979868,0.72838396,3.484178,0.04509769,0.23694448,0.043736767,0.2
1773,-17.975266,0.71378803,4.5993614,0.07269714,0.2374389,0.052232023,0.2
1774,-17.989124,0.7092501,2.9696717,0.061736714,0.23491533,0.06379893,0.2
1775,-17.961414,0.8333647,2.943739,0.1626542,0.29124817,0.09583081,0.2
1776,-17.998465,0.6444358,2.4165678,0.15295489,0.21593624,0.08075329,0.2
1777,-17.982466,0.7075076,2.3952098,0.3470908,0.24604772,0.12584616,0.2
1778,-17.95787,0.7018203,2.325079,0.5884851,0.22802204,0.24758856,0.2
1779,-17.985098,0.87717867,3.8515465,1.5023129,0.2433783,0.6633525,0.069779955
1780,-17.96488,0.9226451,2.8257518,0.74303955,0.3104869,0.18767777,0.05738945
1781,-17.984285,0.63259363,2.1389377,0.40718958,0.19907591,0.11027331,0.07173681
1782,-17.993984,0.68797606,2.8181026,0.13127153,0.23097071,0.09178268,0.089671016
1783,-18.002686,0.67478085,1.7185062,0.04956138,0.22310907,0.060713667,0.11208877
1784,-17.980003,0.71615106,2.2071614,0.06635995,0.23936148,0.054149155,0.14011097
1785,-17.990343,0.66103715,2.4345543,0.051620305,0.2075703,0.044300646,0.17513871
1786,-17.990355,0.62439674,2.431453,0.042357042,0.20350781,0.047157206,0.2
1787,-17.981956,0.6983605,2.3623214,0.0631628,0.22882786,0.045411263,0.2
1788,-18.0006,0.59965163,2.4283867,0.048508693,0.19858576,0.041207932,0.2
1789,-17.982775,0.62697583,2.0850363,0.042609766,0.20655043,0.04520146,0.2
1790,-17.990044,0.6665194,1.7979568,0.0755223,0.2213734,0.075325385,0.2
1791,-17.99612,0.6945559,2.3348286,0.12297569,0.2297662,0.087638825,0.2
1792,-18.00101,0.7077632,2.8197117,0.15323424,0.2327335,0.07660305,0.2
1793,-17.969418,0.8187974,3.6305172,0.091082096,0.27613693,0.06788005,0.2
1794,-17.97495,0.9313692,3.732919,0.16981319,0.30735505,0.097124614,0.2
1795,-17.993134,0.64931023,2.7833557,0.10849753,0.20338283,0.061868582,0.2
1796,-18.009472,0.63402927,1.9735925,0.09745611,0.2096719,0.058209866,0.2
1797,-17.992064,0.66278124,2.8544037,0.05268442,0.22351314,0.049334045,0.2
1798,-18.00816,0.7051811,1.7029543,0.10487364,0.23513742,0.062923715,0.2
1799,-18.017414,0.6706637,1.8918855,0.060284358,0.22056347,0.054098718,0.2
1800,-17.984997,0.7391414,2.4885664,0.15566547,0.2351062,0.09061555,0.2
1801,-17.9974,0.6581828,1.4864705,0.16306184,0.21670555,0.085969724,0.2
1802,-17.975677,0.65802914,2.6142163,0.23803975,0.20904525,0.09501095,0.2
1803,-17.979078,0.70814127,2.525469,0.2689252,0.24173832,0.13542235,0.2
1804,-17.990335,0.6775761,2.5778086,0.621772,0.21259966,0.2621069,0.19829503
1805,-17.982328,0.8052281,2.3495786,1.545349,0.2302331,0.6620473,0.08091091
1806,-17.981985,0.7127205,2.614386,0.8347766,0.23257852,0.22959472,0.05874173
1807,-17.979115,0.6659984,2.8135097,0.42691743,0.21539202,0.09388431,0.07342716
1808,-17.988422,0.73112005,2.627713,0.118267566,0.24620292,0.087518014,0.091783956
1809,-17.980734,0.77584094,2.4663968,0.07707103,0.2656022,0.06688138,0.11472994
1810,-17.965336,0.63036823,3.157338,0.07297918,0.2084831,0.05264153,0.14341243
1811,-17.992935,0.67434466,2.0390642,0.06232857,0.22223364,0.05871833,0.17926553
1812,-18.008968,0.6391509,1.6392604,0.119932026,0.2082939,0.083232656,0.2
1813,-17.98958,0.6622637,1.9369807,0.056070827,0.2147919,0.05893207,0.2
1814,-17.982113,0.7533766,2.935697,0.15373774,0.26045528,0.08016932,0.2
1815,-17.992096,0.61465466,1.7442715,0.07280595,0.19667761,0.056285784,0.2
1816,-17.986925,0.6982637,2.853992,0.21729307,0.23116285,0.12393306,0.2
1817,-17.973871,0.8528354,2.8503122,0.24380626,0.28218207,0.11346982,0.2
1818,-17.986221,0.7456953,2.5656407,0.16298953,0.23457451,0.0704752,0.2
1819,-18.021347,0.70919746,1.9357375,0.04602929,0.23862778,0.047946334,0.2
1820,-18.004442,0.6299006,1.9736172,0.0781006,0.20794125,0.057581134,0.2
1821,-18.009981,0.65834564,2.3024595,0.07917105,0.2051462,0.056992956,0.2
1822,-18.004549,0.7619717,3.6873696,0.19743316,0.2548435,0.11975526,0.2
1823,-17.97306,0.8246976,2.701661,0.22261979,0.28471437,0.11070191,0.2
1824,-17.97139,0.6776349,3.8494534,0.30635208,0.22249696,0.12147497,0.2
1825,-17.968328,0.8089708,2.8155098,0.55224246,0.2656133,0.23298515,0.17641897
1826,-17.95809,0.83277553,2.5869021,1.1117108,0.24461533,0.4828004,0.08990402
1827,-17.963587,0.7861289,3.1850944,0.7963715,0.25689045,0.2663201,0.063913666
1828,-17.967257,0.7853669,3.0627124,0.31923616,0.26157075,0.111723445,0.079892084
1829,-17.989397,0.6955577,2.9833136,0.08981799,0.22830291,0.08762593,0.09986511
1830,-18.013351,0.64604163,1.7606686,0.05226015,0.20923246,0.04971661,0.124831386
1831,-18.021206,0.63226414,1.1614361,0.05286266,0.2128443,0.04335426,0.15603924
1832,-17.997293,0.6789165,2.0326123,0.04556112,0.21393147,0.044446874,0.19504905
1833,-17.980738,0.8320784,2.8375955,0.06206708,0.27575392,0.0640809,0.2
1834,-17.994335,0.6730755,3.546713,0.1066674,0.21632282,0.06644147,0.2
1835,-17.979467,1.1643707,3.499907,0.093929835,0.41611755,0.093833566,0.2
1836,-18.01852,0.71556175,2.0314333,0.18862593,0.23489973,0.11125886,0.2
1837,-17.951946,0.95079726,4.486041,0.16943792,0.32680067,0.08411796,0.2
1838,-17.99384,0.6243214,3.0152352,0.095985524,0.20038608,0.048764303,0.2
1839,-17.963058,0.6479969,3.486053,0.062520176,0.20378219,0.046305515,0.2
1840,-17.998148,0.6963459,1.629448,0.056177784,0.22599305,0.042463165,0.2
1841,-17.992176,0.79560244,3.4013357,0.055552702,0.26703992,0.049130358,0.2
1842,-18.021513,0.6391346,1.8308446,0.042618085,0.20583415,0.043578364,0.2
1843,-18.000816,0.715938,2.4574358,0.050950576,0.24625984,0.040944166,0.2
1844,-17.992895,0.6849567,3.192543,0.0558168,0.22964022,0.043014754,0.2
1845,-17.990211,0.74787825,4.0295362,0.073188715,0.25051144,0.05786967,0.2
1846,-17.992865,0.66400206,3.0899608,0.10583813,0.21984935,0.07312349,0.2
1847,-18.014328,0.644225,1.664054,0.08749288,0.2116702,0.05916536,0.2
1848,-17.977072,0.843919,3.1526291,0.25481522,0.28167304,0.12106789,0.2
1849,-17.987257,0.6894385,2.7210963,0.43690315,0.21877068,0.18988349,0.2
1850,-17.990986,0.75406903,3.642192,1.0231804,0.23505445,0.4131154,0.10716727
1851,-17.992575,0.7221982,5.074911,0.86540395,0.21810378,0.32034174,0.06815043
1852,-17.968199,0.6382441,4.623824,0.30126056,0.20611684,0.08555155,0.08518804
1853,-17.97066,0.7937984,3.5864413,0.09510432,0.27230915,0.0756763,0.10648505
1854,-17.987532,0.76208603,3.2657056,0.065002106,0.23831256,0.06311374,0.1331063
1855,-17.999205,0.6842875,2.468564,0.04955429,0.22295476,0.046899468,0.16638288
1856,-18.021091,0.6175755,1.6588494,0.043733284,0.20876141,0.041771766,0.2
1857,-17.971033,0.7272375,4.514469,0.071273796,0.24357784,0.047478292,0.2
1858,-17.976257,0.70396,2.5207524,0.06670227,0.23306878,0.05104817,0.2
1859,-18.015375,0.6611134,1.846361,0.058496386,0.21818638,0.05065256,0.2
1860,-17.992683,0.67040056,3.1555202,0.075792395,0.22343487,0.0627188,0.2
1861,-17.9869,0.62541246,2.2337239,0.16422954,0.20358242,0.10350421,0.2
1862,-18.014776,0.64455074,2.2016382,0.07013148,0.21627088,0.04336456,0.2
1863,-17.976248,0.6323369,2.8932455,0.10353235,0.20414072,0.05794936,0.2
1864,-17.999195,0.6640176,3.2356408,0.089963555,0.22557512,0.065909185,0.2
1865,-17.994267,0.7017894,2.2403405,0.19858822,0.23020051,0.11652205,0.2
1866,-17.99566,0.6713005,2.4289067,0.1911574,0.22073595,0.088351585,0.2
1867,-17.99969,0.7185778,3.1302412,0.11316454,0.23793271,0.056983724,0.2
1868,-18.005524,0.6166504,2.289175,0.050882045,0.20405826,0.04116031,0.2
1869,-18.004766,0.60576266,2.805827,0.056281272,0.1929221,0.044149335,0.2
1870,-17.951567,0.87957543,4.51005,0.08336998,0.30426633,0.056732807,0.2
1871,-18.009752,0.65572953,2.1082263,0.11478115,0.2154758,0.06893381,0.2
1872,-17.98053,0.7258089,3.8024313,0.103050716,0.24126358,0.06142424,0.2
1873,-17.99425,0.6966785,2.5656507,0.2568745,0.23579004,0.13229053,0.2
1874,-17.98862,0.6160173,3.155952,0.32622498,0.19527389,0.16303912,0.2
1875,-17.985956,0.6958394,2.10562,0.6158867,0.21581526,0.28493375,0.15240917
1876,-17.981285,0.74910015,2.6165032,1.1575655,0.22072636,0.4436021,0.07782588
1877,-17.983318,0.70250684,3.0283098,0.50874877,0.23282114,0.11592396,0.06705315
1878,-18.010035,0.64523953,2.1264887,0.2335527,0.20936114,0.07871937,0.08381643
1879,-17.991816,0.6459435,2.0910473,0.072189875,0.21872592,0.061117515,0.10477054
1880,-17.987226,0.7240974,2.1062653,0.06914894,0.24127884,0.050425094,0.13096318
1881,-17.981125,0.64919966,2.5472107,0.066553645,0.21956469,0.048688803,0.16370398
1882,-18.001987,0.64879125,1.6131468,0.04622047,0.21151547,0.045504555,0.2
1883,-17.991152,0.6775082,3.9374359,0.061864406,0.22462898,0.039860435,0.2
1884,-18.024273,0.5807891,1.8509895,0.068909615,0.18638317,0.052603707,0.2
1885,-17.964687,0.6621196,3.1965852,0.09576951,0.22480194,0.067448206,0.2
1886,-17.977688,0.7312329,3.921836,0.19373354,0.24349655,0.12973121,0.2
1887,-17.964285,0.76707,3.8257139,0.093733996,0.2548507,0.062779725,0.2
1888,-17.977322,0.8337435,2.4113505,0.21934722,0.2720114,0.1385009,0.2
1889,-17.971918,0.705826,4.0119157,0.08384497,0.23763648,0.07189093,0.2
1890,-17.995995,0.64742935,2.054124,0.27861336,0.20788775,0.16867664,0.2
1891,-17.95632,0.8571226,2.9825363,0.3013669,0.30154437,0.14767422,0.2
1892,-17.974903,0.7636225,2.9730046,0.47096917,0.2486088,0.19505766,0.2
1893,-18.006062,0.7022728,2.6660292,1.0607734,0.20265804,0.4333555,0.12651353
1894,-17.987623,0.8927248,2.1857793,1.2254355,0.2631733,0.5127802,0.06121616
1895,-17.970322,0.7438502,2.5446253,0.39545986,0.24781188,0.12748556,0.076520205
1896,-18.004519,0.72079796,1.43513,0.1808206,0.23061267,0.1256908,0.095650256
1897,-17.991926,0.66116965,2.677462,0.08278229,0.21743849,0.06759571,0.11956282
1898,-18.01586,0.64194,2.1386735,0.063004605,0.19999787,0.05163647,0.14945352
1899,-18.005413,0.68912137,2.4081173,0.05885075,0.22665133,0.051259104,0.1868169
1900,-18.008293,0.57975096,2.057253,0.05753211,0.17935318,0.052720003,0.2
1901,-17.982393,0.67164,2.5979815,0.12993881,0.2104167,0.0916208,0.2
1902,-18.02207,0.64360005,1.8415107,0.1701249,0.20723279,0.10293089,0.2
1903,-17.952513,0.99484205,4.607939,0.46548787,0.34867835,0.21095619,0.2
1904,-18.00821,0.70314306,1.2531873,0.7441823,0.22061354,0.31051224,0.2
1905,-17.941595,1.2587426,4.29766,1.6069701,0.4156543,0.7298886,0.06960156
1906,-18.02197,0.6321638,1.8850292,0.58152723,0.19695953,0.14368589,0.08700195
1907,-18.000317,0.70124435,2.5002615,0.22689399,0.23211019,0.10497787,0.10875244
1908,-18.00281,0.64460593,2.0627542,0.07093697,0.21106546,0.070106156,0.13594055
1909,-18.009672,0.6964372,1.350189,0.04622746,0.23206604,0.054290704,0.16992569
1910,-17.998884,0.5937532,2.4581156,0.070421115,0.19116758,0.056899548,0.2
1911,-17.981506,0.6836287,2.624226,0.13866216,0.22491635,0.07611415,0.2
1912,-18.00616,0.6857184,1.6288707,0.14853439,0.22362074,0.110097244,0.2
1913,-17.995579,0.63050896,2.8678064,0.39910525,0.19898169,0.20685793,0.2
1914,-18.01139,0.758481,1.6357547,0.3744226,0.25092313,0.2015125,0.18799938
1915,-17.992188,0.804146,2.8482268,0.64073575,0.2662615,0.2923831,0.15546954
1916,-17.966824,0.81126374,4.3647785,1.0385064,0.23995997,0.39787704,0.09238804
1917,-17.975597,0.6662441,2.3173046,0.45468172,0.21090919,0.12661651,0.088027544
1918,-17.962158,0.68048805,3.4173515,0.12773587,0.22552618,0.08744132,0.11003443
1919,-17.992054,0.77565676,1.9153411,0.062855065,0.24767376,0.0760246,0.13754304
1920,-17.980082,0.7645228,3.710483,0.06815123,0.25550264,0.052212242,0.1719288
1921,-17.986113,0.692322,2.885574,0.08098665,0.22128585,0.056786556,0.2
1922,-18.005775,0.82522273,3.1387348,0.121362045,0.25927463,0.09442552,0.2
1923,-18.015121,0.7227411,2.327505,0.27579987,0.24297665,0.16786304,0.2
1924,-17.974886,0.7744393,4.374505,0.19341023,0.25251913,0.08596898,0.2
1925,-17.987331,0.6751543,2.5256362,0.060944848,0.22226532,0.055538088,0.2
1926,-17.992306,0.7043028,2.9537604,0.09354927,0.22905287,0.068828896,0.2
1927,-17.962805,0.64069885,3.32528,0.095954314,0.208667,0.07398893,0.2
1928,-17.984406,0.7140914,3.8692877,0.17758402,0.23226623,0.092650376,0.2
1929,-18.023659,0.7096205,1.9548358,0.12528133,0.24188009,0.08265263,0.2
1930,-17.976088,0.70160663,3.695533,0.28529367,0.22667652,0.17256024,0.2
1931,-17.967766,0.64266783,3.7740529,0.31436515,0.19411664,0.15034966,0.2
1932,-17.969305,0.7431378,4.182078,0.5558487,0.2314789,0.22887519,0.15297046
1933,-18.010302,0.72024214,2.2384121,0.79388535,0.22000773,0.29482648,0.10380793
1934,-17.972864,0.8370787,3.499446,0.44035098,0.2703343,0.13852964,0.09241569
1935,-17.985472,0.74158704,2.996448,0.11997875,0.25380233,0.083996,0.11551961
1936,-17.990461,0.67274404,2.9507918,0.056452844,0.22166534,0.059095673,0.14439952
1937,-18.00986,0.6326682,2.0001533,0.0544232,0.20508519,0.0498219,0.1804994
1938,-18.002575,0.6415837,2.2496996,0.05167389,0.20844115,0.052661244,0.2
1939,-17.975935,0.7339045,3.5055585,0.06600607,0.2428379,0.05586772,0.2
1940,-18.012177,0.635546,2.3856509,0.114979275,0.20769712,0.083312094,0.2
1941,-18.009203,0.61270016,2.5591233,0.1582091,0.1991964,0.09201929,0.2
1942,-17.982004,0.8754241,3.5199263,0.4046605,0.29447207,0.18547273,0.2
1943,-17.990574,0.67929566,2.6225228,0.63185334,0.21533243,0.2794815,0.2
1944,-17.926214,0.92775285,4.3100014,1.5862404,0.26930243,0.71523184,0.06457193
1945,-17.982906,0.6281097,3.1854694,0.6289836,0.19321717,0.12301081,0.06434293
1946,-17.99104,0.647944,2.897125,0.34112066,0.2079541,0.095940866,0.08042866
1947,-17.998993,0.621473,2.56883,0.101333365,0.20185341,0.07897443,0.100535825
1948,-17.964575,0.78785264,2.8547676,0.07326334,0.26338187,0.05883024,0.12566978
1949,-17.99965,0.6977196,2.8575695,0.05079212,0.23450115,0.053176608,0.15708722
1950,-18.002054,0.6239117,2.2731855,0.06132088,0.19972791,0.056180067,0.19635902
1951,-18.012636,0.58350796,1.8061212,0.054020233,0.1863988,0.05689222,0.2
1952,-17.987022,0.71074593,3.5465677,0.15304446,0.22783741,0.100391544,0.2
1953,-17.987362,0.6382707,3.0978045,0.10308658,0.20411769,0.06851985,0.2
1954,-18.009945,0.72601336,2.0758321,0.11679848,0.23880999,0.059405003,0.2
1955,-17.967506,0.71112925,3.7724926,0.087780766,0.24372897,0.052134775,0.2
1956,-17.982214,0.80555403,3.935128,0.13763009,0.28093565,0.08190926,0.2
1957,-17.984983,0.70580727,3.5377376,0.09690967,0.23362997,0.07308274,0.2
1958,-17.979328,0.70388633,2.3528228,0.32354373,0.23252249,0.14583032,0.2
1959,-17.970331,0.97481513,2.5610874,0.6020375,0.3419372,0.25759268,0.17697385
1960,-17.926497,0.8911884,5.0363827,1.425027,0.2559808,0.55154115,0.096904926
1961,-17.996586,0.7696564,2.3619204,1.3204873,0.23002346,0.4008418,0.05997596
1962,-17.976988,0.7725137,2.892011,0.48445374,0.2545319,0.12432298,0.07496995
1963,-17.973555,0.7996714,3.424885,0.15222524,0.2602125,0.10812831,0.093712434
1964,-17.974596,0.64616495,2.9614005,0.0693021,0.2113388,0.06459868,0.11714055
1965,-17.994305,0.7984834,2.34281,0.06670138,0.2655767,0.06297599,0.14642568
1966,-17.981293,0.6719959,2.755871,0.06412355,0.21228601,0.04802665,0.1830321
1967,-17.967373,0.845843,3.327019,0.0722812,0.28644133,0.049859297,0.2
1968,-17.997385,0.74143225,3.48323,0.06915617,0.23908412,0.061418414,0.2
1969,-17.969227,0.86812645,3.320151,0.14260209,0.29467902,0.08518265,0.2
1970,-17.971804,1.1700152,3.9368389,0.14552143,0.4095399,0.110525906,0.2
1971,-17.979544,0.6832584,3.2652512,0.3084307,0.21660967,0.15946893,0.2
1972,-18.000212,0.8606151,3.7755425,0.46490875,0.2822123,0.19980292,0.2
1973,-17.97716,0.7231286,3.4289598,0.798694,0.2234167,0.35616848,0.1591178
1974,-17.972519,0.7826177,3.9087813,1.3510035,0.23273732,0.5509123,0.08091553
1975,-18.008257,0.6475133,3.0607092,0.48258203,0.21295947,0.09817333,0.07471851
1976,-17.984632,0.6395581,3.1540368,0.23460889,0.20635371,0.06714153,0.09339814
1977,-17.969843,0.77216077,4.7439456,0.07324615,0.2607178,0.06745803,0.11674768
1978,-17.996567,0.6166812,3.7272804,0.048466943,0.21125463,0.049165,0.1459346
1979,-17.990421,0.66802716,3.564261,0.07222575,0.2184068,0.05490282,0.18241824
1980,-17.986074,0.6669524,3.1722803,0.05988681,0.21715124,0.047721818,0.2
1981,-17.979687,0.7375245,4.1451287,0.093008704,0.25297102,0.061395172,0.2
1982,-18.012304,0.7165673,2.7780735,0.16511694,0.24249156,0.11308209,0.2
1983,-17.987223,0.75854695,3.0711825,0.09719557,0.24542195,0.080013715,0.2
1984,-17.991756,0.7207784,2.1855307,0.20871443,0.23552197,0.10722452,0.2
1985,-17.977396,0.6833095,2.7392685,0.1584976,0.22446683,0.084645435,0.2
1986,-17.982374,1.1476843,3.7202318,0.10348842,0.40231237,0.08990636,0.2
1987,-18.01677,0.71121883,3.8476536,0.09490374,0.22218461,0.0750433,0.2
1988,-17.996445,0.6783883,2.7990365,0.12186349,0.21985357,0.08135761,0.2
1989,-17.983805,1.0099975,4.110858,0.33581325,0.35464588,0.1645671,0.2
1990,-17.998148,0.6612462,2.0716026,0.5568124,0.20968197,0.23963937,0.2
1991,-17.964022,0.7563325,3.5895698,1.1514446,0.22411996,0.4904774,0.091658436
1992,-17.986153,0.77193314,3.0597973,0.58703136,0.2519385,0.16416647,0.073919415
1993,-18.023584,0.6329185,2.330404,0.24437806,0.20105442,0.06987127,0.09239927
1994,-18.012468,0.6466252,2.1338706,0.06686061,0.20803598,0.063671626,0.11549909
1995,-17.98307,0.6380881,2.582979,0.06279322,0.2080127,0.051863566,0.14437386
1996,-18.018625,0.62167996,2.4647646,0.040525433,0.20365351,0.045890063,0.18046734
1997,-18.008066,0.6487745,2.307696,0.04636123,0.22682573,0.048021846,0.2
1998,-18.006893,0.65589195,3.7315361,0.051164027,0.21379589,0.045419127,0.2
1999,-17.991041,0.66317207,3.3858552,0.060044065,0.21365052,0.05257697,0.2
2000,-17.975649,0.70522213,3.9108572,0.068385944,0.22423086,0.05530643,0.2
2001,-17.990652,0.64823234,3.341675,0.13505109,0.20980631,0.0843189,0.2
2002,-17.997663,0.63321435,2.8086479,0.07081854,0.20668492,0.0660629,0.2
2003,-17.94141,0.9320909,4.295878,0.22752525,0.31852546,0.11500568,0.2
2004,-17.975672,0.77951,2.3387878,0.24087831,0.27005267,0.12401896,0.2
2005,-18.003212,0.6444829,3.4104753,0.44452396,0.20324744,0.17628796,0.2
2006,-17.990414,0.7907425,1.9993163,0.8395115,0.24847215,0.37257534,0.113457516
2007,-17.992796,0.7426424,1.663992,0.93134236,0.22858465,0.314041,0.06989712
2008,-17.976498,0.66185015,3.9004807,0.29377335,0.20917082,0.09518833,0.0873714
2009,-18.014048,0.61169946,1.4812937,0.101410426,0.1979085,0.07265821,0.10921425
2010,-17.990269,0.7723006,1.4240828,0.055036634,0.26023105,0.046750434,0.13651782
2011,-17.982922,0.64156157,2.5778754,0.05636514,0.2085192,0.051002905,0.17064728
2012,-18.01003,0.5858561,2.441525,0.047662817,0.1784709,0.04436399,0.2
2013,-17.9807,0.8707801,3.2212696,0.0818637,0.30012956,0.07411854,0.2
2014,-17.964449,0.7386181,4.604994,0.2187179,0.24944383,0.12348718,0.2
2015,-17.98731,0.65137774,3.101142,0.3192188,0.20445886,0.14452536,0.2
2016,-18.000105,0.6376953,2.1820211,0.65839005,0.20033051,0.2549817,0.14062406
2017,-18.00275,0.66379076,1.0846246,0.7818629,0.21282227,0.30179065,0.08315106
2018,-17.975515,0.7754153,2.7882907,0.2523907,0.24525288,0.0976526,0.10393882
2019,-18.002073,0.6726716,1.558285,0.079463206,0.21257327,0.05485491,0.12992352
2020,-17.97777,0.649638,3.118977,0.041684877,0.20788904,0.047537673,0.1624044
2021,-17.96405,1.139805,1.9185404,0.09922194,0.4127513,0.083241485,0.2
2022,-17.995182,0.63888866,3.0836093,0.055065576,0.21374448,0.044444013,0.2
2023,-17.97677,0.71662456,3.5341973,0.063585654,0.24389389,0.046873663,0.2
2024,-17.99815,0.66412026,2.660939,0.08886356,0.22208406,0.070434876,0.2
2025,-17.996944,0.6918528,2.544109,0.11699621,0.22540191,0.08325259,0.2
2026,-17.999361,0.7186637,3.3433444,0.23946327,0.24163203,0.10821163,0.2
2027,-17.979067,0.7798364,3.7665071,0.14775635,0.26968825,0.081719495,0.2
2028,-17.987253,0.6555987,3.44141,0.11976013,0.21358785,0.06262371,0.2
2029,-18.001741,0.6840931,2.3751485,0.113298655,0.22309752,0.07769275,0.2
2030,-17.956,0.8748524,4.6349998,0.28262055,0.2240417,0.1546083,0.2
2031,-17.97573,0.8006035,3.76551,0.38371587,0.23829268,0.17648046,0.2
2032,-18.014446,0.6389141,2.2033064,0.6806988,0.19933438,0.30023667,0.2
2033,-17.929586,0.9484654,4.4428997,1.746819,0.25678843,0.76888084,0.06925519
2034,-17.996363,0.61286646,2.1512175,0.7083538,0.19815943,0.15927468,0.061047435
2035,-17.991707,0.66297024,3.3670738,0.39633793,0.21456897,0.12334228,0.07630929
2036,-17.994328,0.6535982,2.9199958,0.11851784,0.2115883,0.09984635,0.09538662
2037,-18.003056,0.7631385,2.9396183,0.062012397,0.26312596,0.067097776,0.11923327
2038,-17.985386,0.8846013,3.651697,0.07542513,0.30937785,0.06444167,0.1490416
2039,-17.999578,0.61006767,2.7785046,0.045312013,0.20072642,0.042706903,0.18630199
2040,-18.020063,0.63139045,2.5116887,0.050596446,0.20847335,0.04435393,0.2
2041,-17.994371,0.6461759,2.2501588,0.05107314,0.20866276,0.04566159,0.2
2042,-18.00022,0.7440931,2.4393349,0.13349791,0.24903671,0.085214496,0.2
2043,-17.984474,0.6083586,3.160244,0.061174683,0.19054003,0.062420275,0.2
2044,-18.02346,0.6577252,1.5791501,0.15959823,0.21747003,0.10867406,0.2
2045,-17.990812,0.65149057,3.2099311,0.10850785,0.21826217,0.06730712,0.2
2046,-17.967276,0.73971575,2.8027008,0.24151576,0.25290093,0.10976706,0.2
2047,-18.005665,0.69798917,3.21507,0.18645738,0.23238057,0.097960874,0.2
2048,-17.9832,0.6995812,2.2953858,0.19758837,0.22889988,0.08048902,0.2
2049,-18.01503,0.61731195,2.4656885,0.07635666,0.20475838,0.06261721,0.2
2050,-17.990503,0.60993946,2.4939983,0.1830096,0.18938679,0.10683705,0.2
2051,-18.004944,0.60983044,2.5104775,0.07408703,0.1928554,0.06477286,0.2
2052,-17.978605,0.68832034,5.0541067,0.14565116,0.22547086,0.08280222,0.2
2053,-17.982334,0.6608991,3.981401,0.082458235,0.21854979,0.061853383,0.2
2054,-17.98102,0.8109816,3.6864054,0.15582603,0.27816904,0.09319019,0.2
2055,-17.982393,0.6207124,3.6097186,0.054234352,0.19498093,0.048663307,0.2
2056,-18.000172,0.64214635,2.764774,0.102270216,0.21289957,0.07385869,0.2
2057,-18.002882,0.63354945,2.746523,0.073927954,0.21717338,0.060759995,0.2
2058,-17.994936,0.70849705,2.4891288,0.16529061,0.23591544,0.095167525,0.2
2059,-18.026402,0.6775923,1.9009887,0.13711306,0.23045948,0.075182855,0.2
2060,-18.010902,0.61148524,1.5579262,0.04563312,0.20072204,0.04485612,0.2
2061,-18.021132,0.6952807,1.9511981,0.09082424,0.23498979,0.06460528,0.2
2062,-17.972761,0.6600931,3.0930707,0.05686206,0.21983014,0.044041116,0.2
2063,-17.987917,0.77596825,2.8570323,0.060393546,0.25286752,0.05161471,0.2
2064,-18.00045,0.67527777,1.8627386,0.04646989,0.22669898,0.047839977,0.2
2065,-17.9924,0.58872616,2.4572213,0.09536939,0.18651286,0.061999816,0.2
2066,-17.993364,0.62535036,2.8377264,0.062120885,0.20154217,0.056764185,0.2
2067,-17.979496,0.7574976,3.5202765,0.12906392,0.25169882,0.07229674,0.2
2068,-18.00196,0.6831032,4.142768,0.0691964,0.2230225,0.04809429,0.2
2069,-17.961699,0.917319,4.1382103,0.15630375,0.32327595,0.093567446,0.2
2070,-17.94883,1.844037,4.5873475,0.22626476,0.56309474,0.12551709,0.2
2071,-17.996565,0.7007934,4.3486333,0.26482013,0.22865014,0.11372297,0.2
2072,-17.987644,0.67979604,3.9538531,0.5799473,0.22350296,0.23748626,0.2
2073,-17.966013,0.85828525,4.4501143,1.5162319,0.23690663,0.6594591,0.07424333
2074,-17.976507,0.8360975,4.5763817,0.7661627,0.27749243,0.21856996,0.05706658
2075,-17.999788,0.6765049,3.1870246,0.39052042,0.22360688,0.097785056,0.07133322
2076,-17.981434,0.692997,4.2907724,0.121015854,0.22613004,0.08427772,0.08916653
2077,-17.984043,0.6622679,4.80383,0.05808314,0.2121628,0.057526108,0.11145816
2078,-17.979141,0.764385,4.07281,0.059764974,0.26889202,0.054109856,0.1393227
2079,-17.999264,0.66089255,2.694794,0.055913042,0.21704091,0.04665897,0.17415337
2080,-17.983723,0.7002499,3.9985425,0.058162097,0.22400287,0.05428512,0.2
2081,-18.011189,0.76103836,3.1265686,0.059363157,0.25248742,0.057399135,0.2
2082,-17.96825,0.7961349,3.5641997,0.08329255,0.2623546,0.06344548,0.2
2083,-18.009432,0.6673784,2.4549623,0.055090573,0.22093071,0.046321895,0.2
2084,-17.98739,0.7615824,4.251733,0.062163007,0.2623034,0.04791283,0.2
2085,-17.99277,0.6401406,3.0328174,0.071095675,0.20030007,0.058630742,0.2
2086,-18.012835,0.64484566,2.8869998,0.09374321,0.21175551,0.06287245,0.2
2087,-17.974094,0.84519416,3.7215538,0.1555099,0.28901064,0.07625506,0.2
2088,-18.018215,0.6247093,1.8741859,0.08804129,0.195565,0.058755353,0.2
2089,-18.002602,0.6512403,2.62409,0.19932534,0.21135028,0.111921616,0.2
2090,-18.0125,0.65416086,2.642731,0.30025122,0.21763423,0.1277001,0.2
2091,-18.00005,0.7236443,2.2245522,0.47256348,0.23122641,0.20182472,0.2
2092,-17.984816,0.7284961,3.300789,0.8776209,0.22515444,0.4135905,0.12211286
2093,-17.992914,0.6972961,2.5127065,0.99707776,0.20734696,0.3838774,0.07237696
2094,-18.00574,0.6537876,2.3060915,0.31073007,0.20928663,0.08070062,0.0904712
2095,-17.964853,1.1169088,3.5029395,0.13282421,0.39008346,0.07026435,0.113089
2096,-17.97234,0.66234356,4.6711063,0.060953543,0.22039112,0.05029538,0.14136125
2097,-18.00836,0.67090803,2.7910979,0.050617296,0.2262433,0.053538296,0.17670156
2098,-18.00552,0.60216576,2.4109235,0.045445282,0.2033287,0.0363958,0.2
2099,-17.990414,0.6778675,3.2403834,0.061532013,0.2158626,0.06028185,0.2
2100,-18.00223,0.6236107,1.8435565,0.09645863,0.20057353,0.09882764,0.2
2101,-18.004871,0.790255,1.9764569,0.29627302,0.26236913,0.14781557,0.2
2102,-17.996183,0.7102136,3.6405575,0.38951617,0.24313729,0.18226889,0.2
2103,-17.957422,1.7219546,4.0934973,0.4921392,0.6056432,0.27834022,0.17645493
2104,-17.960136,0.75902545,4.042366,0.73182464,0.24283917,0.39551234,0.2
2105,-17.978523,0.93529797,3.885731,1.3734983,0.2626257,0.853229,0.085772984
2106,-17.98141,0.87728786,4.0514255,0.766199,0.29368487,0.25985834,0.07104065
2107,-17.974825,0.738874,4.695756,0.3094644,0.2366261,0.118565455,0.08880082
2108,-17.98075,0.7019052,4.026962,0.10845693,0.23104033,0.07664925,0.11100102
2109,-17.982311,0.6834446,4.179002,0.07463974,0.20940349,0.06823479,0.13875128
2110,-17.995775,0.7673169,3.4391909,0.06015268,0.24526887,0.059434917,0.1734391
2111,-17.971008,0.9202233,3.3983948,0.08329595,0.33294266,0.06173064,0.2
2112,-17.989681,0.6988904,3.1587784,0.06540447,0.22489154,0.052973483,0.2
2113,-17.985449,0.8797326,2.2149537,0.079356395,0.27929145,0.06409267,0.2
2114,-17.993898,0.72970784,3.171584,0.07639981,0.24365103,0.07545301,0.2
2115,-17.992981,0.6089818,4.103794,0.21155442,0.19969141,0.13974597,0.2
2116,-18.004614,0.72029084,2.557488,0.20322415,0.24528766,0.104015864,0.2
2117,-17.967512,0.75876355,4.76373,0.48084638,0.24172992,0.26886094,0.2
2118,-17.978584,0.8005086,3.160771,0.98292524,0.25153297,0.45294797,0.111126184
2119,-17.963617,0.7273096,4.173392,0.7884475,0.22147378,0.21710017,0.08521456
2120,-18.0103,0.6465449,3.65179,0.19977461,0.21693784,0.098815784,0.1065182
2121,-18.002266,0.8094667,1.9362752,0.08204835,0.2638408,0.07981599,0.13314775
2122,-17.972506,0.76643014,4.502537,0.073549494,0.25452763,0.060034737,0.16643468
2123,-18.006435,0.6702729,3.3191333,0.06442843,0.22366366,0.059218496,0.2
2124,-17.995443,0.6735522,3.675691,0.12174373,0.22937495,0.07472276,0.2
2125,-18.015491,0.6326783,1.961704,0.18056788,0.20464195,0.12253124,0.2
2126,-17.973143,0.7490183,3.681337,0.4150762,0.24301086,0.27866566,0.2
2127,-18.003914,0.6589094,2.932592,0.5205252,0.21085213,0.1949527,0.2
2128,-17.999544,0.65380305,2.1120496,0.43332526,0.2132344,0.18116125,0.2
2129,-17.977852,0.6860959,3.4587321,0.37255388,0.22264366,0.16508847,0.2
2130,-17.981466,0.72296983,2.9968967,0.22277498,0.23909013,0.10902661,0.2
2131,-17.987337,0.67188394,2.987951,0.4925788,0.22098312,0.25590235,0.2
2132,-17.967705,0.77223265,3.5416107,0.7849309,0.24785478,0.33652052,0.12389414
2133,-17.99765,0.6608624,2.8711178,0.41799796,0.2078571,0.10962743,0.12171816
2134,-17.997713,0.64554155,4.01591,0.061075784,0.21372057,0.093901545,0.1521477
2135,-18.014067,0.60234183,2.3532977,0.15585557,0.19767897,0.11064651,0.19018462
2136,-17.973854,0.69349355,3.9803202,0.14449969,0.22013113,0.11525844,0.2
2137,-17.959637,0.68976206,3.719335,0.4828418,0.21956524,0.25471622,0.2
2138,-17.977074,0.86076045,2.6482186,0.70304817,0.2922717,0.29958153,0.13168779
2139,-17.984632,0.67393476,1.9406272,0.55772084,0.2154129,0.18553096,0.12904684
2140,-18.004782,0.6294788,2.6519208,0.11619261,0.21010675,0.08219822,0.16130856
2141,-17.978489,0.7498811,2.5140073,0.081504434,0.25783002,0.06991806,0.2
2142,-18.00454,0.62517285,1.9068216,0.086869866,0.20362651,0.0872259,0.2
2143,-18.003183,0.72461796,3.1582243,0.23298909,0.2422748,0.15245096,0.2
2144,-18.000755,0.79219425,2.7516625,0.09189872,0.2715045,0.090372965,0.2
2145,-17.982872,0.7311816,4.416199,0.26231295,0.24687931,0.12881051,0.2
2146,-18.017935,0.6331339,2.3492057,0.061264772,0.22189516,0.05898785,0.2
2147,-18.014679,0.6249861,2.2811158,0.19673987,0.19895978,0.13050532,0.2
2148,-18.0088,0.6782959,1.9876317,0.079692416,0.22466657,0.06275681,0.2
2149,-17.95001,0.8971963,4.4066353,0.1589607,0.3128398,0.08812589,0.2
2150,-17.944765,0.89027727,3.672292,0.11582346,0.284825,0.083448246,0.2
2151,-17.979052,0.64604837,3.238525,0.2476179,0.20390342,0.14839979,0.2
2152,-17.978321,0.6798938,4.314678,0.08166107,0.21825425,0.0711934,0.2
2153,-17.975937,0.7744514,4.261983,0.23871751,0.25218147,0.119054854,0.2
2154,-17.992367,0.67845935,4.294313,0.08784893,0.23008749,0.068420954,0.2
2155,-18.013218,0.66829604,2.582479,0.10912095,0.22346082,0.075853944,0.2
2156,-17.997257,0.7969277,3.3665433,0.09547092,0.27831087,0.06658664,0.2
2157,-17.984575,0.6244941,4.5709133,0.20329417,0.20077303,0.1088225,0.2
2158,-17.997965,0.61501056,3.2592838,0.0692397,0.19797195,0.048707277,0.2
2159,-18.000557,0.79962415,2.7616034,0.079086095,0.26186204,0.04623193,0.2
2160,-17.983122,0.6955361,3.5320933,0.054399334,0.22783695,0.035418335,0.2
2161,-17.983824,0.66515726,2.0328736,0.050843634,0.2232824,0.047768973,0.2
2162,-17.982601,0.6849511,3.4039013,0.073599145,0.22374652,0.056720607,0.2
2163,-18.012684,0.61282814,1.9783483,0.05352746,0.1977559,0.04697898,0.2
2164,-17.99218,0.63125247,3.1459959,0.11997269,0.2134025,0.08730433,0.2
2165,-18.011738,0.5806026,3.5182204,0.14030273,0.18985102,0.081503615,0.2
2166,-17.980497,0.6655586,3.1623929,0.32662407,0.22130734,0.15458815,0.2
2167,-17.99423,0.7117452,2.8530736,0.24130717,0.24463323,0.13171813,0.2
2168,-17.994167,0.62684184,2.3655605,0.459172,0.20379694,0.18968605,0.2
2169,-17.997972,0.71916693,1.425953,1.0311776,0.21634775,0.42119905,0.09695645
2170,-17.993183,0.6675482,3.381423,0.7216959,0.21046686,0.23363644,0.0656746
2171,-17.995445,0.686728,2.90903,0.28397518,0.23128834,0.08653531,0.082093254
2172,-18.008297,0.71202046,1.3168135,0.08472767,0.23332798,0.074446216,0.10261656
2173,-18.010727,0.6618491,3.1798937,0.05176225,0.22330491,0.05465192,0.1282707
2174,-17.989809,0.6502456,2.6060424,0.05175668,0.21103492,0.044162203,0.16033837
2175,-18.004017,0.64764565,3.5622447,0.053852968,0.21721666,0.043568175,0.2
2176,-17.98927,0.6803263,2.68108,0.051894628,0.22681665,0.054975223,0.2
2177,-17.990635,0.71935385,2.670525,0.049611073,0.23233289,0.047238726,0.2
2178,-17.95653,0.71656466,3.769894,0.06447458,0.23163386,0.043081988,0.2
2179,-18.017035,0.6298591,2.4868822,0.0999234,0.20831771,0.0633959,0.2
2180,-17.942703,0.95289916,3.1223102,0.085328735,0.33488968,0.06626928,0.2
2181,-18.014454,0.7316764,3.1029665,0.053596795,0.24299616,0.05429571,0.2
2182,-17.974295,0.87913394,2.6011083,0.06345978,0.29721123,0.06836954,0.2
2183,-17.977484,0.7416681,3.540975,0.088374935,0.24271123,0.06801807,0.2
2184,-17.9985,0.66468346,1.8342423,0.06454296,0.21649577,0.049157664,0.2
2185,-17.990992,0.6207626,2.7282267,0.039643444,0.19669579,0.039510094,0.2
2186,-17.992949,0.6768651,3.3303235,0.035332754,0.22681856,0.032985266,0.2
2187,-17.981373,0.6656064,4.0399895,0.055385962,0.21921657,0.045413632,0.2
2188,-17.990114,0.660677,2.7195332,0.05512146,0.22074468,0.051428173,0.2
2189,-18.004797,0.72779757,3.530931,0.066598915,0.24257143,0.056003418,0.2
2190,-17.9856,0.78058267,2.4218836,0.06487244,0.25381368,0.05472625,0.2
2191,-17.984531,0.71698326,3.1234698,0.06648668,0.2424007,0.061081927,0.2
2192,-17.974714,0.63082725,3.7381744,0.13560125,0.19930996,0.0785951,0.2
2193,-17.998783,0.6078678,1.6728793,0.13876623,0.19763164,0.068805754,0.2
2194,-18.005949,0.69717556,2.9302182,0.17274633,0.22483388,0.06769601,0.2
2195,-18.017479,0.773121,1.7579345,0.06556918,0.26499766,0.066028774,0.2
2196,-17.971718,0.8175967,3.3170264,0.09913612,0.29042658,0.053480107,0.2
2197,-17.99275,0.8425073,3.629574,0.07488126,0.2975952,0.057675444,0.2
2198,-17.973476,0.9223368,3.381771,0.12924613,0.30729336,0.073593386,0.2
2199,-17.982676,0.6698978,3.2082639,0.049998622,0.22313467,0.045625363,0.2
2200,-17.964056,0.91044915,4.632035,0.10534928,0.31202656,0.05816833,0.2
2201,-17.995148,0.7762673,3.6777315,0.076152325,0.2522908,0.05687735,0.2
2202,-17.97943,0.6879751,3.8128753,0.14438066,0.22650388,0.08103946,0.2
2203,-17.988773,0.6611746,3.6325474,0.13031186,0.21985583,0.07500445,0.2
2204,-17.980461,0.6780346,3.7595003,0.15838265,0.22389953,0.0798626,0.2
2205,-18.003675,0.78165907,3.5597188,0.1609052,0.2631287,0.09106112,0.2
2206,-17.950586,1.2898213,4.5018864,0.30690113,0.46524143,0.15031722,0.2
2207,-17.958376,0.8328251,5.0713983,0.63470745,0.25378305,0.29981896,0.2
2208,-17.935286,1.0014082,5.1821537,1.8070632,0.2806111,0.8712246,0.073038764
2209,-17.990843,0.7504636,3.444056,0.981357,0.23030838,0.2968807,0.054448415
2210,-17.961794,0.7368399,4.0551753,0.553631,0.23161736,0.13545105,0.06806052
2211,-18.007101,0.6775535,2.261094,0.1657873,0.21687116,0.096140236,0.08507565
2212,-17.990726,1.0184338,4.2875676,0.067397535,0.34468427,0.0855597,0.10634456
2213,-17.978844,0.7843001,4.5946507,0.063321516,0.26072952,0.06343512,0.1329307
2214,-18.012222,0.74808925,2.5867333,0.04029148,0.2500481,0.038165692,0.16616337
2215,-18.00974,0.71382934,2.5996118,0.04310997,0.24168111,0.04482379,0.2
2216,-18.003824,0.6657959,3.3064032,0.060518775,0.2176578,0.048293043,0.2
2217,-18.018671,0.61250156,2.1584623,0.061477628,0.20184277,0.038205907,0.2
2218,-18.01072,0.6615107,1.946396,0.074269935,0.21732055,0.048744164,0.2
2219,-17.990534,0.886781,3.531689,0.14716999,0.3195727,0.09265452,0.2
2220,-17.996613,0.65940905,2.2602782,0.07402849,0.22281836,0.055496708,0.2
2221,-17.973454,0.79266167,3.819151,0.16648369,0.2585218,0.10285474,0.2
2222,-17.964289,0.6556552,5.0286603,0.19030076,0.21567345,0.07789928,0.2
2223,-17.954008,1.4938842,2.2632031,0.14589949,0.56096554,0.115765676,0.2
2224,-18.007559,0.6788488,2.7385426,0.08015884,0.21995695,0.04944885,0.2
2225,-17.979465,0.6840713,4.825599,0.07924372,0.22267051,0.054088894,0.2
2226,-17.984734,0.6378822,3.0374944,0.1246591,0.21201006,0.077368915,0.2
2227,-18.008709,0.62012994,2.611784,0.07587312,0.20293744,0.052851055,0.2
2228,-17.957422,1.0548086,3.8237264,0.0960803,0.37032813,0.079569384,0.2
2229,-17.99561,0.650081,3.4524388,0.066354975,0.21275085,0.06325659,0.2
2230,-17.995678,0.6100659,3.087529,0.047100414,0.1963604,0.044209454,0.2
2231,-18.004684,0.6775474,3.1849825,0.10669052,0.2210089,0.07300366,0.2
2232,-17.99653,0.669907,2.223266,0.06696268,0.21710531,0.054757815,0.2
2233,-17.986485,0.7444724,2.8246915,0.1281182,0.23598954,0.08485241,0.2
2234,-17.983831,0.68637836,3.610061,0.10611462,0.22664934,0.04895834,0.2
2235,-18.0088,0.68733066,2.5797896,0.046205286,0.22293681,0.04917048,0.2
2236,-18.010374,0.7262344,3.6491513,0.11173569,0.24913582,0.06855203,0.2
2237,-17.989727,0.62825423,3.7579954,0.107881434,0.19907509,0.06276864,0.2
2238,-17.987371,0.7591752,3.6429064,0.120137714,0.251221,0.060222816,0.2
2239,-17.9671,0.6884855,3.067516,0.06303691,0.22714192,0.04962922,0.2
2240,-17.99266,0.7332887,3.1468377,0.12743266,0.24314663,0.069503844,0.2
2241,-18.022104,0.6685578,2.3252254,0.04863252,0.21226911,0.04653106,0.2
2242,-17.99937,0.63447744,3.3620565,0.09313229,0.20267515,0.051015798,0.2
2243,-17.9975,0.6972203,3.1056125,0.049968325,0.22553623,0.050375093,0.2
2244,-17.988672,0.636485,3.4024036,0.11204487,0.20849131,0.061867937,0.2
2245,-18.010708,0.5954707,1.9237897,0.045754917,0.1932888,0.03563298,0.2
2246,-17.9953,0.6387858,3.6168716,0.0707877,0.20120645,0.04177472,0.2
2247,-17.959126,0.74787474,3.8901198,0.08899439,0.24060158,0.06459796,0.2
2248,-17.998177,0.67705214,3.9451182,0.15425014,0.21782526,0.08059035,0.2
2249,-17.98216,0.64594495,3.3990006,0.22924988,0.21002194,0.10705061,0.2
2250,-17.984217,0.85575074,4.0719233,0.5366793,0.28812015,0.24333225,0.1786474
2251,-17.975315,0.80533975,3.373697,1.2681785,0.23255989,0.570087,0.09733411
2252,-17.991161,0.72833246,2.9265888,1.3074604,0.20988204,0.48161128,0.05456576
2253,-17.991629,0.6680026,2.9579074,0.52849644,0.21577603,0.1137699,0.068207204
2254,-18.0045,0.63288426,2.5088983,0.16835475,0.20623416,0.09219733,0.085259005
2255,-17.984703,0.6732102,2.5724986,0.06349202,0.22536461,0.05885297,0.10657376
2256,-18.016722,0.6415097,2.4173074,0.054627016,0.20350109,0.042445026,0.1332172
2257,-17.984413,0.74243563,3.6621795,0.06780225,0.24886979,0.056792304,0.1665215
2258,-18.01093,0.6295369,2.7093592,0.043931644,0.20633455,0.046744782,0.2
2259,-17.953777,1.7612715,5.6775002,0.15238698,0.5902257,0.08991045,0.2
2260,-17.997614,0.6750656,3.7147274,0.09486791,0.22571096,0.06848552,0.2
2261,-17.984224,0.6380057,3.05786,0.06284315,0.2138929,0.052092303,0.2
2262,-18.00064,0.77985126,4.009958,0.118655086,0.24714127,0.07790401,0.2
2263,-17.988205,0.6711301,4.706273,0.059863303,0.22195433,0.04723373,0.2
2264,-18.004044,0.642055,3.1608357,0.058080666,0.20169586,0.047222164,0.2
2265,-17.961187,0.89217246,3.225633,0.06437434,0.30249664,0.05271644,0.2
2266,-17.985567,0.695141,3.5947573,0.08183871,0.23707972,0.050554026,0.2
2267,-17.97089,0.7261042,3.6752625,0.076256014,0.23723538,0.055667322,0.2
2268,-18.000893,0.8035417,2.6495807,0.118755095,0.2694023,0.087474115,0.2
2269,-17.986996,0.6892153,4.01145,0.06756132,0.22818588,0.04510084,0.2
2270,-17.960793,0.61843073,3.8125532,0.07080676,0.19872507,0.046850808,0.2
2271,-17.992863,0.89902914,3.7550948,0.08498963,0.3071777,0.07506024,0.2
2272,-17.998837,0.6475051,3.449221,0.16386667,0.20171425,0.095607094,0.2
2273,-17.974493,0.9208192,4.446171,0.19739726,0.31014675,0.10418179,0.2
2274,-17.988121,0.7800278,3.8904755,0.27453595,0.25412697,0.12992854,0.2
2275,-18.002613,0.67674965,3.9600496,0.5303798,0.21430801,0.25746757,0.2
2276,-17.972551,0.85944664,3.395142,1.6588998,0.23041953,0.7287276,0.07379691
2277,-17.992731,0.65604126,4.544601,0.83751404,0.20108522,0.25448292,0.053834073
2278,-17.966906,0.64486045,4.1123896,0.45827436,0.20548983,0.12989356,0.06729259
2279,-17.994123,0.7328421,3.9343176,0.15583798,0.24828455,0.11213172,0.08411574
2280,-18.02164,0.62334406,2.557622,0.0565577,0.20477928,0.06963963,0.10514468
2281,-18.005867,0.6731022,3.0313904,0.04913491,0.2187106,0.046294577,0.13143085
2282,-18.002277,0.6111781,2.9316552,0.0383705,0.20108226,0.044611827,0.16428857
2283,-18.01056,0.61753047,3.3991072,0.05487919,0.2051872,0.04700029,0.2
2284,-18.009075,0.59505635,1.8907882,0.047475792,0.19547677,0.04046795,0.2
2285,-18.038242,0.6052094,3.110134,0.046212144,0.19902854,0.04439298,0.2
2286,-17.950079,1.1053474,4.4900665,0.09077171,0.38498038,0.08611884,0.2
2287,-17.996222,0.6543369,4.229734,0.14487833,0.21313505,0.09379782,0.2
2288,-17.9777,0.6495809,3.0587003,0.13021597,0.20562607,0.06100764,0.2
2289,-17.994741,0.67805934,4.077851,0.06548028,0.21603574,0.04957459,0.2
2290,-18.002449,0.62402874,2.8384995,0.069205135,0.19790494,0.04990726,0.2
2291,-17.981627,0.70254296,3.4921958,0.05390413,0.22856306,0.04366399,0.2
2292,-18.004831,0.6931368,2.759394,0.10378668,0.23272195,0.06312477,0.2
2293,-17.995827,0.6774081,2.773089,0.07508344,0.22574294,0.057410315,0.2
2294,-17.970833,0.85225946,3.7226315,0.17746189,0.30165404,0.09894278,0.2
2295,-17.99712,0.6817036,2.8440018,0.17657848,0.22601177,0.09552532,0.2
2296,-17.984932,0.6663691,4.3257775,0.40448713,0.21557543,0.151248,0.2
2297,-17.991129,0.77291936,3.466822,0.7377543,0.2371672,0.33918148,0.1497579
2298,-17.963003,1.1122892,3.7448502,1.4841588,0.35995477,0.62245727,0.063874155
2299,-17.967989,0.75657034,3.3453143,0.5910832,0.25056526,0.11573751,0.079842694
2300,-17.97486,0.6759262,3.171193,0.19455627,0.22520973,0.08508437,0.099803366
2301,-17.949303,0.84213424,5.5043397,0.07732807,0.29038525,0.066358775,0.124754205
2302,-17.969925,0.7771926,4.6508913,0.079436295,0.26085016,0.056627583,0.15594275
2303,-17.981543,0.6646977,4.5510073,0.06429885,0.21367794,0.046005726,0.19492844
2304,-17.991497,0.74059904,2.7508836,0.082008496,0.24917829,0.06665038,0.2
2305,-17.987808,0.6299528,2.598058,0.048289064,0.20357326,0.044245098,0.2
2306,-17.990433,0.6413017,3.0625827,0.11166827,0.21579157,0.086008996,0.2
2307,-17.992538,0.69360864,1.8892165,0.15248334,0.22249725,0.0859333,0.2
2308,-17.96556,0.9813796,3.0239184,0.33837157,0.33180517,0.1625789,0.2
2309,-18.005453,0.7059205,2.8519855,0.3792135,0.22794867,0.20199034,0.2
2310,-18.000183,0.777252,2.7428448,0.87024385,0.24441685,0.4036915,0.121141136
2311,-17.966759,0.8126399,3.2428696,0.99935013,0.25365257,0.38872957,0.07223991
2312,-18.010374,0.6233593,2.4605145,0.3395164,0.19951433,0.098852605,0.09029989
2313,-17.974236,0.706116,3.1185772,0.13487746,0.22011915,0.08164485,0.112874866
2314,-17.994003,0.6644981,2.4974387,0.059616253,0.21854636,0.054539226,0.14109358
2315,-17.98621,0.6939238,3.5063634,0.06472181,0.2259319,0.0532734,0.17636698
2316,-17.992538,0.8015344,1.8165565,0.074172385,0.28069022,0.058794823,0.2
2317,-17.976065,0.7370113,3.679272,0.13336928,0.24431469,0.090589345,0.2
2318,-18.029913,0.625568,2.0717757,0.069743715,0.20349292,0.06647286,0.2
2319,-18.006256,0.7292086,2.2443488,0.16092664,0.23832048,0.097459964,0.2
2320,-17.996487,0.667383,2.764451,0.047967177,0.22629392,0.050215457,0.2
2321,-17.9831,0.91379064,4.223689,0.12048622,0.311049,0.08196806,0.2
2322,-17.982567,0.6570893,3.31845,0.05578859,0.21933855,0.060026113,0.2
2323,-18.00589,0.6852311,3.7138157,0.11966417,0.2286024,0.068655655,0.2
2324,-18.008575,0.8883645,2.1890335,0.1084159,0.31327078,0.068448715,0.2
2325,-17.976898,0.8423028,4.2020626,0.21849331,0.29146245,0.119951,0.2
2326,-17.993017,0.6724861,3.647163,0.2163074,0.22189786,0.11419888,0.2
2327,-18.010845,0.68359286,3.0541427,0.3843595,0.21419658,0.16489972,0.2
2328,-17.96823,1.1470404,5.698712,0.79139584,0.381114,0.3308898,0.14483733
2329,-17.986523,0.7592474,3.040023,1.3777977,0.2151678,0.51898205,0.10887776
2330,-17.9844,0.95502216,2.5350227,1.4132079,0.29520062,0.48932573,0.057450466
2331,-17.996758,0.6449713,1.4697721,0.48372993,0.2114718,0.120172486,0.071813084
2332,-17.972439,0.64448166,3.8015883,0.14649399,0.21229713,0.10309268,0.08976635
2333,-17.946383,1.7051363,3.9697764,0.17261666,0.6262984,0.13816954,0.11220794
2334,-17.990334,0.76399094,4.29988,0.063103005,0.25642645,0.0571108,0.14025992
2335,-18.007149,0.68956816,3.0001314,0.054342028,0.23141132,0.045859132,0.1753249
2336,-17.978165,0.6185453,4.2606125,0.044974037,0.2010471,0.040920004,0.2
2337,-18.02264,0.6794688,1.8277833,0.09635403,0.22519954,0.074172966,0.2
2338,-18.016245,0.59632087,2.1681361,0.06997469,0.19339617,0.066521585,0.2
2339,-17.997665,0.7195376,1.9040437,0.15025914,0.2322073,0.10665575,0.2
2340,-17.98085,0.6873849,3.2301686,0.15493608,0.22282964,0.09002035,0.2
2341,-17.988611,0.6498675,3.5127919,0.3863165,0.20565046,0.19892275,0.2
2342,-18.012789,0.7357796,3.6814618,0.67086256,0.23703964,0.29029006,0.14894421
2343,-17.945635,0.75143653,4.82218,0.9353624,0.23429702,0.36237568,0.08618417
2344,-17.993973,0.77285326,2.8916087,0.3851924,0.23664856,0.103842415,0.08581647
2345,-17.998032,0.5922813,2.2578185,0.14108914,0.18833953,0.069573805,0.10727059
2346,-17.998842,0.7101652,2.4733272,0.056073323,0.22715093,0.052732334,0.13408823
2347,-17.99909,0.6241975,2.8029268,0.049289014,0.19208707,0.045428637,0.16761029
2348,-18.025442,0.6393942,2.4955573,0.04953598,0.20326738,0.04861777,0.2
2349,-18.017317,0.63204753,2.0872695,0.06844956,0.2120651,0.0593286,0.2
2350,-17.98975,0.67344457,3.2607024,0.10058089,0.220991,0.08699313,0.2
2351,-17.973036,0.7801515,4.18936,0.261445,0.24831276,0.13908808,0.2
2352,-17.986017,0.71036756,3.5557182,0.16612698,0.22441585,0.096620955,0.2
2353,-17.968313,0.85577816,4.57707,0.2856773,0.3022801,0.10690132,0.2
2354,-17.990181,0.78867674,3.6766288,0.09761387,0.26325086,0.08486174,0.2
2355,-17.996351,0.73516643,2.8444147,0.20206724,0.24874446,0.09697897,0.2
2356,-18.011318,0.677964,1.9755576,0.056467526,0.22413613,0.056594864,0.2
2357,-17.988644,0.62194103,3.8503199,0.13151109,0.19536151,0.084777944,0.2
2358,-17.999096,0.6837134,2.6748397,0.08468293,0.22254282,0.053971093,0.2
2359,-18.013596,0.7701085,2.4350162,0.13145086,0.2650411,0.081142984,0.2
2360,-17.998524,0.5905684,2.3879058,0.0948847,0.19157587,0.063500084,0.2
2361,-17.979736,0.80658394,4.126029,0.26446325,0.27128926,0.14104174,0.2
2362,-17.965656,0.69825435,3.753897,0.3355794,0.22143579,0.15264302,0.2
2363,-17.995329,0.7335607,3.060926,0.569919,0.23799883,0.24058688,0.17634806
2364,-17.999182,0.7316983,3.7217314,1.0014999,0.21086873,0.44049764,0.0958152
2365,-17.99431,0.70988077,2.6370358,0.7840576,0.22358224,0.25377578,0.065342665
2366,-18.02192,0.65742064,1.5935674,0.2649403,0.21360208,0.08852069,0.08167833
2367,-18.00807,0.62299824,2.3986769,0.09162654,0.20106316,0.07191502,0.10209791
2368,-17.989319,0.6673719,3.077062,0.05158753,0.217361,0.050060246,0.1276224
2369,-17.993052,0.6005965,3.3741226,0.051521614,0.2034812,0.041418996,0.15952799
2370,-18.013123,0.6708074,1.8057822,0.04857762,0.21739808,0.040868323,0.19940999
2371,-17.988726,0.66819566,3.5237465,0.05476728,0.21910508,0.045554806,0.2
2372,-17.971188,0.76706135,3.3458688,0.06908572,0.25192145,0.05037228,0.2
2373,-17.996141,0.8846167,2.3701487,0.09104538,0.30529028,0.06764173,0.2
2374,-18.029701,0.6465641,0.9634323,0.12126607,0.21069461,0.08101651,0.2
2375,-18.007586,0.7128999,2.9687326,0.05001922,0.24748617,0.056453727,0.2
2376,-17.981672,0.6473805,3.4947166,0.13524179,0.20987163,0.068027325,0.2
2377,-17.994686,0.71978545,2.5213792,0.14424716,0.22896612,0.08429233,0.2
2378,-17.971388,0.8527688,3.2586286,0.29468024,0.29635894,0.18698075,0.2
2379,-17.995102,0.6279651,2.4866447,0.1569202,0.20210375,0.07521915,0.2
2380,-17.989384,0.6329949,2.8593075,0.12767401,0.20132585,0.08284615,0.2
2381,-18.00752,0.6662126,2.446631,0.24046035,0.22132812,0.11826776,0.2
2382,-17.97389,0.7555155,2.8150656,0.14559376,0.2512551,0.08189129,0.2
2383,-17.99377,0.6446336,2.8920608,0.31746176,0.21517183,0.1644762,0.2
2384,-17.987167,0.7585206,3.9375648,0.2564806,0.25906485,0.1191154,0.2
2385,-18.002348,0.6899783,1.9682547,0.16611107,0.23216987,0.08740977,0.2
2386,-17.98709,0.67099154,3.8077302,0.07551461,0.21243118,0.046973992,0.2
2387,-18.012218,0.63715714,2.015923,0.061756764,0.20114784,0.052338134,0.2
2388,-17.987896,0.69428,2.017601,0.064504884,0.23942342,0.053634413,0.2
2389,-17.999136,0.65593153,3.5913155,0.05416618,0.2182992,0.057252146,0.2
2390,-18.002337,0.6979376,2.4999924,0.08700449,0.2387037,0.08876125,0.2
2391,-18.006462,0.636245,2.2701514,0.21165709,0.1929763,0.10793828,0.2
2392,-17.979792,0.6834895,3.6007693,0.11445661,0.22540928,0.06712336,0.2
2393,-18.00071,0.6644654,2.6778002,0.1427842,0.20419484,0.067336544,0.2
2394,-17.995348,0.6870076,1.9356936,0.0922539,0.2140818,0.072021745,0.2
2395,-17.99898,0.6435143,2.46589,0.22580983,0.20592482,0.13363916,0.2
2396,-18.0033,0.6092446,2.8727493,0.3024538,0.1982403,0.13988951,0.2
2397,-17.984133,0.6568776,2.613022,0.49864027,0.20444272,0.23192962,0.15991771
2398,-17.972168,0.739141,2.8969936,0.657291,0.22842586,0.30934379,0.098744914
2399,-17.992075,0.61479914,2.9924018,0.38944963,0.19340259,0.113762364,0.123431146
2400,-17.998737,0.6863958,1.8221283,0.06572665,0.22399119,0.078709505,0.15428893
2401,-17.986332,0.67604136,3.3911448,0.09861238,0.21915922,0.0773607,0.19286117
2402,-17.975187,0.7164843,1.5656518,0.093931675,0.23488413,0.079437986,0.2
2403,-18.002613,0.73546267,2.0400069,0.2642422,0.22939742,0.14777671,0.2
2404,-17.986246,0.61707324,3.9496026,0.2747296,0.20041509,0.15526748,0.2
2405,-18.012968,0.64892316,2.531617,0.7058545,0.2026732,0.28556073,0.12714137
2406,-17.974348,1.0429274,3.4429078,0.581858,0.37405235,0.2709792,0.080774106
2407,-17.992952,0.69284374,1.4196638,0.19674772,0.2138835,0.0860838,0.10096763
2408,-18.041914,0.75892466,1.4693924,0.07658795,0.257235,0.057546426,0.12620954
2409,-18.006186,0.6411367,2.3902378,0.04914063,0.2096311,0.052338444,0.15776193
2410,-17.983212,0.704867,3.6926057,0.05631631,0.2370978,0.048250835,0.19720241
2411,-17.974566,0.78197795,3.2262394,0.07027348,0.27047965,0.066614665,0.2
2412,-18.029184,0.65193707,1.3401365,0.05086968,0.21105425,0.048454337,0.2
2413,-17.969864,0.95101,2.3896973,0.0972951,0.3314476,0.08953828,0.2
2414,-17.975988,0.7095066,3.1554947,0.1715431,0.23672162,0.10131911,0.2
2415,-17.998306,0.74510854,3.9338262,0.07533987,0.24785566,0.05755298,0.2
2416,-17.99726,0.64273286,3.8771887,0.2453476,0.21301448,0.12636493,0.2
2417,-17.994572,0.6323276,2.190259,0.17198236,0.20716299,0.08326185,0.2
2418,-17.985247,0.6995772,3.6081176,0.083097495,0.2274161,0.056466095,0.2
2419,-18.012476,0.7425209,2.6970544,0.054006632,0.24228822,0.055453543,0.2
2420,-17.977192,0.6843702,3.640364,0.067074075,0.21957943,0.058688734,0.2
2421,-17.981476,0.75118864,3.6690993,0.07328344,0.2529197,0.061823394,0.2
2422,-18.009178,0.682179,1.6589475,0.10022989,0.22091557,0.07000669,0.2
2423,-17.980606,0.7439142,3.7620816,0.121243276,0.2501547,0.083772704,0.2
2424,-18.004108,0.66881347,3.3411782,0.2563022,0.22089449,0.14527306,0.2
2425,-17.969667,0.79518,3.9055605,0.3165208,0.26764414,0.15496191,0.2
2426,-17.99914,0.6352423,2.635456,0.53404164,0.20054007,0.23885706,0.2
2427,-17.956263,0.7509797,4.068715,1.3457534,0.21243215,0.5469337,0.09067145
2428,-17.986843,0.71062994,3.749334,0.829306,0.21718782,0.27137867,0.061392676
2429,-17.981789,0.63397425,3.3233273,0.3266251,0.2107813,0.09950793,0.076740846
2430,-17.978586,0.72482985,2.4417958,0.11138556,0.23974535,0.080965124,0.09592606
2431,-18.015085,0.6107968,2.7629638,0.046418943,0.20521349,0.052127518,0.11990757
2432,-18.000437,0.7040976,1.7574809,0.04852721,0.23865186,0.04521243,0.14988446
2433,-17.986053,0.65074253,2.8649318,0.05376778,0.21063954,0.04254051,0.18735558
2434,-17.968887,0.8958315,4.8013663,0.08827764,0.29773566,0.07053858,0.2
2435,-17.976933,0.7020357,3.651965,0.08028688,0.23553753,0.06719236,0.2
2436,-18.006445,0.6804491,2.0615056,0.19957097,0.21886034,0.11863273,0.2
2437,-18.009695,0.6528841,2.4565485,0.23900168,0.20705895,0.11701323,0.2
2438,-17.970102,0.8418551,3.2908273,0.37934813,0.30063808,0.16086294,0.2
2439,-17.987421,0.7840638,3.2953787,0.6376502,0.25613403,0.28725994,0.18807545
2440,-18.002165,0.7501322,2.8803728,1.3587905,0.19336918,0.6183982,0.07950347
2441,-17.982016,0.76350546,3.494022,0.6213492,0.2391321,0.16159554,0.06544469
2442,-18.003202,0.7028173,2.84474,0.3235755,0.22990488,0.102640525,0.08180587
2443,-17.995378,0.6191332,3.5402496,0.081519306,0.20210189,0.085970074,0.10225734
2444,-17.991402,0.9527367,1.4742543,0.068288915,0.3302705,0.06312404,0.12782168
2445,-17.994719,0.6963378,3.2651336,0.06127126,0.22331336,0.044806346,0.1597771
2446,-18.00186,0.6739183,3.3153918,0.051679906,0.22871026,0.053454306,0.19972138
2447,-17.968288,0.6869081,2.64811,0.06517652,0.22183067,0.05358854,0.2
2448,-18.000984,0.7533053,1.8833452,0.11697943,0.24884142,0.08645815,0.2
2449,-17.95487,0.85381657,5.6352406,0.10613498,0.2947673,0.082262374,0.2
2450,-18.005056,0.67483526,3.2064936,0.18319744,0.21541226,0.106021434,0.2
2451,-17.972057,0.6325784,3.6289816,0.0835527,0.20609622,0.077763684,0.2
2452,-17.9901,0.63905656,3.624975,0.22906114,0.20420696,0.12671345,0.2
2453,-17.969463,0.6772648,4.3386745,0.09732756,0.21629684,0.069567636,0.2
2454,-17.958452,0.8046259,4.2703094,0.15862362,0.25853896,0.0850107,0.2
2455,-17.992296,0.7815522,2.946139,0.11621457,0.26608306,0.084668435,0.2
2456,-17.98764,0.6623682,2.5491624,0.33026853,0.21718317,0.17037018,0.2
2457,-18.00267,0.7110943,2.6334584,0.48016945,0.2281582,0.20692287,0.17631708
2458,-17.978655,0.7650511,3.09684,0.7523209,0.2398067,0.30060655,0.12138453
2459,-18.018196,0.72924817,1.6032248,0.6690875,0.23728187,0.23892683,0.08590931
2460,-17.9987,0.7460625,3.4576712,0.18696363,0.2512997,0.09385453,0.107386634
2461,-17.997974,0.6627723,2.878185,0.094817005,0.23276204,0.05810691,0.1342333
2462,-18.02832,0.790328,1.1158001,0.07323354,0.26980668,0.056979306,0.16779162
2463,-18.009312,0.6193174,2.6836941,0.093762964,0.20445642,0.06276022,0.2
2464,-18.015312,0.70330346,1.9566162,0.09076686,0.2385024,0.08157796,0.2
2465,-17.989122,0.72103363,2.6467772,0.25791448,0.23194842,0.15388629,0.2
2466,-18.001183,0.66070414,3.58374,0.2723373,0.2145768,0.13753897,0.2
2467,-17.968746,1.254432,3.9440858,0.44423392,0.45726806,0.19157715,0.19209209
2468,-17.985363,0.6291599,3.4629488,0.43616426,0.20182247,0.24950431,0.2
2469,-17.978384,0.75456166,4.3594546,1.2668637,0.21588984,0.527735,0.08797032
2470,-17.995718,0.8015205,3.7349582,0.6262667,0.25722674,0.17203714,0.07157381
2471,-17.968403,0.67224884,4.498199,0.25734088,0.22269346,0.10500205,0.08946726
2472,-18.01158,0.71130115,3.5544674,0.079004265,0.22283615,0.08385291,0.11183407
2473,-18.004389,0.6914507,4.059875,0.06337846,0.22790964,0.054547854,0.13979259
2474,-17.986805,0.59549004,3.058027,0.06633483,0.20092477,0.050134618,0.17474073
2475,-18.00334,0.66317433,3.2268953,0.105943605,0.2179967,0.06407368,0.2
2476,-17.997734,0.6630928,3.0506175,0.11673088,0.21063429,0.09446154,0.2
2477,-17.968609,1.0982004,3.596241,0.2707437,0.4204011,0.17276542,0.2
2478,-17.996523,0.6443815,2.9493155,0.2083954,0.20827429,0.1164481,0.2
2479,-17.994106,0.65703607,2.253863,0.31878367,0.21789025,0.12120739,0.2
2480,-17.990452,0.6930877,3.0756009,0.105818965,0.23045233,0.09016013,0.2
2481,-18.000177,0.7121168,3.0762422,0.25559488,0.2312697,0.116586685,0.2
2482,-17.977827,0.7199187,3.4330397,0.10493329,0.23515113,0.075340725,0.2
2483,-18.006798,0.6025075,2.4609432,0.2501163,0.19125886,0.14027517,0.2
2484,-17.998997,0.7102208,2.7373438,0.23342375,0.22119789,0.099443495,0.2
2485,-17.99128,0.59903604,3.7226772,0.2064249,0.19127975,0.08121629,0.2
2486,-17.997253,0.61656225,3.6634998,0.08688971,0.20105404,0.057029694,0.2
2487,-17.966734,0.74688214,4.363857,0.1546373,0.24564135,0.08307338,0.2
2488,-17.99445,0.6997151,2.2609777,0.081404194,0.23294394,0.064581364,0.2
2489,-17.98378,0.76203346,3.7824402,0.27553692,0.265555,0.15282199,0.2
2490,-18.021843,0.6316236,2.438619,0.3993313,0.20320597,0.18389411,0.2
2491,-17.998882,0.72824246,4.1042027,0.702208,0.23310645,0.2941449,0.13912597
2492,-17.98189,0.810587,4.898814,0.6843644,0.26330677,0.2916697,0.09434354
2493,-17.984573,0.76877207,4.65959,0.2885543,0.2531036,0.08311605,0.11792943
2494,-17.98527,1.1978208,3.7928226,0.09419534,0.45389795,0.08893569,0.1474118
2495,-17.99054,0.70491457,4.2663617,0.07277056,0.23671749,0.07270012,0.18426475
2496,-18.027344,0.6793542,2.2529411,0.07095543,0.22543663,0.07536784,0.2
2497,-17.997961,0.8133364,2.544064,0.1848854,0.28096256,0.12081501,0.2
2498,-18.002523,0.6715481,3.5650308,0.08371723,0.21146478,0.06096687,0.2
2499,-17.975164,0.73704827,4.4592776,0.089416474,0.23780745,0.05641044,0.2
2500,-17.991875,0.6720152,3.2077084,0.046498984,0.21871412,0.053761203,0.2
2501,-18.003452,0.6754894,1.9697558,0.15014942,0.22090553,0.08558364,0.2
2502,-17.98244,0.6172206,3.2856228,0.04645998,0.20158187,0.046316728,0.2
2503,-17.990343,0.67374575,3.7441254,0.08979793,0.22113454,0.06691444,0.2
2504,-17.984999,0.7442021,4.312774,0.05994124,0.24551494,0.064705044,0.2
2505,-18.008368,0.65944517,2.7468128,0.16075002,0.21340464,0.097121924,0.2
2506,-18.009426,0.7631799,2.6469102,0.06194925,0.24001254,0.06142756,0.2
2507,-18.003551,0.7099367,3.6417859,0.0980515,0.2296732,0.06613991,0.2
2508,-18.006878,0.7168721,3.6170561,0.056110885,0.24183394,0.042036314,0.2
2509,-17.995457,0.65827173,2.2202196,0.06336862,0.2132323,0.05361932,0.2
2510,-17.984453,0.66529804,3.343281,0.058161363,0.22325167,0.05123917,0.2
2511,-17.989038,0.6760616,3.7681901,0.08860616,0.22075923,0.06713018,0.2
2512,-17.995316,0.66301036,3.9420137,0.057461042,0.21685517,0.05529524,0.2
2513,-17.99497,0.7031949,2.976504,0.14118509,0.23589022,0.08517305,0.2
2514,-18.010988,0.63515407,3.4793305,0.113892786,0.20439638,0.060923424,0.2
2515,-18.010588,0.6640994,3.0406325,0.05429553,0.22484238,0.050427604,0.2
2516,-18.014519,0.6301097,3.176684,0.14856417,0.21070756,0.09025063,0.2
2517,-17.992224,0.6671452,3.6332858,0.13297692,0.21159337,0.07124364,0.2
2518,-17.978836,0.757339,2.836297,0.11518574,0.26254627,0.050880272,0.2
2519,-17.993687,0.62879395,3.3864882,0.057510793,0.20584403,0.047618885,0.2
2520,-17.978453,0.6798321,4.111787,0.13012902,0.22283615,0.079923116,0.2
2521,-17.977531,0.6101486,3.894299,0.112644166,0.19355577,0.05767151,0.2
2522,-18.00349,0.5683949,2.4530497,0.11280252,0.19173932,0.047877297,0.2
2523,-17.982456,0.6849132,3.6057105,0.07650483,0.21913558,0.058412507,0.2
2524,-18.01261,0.77453834,1.9329185,0.17495653,0.25781348,0.10834826,0.2
2525,-18.000324,0.6701234,3.3039682,0.29373515,0.21838696,0.13145168,0.2
2526,-17.994934,0.7060584,3.088922,0.6074977,0.22114071,0.27671522,0.15326014
2527,-17.99054,0.7621196,2.31114,1.0752763,0.22129217,0.483588,0.07541066
2528,-17.987906,0.71924365,3.8465507,0.55064225,0.23528378,0.13801964,0.064195275
2529,-18.011734,0.67312574,3.4285126,0.24660029,0.22426586,0.08514315,0.080244094
2530,-17.992691,0.7910542,2.754505,0.078011654,0.26611388,0.074723,0.10030512
2531,-17.998632,0.75513494,3.2435834,0.04333106,0.21287285,0.046300866,0.1253814
2532,-18.003716,0.62832195,2.473985,0.042980235,0.21203372,0.043448042,0.15672675
2533,-17.984901,0.76579756,2.9406083,0.05207829,0.26161903,0.04190195,0.19590843
2534,-17.969574,0.7460187,3.9693482,0.061722495,0.23537485,0.053961094,0.2
2535,-17.999344,0.62092143,1.9602854,0.052853215,0.20226924,0.05343653,0.2
2536,-17.975182,0.6634469,3.7844727,0.056974,0.22280496,0.04376589,0.2
2537,-17.980827,0.620003,2.9209557,0.061028976,0.19381922,0.05508875,0.2
2538,-17.992264,1.0980651,3.9074578,0.16257651,0.37684163,0.10161227,0.2
2539,-17.997528,0.62503064,3.3577626,0.17729402,0.19359568,0.0854,0.2
2540,-18.00417,0.77321064,1.5580366,0.21275069,0.26457667,0.09186628,0.2
2541,-18.006113,0.63552994,2.5330071,0.29308495,0.21070519,0.12838154,0.2
2542,-18.028656,0.6786811,2.6364243,0.63373435,0.21314143,0.26081318,0.14945997
2543,-17.986156,0.7176344,3.7506313,0.96242434,0.208835,0.41481525,0.07522786
2544,-18.008223,0.76578027,2.526544,0.4410191,0.26145032,0.096692234,0.07035854
2545,-18.008867,0.6817092,3.2850037,0.20104216,0.22515298,0.08405073,0.08794817
2546,-18.008204,0.5878319,4.3440127,0.05764134,0.19381681,0.063365534,0.10993522
2547,-17.990442,0.651547,3.4561605,0.046508975,0.21681756,0.039071605,0.13741902
2548,-17.985653,0.7064556,4.017504,0.060594656,0.2307616,0.05044843,0.17177376
2549,-17.998234,0.63713837,2.9484606,0.053081263,0.20884222,0.042792432,0.2
2550,-17.960266,0.7493274,4.243209,0.08758318,0.2536887,0.06166376,0.2
2551,-17.992477,0.669064,2.5026734,0.1715849,0.21010762,0.10243571,0.2
2552,-17.998709,0.74415004,1.964147,0.18729208,0.23466235,0.10151248,0.2
2553,-17.97938,0.7339277,3.8615985,0.29750654,0.24033612,0.1243704,0.2
2554,-17.990946,0.6621764,2.5160058,0.37265953,0.21112351,0.19177775,0.2
2555,-17.972532,0.7406185,3.0217757,0.97740847,0.22359677,0.42400053,0.10444778
2556,-17.986418,0.6364183,3.1011982,0.8319566,0.19547348,0.29079205,0.06766893
2557,-17.943731,0.6843923,4.956123,0.293174,0.2185512,0.09776076,0.08458616
2558,-17.991426,0.6998064,2.036051,0.08051424,0.23213622,0.08627467,0.105732694
2559,-18.00556,0.62765574,2.771494,0.052118603,0.20778294,0.04952558,0.13216586
2560,-18.001226,0.6140869,3.1442735,0.051314767,0.20551656,0.04320637,0.16520733
2561,-18.002333,0.68182665,3.7974653,0.06216414,0.23080286,0.048169695,0.2
2562,-18.01896,0.6670059,4.0198045,0.05797096,0.22028819,0.046889294,0.2
2563,-17.976408,0.63886434,3.2507842,0.11900903,0.20488554,0.06414012,0.2
2564,-17.991032,0.68347496,2.9675639,0.13690466,0.21409997,0.07497303,0.2
2565,-17.991426,0.675299,2.2551222,0.29274204,0.22140443,0.13439047,0.2
2566,-17.987766,0.6553465,2.3714647,0.20674667,0.20884559,0.112885185,0.2
2567,-18.00591,0.59151924,1.5730261,0.3661834,0.18089785,0.14802964,0.2
2568,-17.994387,0.6806308,3.700384,0.54122156,0.22092706,0.2752833,0.13590147
2569,-17.964828,1.357419,4.2875085,0.85273707,0.4269539,0.3223445,0.08159185
2570,-18.000956,0.6736583,1.6726996,0.28683433,0.22104959,0.0831976,0.10198981
2571,-17.989038,0.6360391,3.5821433,0.08086204,0.19575535,0.0681263,0.12748727
2572,-17.994223,0.71267164,3.3264494,0.05576669,0.22884208,0.0600892,0.1593591
2573,-17.99245,0.67577475,3.1884372,0.05123716,0.22471645,0.039289773,0.19919887
2574,-17.990593,0.6820411,3.22685,0.05945798,0.23130837,0.05110352,0.2
2575,-17.97711,0.64692676,3.6755028,0.07818176,0.20716868,0.05472474,0.2
2576,-18.0081,0.63094896,2.6536024,0.10788463,0.20981167,0.06115299,0.2
2577,-17.992813,0.6016033,3.0956585,0.21405686,0.18268193,0.123163454,0.2
2578,-17.984003,0.621496,3.1570606,0.21966027,0.19978966,0.11315016,0.2
2579,-17.981663,1.0114859,3.286512,0.3886459,0.35769,0.15875112,0.2
2580,-17.983131,0.6223612,3.087711,0.48383516,0.19636513,0.23562185,0.2
2581,-17.975183,0.76565576,2.941208,1.358348,0.2177163,0.5481234,0.076610155
2582,-17.982859,0.7688805,3.71844,0.52073675,0.25159287,0.12110854,0.06803915
2583,-17.951843,0.8233425,3.9553633,0.23891865,0.28663892,0.09100533,0.08504894
2584,-17.97954,0.67186105,2.9445436,0.06884077,0.22029026,0.07641994,0.10631117
2585,-17.964457,1.0374845,3.9270043,0.07749766,0.36380726,0.08184973,0.13288897
2586,-17.973446,0.7555128,3.3762,0.066870086,0.2506398,0.047840107,0.16611122
2587,-17.992123,0.545087,2.809117,0.06163377,0.1707766,0.041023966,0.2
2588,-17.979082,0.67624325,3.0754993,0.056357864,0.22840518,0.04204406,0.2
2589,-17.99085,0.7823972,3.2216432,0.079769455,0.2589074,0.07352943,0.2
2590,-17.985214,0.6625367,2.6561108,0.09340146,0.2178723,0.06363899,0.2
2591,-17.991367,0.73328024,1.5578246,0.18982807,0.24219672,0.10412096,0.2
2592,-18.00534,0.637192,1.9835159,0.11217015,0.2084068,0.06717525,0.2
2593,-17.977753,0.6918573,3.8967767,0.2539506,0.222306,0.14112557,0.2
2594,-17.996683,0.7181563,3.0635583,0.295876,0.23959295,0.13092089,0.2
2595,-18.013254,0.6727704,1.0249459,0.40125296,0.20613456,0.16356453,0.2
2596,-17.934086,0.866683,3.4853718,0.6039494,0.29900944,0.26512817,0.15635337
2597,-17.978807,0.6942729,3.0181828,0.73394436,0.20846406,0.3239862,0.11799465
2598,-17.978199,0.97012836,3.2339957,0.57688606,0.33581975,0.18923208,0.09975137
2599,-17.953117,0.765119,3.5327392,0.11870539,0.24700505,0.088757135,0.12468921
2600,-17.99934,0.709768,3.3615496,0.07820312,0.24221215,0.06390339,0.15586151
2601,-17.986656,0.64699876,3.9628286,0.048738178,0.20882921,0.051226728,0.19482689
2602,-17.999804,0.62974185,3.8650093,0.05328835,0.20455542,0.04863937,0.2
2603,-18.008705,0.74669594,2.0553653,0.06939647,0.25594616,0.05746449,0.2
2604,-17.994173,0.6398461,3.5458143,0.04945191,0.21153736,0.042442452,0.2
2605,-17.99758,0.72011626,2.665079,0.05166392,0.24610198,0.047219582,0.2
2606,-17.998846,0.6706518,3.6064837,0.050054632,0.22119093,0.04448485,0.2
2607,-17.982285,0.587052,3.872937,0.050049316,0.18634894,0.048292562,0.2
2608,-17.972904,0.69466287,4.704343,0.06942683,0.22661157,0.06453571,0.2
2609,-17.987207,0.86539507,2.8799684,0.13392372,0.2876727,0.124327764,0.2
2610,-17.98348,0.612463,3.3954246,0.18649635,0.19514449,0.09538859,0.2
2611,-17.981453,0.6500824,3.4821918,0.0703586,0.21053246,0.06367281,0.2
2612,-18.001602,0.6401992,2.5521595,0.09113184,0.20979647,0.06202512,0.2
2613,-18.012299,0.6472941,1.6994817,0.06812654,0.21243301,0.060213752,0.2
2614,-17.972776,0.8543048,3.4926429,0.20339505,0.2852356,0.124871165,0.2
2615,-18.013672,0.6966607,2.5066063,0.23817988,0.23547387,0.0987431,0.2
2616,-17.993626,0.6648402,3.0653853,0.24405277,0.22091794,0.1047909,0.2
2617,-17.99734,0.77534014,3.8018441,0.25864708,0.25937137,0.13149914,0.2
2618,-17.979403,0.645081,3.5615187,0.4304217,0.20725337,0.19497213,0.2
2619,-17.98874,0.62197673,2.513673,0.8680684,0.18282144,0.41416594,0.11064836
2620,-17.988228,0.6679227,2.0584254,0.84036875,0.20303361,0.3287792,0.06400816
2621,-18.0242,0.69063133,2.026888,0.29269955,0.22807577,0.10033607,0.080010206
2622,-17.983175,0.7793704,3.409977,0.09492681,0.25923628,0.08429501,0.10001276
2623,-17.987343,0.7840075,3.8095908,0.06270468,0.25346005,0.067034215,0.12501594
2624,-17.966318,1.0550749,4.7425456,0.09081848,0.36783805,0.082233325,0.15626994
2625,-17.986933,0.68051267,2.2779768,0.05540247,0.22134084,0.0549206,0.19533741
2626,-17.986343,0.66327584,3.644013,0.048464727,0.2125067,0.045845415,0.2
2627,-17.97986,0.94220275,3.453299,0.07898391,0.34152347,0.06515339,0.2
2628,-18.004068,0.70695144,4.168461,0.07383492,0.2375377,0.06399581,0.2
2629,-17.993458,0.6640939,3.0186493,0.1438479,0.21115676,0.07958912,0.2
2630,-18.018953,0.7356371,2.8964934,0.15762553,0.24930654,0.08858221,0.2
2631,-17.969954,0.6932799,4.3317146,0.2902331,0.21835689,0.17009564,0.2
2632,-17.9742,0.804696,4.4701757,0.2978603,0.2723927,0.1630978,0.2
2633,-17.999102,0.74130327,3.5239797,0.33452955,0.24256553,0.1586197,0.2
2634,-17.988644,0.74027747,2.9920847,0.48210862,0.24929062,0.21228097,0.2
2635,-17.991257,0.67243904,3.5319881,0.8238687,0.19856685,0.39262015,0.13183452
2636,-17.999262,0.7539562,2.518527,0.9543867,0.23311539,0.38247305,0.07636409
2637,-17.9679,0.75162625,4.520667,0.3041986,0.25353533,0.08110165,0.09545512
2638,-17.991207,0.7198408,3.6039708,0.10324327,0.24015497,0.07679441,0.119318895
2639,-17.988417,0.7483441,4.208895,0.07614343,0.2486243,0.06355894,0.14914861
2640,-17.993921,0.60172725,3.5958357,0.06810771,0.19761686,0.051116608,0.18643576
2641,-18.009184,0.63791484,2.125444,0.122916326,0.21514376,0.075337075,0.2
2642,-17.960758,0.960669,5.238744,0.106346376,0.32883617,0.09039331,0.2
2643,-17.986216,0.7290105,3.3773072,0.23166603,0.24144363,0.14514884,0.2
2644,-17.990116,0.818173,3.8732667,0.09757904,0.27155536,0.08526077,0.2
2645,-18.001,0.6695321,2.848782,0.3071242,0.22152503,0.1286876,0.2
2646,-18.015987,0.6332703,2.0216606,0.07203585,0.20557396,0.05056424,0.2
2647,-18.005144,0.65485257,3.7206738,0.08401112,0.22182001,0.055765394,0.2
2648,-18.016657,0.62300074,1.8372028,0.061728057,0.20465028,0.054920353,0.2
2649,-17.978579,0.72496635,3.4154165,0.11221147,0.2278892,0.08397432,0.2
2650,-18.004282,0.7033876,3.8765595,0.1033914,0.23447002,0.077652045,0.2
2651,-17.974993,0.7463787,3.6971624,0.28577495,0.2463552,0.1561362,0.2
2652,-17.987177,0.6310225,3.1183975,0.31501845,0.20131949,0.14354229,0.2
2653,-17.998192,0.70336753,2.9787757,0.41816184,0.2271697,0.17202577,0.2
2654,-17.963379,0.6904236,5.097483,0.5241342,0.2173532,0.23925471,0.19954138
2655,-17.984352,0.6925165,4.2302184,0.909876,0.20417003,0.43409473,0.10819126
2656,-17.991556,0.69948745,3.52796,0.69158745,0.22763714,0.20596904,0.080897965
2657,-17.98367,0.61456126,3.5418086,0.20799962,0.1955674,0.080928326,0.101122454
2658,-18.01909,0.6596487,2.7315326,0.0666685,0.21821637,0.063477784,0.12640306
2659,-18.000296,0.62382466,2.340934,0.053772874,0.2024281,0.053411625,0.15800384
2660,-18.010548,0.6135814,2.0237932,0.047643706,0.19639061,0.050130576,0.19750479
2661,-18.003149,0.65306026,2.8439589,0.06582508,0.21704923,0.058893375,0.2
2662,-17.97532,0.70590967,4.499754,0.13143227,0.23727138,0.07979557,0.2
2663,-17.98885,0.65277094,2.6934628,0.049900595,0.21167992,0.06019899,0.2
2664,-17.990435,0.5917282,2.7110004,0.13921097,0.19266412,0.0962993,0.2
2665,-17.994772,0.6347188,3.404668,0.1513311,0.19931254,0.09484239,0.2
2666,-17.97298,0.80121017,3.883281,0.35728157,0.25708658,0.18656062,0.2
2667,-17.972277,0.7390706,2.6917906,0.45127016,0.24888697,0.21994546,0.2
2668,-17.987597,0.7141105,3.8534706,0.947521,0.21440668,0.4335418,0.118410446
2669,-18.009851,0.71452385,2.0668197,1.0774474,0.21402362,0.40389273,0.06579996
2670,-17.993128,0.7289743,2.7337506,0.39218187,0.23177621,0.12150772,0.08224995
2671,-17.979996,0.7321914,2.9353886,0.09526971,0.25501713,0.10002121,0.10281243
2672,-17.98053,0.81581306,3.377134,0.07527404,0.28932717,0.061603516,0.12851554
2673,-18.002542,0.67943525,2.498715,0.055080045,0.22347412,0.049054746,0.16064443
2674,-18.01148,0.730376,3.6706297,0.07270421,0.24234737,0.05953932,0.2
2675,-17.987852,0.608831,4.6330996,0.07285563,0.19024271,0.053191617,0.2
2676,-17.999973,0.6236292,3.2602673,0.10707409,0.2049451,0.070964165,0.2
2677,-18.017603,0.788909,1.686983,0.09587586,0.26317716,0.079797186,0.2
2678,-18.032614,0.6889669,2.2733285,0.2708957,0.23293678,0.16504602,0.2
2679,-17.989363,0.7065939,3.0281792,0.34537822,0.22476007,0.1655247,0.2
2680,-17.997948,0.64986753,3.2280252,0.6671235,0.20203032,0.26182857,0.15110454
2681,-17.97821,0.74174106,4.055551,0.71717745,0.23491377,0.30450454,0.09382717
2682,-18.010612,0.7579359,1.5305204,0.31637537,0.24887109,0.0832702,0.11728397
2683,-17.978209,0.7844893,4.2605534,0.10643017,0.26444066,0.064507626,0.14660496
2684,-17.992552,0.7754401,2.4573655,0.08412019,0.26485282,0.066494055,0.1832562
2685,-17.98989,0.75449,1.8119769,0.08043487,0.2557642,0.07481874,0.2
2686,-18.00545,0.6839585,2.1383376,0.24641807,0.22614808,0.15237486,0.2
2687,-18.013985,0.664703,2.6078138,0.31974387,0.21936713,0.1403999,0.2
2688,-17.959402,0.64683354,3.1965442,0.40298936,0.1989563,0.1809194,0.19731829
2689,-18.012695,0.69196254,1.692165,0.64513326,0.2211228,0.2966903,0.13529225
2690,-17.984926,0.74207455,1.4925798,0.6869581,0.2295161,0.279236,0.08942062
2691,-17.998707,0.617698,3.638874,0.21931799,0.19704546,0.086442,0.11177577
2692,-17.98465,0.6839457,4.083897,0.07284281,0.23125716,0.06324753,0.13971971
2693,-17.997618,0.6173523,3.1464503,0.056503497,0.19865806,0.05022003,0.17464964
2694,-17.992395,0.72470134,3.4193914,0.077066705,0.24058011,0.05475593,0.2
2695,-17.984539,0.68560386,3.3502185,0.08282301,0.21896638,0.071927354,0.2
2696,-18.026499,0.5766024,1.8033829,0.1804901,0.1890781,0.09883596,0.2
2697,-17.993187,0.66076565,3.4485793,0.13475098,0.21380955,0.092347644,0.2
2698,-17.980936,0.76805156,4.0905414,0.33796197,0.25988308,0.19646257,0.2
2699,-17.999788,0.65315807,2.4962347,0.37649974,0.200398,0.18280801,0.2
2700,-18.007093,0.690005,3.0043573,0.58378,0.22051738,0.218199,0.15662283
2701,-17.967604,0.6495353,5.4160447,0.5155422,0.2004936,0.20105156,0.1332355
2702,-17.975597,0.6543374,4.7809544,0.27326912,0.20754763,0.10578522,0.13139349
2703,-17.996042,0.68704784,2.9769595,0.06800439,0.2235756,0.07716228,0.16424187
2704,-18.007992,0.76077837,2.0851738,0.12698765,0.25119022,0.09646579,0.2
2705,-17.994278,0.61551195,2.9245017,0.093752764,0.20020303,0.082565814,0.2
2706,-17.998755,0.70373297,3.592988,0.25736052,0.23299617,0.1602423,0.2
2707,-17.982094,0.71070415,3.7449234,0.22448009,0.21925855,0.11952003,0.2
2708,-18.001257,0.7004525,3.0126953,0.21042265,0.22811893,0.07929889,0.2
2709,-18.011452,0.67419994,2.9192548,0.17084467,0.22553425,0.10340949,0.2
2710,-18.016855,0.6250435,1.6999949,0.3710517,0.195339,0.1930719,0.2
2711,-18.005068,0.63962394,2.575288,0.1538859,0.20203023,0.093174994,0.2
2712,-17.999956,0.6501495,2.9014375,0.07521122,0.21806297,0.05457688,0.2
2713,-18.004494,0.7003668,3.2029734,0.12593092,0.23172393,0.08955966,0.2
2714,-17.999664,0.69342595,3.278473,0.07407675,0.21753603,0.06734456,0.2
2715,-18.001223,0.70524573,4.9190145,0.2126442,0.2305701,0.12127384,0.2
2716,-18.006351,0.6242323,4.6301165,0.10900497,0.19945969,0.072202444,0.2
2717,-18.00178,0.66053754,3.8135507,0.10288667,0.21104005,0.06130991,0.2
2718,-18.004896,0.64408755,3.0304255,0.04569711,0.21422051,0.051831055,0.2
2719,-17.979841,0.628836,4.238867,0.10327891,0.21276362,0.06882285,0.2
2720,-17.992277,0.7133048,3.2599063,0.11736203,0.23290704,0.07829912,0.2
2721,-17.993395,0.70317364,4.007172,0.26610425,0.22392339,0.14598602,0.2
2722,-17.967184,0.6921847,3.434044,0.29757252,0.22681917,0.14391628,0.2
2723,-17.978613,0.7763894,5.043443,0.55104136,0.25108612,0.23271339,0.17413948
2724,-17.987991,0.6961816,2.739493,1.076254,0.19585347,0.44516477,0.09923944
2725,-17.980701,0.6979611,4.938175,0.872142,0.21776368,0.28551874,0.0618773
2726,-18.005869,0.7264175,3.4578402,0.3131354,0.23936671,0.105091795,0.07734662
2727,-17.979591,0.7544317,4.14788,0.09251511,0.25042006,0.08726036,0.09668328
2728,-17.99864,0.6151998,3.026872,0.058250375,0.20046395,0.056315873,0.120854095
2729,-18.008436,0.6485716,2.3560777,0.053589344,0.20141156,0.046757262,0.15106761
2730,-17.95701,1.093936,4.79593,0.094735354,0.4039435,0.06496393,0.18883452
2731,-17.996582,0.7426082,2.1506548,0.06082206,0.24571712,0.044320162,0.2
2732,-17.98647,0.7137351,3.1682959,0.061654683,0.23477978,0.0540586,0.2
2733,-18.015345,0.6550194,2.7511353,0.12490312,0.21320777,0.08242424,0.2
2734,-17.978657,0.73810506,3.8772144,0.07147043,0.23946548,0.0703113,0.2
2735,-18.015535,0.6317924,2.0729012,0.13479096,0.20912458,0.08148685,0.2
2736,-18.002155,0.6501391,4.272087,0.115676485,0.22042665,0.074808374,0.2
2737,-17.983469,0.6396755,3.675321,0.26869163,0.20357163,0.15223707,0.2
2738,-17.984167,0.6812443,3.5696359,0.26527306,0.23063098,0.115083024,0.2
2739,-18.032814,0.6618041,2.790689,0.2194755,0.21239062,0.0986215,0.2
2740,-17.985245,0.6753746,3.8433769,0.1649319,0.22694507,0.07617043,0.2
2741,-18.027641,0.62387383,2.662019,0.05380052,0.20664509,0.040577896,0.2
2742,-17.991776,0.66104746,4.542505,0.058197457,0.2200464,0.048317857,0.2
2743,-17.9948,0.6470857,3.1750748,0.056406427,0.21096064,0.04334606,0.2
2744,-17.985922,0.6755383,3.7086468,0.094495654,0.22103266,0.062261976,0.2
2745,-18.009312,0.6105746,3.8872683,0.08168058,0.20913696,0.06010777,0.2
2746,-17.952406,1.2680643,4.9089026,0.20734167,0.46803942,0.12935983,0.2
2747,-17.977156,0.6755454,3.9345968,0.07335026,0.22298366,0.060917467,0.2
2748,-17.989866,0.64550763,3.8006814,0.086975515,0.22273602,0.053358823,0.2
2749,-18.005589,0.6538621,4.176868,0.04720951,0.21376388,0.036759593,0.2
2750,-18.01114,0.6338257,3.2363915,0.05826566,0.20996438,0.04847978,0.2
2751,-18.003027,0.6516951,2.6582286,0.047983017,0.21975978,0.03671866,0.2
2752,-17.992184,0.65977186,4.691085,0.084369406,0.21005636,0.054068726,0.2
2753,-18.007519,0.73853105,3.202251,0.10316951,0.24439977,0.06607611,0.2
2754,-17.9815,0.8261684,4.7935085,0.21412836,0.28186774,0.10916547,0.2
2755,-18.005384,0.6179858,2.499586,0.13984258,0.19282064,0.086869635,0.2
2756,-18.007666,0.64471406,2.2546527,0.21000937,0.21129665,0.091063835,0.2
2757,-17.981466,0.67779976,2.5777752,0.18196829,0.2204329,0.09213755,0.2
2758,-17.950031,0.9600633,5.517347,0.23665193,0.32586733,0.11673605,0.2
2759,-17.985641,0.73214304,4.3847017,0.27592534,0.23669116,0.15150954,0.2
2760,-17.945642,1.1503906,5.348409,0.728667,0.41460118,0.3111952,0.16114937
2761,-17.945587,1.0990509,5.7960887,1.3088735,0.35743234,0.58020604,0.11811618
2762,-17.963482,0.9040892,5.063841,1.6219351,0.24866986,0.6619093,0.06449481
2763,-17.9743,0.79129744,5.2250204,0.5746376,0.26266024,0.14861146,0.080618516
2764,-18.000969,0.6412518,2.8916905,0.20778486,0.19951609,0.0982075,0.10077314
2765,-17.97989,0.61779654,5.0335994,0.07658718,0.20788197,0.06660261,0.12596643
2766,-18.011292,0.6941257,4.0116286,0.07390123,0.23397687,0.06253675,0.15745804
2767,-17.999683,0.65627855,4.065967,0.045538597,0.21528436,0.047961958,0.19682255
2768,-18.016047,0.7535462,2.4399405,0.06954085,0.25342205,0.05730942,0.2
2769,-17.981909,0.61085176,4.241733,0.069252886,0.19932766,0.06435818,0.2
2770,-18.023926,0.73703057,2.4100335,0.16261399,0.2553529,0.09383527,0.2
2771,-17.968515,0.6929544,4.7801976,0.08399486,0.22309096,0.062740356,0.2
2772,-17.996426,0.6300774,3.372199,0.19925627,0.19921081,0.11371399,0.2
2773,-18.022097,0.7400371,3.4516947,0.13570687,0.24616095,0.07130028,0.2
2774,-17.99068,0.6660965,3.7261658,0.061100744,0.20812234,0.0709657,0.2
2775,-18.034567,0.61873007,1.0239009,0.17005497,0.19650003,0.108160615,0.2
2776,-17.998497,0.5977291,4.247064,0.11543571,0.188957,0.07188742,0.2
2777,-17.993093,0.6896343,3.489932,0.14038873,0.23051947,0.064070225,0.2
2778,-17.986227,0.70056957,2.6436143,0.08014592,0.2335169,0.06989608,0.2
2779,-17.984423,0.61183375,4.109136,0.14876297,0.20603523,0.09763865,0.2
2780,-18.0044,0.616535,2.4966843,0.11460527,0.20385069,0.07083753,0.2
2781,-17.991879,0.68076724,4.339709,0.31138378,0.22481358,0.17857064,0.2
2782,-18.001102,0.6333385,2.9646711,0.5187111,0.20075332,0.21884577,0.19688188
2783,-17.987513,0.7557122,2.323146,0.8495067,0.23215945,0.35876873,0.11779563
2784,-17.955402,0.6798627,4.225935,0.70593125,0.20810728,0.24453577,0.08030876
2785,-17.982721,0.6570047,3.4354603,0.18258272,0.21392961,0.08633732,0.10038595
2786,-18.005,0.6358532,2.5165412,0.07985533,0.20214613,0.060670648,0.12548244
2787,-17.973492,0.82712877,2.8188815,0.066237174,0.28595316,0.05398112,0.15685305
2788,-18.003105,0.6952152,2.605407,0.052381553,0.2332547,0.044066638,0.19606632
2789,-18.01489,0.6499842,2.180575,0.0581652,0.21436055,0.060570847,0.2
2790,-18.0146,0.61281645,1.389136,0.058160357,0.19781907,0.04723811,0.2
2791,-18.00024,0.74763316,3.550137,0.11043539,0.24984112,0.07992588,0.2
2792,-17.992048,0.6527963,2.7893348,0.11787858,0.21031289,0.08189387,0.2
2793,-17.980822,0.76854575,3.5073047,0.31999817,0.25470933,0.16847111,0.2
2794,-18.010265,0.6785005,3.566308,0.48754424,0.21953426,0.21235251,0.2
2795,-17.962559,0.86073613,3.5851755,0.7932712,0.28307557,0.35359848,0.12592633
2796,-17.978867,0.7660305,3.656614,0.6342252,0.24922436,0.22360674,0.111314684
2797,-18.002567,0.66521025,2.706242,0.14350645,0.22714722,0.08020219,0.13914335
2798,-17.968796,0.73034555,4.879118,0.13159217,0.24208014,0.087700665,0.17392918
2799,-17.982656,0.7193753,3.629688,0.09248415,0.23186222,0.080923915,0.2
2800,-17.974508,0.68529266,3.1587653,0.22084568,0.23232874,0.1328251,0.2
2801,-17.995188,0.76129556,3.3994753,0.078221135,0.2564636,0.071660616,0.2
2802,-17.995504,0.5960125,3.5435612,0.2093772,0.18680899,0.13244025,0.2
2803,-18.004593,0.6374182,2.4471421,0.06438899,0.21231517,0.053363673,0.2
2804,-17.970774,0.7108589,3.178814,0.093619056,0.23751405,0.06356021,0.2
2805,-18.010141,0.60143924,3.3895533,0.09046086,0.20012376,0.0598073,0.2
2806,-18.018322,0.6268675,2.1918783,0.16633101,0.20746168,0.09446233,0.2
2807,-18.003208,0.5737606,1.8965957,0.11492287,0.1744255,0.06708936,0.2
2808,-17.995846,0.5847248,2.716188,0.24116825,0.18860525,0.13393801,0.2
2809,-18.012386,0.59327817,1.2315695,0.20108391,0.19138828,0.10457169,0.2
2810,-18.00657,0.60316795,2.3891776,0.12661521,0.19244339,0.051684782,0.2
2811,-17.990473,0.7636639,3.219726,0.086633734,0.25425723,0.06469145,0.2
2812,-17.983047,0.7122744,4.366722,0.08830034,0.23121575,0.060312383,0.2
2813,-17.991758,0.6597571,3.070529,0.061831374,0.20996584,0.046738863,0.2
2814,-17.97675,0.6362041,4.050765,0.085992284,0.20678425,0.058200926,0.2
2815,-17.983208,0.72544587,3.3915045,0.09618777,0.24821101,0.0709863,0.2
2816,-18.014656,0.72194433,1.9438245,0.21640119,0.24573849,0.11471703,0.2
2817,-18.024075,0.5942518,3.0015707,0.17606993,0.1957753,0.09869915,0.2
2818,-17.962025,0.73411477,6.1280127,0.2717991,0.24193466,0.112963684,0.2
2819,-18.002321,0.71856296,3.0937881,0.22529608,0.23777474,0.12738197,0.2
2820,-17.987337,0.7128203,2.6601117,0.50901634,0.23074867,0.19624715,0.2
2821,-17.980524,0.7525095,4.2513037,0.9129462,0.22875609,0.40493822,0.11618217
2822,-17.94502,1.6988205,5.9021873,0.9555319,0.65409964,0.37939778,0.06741776
2823,-17.962925,0.97549385,3.8520904,0.3237773,0.33767435,0.116678454,0.084272206
2824,-18.011374,0.704784,2.7441618,0.10129426,0.24379808,0.08448514,0.10534026
2825,-18.014462,0.58945876,3.6950061,0.05132748,0.19512916,0.05245435,0.13167532
2826,-17.98285,0.6519488,2.5641205,0.05832879,0.2164698,0.048669994,0.16459414
2827,-18.016008,0.6247352,1.7471787,0.047127057,0.21062729,0.047233593,0.2
2828,-17.946901,1.2389221,5.2304974,0.12306669,0.44156924,0.09944449,0.2
2829,-17.978907,0.7122966,3.4108205,0.13564505,0.2378948,0.08706687,0.2
2830,-17.96957,0.71720207,4.5495844,0.25543034,0.23460004,0.16772337,0.2
2831,-17.980127,0.7905929,3.680355,0.38231602,0.24904998,0.12537605,0.2
2832,-18.010172,0.66546726,3.3767118,0.3378003,0.2154508,0.12857175,0.2
2833,-17.992323,0.682225,3.7401028,0.07944578,0.22319248,0.06729722,0.2
2834,-17.97904,0.79744005,2.4511704,0.21881287,0.2740901,0.10190931,0.2
2835,-17.979836,1.057354,5.3566427,0.14318669,0.38038507,0.08844575,0.2
2836,-17.972519,0.72090214,5.107673,0.12928566,0.23973572,0.06435852,0.2
2837,-18.016174,0.64164764,2.8355937,0.05804296,0.21409546,0.054898344,0.2
2838,-17.993382,0.7839078,4.6576734,0.087886564,0.26356754,0.062110566,0.2
2839,-17.983467,0.6975264,2.9973788,0.08461195,0.23349202,0.053974707,0.2
2840,-18.005983,0.62948674,3.2737634,0.078183554,0.19997634,0.060263615,0.2
2841,-17.997774,0.7169601,3.1459858,0.07758327,0.23498042,0.059373572,0.2
2842,-17.986061,0.71388274,2.612228,0.09516476,0.2286148,0.068231486,0.2
2843,-17.970058,0.9502537,4.2526584,0.12743145,0.3211038,0.085866526,0.2
2844,-17.989813,0.6779033,3.8709266,0.23963636,0.22189829,0.1516223,0.2
2845,-17.991686,0.7041847,4.2694826,0.17873068,0.23466967,0.086378284,0.2
2846,-18.00684,0.7603442,4.4349413,0.07531457,0.26372236,0.05355255,0.2
2847,-17.990015,0.6460056,2.4258187,0.0825428,0.21097551,0.06142133,0.2
2848,-17.999508,0.6810027,2.5700905,0.067200206,0.22329018,0.06123157,0.2
2849,-17.979366,0.7396871,3.0200002,0.12746873,0.24594451,0.101605445,0.2
2850,-17.962177,1.116671,5.1109705,0.11685856,0.41551727,0.09573826,0.2
2851,-17.95729,0.7126896,4.4449077,0.22989248,0.22802113,0.10765395,0.2
2852,-17.994905,0.7154864,3.3657668,0.15810242,0.23891428,0.10075807,0.2
2853,-17.983212,0.7056427,3.9574223,0.32043874,0.22219342,0.12923393,0.2
2854,-17.969828,0.6380102,4.3044996,0.21485443,0.20006862,0.13373278,0.2
2855,-17.99643,0.6579392,2.4388592,0.5044424,0.20603423,0.21597712,0.18679108
2856,-17.997318,0.7108128,2.5307379,0.7774112,0.2212486,0.43293062,0.09583386
2857,-17.962418,0.6959829,3.9709024,0.5835829,0.23033454,0.19891712,0.072593294
2858,-17.987488,0.7149981,2.772903,0.22179553,0.229211,0.082489535,0.09074162
2859,-17.98186,0.6564517,3.3479183,0.0590038,0.2109875,0.069256894,0.11342703
2860,-18.016268,0.60779786,1.8673207,0.04009321,0.19556972,0.04577051,0.14178379
2861,-17.990461,0.99532515,3.1218605,0.07590996,0.3656077,0.064351335,0.17722973
2862,-18.013971,0.6233773,2.6817858,0.057005465,0.19909151,0.049191725,0.2
2863,-18.007812,0.616248,1.5972613,0.06691246,0.19160582,0.055397335,0.2
2864,-18.010504,0.8251753,2.9323266,0.1305086,0.2734942,0.08243551,0.2
2865,-17.996637,0.7788137,4.542793,0.106967844,0.25172618,0.075205855,0.2
2866,-18.009693,0.60023665,3.2024386,0.2112759,0.19217299,0.12688805,0.2
2867,-17.999746,0.66554,3.783367,0.10770802,0.21692674,0.076574855,0.2
2868,-17.981247,0.62900513,3.505115,0.115137056,0.20685458,0.058303393,0.2
2869,-18.006485,0.6308345,4.499455,0.06050314,0.19639558,0.05021445,0.2
2870,-17.98314,0.6257619,3.4036396,0.09204683,0.20501636,0.051245205,0.2
2871,-18.000376,0.74953043,3.7701957,0.09572557,0.24731314,0.061299693,0.2
2872,-18.000496,0.69813085,3.143133,0.16644712,0.24016365,0.09691523,0.2
2873,-18.00567,0.6289026,3.9834907,0.07288854,0.19791792,0.052464064,0.2
2874,-17.96589,0.79001266,4.6409183,0.19318494,0.26296306,0.12033285,0.2
2875,-18.004536,0.67021954,2.6906748,0.19649123,0.21565787,0.08488908,0.2
2876,-17.973217,1.1853782,5.348092,0.16544935,0.44015345,0.09353147,0.2
2877,-17.996176,0.7170487,2.4143596,0.05877629,0.23482873,0.05070268,0.2
2878,-17.962547,0.689503,5.010028,0.06438732,0.22145769,0.056418628,0.2
2879,-17.986403,0.6800453,3.0729597,0.059815414,0.2275444,0.052111793,0.2
2880,-17.950748,0.9516903,5.3776054,0.16133307,0.3277045,0.0903441,0.2
2881,-17.988407,0.695122,4.4617553,0.089633875,0.23511006,0.05416773,0.2
2882,-17.980957,0.6909361,3.7259316,0.2035421,0.22019872,0.12370025,0.2
2883,-18.022995,0.60008526,3.647599,0.16309534,0.18974625,0.08485745,0.2
2884,-18.002821,0.7170596,3.9600065,0.066645235,0.244258,0.04829649,0.2
2885,-17.996191,0.6474387,4.0591717,0.06707737,0.21387468,0.050364986,0.2
2886,-17.986341,0.6759406,3.6172137,0.058763526,0.21726662,0.04674513,0.2
2887,-18.014093,0.66827625,3.505928,0.047918566,0.21747659,0.047463924,0.2
2888,-18.006454,0.657173,3.9379961,0.053657483,0.21431427,0.045359526,0.2
2889,-17.991795,0.67820185,2.8508632,0.0461255,0.23811202,0.044584546,0.2
2890,-18.004232,0.64706266,2.2675667,0.06546566,0.20808281,0.049392447,0.2
2891,-17.988184,0.8079194,3.8291335,0.07675943,0.27682802,0.060597714,0.2
2892,-17.997532,1.2324506,4.5872087,0.17523126,0.44532487,0.097135805,0.2
2893,-17.985966,0.70268786,4.672038,0.1893582,0.2357324,0.09996531,0.2
2894,-18.014984,0.66664267,3.7958364,0.41099873,0.21074289,0.18574676,0.2
2895,-17.988028,0.8152584,3.701694,1.0784676,0.25059065,0.47949922,0.10729642
2896,-17.956602,0.8238311,4.3853965,1.1785463,0.24444953,0.46854976,0.058749124
2897,-18.006523,0.690664,3.9400806,0.44817585,0.22932458,0.11521232,0.07343641
2898,-18.021427,0.63190496,3.1766734,0.16022795,0.20392007,0.087347984,0.09179551
2899,-18.023224,0.621188,3.2319279,0.06172715,0.20921245,0.06297701,0.11474439
2900,-18.011148,0.6922342,3.1456861,0.04928444,0.2364556,0.04599936,0.14343049
2901,-17.984434,0.81620646,4.905952,0.06710346,0.26945034,0.06311639,0.1792881
2902,-17.985699,0.74367917,4.004331,0.066352405,0.25078112,0.047272466,0.2
2903,-17.982141,0.69126636,2.5955124,0.044661812,0.23428817,0.03993163,0.2
2904,-18.005629,1.0759714,3.444643,0.07430737,0.38548666,0.05795315,0.2
2905,-17.976425,0.66035867,4.680335,0.05785455,0.21161772,0.05056329,0.2
2906,-18.029804,0.6435374,2.609381,0.07790885,0.21608283,0.0558573,0.2
2907,-17.990414,0.5850419,4.093101,0.08905947,0.19118716,0.057726394,0.2
2908,-17.99463,0.6397997,4.214407,0.21236473,0.20761533,0.10476273,0.2
2909,-17.996689,0.6279002,4.230178,0.1252283,0.19483078,0.08060762,0.2
2910,-17.992556,0.93405557,4.932179,0.19264454,0.32466978,0.090511315,0.2
2911,-18.00468,0.6712165,3.1422336,0.0662374,0.21705872,0.058045063,0.2
2912,-17.986958,0.6373413,4.5097914,0.122019485,0.20572847,0.055612594,0.2
2913,-17.981325,0.6963452,4.5698977,0.13290954,0.22860135,0.07745011,0.2
2914,-17.975294,0.6994006,4.2457604,0.24562028,0.22931542,0.13698739,0.2
2915,-17.971859,0.7349284,4.573346,0.10600177,0.24465753,0.06863255,0.2
2916,-17.986015,0.70522875,4.132611,0.1117487,0.23562512,0.05007089,0.2
2917,-18.016617,0.6572468,3.3257596,0.08576816,0.21483761,0.0656993,0.2
2918,-17.98217,1.5497254,2.4826572,0.23281409,0.55424637,0.16969351,0.2
2919,-17.959349,0.7437135,7.9009748,0.38193813,0.23661336,0.170395,0.2
2920,-17.981747,0.7666278,4.882016,0.6798256,0.23983823,0.283476,0.2
2921,-17.978437,0.73761886,4.9723763,0.9092635,0.21403688,0.5961563,0.113578424
2922,-17.977755,0.72691613,4.671608,0.89008105,0.22923642,0.437522,0.06837652
2923,-18.000212,0.651213,4.0854073,0.3409849,0.20779164,0.1017246,0.08547065
2924,-18.029,0.71506774,2.5888677,0.068489924,0.2452677,0.090744816,0.10683831
2925,-17.975153,0.63209575,4.631365,0.06647022,0.19594637,0.06034708,0.13354789
2926,-17.994822,0.70408136,2.8127277,0.06457205,0.23473892,0.04718549,0.16693486
2927,-18.002907,0.63095975,2.3024514,0.053431697,0.20177846,0.04782721,0.2
2928,-17.988821,0.64400786,3.524189,0.06864772,0.21149072,0.07005899,0.2
2929,-17.995718,0.7588363,3.4851665,0.18409504,0.24559747,0.11889456,0.2
2930,-18.00334,0.7466361,3.530543,0.07679088,0.26119038,0.07098525,0.2
2931,-17.994297,0.6190282,3.2814605,0.17165518,0.20154436,0.083661646,0.2
2932,-17.987032,0.6457129,2.465301,0.0779162,0.21220353,0.06246659,0.2
2933,-17.99225,0.7506268,3.5434632,0.13011403,0.24300258,0.08213209,0.2
2934,-17.99412,0.6635572,4.573603,0.123744175,0.22483236,0.074684374,0.2
2935,-17.95374,0.7457608,4.7411046,0.2573865,0.24642186,0.15581004,0.2
2936,-17.979542,0.91587377,4.988207,0.16567928,0.31417465,0.08975203,0.2
2937,-18.00271,0.6187072,3.7516503,0.07617989,0.19974521,0.08260494,0.2
2938,-18.002073,0.7001011,3.1704302,0.29370713,0.22582082,0.13654569,0.2
2939,-17.998726,0.6653304,4.3375273,0.26642835,0.20925643,0.1287506,0.2
2940,-17.999327,0.7800596,3.508842,0.3892608,0.2637558,0.1677134,0.2
2941,-17.990253,0.6922774,3.7039728,0.7557865,0.21762712,0.32865933,0.14944313
2942,-17.966314,0.71409416,4.3083205,1.1629812,0.19662538,0.47340754,0.073277585
2943,-17.993484,0.8059586,4.1367135,0.40106365,0.25827065,0.12036868,0.09159698
2944,-18.018953,0.59497243,2.920926,0.11738889,0.18785755,0.08015477,0.11449623
2945,-17.999535,0.67296994,3.9346666,0.05546044,0.21773553,0.0537881,0.14312029
2946,-17.992117,0.6105143,3.9269447,0.053425923,0.19744416,0.048874527,0.17890036
2947,-17.99309,0.78036845,4.180805,0.06416783,0.2589082,0.049081527,0.2
2948,-17.969723,1.2756499,4.7008166,0.11842381,0.40576106,0.07753911,0.2
2949,-17.978603,0.77922606,3.5360909,0.12436676,0.26678675,0.07124335,0.2
2950,-17.983149,0.76482207,5.197785,0.21894245,0.25454804,0.11368785,0.2
2951,-17.964882,0.95259035,4.7832446,0.1644647,0.31719708,0.10006722,0.2
2952,-17.99555,0.71180373,4.589925,0.3507945,0.22345845,0.20226459,0.2
2953,-17.957157,0.6905398,4.110084,0.5050601,0.21910745,0.22128746,0.2
2954,-17.9824,0.67708427,3.5753243,0.6945018,0.21976636,0.3035054,0.14658388
2955,-17.959091,0.8481953,4.6671624,0.6877875,0.28369147,0.25682756,0.10375446
2956,-17.983898,0.7160901,4.1560674,0.19489662,0.22580482,0.07179306,0.12969308
2957,-17.995092,0.67625284,4.2555,0.06718322,0.22092597,0.05850251,0.16211635
2958,-17.95776,1.2686064,4.8682823,0.1133677,0.45439774,0.0797566,0.2
2959,-18.00043,0.6584859,3.0151718,0.07582614,0.21427234,0.066644296,0.2
2960,-18.013817,0.7073948,2.566428,0.09048825,0.23244882,0.07292458,0.2
2961,-17.989079,0.84801555,4.9602003,0.21516009,0.24998188,0.10374999,0.2
2962,-17.97893,1.0144181,6.663735,0.21664387,0.23232287,0.10996213,0.2
2963,-17.962503,1.0264735,4.674739,0.40336528,0.27743345,0.20438845,0.2
2964,-18.001606,0.8943075,5.399915,0.34166038,0.19045582,0.18306793,0.2
2965,-17.984753,0.6751401,3.3009005,0.38672528,0.21205407,0.15673232,0.2
2966,-17.999338,0.65848106,3.9336903,0.20086995,0.21783257,0.11029216,0.2
2967,-17.983532,0.6681437,3.864199,0.13297145,0.21761593,0.05200758,0.2
2968,-18.0111,0.80631375,2.6244504,0.07995451,0.27443838,0.061389964,0.2
2969,-17.991428,0.93134516,3.2501664,0.13208422,0.31263304,0.10330828,0.2
2970,-18.008615,0.65847963,2.966907,0.09883145,0.2215659,0.06811137,0.2
2971,-17.988071,0.6989301,4.8144083,0.21915637,0.22760767,0.12000533,0.2
2972,-17.9714,0.6913172,4.3870153,0.06412013,0.21959507,0.06383184,0.2
2973,-18.015305,0.7179734,1.9838271,0.17477918,0.23596585,0.08556984,0.2
2974,-17.979002,0.7588549,3.598112,0.12873723,0.25301683,0.086505145,0.2
2975,-17.997534,0.663184,3.930832,0.31173688,0.21928853,0.17446505,0.2
2976,-17.99074,0.7366487,4.784229,0.5067175,0.23355258,0.23419921,0.19153443
2977,-17.992714,0.73552835,3.6601202,1.0080541,0.22206303,0.40768284,0.113323346
2978,-17.968075,0.7502298,3.4344435,0.7665476,0.24149604,0.2650178,0.07912077
2979,-18.0083,0.60241854,2.98492,0.18981817,0.1844445,0.080574594,0.09890096
2980,-18.003056,0.6721403,4.175071,0.057439286,0.22273816,0.065533884,0.1236262
2981,-17.992441,0.68301195,3.2336144,0.06171945,0.2200507,0.061307043,0.15453276
2982,-17.966272,0.7175905,4.663744,0.0767355,0.23402722,0.05346899,0.19316596
2983,-18.005394,0.6807064,3.2643914,0.103313744,0.2279302,0.0759673,0.2
2984,-17.986917,0.6640183,4.2732034,0.114798434,0.21346304,0.08153082,0.2
2985,-17.995874,0.6744901,2.359395,0.34122863,0.21596003,0.16780457,0.2
2986,-17.994535,0.65685046,3.531892,0.35451674,0.21179919,0.16388364,0.2
2987,-17.990072,0.745197,3.1921244,0.67710465,0.23778316,0.26751676,0.13200884
2988,-18.023952,0.73919535,2.325935,0.6366308,0.24040568,0.2450357,0.10283202
2989,-17.995066,0.6044626,3.9343328,0.2551175,0.19078588,0.080687694,0.12854002
2990,-18.002716,0.7322455,2.4488337,0.06772714,0.24126278,0.06981689,0.16067503
2991,-17.998308,0.6079125,3.257146,0.08621863,0.19239958,0.061728366,0.2
2992,-17.984293,0.6433523,3.1884322,0.12054409,0.20621227,0.08029153,0.2
2993,-17.979734,0.9440514,3.59348,0.18711138,0.3186474,0.11648077,0.2
2994,-17.98632,0.78364027,3.4156666,0.18678439,0.27409387,0.10634961,0.2
2995,-18.008276,0.6158408,4.0577626,0.4126137,0.19469275,0.21435031,0.2
2996,-17.995737,0.7428675,2.68919,0.5460343,0.23345068,0.24860118,0.16640653
2997,-17.993036,0.6897,3.2027268,0.46137664,0.2210415,0.18233466,0.2
2998,-17.977995,0.7177137,3.572292,0.44726974,0.2297774,0.20768078,0.18894194
2999,-17.96167,0.9096694,3.8119352,0.60585576,0.29620898,0.25512362,0.15519288
3000,-17.973473,0.67615694,4.441539,0.54032505,0.2114897,0.20985866,0.15362634
3001,-17.980373,0.7608923,3.0445611,0.32419845,0.24496229,0.12226668,0.19203292
3002,-17.996677,0.63735306,2.8550694,0.058366865,0.19830285,0.04906025,0.2
3003,-17.997808,0.66076547,4.7644153,0.064543575,0.21489988,0.059041437,0.2
3004,-17.981506,0.64458543,3.2773545,0.06364311,0.21351986,0.052454688,0.2
3005,-17.978888,0.6660572,4.737812,0.14165881,0.21499231,0.08509402,0.2
3006,-17.98393,0.77161264,3.5239449,0.12876323,0.24839604,0.10291009,0.2
3007,-17.98157,0.6286664,3.720954,0.36795622,0.1963159,0.20212555,0.2
3008,-18.004429,0.6787565,2.2848027,0.40439472,0.21734683,0.20415193,0.17291227
3009,-17.993195,0.62926143,3.3543105,0.5420147,0.19648467,0.23623274,0.13568065
3010,-17.949026,0.8630011,4.218975,0.417974,0.28141537,0.16100663,0.11609774
3011,-17.999172,0.67111754,2.9745743,0.07544948,0.22235425,0.081077605,0.14512217
3012,-17.958172,0.76246536,3.896612,0.09844591,0.2570172,0.07433898,0.18140271
3013,-17.999434,0.7062329,2.4989235,0.103136,0.22859192,0.08597328,0.2
3014,-17.99965,0.795974,2.4533606,0.22271223,0.26986876,0.13986629,0.2
3015,-17.973118,0.7991427,4.2957687,0.26319295,0.26046273,0.13071254,0.2
3016,-17.99967,0.71777695,3.6779604,0.62702554,0.2313108,0.33865312,0.2
3017,-17.95885,0.8801285,4.1724434,1.4860524,0.25072765,0.6628068,0.0874432
3018,-17.981691,0.9924341,4.2770734,0.60432833,0.3364827,0.15280224,0.07457833
3019,-18.001644,0.6312047,3.6384037,0.2985918,0.20351285,0.08934096,0.093222916
3020,-18.017946,0.6531003,2.9963672,0.082290456,0.20988385,0.07647866,0.116528645
3021,-17.970488,0.6793494,4.1880016,0.062427733,0.22162846,0.05154454,0.1456608
3022,-18.017492,0.6631904,2.2453623,0.053570483,0.22082138,0.04780464,0.182076
3023,-18.016684,0.7227157,1.7836672,0.09192204,0.2557873,0.07052246,0.2
3024,-18.010288,0.7058061,2.5494635,0.11288564,0.23364876,0.07273264,0.2
3025,-17.995098,0.6916017,2.726662,0.24635701,0.22486041,0.13178064,0.2
3026,-17.983162,1.5093796,2.8388944,0.16341345,0.5407085,0.113896325,0.2
3027,-17.977242,0.74412066,4.5300064,0.22838116,0.24961679,0.13358141,0.2
3028,-17.967253,0.71857345,4.633007,0.12544405,0.24201341,0.06071611,0.2
3029,-17.96905,0.71408105,4.9681945,0.06265896,0.22827622,0.05950447,0.2
3030,-17.994728,0.7120356,4.467015,0.09093285,0.2305725,0.060830783,0.2
3031,-17.987503,0.71208376,3.8750072,0.105507664,0.24105121,0.08122394,0.2
3032,-17.964869,0.6996134,5.16977,0.225324,0.23123056,0.13296387,0.2
3033,-17.946703,0.78385955,5.9564037,0.21139608,0.25346413,0.10027261,0.2
3034,-17.977882,0.69304854,4.032322,0.47995323,0.22610386,0.22207879,0.2
3035,-17.980387,0.73200834,4.268382,0.6697305,0.23521018,0.30031416,0.15502179
3036,-18.017094,0.9347396,1.5503399,0.8794987,0.3037807,0.32736886,0.09706486
3037,-17.99814,0.65072566,2.7044272,0.3098726,0.21487054,0.0924044,0.12133107
3038,-17.969614,0.8107748,4.0708623,0.073214754,0.27577206,0.07356024,0.15166384
3039,-17.980356,1.0547067,5.178841,0.12315247,0.3682122,0.0863838,0.1895798
3040,-18.0015,0.67769,2.6334755,0.1142275,0.22909217,0.094980635,0.2
3041,-17.973158,0.70520973,4.887416,0.3206986,0.22746828,0.18083002,0.2
3042,-17.98813,0.67773527,4.4239087,0.16972008,0.22092411,0.08946241,0.2
3043,-17.99374,0.6776999,4.7377334,0.061679453,0.22074383,0.050093472,0.2
3044,-18.002748,0.6349205,3.5689566,0.09173921,0.2082683,0.070012845,0.2
3045,-17.996643,0.7338865,3.4314885,0.10070772,0.23675732,0.07726428,0.2
3046,-18.000732,0.68780243,3.661031,0.2479716,0.22118273,0.14394201,0.2
3047,-17.987434,0.648757,3.6821926,0.121575564,0.21521717,0.089535154,0.2
3048,-18.01372,0.75210315,3.6056118,0.22490436,0.2420295,0.09736773,0.2
3049,-17.989172,0.7095495,3.6633193,0.105716735,0.23516159,0.06972467,0.2
3050,-18.0156,0.6445872,2.8012054,0.1878766,0.20454371,0.115746565,0.2
3051,-17.986433,0.6805596,2.8861496,0.13520452,0.2137562,0.057015527,0.2
3052,-18.022823,0.7048245,2.763582,0.09566217,0.23209268,0.071466215,0.2
3053,-17.98505,0.6411101,3.8093903,0.2249749,0.19376339,0.12892275,0.2
3054,-17.98117,0.65450644,3.6561623,0.13856372,0.20445621,0.0859428,0.2
3055,-18.01155,0.6477373,2.2556417,0.12613685,0.21417291,0.062273275,0.2
3056,-18.007711,0.65216446,3.1425807,0.09462115,0.21525702,0.06474837,0.2
3057,-18.044527,0.6220032,1.3001255,0.16842636,0.20855527,0.106164455,0.2
3058,-17.992907,0.66645193,3.8897831,0.07516546,0.21687987,0.054956887,0.2
3059,-18.015705,0.6179984,2.7562692,0.22864495,0.19953692,0.13771881,0.2
3060,-17.993387,0.6136651,3.6377213,0.2073316,0.19997354,0.08826726,0.2
3061,-17.95435,1.1547668,3.2484214,0.08821895,0.42140883,0.0838847,0.2
3062,-17.977413,1.4197663,5.631957,0.16377313,0.5163204,0.11662677,0.2
3063,-18.006351,0.72530353,5.051549,0.08558262,0.23856883,0.07114895,0.2
3064,-17.98752,0.8125878,5.4555125,0.21451822,0.26982623,0.11653408,0.2
3065,-17.980215,0.7932365,4.7686744,0.19242956,0.26518708,0.10481346,0.2
3066,-17.99647,0.6749606,6.382799,0.32523844,0.22084837,0.12250622,0.2
3067,-18.002546,0.78109807,3.4597015,0.33120242,0.2516931,0.17133415,0.2
3068,-17.96885,0.77082485,6.2127714,0.8853938,0.24624911,0.3400664,0.13372156
3069,-17.973589,0.7506581,5.836369,0.9564578,0.23185104,0.43124238,0.07760887
3070,-17.991098,0.86335796,4.321028,0.3783917,0.28600895,0.108887255,0.074460715
3071,-17.996042,0.6949172,4.7997823,0.16153371,0.2316659,0.076193675,0.093075894
3072,-17.993715,0.74307734,4.692484,0.073743045,0.25016755,0.06850406,0.11634487
3073,-17.969381,0.74613535,3.8048384,0.06834804,0.24248968,0.056003045,0.14543109
3074,-17.97363,0.7032336,5.451646,0.058152847,0.23118545,0.0407887,0.18178886
3075,-17.998655,0.6132337,2.807003,0.050368056,0.19054583,0.04271368,0.2
3076,-18.000048,0.77613604,3.8430297,0.057769276,0.26849586,0.04428728,0.2
3077,-18.012077,0.6731687,2.734717,0.06662776,0.23154977,0.048149366,0.2
3078,-17.994778,0.85541815,3.7973526,0.08671817,0.29075733,0.061634503,0.2
3079,-17.96773,0.7167296,5.201552,0.1651215,0.23545039,0.09905732,0.2
3080,-17.984032,0.6365638,4.440579,0.12904456,0.19861881,0.07272354,0.2
3081,-17.993258,0.6816106,2.72032,0.30578232,0.21563299,0.16812627,0.2
3082,-17.993343,0.71853817,3.166283,0.41374043,0.2439482,0.19507208,0.2
3083,-17.994005,0.6957271,3.4016294,0.74301547,0.21975207,0.3151606,0.15785901
3084,-17.992952,0.68516266,3.603108,0.967064,0.2018821,0.4237002,0.08358288
3085,-17.983938,0.68982506,3.6191695,0.3663956,0.22094019,0.09505088,0.08267106
3086,-18.001339,0.66837054,2.7999377,0.12198412,0.22168486,0.079401076,0.10333882
3087,-18.009617,0.6231037,2.831701,0.045945827,0.2150117,0.05217117,0.12917353
3088,-17.989395,0.8524273,2.007507,0.071744226,0.2851118,0.05967747,0.16146691
3089,-17.999636,0.669543,3.2106426,0.05049481,0.21773592,0.041197464,0.2
3090,-18.00067,0.8582591,2.9617214,0.065973274,0.28821075,0.056079585,0.2
3091,-18.015455,0.64703554,3.847498,0.075067535,0.20489793,0.057018116,0.2
3092,-18.014086,0.7357865,2.8587863,0.15805238,0.2330159,0.09250855,0.2
3093,-17.98604,0.6940087,4.9897466,0.083630905,0.23217407,0.06501471,0.2
3094,-17.984957,0.7277871,4.911771,0.1057221,0.23788698,0.061281484,0.2
3095,-17.964119,1.0274482,5.598222,0.10040957,0.36322585,0.069858976,0.2
3096,-17.994093,0.61426234,3.456542,0.07890248,0.20243113,0.052547306,0.2
3097,-17.994793,0.784621,3.686864,0.070338756,0.26702985,0.06335965,0.2
3098,-17.995811,0.7338676,2.555133,0.11713418,0.24354483,0.06903055,0.2
3099,-17.992464,0.6487587,3.6529417,0.087874115,0.19851948,0.05805957,0.2
3100,-17.986025,0.68016315,3.816392,0.16337718,0.2190029,0.08143621,0.2
3101,-17.984526,0.67546266,3.7715092,0.20358029,0.21814829,0.09414713,0.2
3102,-18.003847,0.88322043,1.9436727,0.40519264,0.3012733,0.17501469,0.2
3103,-18.011719,0.68125606,3.8332014,0.4398092,0.22018494,0.22025275,0.2
3104,-17.98315,0.83319235,3.0109913,1.0483893,0.25183633,0.469654,0.08955042
3105,-17.986172,0.6507089,2.9407752,0.6105475,0.19562995,0.18493989,0.07405764
3106,-18.006634,0.69372785,3.6920176,0.21845984,0.22960313,0.08602136,0.09257205
3107,-18.007835,0.6948639,2.1140518,0.060281187,0.22299947,0.06313793,0.11571506
3108,-17.98565,0.6892683,4.3828998,0.06682603,0.22778043,0.050865464,0.14464381
3109,-17.967113,0.6635707,4.745069,0.07319714,0.21056677,0.04833056,0.18080476
3110,-17.98716,0.6702609,2.37496,0.0617924,0.22058292,0.04579518,0.2
3111,-17.968937,0.74903417,4.152895,0.06831061,0.2324161,0.049697552,0.2
3112,-18.000422,0.59696376,2.6699877,0.06845732,0.1979111,0.04868957,0.2
3113,-17.999285,0.6266574,3.715766,0.081786685,0.20579536,0.059587553,0.2
3114,-17.979906,0.62993366,3.4695876,0.1910741,0.20853648,0.104073,0.2
3115,-18.003645,0.6084717,3.5157719,0.13976853,0.18910569,0.077613354,0.2
3116,-18.01161,0.6059015,3.419202,0.1268813,0.19613338,0.056504644,0.2
3117,-17.963285,0.7315623,4.419156,0.12591036,0.23719564,0.07556487,0.2
3118,-17.993652,1.1005341,3.3308654,0.2531966,0.3808206,0.13421588,0.2
3119,-17.986485,0.7310468,3.5472245,0.11443777,0.24331167,0.060344428,0.2
3120,-18.000898,0.69349295,4.098326,0.28797016,0.22805348,0.13756698,0.2
3121,-17.982866,0.6838837,3.7161412,0.21110691,0.2244153,0.09247479,0.2
3122,-17.987011,0.66445255,3.1724048,0.06858306,0.21768518,0.04054713,0.2
3123,-17.969875,0.7010604,3.9848704,0.072054036,0.23203868,0.048458762,0.2
3124,-18.009527,0.72278434,3.2327695,0.063656375,0.25064534,0.051150125,0.2
3125,-17.979418,0.67359143,3.7432034,0.1234179,0.22199935,0.07841413,0.2
3126,-18.00205,0.6812968,3.857061,0.0813784,0.21921416,0.06932112,0.2
3127,-17.98184,0.7147938,2.7818916,0.15815507,0.22938064,0.09059033,0.2
3128,-17.973581,0.7886384,3.6027668,0.08173231,0.26538464,0.05153676,0.2
3129,-17.969843,1.2061065,4.8899107,0.18366715,0.42842722,0.09983017,0.2
3130,-17.990849,0.6868194,4.518734,0.097222924,0.22833915,0.056508,0.2
3131,-17.994192,0.65160483,4.146648,0.052309167,0.21823628,0.049626935,0.2
3132,-18.004093,0.6583308,2.4562078,0.051999196,0.22042629,0.04201843,0.2
3133,-17.98249,0.63103366,4.237408,0.056929667,0.20221601,0.042894274,0.2
3134,-17.983145,0.59414923,3.25007,0.06260263,0.18494965,0.044992223,0.2
3135,-18.005941,0.59833837,3.5857968,0.08554084,0.18949232,0.06374737,0.2
3136,-17.984577,0.6515012,3.9705234,0.20901205,0.21688893,0.105285734,0.2
3137,-18.02078,0.6580319,2.6595287,0.2380582,0.20841086,0.11715853,0.2
3138,-17.989895,0.69475836,3.9033422,0.45711702,0.21748862,0.18837416,0.2
3139,-17.965912,0.7546935,4.060906,1.0556998,0.22243917,0.4628599,0.10084109
3140,-17.985197,0.67376924,3.4856286,0.96692,0.20030479,0.34276018,0.06115001
3141,-18.000593,0.7437316,2.2432973,0.34186003,0.2450237,0.10639215,0.07643751
3142,-17.98514,0.8322018,3.247909,0.10457219,0.2846288,0.09413525,0.09554689
3143,-17.991598,0.7204518,4.9487514,0.060484745,0.23913231,0.054607093,0.11943361
3144,-17.979824,0.71589154,3.7983804,0.051277574,0.2283576,0.047366768,0.14929202
3145,-18.00636,0.75880057,1.9909034,0.04613686,0.25506076,0.047954593,0.18661502
3146,-17.990572,0.69851005,3.9001462,0.05030398,0.23214999,0.04517221,0.2
3147,-17.970655,0.7204032,4.196734,0.068971865,0.23774225,0.043925513,0.2
3148,-18.002127,0.6164232,2.3809903,0.037087865,0.19606446,0.03985783,0.2
3149,-18.006973,0.6412077,2.948799,0.055835973,0.21271504,0.0512735,0.2
3150,-18.004805,0.65783006,3.8526886,0.0575062,0.21617125,0.050704457,0.2
3151,-17.994648,0.6214603,2.543778,0.1045764,0.20618172,0.066725075,0.2
3152,-17.989151,0.90106034,3.504131,0.093582235,0.32207453,0.067166716,0.2
3153,-17.989363,0.7018372,2.932737,0.1762129,0.2310992,0.10374549,0.2
3154,-18.017145,0.63735104,2.060932,0.13381971,0.20622788,0.06767898,0.2
3155,-17.996042,0.665306,4.064963,0.1235529,0.21896508,0.051255584,0.2
3156,-17.978027,0.7234122,3.7644274,0.10865114,0.2333456,0.07491061,0.2
3157,-18.010105,0.7076412,3.9912028,0.21636201,0.23669563,0.124125086,0.2
3158,-17.987883,0.6046867,3.0380347,0.27512586,0.19796385,0.14322855,0.2
3159,-17.97359,0.7249895,4.620044,0.53965575,0.23776858,0.22952634,0.17054085
3160,-17.992426,0.7385016,4.1666546,0.84583086,0.22261931,0.37509394,0.11099282
3161,-17.995068,0.6316257,3.1247666,0.75143087,0.19423601,0.28429863,0.073652506
3162,-18.005371,0.6186427,3.4475636,0.22170758,0.20348209,0.08582024,0.09206563
3163,-17.984993,0.6856092,4.510745,0.08796779,0.21533136,0.06927877,0.11508204
3164,-17.992678,0.77430034,2.5290525,0.055218913,0.2542681,0.05600892,0.14385255
3165,-18.016489,0.6107426,2.7411983,0.036453303,0.19577758,0.042243842,0.17981568
3166,-18.026577,0.62342626,2.8935673,0.034881808,0.20673153,0.03870719,0.2
3167,-17.986313,0.7075361,2.804055,0.053326514,0.23995742,0.047355425,0.2
3168,-17.995312,0.60669684,2.5108948,0.06470081,0.19645372,0.055004973,0.2
3169,-18.002705,0.7367907,2.2435179,0.16402344,0.24346188,0.09266516,0.2
3170,-17.963285,0.67790073,4.865822,0.08621516,0.22308625,0.06099983,0.2
3171,-17.975729,0.6631538,4.372607,0.11820479,0.217225,0.05958609,0.2
3172,-17.977123,0.63839674,3.700903,0.050185688,0.20771094,0.050180234,0.2
3173,-17.98878,0.6558088,3.0925865,0.13353026,0.21774797,0.07953157,0.2
3174,-17.98714,0.73592097,3.8814745,0.06670705,0.2457611,0.062342387,0.2
3175,-17.99286,0.64144486,3.0248876,0.14104229,0.21290036,0.08577193,0.2
3176,-18.013597,0.6343428,2.2447853,0.07919899,0.20789391,0.05452592,0.2
3177,-17.973484,0.6742852,4.496564,0.06986815,0.21347442,0.051853687,0.2
3178,-17.977682,0.8698843,4.5015793,0.08230169,0.2898613,0.0754911,0.2
3179,-17.976952,0.8412452,3.106617,0.081927285,0.27627444,0.0634274,0.2
3180,-17.990057,0.6993965,2.693645,0.08511083,0.2308227,0.06703974,0.2
3181,-18.021479,0.61581606,2.3560412,0.18376133,0.19797166,0.094845936,0.2
3182,-17.998829,0.6527338,3.4502227,0.071797304,0.21816783,0.054984856,0.2
3183,-18.010925,0.64023817,2.1537385,0.107137345,0.20296013,0.06341517,0.2
3184,-18.022684,0.8410233,3.3349373,0.07414782,0.27443525,0.05882915,0.2
3185,-17.989712,0.7651907,4.5896544,0.15790688,0.26536006,0.09676727,0.2
3186,-17.988323,0.701859,4.1870985,0.19709308,0.23283385,0.09013249,0.2
3187,-17.981544,0.67529535,4.0553966,0.16346985,0.22523639,0.08601115,0.2
3188,-17.980797,0.5904472,3.905565,0.21732116,0.18536523,0.10237183,0.2
3189,-17.997652,0.6038489,2.5120022,0.2794164,0.19264366,0.1471074,0.2
3190,-18.00278,0.67161274,2.5140443,0.5755773,0.22287671,0.29080144,0.13088386
3191,-17.976248,0.7581359,2.7610862,0.78507644,0.24463934,0.3385061,0.08129898
3192,-17.998402,0.7283415,2.6861277,0.32872018,0.24030267,0.09360648,0.10162372
3193,-18.016832,0.628204,2.8640501,0.06371973,0.19899046,0.065339245,0.12702966
3194,-17.985077,0.6249621,3.4979322,0.044646148,0.20488413,0.04207642,0.15878707
3195,-17.993444,0.79208,3.9704216,0.06633034,0.2641937,0.05914596,0.19848384
3196,-18.001923,0.6479205,3.8531349,0.06275163,0.20766814,0.055039853,0.2
3197,-18.003637,0.6386824,3.6809723,0.06750964,0.20540741,0.055701587,0.2
3198,-17.975855,0.6383563,3.873982,0.17442445,0.1979157,0.09313329,0.2
3199,-17.960783,0.9385038,5.336136,0.082366616,0.33158642,0.069038235,0.2
3200,-18.006222,0.6699582,2.3558414,0.14602071,0.22022462,0.07614724,0.2
3201,-18.005278,0.73650056,2.7831762,0.04745225,0.24709657,0.041343868,0.2
3202,-17.998919,0.68785536,3.4065998,0.061285805,0.22659999,0.048030593,0.2
3203,-17.99443,0.6650818,3.02085,0.06695755,0.22521362,0.054993767,0.2
3204,-18.000048,0.6546724,3.3686523,0.09743682,0.22245748,0.065574765,0.2
3205,-17.997824,0.7331461,2.7718184,0.08700099,0.23481427,0.06601578,0.2
3206,-17.992868,0.6379658,3.9619467,0.20748015,0.21553828,0.11124194,0.2
3207,-18.010126,0.64959776,2.1802015,0.26854402,0.21212083,0.119804054,0.2
3208,-18.0006,0.7265807,2.4883628,0.4348745,0.23932475,0.17376758,0.2
3209,-17.996868,0.6470873,2.8936172,0.8411937,0.1899461,0.3821291,0.12472771
3210,-17.987103,0.69558656,2.6861386,1.1975026,0.19064227,0.44868192,0.06296938
3211,-17.96973,0.81009537,3.6214106,0.3589244,0.26813474,0.098606445,0.078711726
3212,-18.014122,0.6780946,3.7255795,0.114327274,0.22187327,0.08542394,0.098389655
3213,-17.990559,0.61906594,3.2338808,0.07348807,0.19563898,0.05141809,0.12298707
3214,-17.972048,0.63357013,4.940309,0.059188645,0.20425709,0.05011114,0.15373383
3215,-17.99338,0.60204846,3.6008782,0.04126207,0.19732799,0.03648211,0.1921673
3216,-17.99638,0.6564843,3.5817523,0.04691528,0.21542685,0.0445974,0.2
3217,-17.995953,0.7974059,2.9787674,0.05203952,0.27479625,0.04651264,0.2
3218,-17.973574,0.8257408,2.0771358,0.065039314,0.26830977,0.058640413,0.2
3219,-17.980999,0.67694134,3.9992993,0.1399155,0.21798441,0.078359745,0.2
3220,-17.996395,0.7030684,2.67208,0.0744743,0.24594425,0.057450164,0.2
3221,-18.00828,0.6609756,2.1799386,0.097193085,0.21586853,0.048663225,0.2
3222,-18.021936,0.63740957,2.6320477,0.09925107,0.21951358,0.056915503,0.2
3223,-18.001774,0.6693844,3.509227,0.14713609,0.21821164,0.09108413,0.2
3224,-17.9982,0.6767997,3.255803,0.077900805,0.22054829,0.06652481,0.2
3225,-17.999924,0.73128057,3.746248,0.14992993,0.24896346,0.07778874,0.2
3226,-17.977703,0.7018773,3.7853308,0.08466441,0.23097843,0.051890504,0.2
3227,-17.989756,0.7552178,4.9477477,0.10189355,0.25394952,0.059806548,0.2
3228,-18.008877,0.61573565,1.8404418,0.06975728,0.19938174,0.06197876,0.2
3229,-18.028429,0.6071894,1.9439504,0.15053423,0.1995338,0.09804663,0.2
3230,-17.995363,0.66705173,4.097715,0.16606902,0.2177718,0.083334014,0.2
3231,-18.003042,0.64012843,3.0828464,0.15753396,0.20422027,0.08111097,0.2
3232,-17.972528,0.75719583,3.6444352,0.1356902,0.2527213,0.07152681,0.2
3233,-17.973799,0.85653114,4.049232,0.09646821,0.29333413,0.05962905,0.2
3234,-17.975777,0.6249187,3.8515618,0.06749937,0.1867522,0.04362639,0.2
3235,-17.988777,0.6854188,3.9356797,0.093363285,0.23170422,0.05357998,0.2
3236,-17.956196,0.75058144,5.1147604,0.115007214,0.24526273,0.070282474,0.2
3237,-18.000992,0.66096383,2.9597082,0.23913264,0.21523514,0.1334899,0.2
3238,-17.987387,0.6692914,4.6029973,0.3599401,0.21716408,0.18442446,0.2
3239,-17.967829,0.7154024,5.048632,0.82806003,0.22041547,0.3811837,0.11978394
3240,-18.012527,0.68653554,2.5144386,0.8619494,0.2056982,0.39089805,0.070263214
3241,-17.994204,0.7129331,3.44698,0.3257065,0.23729327,0.08934615,0.087829016
3242,-17.96873,0.7472267,4.774645,0.11639372,0.2619151,0.07216373,0.10978627
3243,-18.00877,0.62570393,3.5598378,0.06678271,0.19820578,0.054878153,0.13723284
3244,-17.997543,0.64067787,2.7142355,0.058795907,0.21826155,0.042749457,0.17154105
3245,-17.992403,0.6353359,2.3829262,0.048091378,0.20999111,0.04528218,0.2
3246,-18.001902,0.6403208,3.628836,0.059920605,0.20117873,0.049064454,0.2
3247,-17.976038,0.75059336,2.845868,0.08074205,0.24713753,0.0710536,0.2
3248,-17.992294,0.60414076,3.8718746,0.17710799,0.18977897,0.09361443,0.2
3249,-18.017996,0.72054225,3.0058188,0.060407463,0.22618113,0.05708599,0.2
3250,-17.9945,0.668749,2.189568,0.15270688,0.22322237,0.07252713,0.2
3251,-17.991573,0.611823,3.1598954,0.10451162,0.19721265,0.06626519,0.2
3252,-17.989698,0.66088027,3.1133332,0.25481915,0.21857773,0.13997783,0.2
3253,-18.008436,0.77178526,2.461695,0.37108147,0.25743166,0.17488845,0.2
3254,-17.993402,0.6756967,2.9889035,0.8060765,0.20376593,0.3664356,0.1348554
3255,-18.016415,0.70861316,2.188678,1.1606357,0.20329358,0.47458282,0.06613308
3256,-17.99829,0.6688048,2.4382873,0.3493052,0.22091992,0.11248829,0.08266635
3257,-17.993021,0.6262086,3.3564007,0.12736005,0.2045939,0.082846805,0.10333294
3258,-17.999876,0.6577179,3.0342455,0.0625994,0.21278633,0.05077632,0.12916617
3259,-17.953161,0.7786322,3.609857,0.07515028,0.2586095,0.0554106,0.16145772
3260,-17.982246,0.7346822,4.053612,0.053065483,0.24486026,0.046403266,0.2
3261,-18.016571,0.65135914,1.5181273,0.04397406,0.21031386,0.040095646,0.2
3262,-17.99565,0.7174555,2.8062139,0.057626095,0.23231468,0.053230148,0.2
3263,-17.990425,0.69216776,3.3069963,0.074065976,0.2203581,0.058154542,0.2
3264,-17.998472,0.6005352,3.7091997,0.13877468,0.1868701,0.08465372,0.2
3265,-17.981867,0.9180129,4.0415654,0.08954223,0.3252339,0.07797784,0.2
3266,-17.996275,0.7787754,4.004098,0.12796445,0.2750766,0.07696084,0.2
3267,-18.014864,0.6469527,2.6825247,0.06314902,0.21676207,0.057654742,0.2
3268,-17.97922,0.8040438,5.0601125,0.12455144,0.2743684,0.07066196,0.2
3269,-18.01832,0.76802164,2.9261186,0.10731366,0.24583228,0.07317275,0.2
3270,-17.997952,0.65627384,3.4219427,0.24680716,0.20812717,0.13627537,0.2
3271,-17.973831,0.78132874,2.7745652,0.4081205,0.25599846,0.19260901,0.2
3272,-18.00509,0.7231686,3.2513907,0.98666894,0.21201786,0.4205605,0.13017151
3273,-18.007055,0.7705342,3.544875,1.4383886,0.20825158,0.55298454,0.061855115
3274,-18.009735,0.63074684,1.9353456,0.40706757,0.21228138,0.100971974,0.07731889
3275,-17.974586,0.6900152,3.934911,0.14825843,0.22506979,0.08557049,0.09664862
3276,-17.990788,0.63359976,3.0931087,0.06630217,0.1940874,0.06796603,0.12081078
3277,-18.009554,0.6657506,2.2768965,0.064746134,0.21616893,0.042715885,0.15101346
3278,-18.01841,0.628167,2.5629072,0.04911695,0.20901111,0.046754815,0.18876684
3279,-17.992008,0.66583794,2.0273247,0.053131264,0.2264128,0.049162216,0.2
3280,-17.99917,0.72343194,3.6603513,0.107913606,0.23506206,0.077061564,0.2
3281,-18.005758,0.65052176,2.3149376,0.08865863,0.20983371,0.078696206,0.2
3282,-17.98952,0.7028918,3.5804327,0.25999236,0.23230392,0.15007108,0.2
3283,-18.014067,0.5860299,1.4864359,0.2696335,0.18492933,0.14247537,0.2
3284,-18.006079,0.6304326,2.6315732,0.55394024,0.19852945,0.22644706,0.1447474
3285,-18.001282,0.625446,2.1082666,0.5688407,0.19663605,0.2406475,0.09977067
3286,-18.010855,0.64456177,3.3526266,0.2316395,0.21157302,0.07304224,0.12471334
3287,-17.98122,0.7068339,3.6231852,0.08015972,0.24258754,0.060856644,0.15589167
3288,-17.99259,0.6918762,2.0369153,0.08126219,0.23648353,0.06748648,0.19486459
3289,-18.009554,0.760756,3.5807362,0.08287109,0.26288724,0.07246963,0.2
3290,-18.009333,0.668279,2.3393326,0.21528786,0.21560931,0.12867193,0.2
3291,-17.98384,0.6212161,3.1522777,0.14387935,0.19142218,0.09872046,0.2
3292,-18.023832,0.55551434,1.4357711,0.2496192,0.16998275,0.09652682,0.2
3293,-17.987738,0.7907724,2.43257,0.14762488,0.26961273,0.090225376,0.2
3294,-17.988941,0.6842088,2.5736206,0.3211145,0.22753349,0.18624596,0.2
3295,-17.971079,0.6882008,3.7023783,0.37291571,0.22581236,0.1801056,0.2
3296,-17.996462,0.6731461,2.6646817,0.46704766,0.20724465,0.21803631,0.2
3297,-17.969976,0.83644897,2.5496716,0.7284653,0.2765589,0.32188025,0.14134273
3298,-17.99737,0.76134384,2.753303,0.62773687,0.245601,0.26122293,0.109712
3299,-17.996572,0.6775087,2.7093046,0.25980812,0.21922566,0.08420501,0.13713999
3300,-17.996893,0.6578991,4.0374255,0.075986624,0.21387172,0.07183727,0.17142498
3301,-17.985916,0.7430925,3.7280185,0.11281776,0.23968923,0.09088437,0.2
3302,-18.00924,0.68142635,3.0873888,0.1478207,0.21900094,0.116914555,0.2
3303,-17.952595,0.83627915,5.314841,0.37896076,0.27628934,0.19954838,0.2
3304,-17.994024,0.5813982,3.3660572,0.15558384,0.18893953,0.07273109,0.2
3305,-18.008102,0.6285762,3.4980733,0.34487697,0.19560914,0.18612748,0.2
3306,-17.978518,0.66360974,3.9870074,0.15279797,0.21445978,0.065133095,0.2
3307,-18.007462,0.60883856,3.339897,0.06381374,0.199053,0.054722093,0.2
3308,-17.985058,0.7096732,3.203861,0.121842675,0.23079649,0.084309705,0.2
3309,-17.993345,0.65653634,3.537707,0.18165863,0.20693986,0.115503654,0.2
3310,-18.020016,0.61629575,3.1220636,0.4157044,0.20470524,0.21437247,0.2
3311,-17.992098,0.6009585,3.6860728,0.274855,0.187264,0.16878736,0.2
3312,-18.007235,0.70578057,3.188566,0.564545,0.23721243,0.22444093,0.14930153
3313,-17.99119,0.6581582,2.6404142,0.29904827,0.2096182,0.14438276,0.18662691
3314,-17.990582,0.6715832,3.0093777,0.33597696,0.21863757,0.11682806,0.2
3315,-17.969667,0.8264498,4.056102,0.13972422,0.27462083,0.10440165,0.2
3316,-17.970375,0.87419355,3.6300423,0.28723565,0.30215517,0.15994683,0.2
3317,-17.99105,0.7688441,4.3268394,0.2181385,0.25548288,0.10358563,0.2
3318,-17.99198,0.7011,3.7281802,0.46659276,0.2304938,0.26590544,0.2
3319,-18.001064,0.7627858,3.7977643,0.8954498,0.24244861,0.36123666,0.122301206
3320,-18.004862,0.6368579,3.2275853,0.35881907,0.20164175,0.098847225,0.15287651
3321,-18.011734,0.7713905,4.517175,0.116721645,0.25549263,0.104799375,0.19109564
3322,-17.992594,0.811709,3.0928652,0.25199166,0.2667008,0.16570245,0.2
3323,-17.986378,0.77206385,2.3554442,0.0963055,0.25323114,0.07600123,0.2
3324,-18.004152,0.681793,2.4472096,0.16660619,0.23013559,0.102288805,0.2
3325,-17.997774,0.614441,3.5988283,0.085065626,0.19076784,0.072772704,0.2
3326,-17.986374,0.8006742,3.3440173,0.28305256,0.28538468,0.14088203,0.2
3327,-17.979801,0.7722128,4.8012457,0.13636641,0.26018912,0.08769055,0.2
3328,-17.967308,0.86135817,4.699004,0.13591903,0.2882814,0.06534535,0.2
3329,-18.008308,0.5791753,2.0800633,0.05727471,0.19008628,0.05440086,0.2
3330,-17.95128,0.70830286,5.6984763,0.14999895,0.22599322,0.09303457,0.2
3331,-18.00107,0.68895984,4.185413,0.12055513,0.22528407,0.08580844,0.2
3332,-17.997171,0.754881,4.194364,0.31715205,0.2570773,0.16062737,0.2
3333,-17.99777,0.68817544,4.4881344,0.25540367,0.22348493,0.13726917,0.2
3334,-18.002642,0.69009405,3.631677,0.38073176,0.22745606,0.15745033,0.2
3335,-17.969603,0.90532506,5.21617,0.3206748,0.31317016,0.16644788,0.2
3336,-18.01507,0.6982139,4.2954555,0.57357734,0.22363873,0.23341885,0.2
3337,-17.981958,0.6828275,4.8257403,0.6807731,0.20683536,0.370458,0.13063154
3338,-17.969484,0.8313915,4.56112,0.75758857,0.2677051,0.29554018,0.08663816
3339,-17.991386,0.59826404,3.7904663,0.20829803,0.18852201,0.114816,0.1082977
3340,-18.005856,0.6725944,2.7602425,0.09536686,0.22030084,0.06941313,0.13537212
3341,-17.980211,0.64695436,4.0879745,0.06492719,0.2059482,0.05632895,0.16921514
3342,-17.968035,0.86949,3.7179613,0.07731672,0.2885083,0.071150996,0.2
3343,-17.978344,0.7673002,4.5243926,0.09051602,0.25936165,0.07519643,0.2
3344,-17.999367,0.7025299,3.1086886,0.19251601,0.22457258,0.12882097,0.2
3345,-17.971447,0.7125539,4.7614217,0.088890195,0.23874037,0.07612209,0.2
3346,-17.984146,0.6851717,3.7607558,0.14381807,0.22503617,0.07474842,0.2
3347,-18.010437,0.76225996,2.6604824,0.12457203,0.25818574,0.07930591,0.2
3348,-17.981562,0.664762,4.348129,0.23632531,0.21092047,0.15424931,0.2
3349,-18.003061,0.6480706,3.9667697,0.2860884,0.2003347,0.1406433,0.2
3350,-18.015219,0.6816064,2.0145688,0.6940634,0.20823313,0.31076276,0.16812459
3351,-17.998089,0.73167783,2.4255383,0.5481538,0.22741473,0.28529453,0.13163489
3352,-18.001198,0.6590895,3.9693139,0.39046684,0.21368964,0.15910071,0.11855388
3353,-17.990925,0.6950007,2.5342715,0.070278525,0.22988008,0.08026277,0.14819235
3354,-17.987955,0.6054078,4.0978203,0.126648,0.19637235,0.09002544,0.18524043
3355,-17.9603,0.68866414,4.758256,0.15677114,0.22211322,0.105500974,0.2
3356,-17.970964,0.69189495,4.4510546,0.33002207,0.2240133,0.18466704,0.2
3357,-17.982088,0.6966037,3.7909582,0.24359097,0.22418337,0.12153266,0.2
3358,-17.992744,0.8460797,2.9215467,0.16788232,0.28331292,0.07789398,0.2
3359,-17.97125,0.6266442,3.788802,0.112551115,0.21433696,0.06780968,0.2
3360,-17.981215,0.6624433,3.076773,0.20452438,0.21034914,0.122047625,0.2
3361,-17.991999,0.71559584,2.1155815,0.112288326,0.24329579,0.07710534,0.2
3362,-17.98446,0.7221506,2.8857338,0.30451992,0.23847975,0.15995085,0.2
3363,-18.004469,0.6878663,3.073658,0.18939194,0.23149943,0.09875968,0.2
3364,-17.986202,0.6348202,2.6395423,0.078891225,0.21373358,0.056338288,0.2
3365,-17.985859,0.9179195,1.0986497,0.060223613,0.3227498,0.05928025,0.2
3366,-17.96334,0.8856183,4.2304907,0.08281184,0.29971707,0.05967404,0.2
3367,-18.000828,0.6820413,3.6623378,0.14331676,0.22165295,0.08584905,0.2
3368,-17.998259,0.62433285,3.5226543,0.112834096,0.1961132,0.081465386,0.2
3369,-18.02312,0.5752492,2.332348,0.29239476,0.18867332,0.1498799,0.2
3370,-17.980967,0.6116501,3.1598074,0.30132458,0.18639871,0.14622355,0.2
3371,-18.00127,0.6251416,5.1257243,0.52239424,0.19682926,0.20978092,0.15235431
3372,-17.991077,0.65816057,3.549291,0.47643337,0.20672844,0.20460907,0.11792805
3373,-17.980162,0.82478845,3.2738981,0.25611612,0.28299367,0.08600474,0.14741006
3374,-18.012318,0.70467174,3.2979648,0.083076574,0.23015654,0.06864978,0.18426257
3375,-17.997976,0.662646,3.193155,0.16910633,0.2179184,0.096660025,0.2
3376,-18.003302,0.63951623,2.5001047,0.11562551,0.20598969,0.075363606,0.2
3377,-17.986835,0.73087835,4.098222,0.28827715,0.2407169,0.1657325,0.2
3378,-17.996515,0.7215403,2.8574574,0.4154624,0.23428822,0.18082707,0.2
3379,-18.006176,0.6663576,3.690998,0.6526604,0.21487036,0.2750902,0.15103893
3380,-17.98648,0.6580856,3.3084075,0.76842314,0.20494899,0.30848995,0.094549015
3381,-17.995087,0.82738304,1.8286171,0.2739082,0.28318182,0.09308103,0.118186265
3382,-18.001457,0.6249524,3.231872,0.05757392,0.1984476,0.06380529,0.14773282
3383,-17.982668,0.72553325,2.6548893,0.0619387,0.23290198,0.051223695,0.18466604
3384,-18.005169,0.66877514,3.201854,0.04949561,0.21379083,0.0513174,0.2
3385,-18.006,0.6337574,2.2623608,0.07145911,0.2092294,0.0574801,0.2
3386,-18.005363,0.66441035,3.3674328,0.102376334,0.21695247,0.07873259,0.2
3387,-17.997866,0.629369,3.1142683,0.23561634,0.19951504,0.13620937,0.2
3388,-17.999489,1.0416398,2.9687452,0.092822395,0.37281513,0.08468094,0.2
3389,-17.977573,0.67017514,4.2655244,0.1774923,0.21985464,0.103394315,0.2
3390,-18.03308,0.69991106,2.0419433,0.06262832,0.23252775,0.06229649,0.2
3391,-17.963001,0.72858673,4.713967,0.19414942,0.2309632,0.119918555,0.2
3392,-17.979301,0.6708777,4.077404,0.06987315,0.21577837,0.051475164,0.2
3393,-18.017946,0.5904124,3.061883,0.12868358,0.19024353,0.07343602,0.2
3394,-17.98877,0.6404654,3.8989718,0.1095054,0.20741135,0.08163703,0.2
3395,-18.010944,0.7359372,2.8199232,0.315963,0.244299,0.1772015,0.2
3396,-17.982237,0.7421363,3.3675184,0.34497297,0.24685013,0.16635947,0.2
3397,-17.98789,0.6829262,3.7001107,0.39190042,0.2178166,0.18440077,0.2
3398,-17.982347,0.648056,3.5067382,0.5255347,0.20519565,0.24796626,0.16760166
3399,-18.008684,0.6809379,2.6206608,0.58350635,0.211032,0.26415804,0.12748697
3400,-18.009731,0.64249706,3.195662,0.3088369,0.20495541,0.10334875,0.15935871
3401,-17.996181,0.7519281,2.435095,0.105404906,0.25452557,0.077188365,0.1991984
3402,-17.98339,0.7359991,3.506121,0.18785141,0.23875208,0.10468843,0.2
3403,-18.00114,0.71235627,3.3195782,0.14909926,0.23479371,0.09023971,0.2
3404,-17.98216,0.844206,2.1278095,0.4257714,0.27912316,0.20964631,0.2
3405,-18.006977,0.6815754,3.3313024,0.57706565,0.21437103,0.26042563,0.2
3406,-17.957918,0.7977825,3.2432413,1.1127046,0.22634524,0.5250186,0.09092891
3407,-17.96178,0.7598906,4.4138966,0.6562994,0.24142629,0.19360535,0.071030535
3408,-17.974846,0.8190115,5.0169187,0.23892456,0.27549788,0.09908764,0.08878817
3409,-18.001272,0.86500233,2.9174333,0.09480096,0.2816414,0.08865136,0.110985205
3410,-18.008953,0.6422213,2.7282717,0.054046165,0.20933595,0.054258082,0.13873151
3411,-17.979982,0.6515862,4.2960353,0.06270521,0.20989522,0.039708663,0.17341438
3412,-17.99535,0.60377055,4.0788193,0.056826778,0.18749648,0.04954733,0.2
3413,-18.014156,0.65872663,2.6410627,0.077228814,0.22530922,0.057323318,0.2
3414,-18.002993,0.6768808,1.7761028,0.121608466,0.22600114,0.06818958,0.2
3415,-17.997015,0.60239047,2.9390442,0.1632601,0.20039676,0.10186284,0.2
3416,-18.010906,0.62465596,3.3686886,0.3654187,0.19339423,0.17758515,0.2
3417,-18.01229,0.56817955,2.655537,0.1284134,0.18333635,0.079458535,0.2
3418,-18.002947,0.6887177,3.4985905,0.09483679,0.22827588,0.065768674,0.2
3419,-17.97879,0.7257581,3.872327,0.113964126,0.23576708,0.06898278,0.2
3420,-18.01384,0.629854,1.90828,0.098367624,0.19909984,0.072317466,0.2
3421,-17.988316,1.1605463,2.9432178,0.22374593,0.42929846,0.1315407,0.2
3422,-17.95147,0.96531695,5.41335,0.11871938,0.31682074,0.07438717,0.2
3423,-17.98009,0.71126974,4.6343336,0.11182321,0.22925265,0.061448894,0.2
3424,-17.999575,0.8071401,3.968432,0.07735576,0.28246576,0.057228535,0.2
3425,-17.970137,0.64569366,5.140069,0.13980666,0.20676132,0.0800673,0.2
3426,-17.98318,0.7041391,3.2265553,0.14203417,0.22824761,0.096461035,0.2
3427,-17.985819,0.7660639,5.0806108,0.31085873,0.25825834,0.17608574,0.2
3428,-18.011719,0.6514166,3.64084,0.22464594,0.21340895,0.14425449,0.2
3429,-18.002882,0.6931574,4.038494,0.5798934,0.21701606,0.22066809,0.16853075
3430,-17.992075,0.8841159,4.711466,0.61599296,0.30071494,0.28324452,0.13073567
3431,-18.01404,0.6911287,2.5120811,0.60616034,0.22143869,0.21852344,0.11892191
3432,-18.01759,0.64754206,3.3109837,0.20496364,0.21125612,0.078275315,0.14865239
3433,-17.9692,0.78459275,4.7795854,0.07219441,0.26288053,0.06987639,0.18581548
3434,-17.987011,0.627167,3.5913658,0.11709977,0.20091037,0.07935351,0.2
3435,-17.983797,0.70479685,3.0377433,0.089727335,0.22564627,0.08166119,0.2
3436,-17.987686,0.71963316,4.024204,0.22024092,0.23957185,0.15469766,0.2
3437,-17.986593,0.6823261,4.0815873,0.2543433,0.22374411,0.11123228,0.2
3438,-18.004848,0.643561,2.736491,0.4243428,0.20144169,0.15541722,0.2
3439,-17.995485,0.6666348,3.0179198,0.086481735,0.22230555,0.080695204,0.2
3440,-17.962107,0.89602876,3.6194522,0.08339576,0.31052452,0.056569055,0.2
3441,-17.996912,0.6491547,2.1417167,0.05401271,0.21935448,0.06153818,0.2
3442,-18.00536,0.66173595,2.9286187,0.058563255,0.21340819,0.05421667,0.2
3443,-17.99157,0.9194305,5.133975,0.094290465,0.18727003,0.058508553,0.2
3444,-17.986555,0.9328774,5.981623,0.100591995,0.19982354,0.0605565,0.2
3445,-17.984455,1.0024624,5.966559,0.16311528,0.24049741,0.11400663,0.2
3446,-17.997856,0.8459671,4.401931,0.1801158,0.20999363,0.083388366,0.2
3447,-17.991367,0.70476913,3.668034,0.31152865,0.22792721,0.13594015,0.2
3448,-18.005522,0.63610095,3.8121126,0.35378212,0.20676158,0.16457552,0.2
3449,-17.988237,0.7021276,3.5021238,0.6890795,0.21666282,0.28132117,0.13258018
3450,-17.970669,0.74380165,4.0449986,0.62219447,0.23572236,0.25713998,0.095174156
3451,-17.996891,0.608601,3.384342,0.2111185,0.19831741,0.08141885,0.1189677
3452,-17.996016,0.68075705,3.0155666,0.07965263,0.22097944,0.058127742,0.14870963
3453,-18.018456,0.691399,2.5666058,0.045265168,0.22273046,0.04336159,0.18588704
3454,-18.00391,0.71462256,2.6305249,0.052401416,0.23316604,0.055863876,0.2
3455,-17.974571,0.6346203,3.69863,0.059992258,0.21158364,0.057239242,0.2
3456,-18.00029,0.73962533,2.4948726,0.08395428,0.24018945,0.092669606,0.2
3457,-18.006758,0.64305484,2.7701664,0.20313337,0.207066,0.11292571,0.2
3458,-18.006657,0.85171026,1.7325598,0.062432457,0.29791635,0.07376065,0.2
3459,-17.976257,0.821311,4.4658313,0.2408978,0.2793209,0.13650501,0.2
3460,-18.024036,0.6918081,3.0321589,0.283804,0.2314845,0.12952067,0.2
3461,-17.997562,0.685827,3.7654977,0.3853376,0.21693203,0.15095177,0.2
3462,-17.97646,0.6396619,4.0547113,0.37274894,0.2053646,0.19502202,0.2
3463,-17.971815,0.8865298,4.0439754,0.8892773,0.28676224,0.36341828,0.10907358
3464,-17.98138,0.7366513,4.155505,0.49877322,0.2364291,0.19135542,0.0908914
3465,-18.01082,0.6659112,3.2367969,0.11617241,0.21224497,0.0965269,0.113614246
3466,-18.012451,0.62754583,3.4110928,0.061535798,0.19929431,0.061004598,0.14201781
3467,-17.990126,0.7595388,4.277001,0.05799687,0.25272754,0.05579743,0.17752227
3468,-18.00047,0.6103077,2.9937706,0.046484645,0.194448,0.045094065,0.2
3469,-17.990427,0.71452904,4.369197,0.07920594,0.23088908,0.06345103,0.2
3470,-17.991438,0.8966364,3.5424335,0.07240274,0.3206034,0.073104374,0.2
3471,-18.009977,0.6985794,4.1725783,0.08800219,0.23435031,0.07380584,0.2
3472,-17.98411,0.6979775,5.640084,0.12662767,0.2323525,0.0742066,0.2
3473,-17.968962,0.7299538,4.6747065,0.1792994,0.24205157,0.08906828,0.2
3474,-17.981804,0.65056264,4.7707124,0.15089282,0.20853722,0.087141626,0.2
3475,-17.997066,0.64234513,3.1284475,0.27283204,0.21141905,0.15299109,0.2
3476,-17.98515,0.5959769,3.86739,0.14215373,0.1819521,0.0768076,0.2
3477,-18.00095,0.6076776,4.0675526,0.0706746,0.1908344,0.06408898,0.2
3478,-17.978418,1.0755242,5.564205,0.19505888,0.35240918,0.11130454,0.2
3479,-18.016054,0.6118212,3.83365,0.10002842,0.19695751,0.06551095,0.2
3480,-18.012985,0.63326836,2.0666611,0.097461365,0.20718135,0.05677107,0.2
3481,-17.98142,0.93463844,3.5524187,0.11168537,0.3109641,0.07894552,0.2
3482,-18.012781,0.6585948,4.0090485,0.21116999,0.2193394,0.12211962,0.2
3483,-18.011848,0.7055195,5.2210603,0.08983091,0.24109468,0.0672493,0.2
3484,-18.009068,0.6308915,2.22352,0.09387397,0.20655808,0.055603728,0.2
3485,-17.993576,0.6132065,3.4795856,0.09170161,0.20421468,0.064251065,0.2
3486,-18.028645,0.6182181,1.915038,0.18190122,0.20654763,0.110648304,0.2
3487,-18.004812,0.67196655,5.0372334,0.11013021,0.20975222,0.07268909,0.2
3488,-17.964727,0.65558136,5.4141583,0.24172509,0.21449885,0.11990114,0.2
3489,-18.013653,0.68233865,2.7869024,0.12575811,0.21581611,0.065775625,0.2
3490,-17.98441,0.64480305,3.7513313,0.06405838,0.20696568,0.05504967,0.2
3491,-17.99104,0.7289134,3.8141806,0.12155844,0.24779396,0.08106657,0.2
3492,-17.98316,0.78046685,4.498725,0.075981185,0.25208718,0.06781072,0.2
3493,-17.980314,0.66745406,3.1547403,0.09318427,0.21171947,0.053069625,0.2
3494,-17.993284,0.741242,3.8362885,0.08768167,0.24821348,0.055971473,0.2
3495,-17.98076,0.74904484,3.3683152,0.15346208,0.23956332,0.08887997,0.2
3496,-17.991665,0.6516743,4.1494765,0.05862797,0.21718869,0.048275907,0.2
3497,-17.976364,0.7493382,3.6328464,0.075553045,0.24722795,0.051299494,0.2
3498,-18.017235,0.6275242,3.7698612,0.047687925,0.20236865,0.047371145,0.2
3499,-17.992,0.8314942,3.9164445,0.07997492,0.27701187,0.060946975,0.2
3500,-17.99299,0.5831568,3.350525,0.07238016,0.19373451,0.058979675,0.2
3501,-17.994581,0.6190771,4.1908164,0.17158656,0.20101093,0.08502194,0.2
3502,-17.985027,0.6141373,3.7904458,0.14440665,0.19965719,0.07204958,0.2
3503,-17.98678,0.7818412,2.571114,0.14466143,0.25277933,0.07807247,0.2
3504,-18.001507,0.69732195,3.7417712,0.06694413,0.22662665,0.05777041,0.2
3505,-17.984406,0.65043515,4.54881,0.09914506,0.20840923,0.061597187,0.2
3506,-17.994446,0.610559,4.472566,0.10179916,0.19492678,0.062763646,0.2
3507,-17.994093,0.7217037,4.567815,0.2323189,0.24450752,0.113470785,0.2
3508,-17.995665,0.8205974,4.1166825,0.19870523,0.27886173,0.10417166,0.2
3509,-17.98811,0.68344533,3.4291193,0.29753074,0.22041279,0.13619542,0.2
3510,-17.96689,0.7435661,2.9839783,0.59952885,0.23749869,0.27034512,0.1986861
3511,-17.979576,0.81168836,4.215448,1.397436,0.22461711,0.691361,0.07705058
3512,-17.943867,0.894943,6.2143984,0.8095164,0.30419636,0.21080653,0.060791675
3513,-17.982964,0.6711018,3.5159585,0.3423734,0.21242988,0.106059805,0.0759896
3514,-17.959435,0.80951196,4.2344947,0.111866064,0.27839953,0.093925245,0.094987
3515,-17.9975,0.63004816,3.7064245,0.059791397,0.20629638,0.05789615,0.11873375
3516,-17.99015,0.68718505,4.0572906,0.06877528,0.22944742,0.058023125,0.14841719
3517,-17.982637,0.6468498,4.6261425,0.053594597,0.20618436,0.044328626,0.18552148
3518,-18.009197,0.60737854,2.943351,0.064517,0.1914703,0.054494996,0.2
3519,-17.993645,0.5781833,3.139191,0.07114903,0.1858946,0.057305653,0.2
3520,-17.992058,0.71218216,3.0133483,0.16581137,0.2339305,0.09245206,0.2
3521,-17.97707,0.67637,4.696971,0.077536404,0.2309467,0.058967356,0.2
3522,-17.989138,0.62217927,3.691845,0.2314915,0.19525608,0.12326562,0.2
3523,-18.02157,0.58147275,1.7417063,0.2493568,0.17967819,0.12449941,0.2
3524,-17.98521,0.7017213,3.459458,0.37680823,0.2225238,0.17510435,0.19709304
3525,-17.987968,0.65384567,3.4855776,0.5738409,0.20696099,0.31447425,0.1474168
3526,-18.003813,0.8103218,2.822526,1.0090106,0.2476324,0.41443312,0.08376724
3527,-18.00918,0.63189685,3.3763976,0.34671533,0.19972023,0.10758581,0.08272157
3528,-17.989859,0.96082497,3.1135004,0.14451432,0.34575248,0.09578443,0.10340196
3529,-17.98871,0.66297907,3.5332885,0.05143667,0.20911418,0.06003996,0.12925245
3530,-17.989237,0.71352434,2.4234455,0.05413232,0.23619533,0.047807828,0.16156556
3531,-17.980625,0.7283536,4.098199,0.06795086,0.23301685,0.060780317,0.2
3532,-17.99807,0.58303213,3.5337405,0.10254728,0.18871112,0.07538447,0.2
3533,-18.002329,0.70913255,2.7979038,0.09482465,0.2364134,0.07235101,0.2
3534,-18.030495,0.74083126,2.4772055,0.3108959,0.23835254,0.16835368,0.2
3535,-17.990507,0.71213,3.8396504,0.42789564,0.22613725,0.23330975,0.18180108
3536,-18.001902,0.73999405,3.1528285,1.0304439,0.2106149,0.40941063,0.09760689
3537,-18.007687,0.689368,2.2801912,0.5927426,0.2252393,0.18210426,0.077514455
3538,-17.993708,0.7826083,3.5509202,0.16842346,0.26501277,0.09975769,0.09689307
3539,-17.984816,0.6784451,3.856049,0.055890154,0.22713561,0.06350086,0.12111634
3540,-18.017305,0.6397591,2.089888,0.05213419,0.20634758,0.05336231,0.15139543
3541,-17.982306,0.79104924,2.7378926,0.062481303,0.26444817,0.053752836,0.18924429
3542,-17.975336,0.62677705,4.5923357,0.07508465,0.2029389,0.05393155,0.2
3543,-17.991451,0.6418318,3.3303082,0.08174146,0.20794405,0.06346959,0.2
3544,-17.964989,1.0349594,4.3652477,0.19314907,0.367469,0.106870025,0.2
3545,-17.951395,0.68721426,4.8794026,0.15797614,0.218607,0.09192016,0.2
3546,-17.991718,0.72130877,3.7498,0.33909574,0.2402708,0.1681017,0.2
3547,-17.982437,0.70129865,3.93513,0.29230568,0.22867611,0.16053386,0.2
3548,-18.004427,0.69637513,2.7535517,0.5538981,0.22269224,0.22483476,0.16190794
3549,-17.994541,0.81688887,2.9245653,0.6346873,0.27251828,0.26735565,0.12322249
3550,-18.010138,0.7441699,3.029514,0.4155895,0.24779704,0.15184478,0.112794
3551,-17.979797,0.74905777,4.1047587,0.088285476,0.2508566,0.09225796,0.14099249
3552,-17.999321,0.73749894,2.392797,0.097697265,0.2472788,0.08070863,0.17624062
3553,-17.989445,0.6403849,4.3794017,0.09737339,0.20939629,0.07417999,0.2
3554,-18.024258,0.6496923,1.592453,0.26076704,0.21291198,0.14361297,0.2
3555,-17.979755,0.6857679,3.8454485,0.09961664,0.2256513,0.058755107,0.2
3556,-17.996254,0.6182088,2.5201266,0.1257301,0.19806097,0.07446839,0.2
3557,-17.98412,0.65162313,2.9209976,0.12925133,0.21897301,0.072394386,0.2
3558,-18.01435,0.70505744,2.8177354,0.21134496,0.22241904,0.12423939,0.2
3559,-17.984331,0.8567901,3.5490983,0.111525625,0.29068747,0.0777125,0.2
3560,-17.998438,0.69143957,2.9441464,0.2666713,0.23114973,0.14117408,0.2
3561,-17.984919,0.7331363,2.6110299,0.17915545,0.24430704,0.0971412,0.2
3562,-18.009426,0.67674494,2.5784345,0.20521714,0.2200609,0.08552701,0.2
3563,-17.979465,0.66686374,3.619375,0.14034814,0.2076622,0.08157451,0.2
3564,-17.982613,0.71530426,4.3559036,0.26598373,0.23388152,0.15414123,0.2
3565,-17.979902,0.73235697,4.374039,0.26903096,0.238971,0.136503,0.2
3566,-18.010073,0.6696173,2.9589,0.35833526,0.21333306,0.16340263,0.2
3567,-18.00713,0.662588,3.440452,0.5192013,0.20272866,0.2680029,0.1709461
3568,-17.97473,0.7282764,4.1624236,1.0963151,0.21855286,0.44069704,0.08268577
3569,-18.016762,0.6012741,2.7130082,0.38897407,0.19045207,0.10451768,0.0798573
3570,-17.989079,0.65506583,3.0982215,0.138783,0.21050507,0.08413426,0.09982162
3571,-17.990587,0.62243897,2.4281652,0.05297976,0.20611896,0.052246235,0.12477703
3572,-17.98207,0.863808,3.524872,0.068761095,0.30576244,0.060422845,0.15597129
3573,-17.96543,1.1809169,3.2991855,0.0779414,0.42333394,0.0813772,0.19496411
3574,-17.989584,0.69896716,4.3453403,0.06069958,0.24111022,0.05135641,0.2
3575,-17.970524,0.72522753,4.4117985,0.06482992,0.23996754,0.04813379,0.2
3576,-18.018242,0.6350709,3.8627424,0.06884063,0.20245205,0.049482748,0.2
3577,-17.983292,0.91371137,3.4989355,0.07120856,0.31850618,0.05702001,0.2
3578,-17.980364,0.986776,2.0422745,0.08064041,0.3374449,0.05857306,0.2
3579,-17.974691,0.6713786,4.4206,0.08117446,0.215944,0.0513507,0.2
3580,-17.964754,1.1207551,5.3428016,0.15512507,0.3887669,0.10170805,0.2
3581,-17.951223,0.7368993,7.264292,0.15603983,0.22065938,0.09317513,0.2
3582,-17.958246,0.7649744,6.0454435,0.34268504,0.2433511,0.17054091,0.2
3583,-17.97125,0.7209594,5.9362884,0.30934814,0.24154237,0.1690115,0.2
3584,-17.966711,0.8298327,3.4094741,0.5770748,0.27497256,0.22764643,0.18638635
3585,-17.963203,0.8753239,6.8150764,0.8269623,0.28119054,0.39646202,0.12492384
3586,-17.983532,0.6969664,4.9267893,0.96297985,0.20988515,0.3642986,0.08421267
3587,-18.009268,0.70101005,3.3051095,0.290906,0.22963896,0.095154785,0.10526583
3588,-17.963926,0.98859,5.1915255,0.09252596,0.34515384,0.07913869,0.13158229
3589,-17.977608,0.72681934,5.259064,0.070403814,0.23984846,0.069650084,0.16447785
3590,-17.971981,0.9305669,5.596827,0.08720791,0.33332336,0.055349182,0.2
3591,-17.989983,0.68997914,4.285771,0.056425527,0.2165959,0.0511473,0.2
3592,-17.981148,0.7058859,4.3832107,0.058101382,0.22830181,0.0498801,0.2
3593,-18.012957,0.6036562,3.164809,0.055443626,0.18775699,0.04119956,0.2
3594,-17.99685,0.69884634,3.8531215,0.08037528,0.23784667,0.057555202,0.2
3595,-17.965336,0.66657823,5.18136,0.1449805,0.20890798,0.08511691,0.2
3596,-17.994667,0.7036746,3.0056615,0.092204794,0.22534786,0.07224787,0.2
3597,-17.98247,0.89172953,4.9188724,0.2316705,0.2968313,0.13158864,0.2
3598,-18.000595,0.6160333,3.4841552,0.08032803,0.19821368,0.06615485,0.2
3599,-17.999735,0.6069079,2.955642,0.14354439,0.20086114,0.066734694,0.2
3600,-17.998434,0.6824803,4.7692304,0.09209566,0.21578859,0.057243824,0.2
