epoch,energy,energy_std,grad_amp_before,grad_phi_before,grad_amp_after,grad_phi_after,learning_rate
0,2.5246303,4.3283186,13.015971,11.536477,2.723606,3.7887247,0.04
1,2.1294293,4.4741025,16.700966,14.038516,2.9915183,4.048066,0.04
2,1.8167284,4.520222,15.046028,13.187605,2.9917061,4.0037,0.04
3,1.5702463,4.2788954,14.059633,9.932201,2.9367456,3.9602745,0.04
4,1.0505296,4.1350904,14.805637,11.5424185,2.7405727,3.7147615,0.04
5,0.8254475,4.018033,13.958947,9.747717,2.5926595,3.6635067,0.04
6,0.5102146,4.117602,14.660347,11.027465,2.7170265,3.7120204,0.04
7,0.1547245,4.0260377,14.450387,9.832433,2.6460443,3.7139096,0.04
8,0.07215385,3.924302,14.001956,9.281911,2.5855207,3.560363,0.04
9,-0.35071802,3.9415717,14.132689,12.171848,2.6242135,3.5079231,0.04
10,-0.54672635,4.0105643,14.669248,8.5444565,2.6164472,3.5679097,0.04
11,-0.7850364,3.8923469,14.638169,8.5968275,2.428107,3.5346696,0.04
12,-0.8383183,3.9288208,15.301204,8.954129,2.560731,3.4256752,0.04
13,-1.0002624,4.16687,18.339293,19.96389,2.5748425,3.5157118,0.04
14,-1.3635299,3.9113028,14.46199,9.700501,2.5790024,3.4017994,0.04
15,-1.4018545,3.9662025,15.155634,8.660725,2.4312296,3.3413777,0.04
16,-1.4914297,3.8898592,14.738486,9.48826,2.5299463,3.3578973,0.04
17,-1.6066631,4.009396,18.271294,13.331349,2.4947581,3.36912,0.04
18,-1.8481919,3.9784026,14.9019165,9.484593,2.4972491,3.4513333,0.04
19,-1.8995676,3.8604777,15.57955,9.280731,2.4417698,3.2545128,0.04
20,-2.0642807,3.980744,18.75268,14.276299,2.400545,3.2709782,0.04
21,-2.2383385,3.8008697,15.381699,8.275561,2.4363542,3.1714683,0.04
22,-2.2882333,3.9131694,16.897438,9.186895,2.3625014,3.3217793,0.04
23,-2.349736,4.2046304,18.760567,17.033518,2.5366216,3.3642347,0.04
24,-2.5096827,4.6592107,72.81514,65.15736,2.4026623,3.2215688,0.04
25,-2.6179066,3.8478777,15.802485,7.7345634,2.4345646,3.3084095,0.04
26,-2.6792397,4.004172,17.468418,10.792481,2.4335887,3.3015819,0.04
27,-2.7978563,4.0534377,17.94018,17.880014,2.4849591,3.3591492,0.04
28,-2.9835148,3.8666365,18.03349,8.230248,2.4450698,3.355382,0.04
29,-3.0008075,4.042026,23.837687,10.266638,2.503972,3.2892902,0.04
30,-3.165826,3.9599128,18.586357,11.878627,2.46342,3.3161592,0.04
31,-3.1791546,3.8783233,17.000237,9.678754,2.514453,3.3520622,0.04
32,-3.2408311,3.9031959,17.393034,11.963521,2.3554194,3.3291168,0.04
33,-3.4293559,4.4524846,23.43845,22.276678,2.4807,3.46938,0.04
34,-3.3668594,3.9119205,16.987402,7.7583103,2.5128045,3.453508,0.04
35,-3.5923195,3.9848576,20.579857,9.135864,2.384849,3.301148,0.04
36,-3.5880957,3.9958286,18.771835,8.454335,2.4834003,3.3856955,0.04
37,-3.681703,3.953348,18.57776,11.427247,2.386884,3.4157996,0.04
38,-3.9363976,3.984695,18.452776,9.251289,2.4691253,3.3364413,0.04
39,-3.8988383,4.1019287,19.935934,9.997629,2.5391076,3.397912,0.04
40,-4.201021,4.097495,21.411715,10.377793,2.5636759,3.3930292,0.04
41,-4.287719,4.1528625,22.490297,11.2617855,2.5966833,3.4657433,0.04
42,-4.3857207,3.9206822,19.748087,8.66585,2.5017831,3.4038968,0.04
43,-4.323587,4.2334085,21.357988,14.956321,2.5361235,3.3823812,0.04
44,-4.3304205,4.148502,21.551498,8.955324,2.6580045,3.483069,0.04
45,-4.633493,4.2100096,24.454039,18.356617,2.5346694,3.5293117,0.04
46,-4.578083,4.005146,19.92649,10.142107,2.535921,3.4311807,0.04
47,-4.6308994,4.086389,21.661772,8.616372,2.5338612,3.4653456,0.04
48,-4.8400497,4.2242303,22.976408,9.59635,2.6675856,3.4507964,0.04
49,-5.042093,3.9791849,22.162617,6.894297,2.434517,3.3347445,0.04
50,-5.0182276,4.1726046,26.558054,10.662018,2.5155602,3.407416,0.04
51,-5.209663,4.0938272,26.208416,7.676268,2.565083,3.3692338,0.04
52,-5.2006035,4.3142176,27.941757,10.798418,2.6435075,3.6019158,0.04
53,-5.384502,4.2581544,23.467827,11.604875,2.6956265,3.5422194,0.04
54,-5.387916,4.5252886,28.663507,27.158203,2.640709,3.496311,0.04
55,-5.523742,4.1420126,28.77019,11.759363,2.4821208,3.4403877,0.04
56,-5.7252555,4.2463555,30.159857,10.2044935,2.561252,3.453497,0.04
57,-5.8559794,4.334395,26.086044,10.833344,2.640093,3.5736375,0.04
58,-5.858484,4.4220266,30.812864,15.469873,2.6081095,3.5619295,0.04
59,-5.8918786,4.3888483,32.291725,9.501085,2.6560037,3.5398936,0.04
60,-6.154058,4.3071027,31.179226,11.303707,2.6494896,3.5398884,0.04
61,-6.2318277,4.1549606,30.072004,6.8251524,2.541981,3.5265355,0.04
62,-6.352348,4.379126,31.771164,10.129356,2.6282752,3.517968,0.04
63,-6.6433125,4.36998,34.032063,8.95826,2.5130749,3.5526936,0.04
64,-6.718671,4.5471206,42.740227,12.947404,2.7446926,3.722387,0.04
65,-6.7659254,4.6040354,40.509094,10.624529,2.9350588,3.7897673,0.04
66,-6.9060397,4.432725,41.680458,9.121415,2.729504,3.6255102,0.04
67,-6.958297,4.6133146,41.819942,13.799219,2.622137,3.654489,0.04
68,-7.200186,4.5285993,44.442406,9.412418,2.7488246,3.7193272,0.04
69,-7.508252,4.687278,49.928402,8.869754,2.7470794,3.7058268,0.04
70,-7.4638963,4.728989,50.584885,10.088117,2.8384511,3.8246257,0.04
71,-7.528335,4.5361743,47.02719,10.043089,2.6652193,3.5338166,0.04
72,-7.8309927,4.693934,53.564144,9.434324,2.737044,3.8023298,0.04
73,-8.003265,4.912199,61.937614,10.500094,2.8350084,3.8005297,0.04
74,-8.212524,5.2027593,72.785866,16.95298,2.8938353,3.7580702,0.04
75,-8.473383,4.931514,69.92227,10.755509,2.818312,3.8747451,0.04
76,-8.411807,5.063593,67.725006,12.098099,2.8081052,3.7832172,0.04
77,-8.748522,5.05472,71.770294,9.994168,2.888569,3.7664788,0.04
78,-8.866477,4.9238124,72.3192,8.972646,2.844421,3.6457121,0.04
79,-9.315486,5.3507624,93.938545,16.796612,2.9717045,3.9050617,0.04
80,-9.317107,5.2585964,94.74106,13.091204,2.9193623,3.909927,0.04
81,-9.484729,5.349725,91.93835,10.432276,3.0151718,3.9909277,0.04
82,-9.91306,5.512578,107.745285,12.44313,3.0143685,3.8008192,0.04
83,-9.91171,5.597763,108.14482,12.708246,3.0644152,3.9314919,0.04
84,-10.388769,5.6693807,118.40611,18.019932,3.1156223,4.0772085,0.04
85,-10.557914,5.7718945,125.36464,13.34534,3.1382709,3.8787823,0.04
86,-10.898725,5.804126,126.93538,14.786828,3.1708167,3.9306011,0.04
87,-11.011328,5.9548144,135.94939,18.803537,3.056171,3.9095547,0.04
88,-11.256895,5.924143,118.10106,15.772956,3.242803,4.3208656,0.04
89,-11.542119,6.159204,133.73683,21.34877,3.1867805,4.0484858,0.04
90,-11.678329,6.632786,132.45848,29.357412,3.3825872,4.3689175,0.04
91,-12.205198,6.1230655,129.96405,21.23956,3.31584,4.255846,0.04
92,-12.411328,6.235757,128.29398,22.35422,3.366363,4.225238,0.04
93,-12.832404,6.4455304,140.23665,23.963533,3.4856327,4.366313,0.04
94,-13.174951,6.533686,134.91725,23.717768,3.543531,4.4148574,0.04
95,-13.305504,6.660124,133.62047,24.53457,3.6475253,4.5928416,0.04
96,-13.789949,6.628914,136.0485,27.902925,3.584436,4.5284944,0.04
97,-14.113372,6.699856,141.72853,23.885914,3.641626,4.5496864,0.04
98,-14.636046,7.0464125,140.06017,20.440123,4.130919,5.0962577,0.04
99,-14.598457,7.0796127,135.27846,23.858763,4.1204286,4.9816184,0.04
100,-15.058686,7.213988,125.49405,29.683098,4.118222,5.004488,0.04
101,-15.246352,7.1342697,128.53479,31.814762,4.042096,4.92492,0.04
102,-15.705097,7.0998173,120.2225,34.3951,4.420854,5.26655,0.04
103,-16.106012,6.9350166,104.59593,28.371597,4.246736,5.157281,0.04
104,-16.57249,6.956253,103.478355,24.122046,4.5030856,5.0611053,0.04
105,-16.82368,7.2946844,111.6283,28.85798,4.8288684,5.6699624,0.04
106,-16.88203,6.9782977,94.20466,27.45216,4.3885927,5.2879033,0.04
107,-17.217394,7.606031,94.38978,26.933992,4.942285,5.891195,0.04
108,-17.2885,7.548649,81.58233,27.354988,4.990072,5.975955,0.04
109,-17.658504,7.2181883,73.10268,27.283718,5.2312984,6.161238,0.04
110,-17.709202,7.550345,75.609344,26.504032,5.2965407,6.153456,0.04
111,-17.966972,7.5238285,68.0403,22.84685,5.3967648,6.0673747,0.04
112,-17.995207,7.029536,58.319775,20.77485,5.4644837,6.235774,0.04
113,-18.251984,7.476308,55.650757,17.71924,5.768353,6.378793,0.04
114,-18.408184,7.12623,44.542885,15.240198,5.272902,5.95947,0.04
115,-18.439953,7.4867277,44.27769,20.582216,5.9293685,6.722654,0.04
116,-18.886635,7.3227363,43.924973,17.818558,5.8924947,6.7566066,0.04
117,-18.687765,7.565772,39.477745,19.394539,6.213896,6.70531,0.04
118,-18.88863,7.6728916,38.53635,23.093155,5.792849,6.3520722,0.04
119,-19.067919,7.201772,30.874567,16.01339,6.178045,6.4380827,0.04
120,-19.28183,7.1171784,27.32884,16.039196,5.9346404,6.638409,0.04
121,-19.53239,7.0809236,26.242186,17.91916,6.3019447,6.537374,0.04
122,-19.5811,7.5223045,30.338028,17.542233,5.432137,6.1084137,0.04
123,-19.872742,6.828706,23.811954,12.918284,5.642322,5.9730873,0.04
124,-20.054981,6.617645,19.842138,13.177419,5.36257,5.7967043,0.04
125,-20.128046,6.4631495,18.988852,13.655314,5.1311235,5.7708654,0.04
126,-20.408438,6.4456005,19.406609,13.96568,4.9730916,5.349993,0.04
127,-20.583015,6.748725,21.606895,15.100751,5.4007306,5.6116223,0.04
128,-20.884523,6.3844867,20.834454,16.87997,4.6075807,5.1089177,0.04
129,-20.866808,5.674695,15.471206,11.134643,4.297635,4.6792164,0.04
130,-20.912472,5.8457174,16.18846,12.097142,4.61709,4.906011,0.04
131,-21.292416,5.3766127,15.618887,8.768559,3.6775734,4.2795415,0.04
132,-21.22941,5.4838786,15.441427,11.309637,3.8409514,4.058416,0.04
133,-21.534481,4.987209,15.289059,9.686053,3.5530617,3.7199497,0.04
134,-21.476421,4.9192915,15.394865,11.196719,3.56436,3.5083065,0.04
135,-21.535162,4.8582206,13.516938,8.741381,3.3871996,3.4838,0.04
136,-21.807442,4.8089533,14.654252,8.896332,3.2084289,3.4717526,0.04
137,-22.043509,4.7225666,14.818315,7.9578557,3.3463945,3.7586026,0.04
138,-22.09445,4.743942,15.881045,8.7725,3.401551,3.458333,0.04
139,-22.133242,4.2849045,14.316207,8.005125,2.670189,3.0074065,0.04
140,-22.199324,4.1849403,13.108629,7.1599655,2.637759,2.8202286,0.04
141,-22.377016,4.0526934,14.154738,5.970596,2.4213505,2.569135,0.04
142,-22.567986,4.0309653,12.3420925,6.1326127,2.3785975,2.5599003,0.04
143,-22.628574,3.7979813,11.958596,4.79009,2.1715705,2.3541632,0.04
144,-22.615812,3.792115,11.903156,5.145936,2.33411,2.5399313,0.04
145,-22.72641,3.5992901,11.983348,4.7174687,2.0777488,2.2481697,0.04
146,-22.806784,3.4677105,13.309854,4.912122,1.834845,2.161371,0.04
147,-22.846321,3.2917557,11.141175,3.9046466,1.7743161,2.0198205,0.04
148,-22.926352,3.225148,11.802689,3.9314272,1.6035202,1.796856,0.04
149,-22.964745,3.2360883,11.978223,3.9927397,1.8101866,2.024504,0.04
150,-23.01307,3.1873102,11.310746,3.8338091,1.6999713,1.8466554,0.04
151,-23.097216,3.0247252,10.613743,3.9646487,1.5673381,1.8235948,0.04
152,-23.1391,3.060645,10.217252,2.997649,1.6698061,1.8173527,0.04
153,-23.167301,2.898776,10.663057,2.708612,1.4356204,1.6230072,0.04
154,-23.140732,2.850968,10.172891,2.8280408,1.4527495,1.6491984,0.04
155,-23.18609,2.772372,11.235949,2.7655475,1.4366351,1.5712858,0.04
156,-23.290754,2.824619,10.250617,2.7247946,1.6561148,1.713082,0.04
157,-23.251501,2.687561,10.4215,2.717852,1.2774887,1.5169936,0.04
158,-23.297491,2.6367202,10.050955,2.6191988,1.1769583,1.3791379,0.04
159,-23.303917,2.6031675,10.563602,2.0099628,1.3126546,1.4608592,0.04
160,-23.369041,2.6166782,9.074207,2.0057554,1.2959919,1.4024312,0.04
161,-23.385765,2.5759196,10.079791,2.2242422,1.1911334,1.3447427,0.04
162,-23.466839,2.5091085,8.713479,1.7833825,1.2212658,1.4250307,0.04
163,-23.46956,2.4340365,9.404496,1.6316895,1.1238406,1.2975696,0.04
164,-23.49675,2.498823,9.099687,2.038332,1.3465025,1.3430994,0.04
165,-23.471445,2.4370916,9.10498,1.5005671,1.2110347,1.3007622,0.04
166,-23.557957,2.3223512,10.381709,2.0516293,1.0554217,1.1691909,0.04
167,-23.501213,2.3291702,8.111837,1.731891,0.97544754,1.1282443,0.04
168,-23.563063,2.3168194,8.17374,1.4013996,1.0548497,1.2163804,0.04
169,-23.629648,2.3693886,7.5460997,2.088839,1.1647886,1.2059377,0.04
170,-23.531445,2.2345126,8.151665,1.1889725,1.0688167,1.3019663,0.04
171,-23.64759,2.2032247,8.997867,1.6417317,1.0344611,1.1040382,0.04
172,-23.710688,2.176814,8.869443,1.2215369,0.9549192,1.0251466,0.04
173,-23.725101,2.2127323,9.114959,1.6166145,0.98883957,1.0580142,0.04
174,-23.699736,2.1143026,7.442064,1.700768,0.93071574,0.977497,0.04
175,-23.614527,2.05416,7.4771433,1.2579144,0.96062833,1.021027,0.04
176,-23.772886,2.0923443,9.477671,1.7328463,0.93052506,1.0040114,0.04
177,-23.621368,2.0767913,7.6781597,0.9339485,0.9284041,1.0000054,0.04
178,-23.727562,2.0294874,8.010573,1.323927,0.87371975,0.9951379,0.04
179,-23.744223,2.1073859,7.876909,1.4177332,1.0021346,1.1018376,0.04
180,-23.742327,1.973477,10.104669,1.4482957,0.8181332,0.9209251,0.04
181,-23.720304,1.9967703,9.677394,0.97648716,0.81220394,0.883388,0.04
182,-23.798206,1.9695389,8.091995,1.3905994,0.83588487,0.8976894,0.04
183,-23.903662,1.9302769,8.383859,1.0551882,0.84016347,0.90766436,0.04
184,-23.875511,1.9473153,7.9513307,0.8092431,0.9143227,0.8965259,0.04
185,-23.861137,1.8584191,8.527297,1.3521297,0.81033915,0.8655928,0.04
186,-23.867874,1.8494056,8.784059,1.1607062,0.7458539,0.8331281,0.04
187,-23.904001,1.8908833,6.5448895,1.0199453,0.8064293,0.83223474,0.04
188,-23.850798,1.896121,7.3648458,0.9136907,0.8586878,0.84441596,0.04
189,-23.843925,1.8391553,7.5833,0.7783748,0.7490892,0.7988589,0.04
190,-23.90134,1.8392035,7.160233,0.91755545,0.77012575,0.74906117,0.04
191,-23.852972,1.802158,7.610739,0.99425703,0.75017405,0.75216174,0.04
192,-23.789278,1.8120503,7.2416697,0.8197882,0.76425916,0.76122135,0.04
193,-23.940233,1.787419,7.3518906,1.2609092,0.73663604,0.7467721,0.04
194,-23.931023,1.8337169,8.359043,1.3879601,0.77282804,0.77685475,0.04
195,-23.94466,1.7756082,7.1193814,1.4646696,0.76505107,0.7422603,0.04
196,-23.918896,1.7385458,7.393074,0.7327914,0.7009527,0.7325049,0.04
197,-23.923641,1.7430108,6.1462893,1.0855588,0.7570284,0.80578,0.04
198,-23.889189,1.6934923,7.2633233,0.72624993,0.6860856,0.6686653,0.04
199,-23.89645,1.7580014,6.878465,0.7300508,0.6971429,0.703583,0.04
200,-23.89823,1.7386186,7.698609,0.6638363,0.7472188,0.68585026,0.04
201,-23.965704,1.6904451,8.089298,0.78922087,0.68893826,0.66218185,0.04
202,-23.978472,1.7259268,7.488491,0.7206668,0.69589245,0.6755761,0.04
203,-23.912952,1.7327335,6.8072367,0.6950227,0.7137576,0.6539663,0.04
204,-23.933376,1.6987418,8.639085,0.95484865,0.7311804,0.679032,0.04
205,-23.92401,1.6188623,7.150932,0.5446871,0.6506436,0.60118014,0.04
206,-23.934765,1.6491663,7.6604915,0.72485065,0.6614025,0.6248224,0.04
207,-23.976227,1.61881,7.3576584,0.5442175,0.67302483,0.61587346,0.04
208,-23.977766,1.6518815,7.3972135,0.74351364,0.6663378,0.596184,0.04
209,-23.937067,1.6744219,8.465665,0.76927453,0.7352594,0.5919209,0.04
210,-23.938457,1.5791327,7.2964215,0.5273689,0.62481546,0.5726878,0.04
211,-24.025629,1.6618991,6.829087,0.679138,0.6768089,0.57367665,0.04
212,-23.928997,1.6550665,6.2057652,0.51614493,0.70875126,0.61096305,0.04
213,-23.986898,1.5654358,7.393141,0.5795498,0.6339041,0.5501217,0.04
214,-23.98815,1.6158408,5.562855,0.5404613,0.63716626,0.5645287,0.04
215,-24.078793,1.5873156,7.21802,0.6415108,0.64773536,0.55005723,0.04
216,-24.014715,1.633926,7.7699437,0.6460642,0.65293854,0.52670217,0.04
217,-23.954659,1.5949365,7.932079,0.58291495,0.6318133,0.55755275,0.04
218,-24.031107,1.6498123,6.6409426,0.5264787,0.6754961,0.52342665,0.04
219,-24.057678,1.5641283,7.0115523,0.46981847,0.61978686,0.51480234,0.04
220,-24.099203,1.5605866,6.640431,0.9691266,0.6249804,0.49470204,0.04
221,-23.978743,1.5824487,6.465412,0.5682891,0.6292051,0.5234826,0.04
222,-24.037254,1.6432196,6.600344,0.41817686,0.67960155,0.5216017,0.04
223,-24.02179,1.5565227,7.144922,0.4853822,0.6138701,0.53343916,0.04
224,-24.034315,1.5413944,8.801337,0.635063,0.6263025,0.5386601,0.04
225,-24.068268,1.5867536,7.543839,0.52686125,0.6377181,0.48965538,0.04
226,-24.051165,1.5756354,7.338138,0.54973507,0.6413325,0.55233955,0.04
227,-24.067057,1.5503756,7.0082836,0.48619545,0.63341916,0.4755202,0.04
228,-24.070457,1.5581774,6.7684274,0.5889816,0.6284019,0.50789577,0.04
229,-24.052374,1.5046241,6.3318534,0.49941224,0.5999924,0.47302318,0.04
230,-24.058964,1.4899832,6.492097,0.533113,0.59762317,0.45015162,0.04
231,-24.008371,1.5238769,7.6840596,0.67883015,0.6033925,0.49286267,0.04
232,-24.029776,1.5250232,8.35459,0.6796569,0.60331535,0.483649,0.04
233,-24.084906,1.5320063,6.5874906,0.4841937,0.60767925,0.4725852,0.04
234,-24.111996,1.537497,5.437287,0.42195484,0.7300949,0.51919115,0.04
235,-24.075754,1.5103202,7.48905,0.6979074,0.6036294,0.4367325,0.04
236,-24.034124,1.4957155,6.7752633,0.5676971,0.6010316,0.4508825,0.04
237,-24.080887,1.5252086,6.5452933,0.48203427,0.62185466,0.42297444,0.04
238,-24.042555,1.4665699,6.431415,0.63976,0.60238904,0.4511945,0.04
239,-24.071028,1.5074978,7.35187,0.5841644,0.61202437,0.45711958,0.04
240,-24.07322,1.4873778,7.1506176,0.41233894,0.5905906,0.43392572,0.04
241,-24.069416,1.4852943,6.555609,0.45830926,0.5930981,0.40782508,0.04
242,-24.087938,1.5106422,6.999725,0.5553238,0.61056364,0.4562372,0.04
243,-24.072317,1.5275363,7.510171,0.45399046,0.62420255,0.4471542,0.04
244,-24.10235,1.4538877,6.9546337,0.48273373,0.5746296,0.42846403,0.04
245,-24.111465,1.5009077,6.7309303,0.57622796,0.59039533,0.43047568,0.04
246,-24.11992,1.549489,5.7321978,0.51908857,0.6269083,0.4382984,0.04
247,-24.048798,1.4234439,5.9985924,0.51353526,0.60430944,0.5006216,0.04
248,-24.118433,1.4916067,7.248842,0.59592366,0.59691656,0.41595605,0.04
249,-24.159,1.4568703,5.106139,0.44636932,0.58413875,0.39182562,0.04
250,-24.125298,1.4664501,7.081143,0.36510503,0.599064,0.41874456,0.04
251,-24.135773,1.4544617,7.0075293,0.4411021,0.59402084,0.34172967,0.04
252,-24.134356,1.4898458,8.756166,0.38723993,0.59803545,0.40305364,0.04
253,-24.11987,1.4965397,7.7073836,0.6683187,0.595801,0.3882416,0.04
254,-24.121473,1.4419159,6.965171,0.5186332,0.57121795,0.40694448,0.04
255,-24.155132,1.4645427,6.5226274,0.40328273,0.58952475,0.38126042,0.04
256,-24.117907,1.4545951,7.886536,0.49208596,0.5866246,0.42857218,0.04
257,-24.105795,1.4240903,5.8142033,0.5750788,0.5755157,0.41128153,0.04
258,-24.159534,1.4355507,8.336219,0.32375216,0.57455647,0.3740442,0.04
259,-24.109436,1.4280716,6.9327245,0.492993,0.5735221,0.35539913,0.04
260,-24.091173,1.4132406,9.00541,0.50557077,0.56709826,0.3630595,0.04
261,-24.166235,1.4095665,8.125109,0.41414416,0.5756883,0.3848281,0.04
262,-24.18069,1.4334359,7.6348453,0.48986894,0.58044314,0.35600093,0.04
263,-24.158907,1.4256467,6.5659623,0.4186647,0.5765299,0.400162,0.04
264,-24.151793,1.3942432,6.289458,0.550701,0.56435156,0.35757947,0.04
265,-24.208199,1.4301903,6.0612574,0.40509778,0.5868518,0.36334574,0.04
266,-24.156935,1.4221478,6.90776,0.27161846,0.58234,0.37739316,0.04
267,-24.12219,1.4208394,7.2474194,0.3479008,0.57795584,0.3888185,0.04
268,-24.222673,1.4014087,6.2176394,0.46228248,0.5810618,0.3654993,0.04
269,-24.16759,1.5014755,7.758102,0.4066622,0.6141211,0.3976986,0.04
270,-24.149387,1.4262823,7.1557083,0.5944317,0.5743952,0.41851416,0.04
271,-24.13991,1.4001034,6.403602,0.4739992,0.55547297,0.37658224,0.04
272,-24.136219,1.407287,7.7777143,0.3065067,0.5699885,0.32508776,0.04
273,-24.215523,1.3999466,6.81519,0.36600587,0.5774553,0.35249493,0.04
274,-24.170687,1.4191247,6.181795,0.5000913,0.57227963,0.3743853,0.04
275,-24.153563,1.4217036,6.9908605,0.41190192,0.57449603,0.33790112,0.04
276,-24.141335,1.4227933,9.014764,0.62771326,0.5709785,0.33767653,0.04
277,-24.159859,1.3619084,5.537806,0.27615198,0.556524,0.32596305,0.04
278,-24.152403,1.4019881,7.0477834,0.43917197,0.56811076,0.3545938,0.04
279,-24.200083,1.3651116,7.102129,0.40951073,0.55423766,0.34768882,0.04
280,-24.202812,1.3873023,6.9866486,0.38450363,0.56490654,0.33888227,0.04
281,-24.173094,1.3575778,6.7811456,0.30927408,0.548284,0.32100323,0.04
282,-24.153368,1.3488803,7.0945454,0.31415296,0.55139935,0.30815738,0.04
283,-24.188536,1.3388361,7.9802933,0.49905038,0.5444929,0.3133831,0.04
284,-24.166641,1.3589462,8.038073,0.38451397,0.5542245,0.32892618,0.04
285,-24.20291,1.3604964,6.8944855,0.28497788,0.5632636,0.31089574,0.04
286,-24.197521,1.3779263,7.878474,0.36610526,0.556244,0.31942335,0.04
287,-24.14649,1.3262267,8.0115795,0.3352352,0.5483209,0.30151698,0.04
288,-24.13191,1.3673189,7.5196695,0.3646455,0.5499605,0.31980005,0.04
289,-24.179422,1.3783013,8.009738,0.25456393,0.5644767,0.3201123,0.04
290,-24.211967,1.3787944,6.316585,0.3835325,0.5567359,0.33280727,0.04
291,-24.201578,1.3403175,7.7961984,0.3548347,0.5404493,0.29951328,0.04
292,-24.190088,1.3566464,6.498076,0.3837631,0.5565876,0.3310541,0.04
293,-24.169754,1.2944331,6.798096,0.35289946,0.5252805,0.34462756,0.04
294,-24.243977,1.3963022,6.1885414,0.3853379,0.58000255,0.34107807,0.04
295,-24.224812,1.2926161,6.9702997,0.3652312,0.528082,0.311108,0.04
296,-24.19505,1.346078,6.3497486,0.27251717,0.5441317,0.34287924,0.04
297,-24.206812,1.3220572,5.2097197,0.3674188,0.5352213,0.33897868,0.04
298,-24.225943,1.3673359,5.6308265,0.35624045,0.5582335,0.31312132,0.04
299,-24.211754,1.3280954,6.4283323,0.27478012,0.53507787,0.29376358,0.04
300,-24.162628,1.3394736,8.167219,0.30957282,0.5461557,0.32191592,0.04
301,-24.223938,1.3174739,5.8818855,0.37064353,0.5366878,0.29892132,0.04
302,-24.162329,1.3088878,8.042995,0.2974073,0.5348363,0.33194098,0.04
303,-24.224154,1.2949072,8.058983,0.25618187,0.521022,0.3154995,0.04
304,-24.22156,1.3284568,6.982392,0.39106387,0.5319107,0.30643454,0.04
305,-24.222063,1.3058254,6.261717,0.28657067,0.54900604,0.27273196,0.04
306,-24.227728,1.3358947,7.9151163,0.33656308,0.555771,0.30697677,0.04
307,-24.207472,1.3117393,7.177378,0.3452252,0.5257167,0.29507264,0.04
308,-24.201235,1.3006312,7.6938605,0.20155336,0.52151245,0.28615057,0.04
309,-24.205637,1.327154,7.473757,0.38365215,0.5449055,0.31462368,0.04
310,-24.248938,1.2609118,7.3412786,0.42594028,0.5091783,0.2830003,0.04
311,-24.19818,1.2999673,6.1081257,0.39833167,0.5288323,0.2855931,0.04
312,-24.201412,1.2934248,7.913234,0.264655,0.53094554,0.27780423,0.04
313,-24.192854,1.2415357,7.0033255,0.31823593,0.52129894,0.3132013,0.04
314,-24.253176,1.2725787,7.5796337,0.1922207,0.5185313,0.27686664,0.04
315,-24.247272,1.2702479,6.536709,0.25881875,0.5196784,0.26811928,0.04
316,-24.262177,1.2666044,8.062744,0.25940704,0.5151211,0.2829714,0.04
317,-24.232277,1.2534859,8.107884,0.35025868,0.50031805,0.27521345,0.04
318,-24.242561,1.2733558,7.0726395,0.24230996,0.52741325,0.2714818,0.04
319,-24.275984,1.2686551,7.1332736,0.27149674,0.5207632,0.27319682,0.04
320,-24.239973,1.2600719,8.129511,0.35993952,0.5159861,0.28481215,0.04
321,-24.208776,1.2800257,7.7362533,0.49978712,0.54558116,0.32231125,0.04
322,-24.233664,1.2725623,8.334384,0.28285012,0.52111006,0.29200685,0.04
323,-24.28553,1.2460409,7.3914194,0.4463365,0.5082146,0.30035204,0.04
324,-24.267605,1.244776,8.707602,0.2983391,0.50579983,0.26228485,0.04
325,-24.192797,1.2341774,9.11043,0.19502525,0.50252837,0.30751702,0.04
326,-24.285398,1.2168988,6.9147263,0.3339098,0.4921144,0.27815288,0.04
327,-24.28353,1.226017,7.5738325,0.31649265,0.50362915,0.24302572,0.04
328,-24.226393,1.243636,7.742193,0.27781335,0.50560904,0.2640961,0.04
329,-24.249836,1.2149062,6.5024185,0.24420983,0.49517173,0.2629726,0.04
330,-24.233498,1.2522523,6.26136,0.25782377,0.5203632,0.25947174,0.04
331,-24.248291,1.2022913,7.348316,0.27013296,0.4875455,0.25155613,0.04
332,-24.264805,1.2132803,4.9176884,0.2885014,0.5027645,0.27123734,0.04
333,-24.25224,1.2142502,7.220656,0.24203372,0.49977595,0.236816,0.04
334,-24.253918,1.1856519,7.421536,0.4323278,0.48359767,0.25578332,0.04
335,-24.253567,1.2280589,7.237604,0.28280297,0.49179393,0.26888937,0.04
336,-24.233902,1.2577702,7.56292,0.43073434,0.52140033,0.267492,0.04
337,-24.240437,1.2497839,6.889926,0.2931792,0.51335233,0.2634899,0.04
338,-24.250864,1.221927,6.8990965,0.23465037,0.50203943,0.26323014,0.04
339,-24.238726,1.1884478,8.478779,0.3106273,0.4905594,0.27460992,0.04
340,-24.238882,1.193682,8.088218,0.40033767,0.49139243,0.24360022,0.04
341,-24.235788,1.2073258,6.201635,0.34453505,0.49684814,0.26544365,0.04
342,-24.23732,1.1949211,6.635144,0.31360352,0.48631352,0.27012768,0.04
343,-24.23647,1.1982106,8.087491,0.31483412,0.48737687,0.25558624,0.04
344,-24.250254,1.2072248,6.7072935,0.31550154,0.49374688,0.27832684,0.04
345,-24.242193,1.1878868,7.590544,0.2254143,0.47982553,0.2600882,0.04
346,-24.266771,1.2046713,7.486894,0.29139492,0.49549866,0.25358984,0.04
347,-24.304144,1.1875275,7.319068,0.28461018,0.49138314,0.2339174,0.04
348,-24.260994,1.1802905,8.881707,0.18167007,0.47970772,0.2706467,0.04
349,-24.269812,1.1735432,8.025781,0.23489374,0.47753763,0.25770783,0.04
350,-24.301205,1.1564354,6.6363053,0.18426305,0.47697407,0.23029639,0.04
351,-24.287844,1.1795332,7.0352874,0.30628267,0.48615506,0.281461,0.04
352,-24.257652,1.1698151,6.380226,0.2508006,0.47697356,0.24826261,0.04
353,-24.284698,1.189715,7.224502,0.27591223,0.48944217,0.24227805,0.04
354,-24.249784,1.1763431,7.110952,0.22451599,0.47632554,0.24881914,0.04
355,-24.315107,1.1849775,6.182559,0.26178974,0.48739105,0.26755697,0.04
356,-24.298824,1.1359271,6.5293,0.25715625,0.46563604,0.23683529,0.04
357,-24.298832,1.2105393,6.2339416,0.29916942,0.5005455,0.25345737,0.04
358,-24.261395,1.1962206,6.8163323,0.34474787,0.4909343,0.23695707,0.04
359,-24.31983,1.1423337,5.9477,0.3271171,0.46470472,0.24308233,0.04
360,-24.253368,1.1585809,7.023144,0.34331352,0.47493523,0.24438027,0.04
361,-24.300686,1.1347097,7.643234,0.43989566,0.45874852,0.2451141,0.04
362,-24.25044,1.1919019,7.337806,0.3213152,0.4849642,0.24017124,0.04
363,-24.255342,1.141014,7.9084606,0.22937006,0.46600875,0.2573946,0.04
364,-24.267979,1.1341877,7.5633335,0.15520158,0.46746287,0.22280224,0.04
365,-24.2938,1.1239341,7.9344997,0.23713323,0.4581188,0.24315023,0.04
366,-24.29178,1.1347691,7.4433966,0.25190353,0.45884708,0.24617222,0.04
367,-24.29694,1.135599,6.930327,0.30554745,0.45286116,0.24388963,0.04
368,-24.272488,1.1578344,7.194027,0.31810614,0.48057294,0.23615782,0.04
369,-24.26464,1.1563717,7.0356145,0.32701746,0.48021004,0.25136855,0.04
370,-24.31279,1.1238114,5.9454856,0.30576667,0.45870167,0.25189182,0.04
371,-24.249247,1.1173513,7.663248,0.40883404,0.4676405,0.25127882,0.04
372,-24.247755,1.135126,8.808472,0.21742862,0.4690613,0.21738218,0.04
373,-24.25744,1.1272757,9.017348,0.26195854,0.4555138,0.2367036,0.04
374,-24.296501,1.1007528,7.6158943,0.2788431,0.44774094,0.23607747,0.04
375,-24.252394,1.152061,7.2516437,0.19762138,0.48299986,0.23216328,0.04
376,-24.26426,1.1205732,6.861487,0.2262889,0.46020812,0.20781463,0.04
377,-24.260208,1.0895572,8.06986,0.34672436,0.44859755,0.24427655,0.04
378,-24.250011,1.1001658,8.18574,0.27947107,0.45457125,0.24310723,0.04
379,-24.30849,1.111008,7.0099263,0.21704371,0.4569247,0.21950744,0.04
380,-24.262138,1.0982399,6.773208,0.20569494,0.44360495,0.2198901,0.04
381,-24.276392,1.1161623,7.274695,0.26181862,0.46976498,0.21869732,0.04
382,-24.31496,1.1312424,6.257276,0.25831327,0.46847454,0.26692712,0.04
383,-24.310595,1.1087065,6.104538,0.24622652,0.4634146,0.23636672,0.04
384,-24.287088,1.1089582,7.3209987,0.22705853,0.4536486,0.227291,0.04
385,-24.290598,1.1274557,7.956184,0.2964177,0.4579288,0.23131481,0.04
386,-24.329845,1.0783447,5.7394032,0.22245473,0.44889763,0.23117946,0.04
387,-24.30517,1.0693557,6.134127,0.23225237,0.44155398,0.24011102,0.04
388,-24.258318,1.0782022,7.9158673,0.2511332,0.44399014,0.22069907,0.04
389,-24.276266,1.1256349,7.805563,0.18521667,0.45921907,0.2255379,0.04
390,-24.294146,1.1040998,5.9834085,0.2167149,0.45953095,0.24506879,0.04
391,-24.31206,1.0860006,7.1230774,0.21407703,0.4426167,0.2342823,0.04
392,-24.300285,1.0633233,5.964412,0.26904097,0.43826303,0.23108946,0.04
393,-24.325161,1.0766183,6.9280396,0.17765366,0.44501397,0.2342367,0.04
394,-24.292324,1.0508269,7.655944,0.29402986,0.42889854,0.2344012,0.04
395,-24.3196,1.1053439,6.774156,0.26301473,0.45704618,0.23742566,0.04
396,-24.306671,1.1133159,6.7354746,0.21331908,0.45679462,0.21787106,0.04
397,-24.305994,1.0468271,6.72005,0.19774967,0.42991838,0.20255698,0.04
398,-24.323917,1.0590521,6.6685123,0.21929993,0.44020027,0.1927138,0.04
399,-24.32565,1.0578119,6.5632224,0.2397383,0.44205472,0.20745575,0.04
400,-24.326174,1.0596243,5.8998275,0.26699677,0.4441966,0.20577015,0.04
401,-24.301037,1.0379716,7.2264853,0.26660562,0.41841653,0.21077795,0.04
402,-24.284582,1.0508535,7.962668,0.19853283,0.42483595,0.21975826,0.04
403,-24.301088,1.0426471,6.6305366,0.33446112,0.4283514,0.20639856,0.04
404,-24.33951,1.0261127,6.138437,0.2481494,0.4222359,0.19486156,0.04
405,-24.296019,1.0652328,7.144818,0.27959746,0.44479313,0.21808502,0.04
406,-24.295704,1.0589759,7.011859,0.20074306,0.44054535,0.20335063,0.04
407,-24.303167,1.038018,6.31545,0.2588661,0.43305597,0.20914307,0.04
408,-24.331608,1.0406032,5.7768774,0.17677282,0.42949474,0.23438989,0.04
409,-24.299128,1.0507847,6.8420706,0.26571786,0.43129274,0.20712778,0.04
410,-24.30598,1.0402222,5.7998176,0.19680499,0.42811212,0.20744602,0.04
411,-24.285004,1.0475439,7.4070463,0.1704358,0.43405735,0.18760936,0.04
412,-24.289778,1.0108665,7.8999486,0.2124646,0.41813442,0.21148835,0.04
413,-24.309664,1.050969,6.494169,0.21874677,0.43383086,0.21046634,0.04
414,-24.314192,1.0485506,7.081161,0.21901076,0.43534648,0.21608466,0.04
415,-24.310318,1.021794,6.8630757,0.27972695,0.4185957,0.21232858,0.04
416,-24.315008,1.075498,6.3320556,0.30055723,0.44272646,0.21834354,0.04
417,-24.28043,1.0826706,6.4547143,0.3169167,0.4553163,0.21503505,0.04
418,-24.30091,1.0561289,7.179801,0.3354894,0.4361927,0.21439216,0.04
419,-24.349483,1.0362892,5.223858,0.2144059,0.4372944,0.19065759,0.04
420,-24.300117,1.0346894,7.7571225,0.25307074,0.42629936,0.20313379,0.04
421,-24.323921,1.0202264,6.0348487,0.18513606,0.42127874,0.19130126,0.04
422,-24.30142,1.0448401,7.0204415,0.20475739,0.43165705,0.1916084,0.04
423,-24.358335,1.037298,5.9489946,0.17274037,0.42997897,0.22691716,0.04
424,-24.313805,1.0269256,7.2019253,0.23011096,0.4223099,0.20606501,0.04
425,-24.302261,1.0344377,6.985364,0.2760785,0.42515612,0.19357419,0.04
426,-24.309023,1.0028485,6.9657817,0.20863706,0.4162927,0.18637355,0.04
427,-24.303938,0.97080237,6.171593,0.2816272,0.39493477,0.20572786,0.04
428,-24.352684,1.006781,6.947099,0.20677893,0.41758487,0.18071444,0.04
429,-24.313927,1.0292373,6.3674006,0.29552183,0.42357066,0.19682792,0.04
430,-24.362297,1.0119052,5.552422,0.17435975,0.4180849,0.19460784,0.04
431,-24.317722,1.0067236,6.026824,0.31673446,0.41048104,0.20312919,0.04
432,-24.361517,1.0051069,5.3574367,0.2351771,0.42094776,0.20570794,0.04
433,-24.302917,1.0476352,7.676865,0.27664432,0.43237975,0.20648472,0.04
434,-24.319546,1.0190238,6.943897,0.31704444,0.42307466,0.18197973,0.04
435,-24.31439,0.9797861,5.706267,0.16311072,0.40216517,0.19870602,0.04
436,-24.30254,0.9845285,6.3103347,0.23817648,0.39669284,0.184327,0.04
437,-24.310585,1.0033706,7.0259137,0.30202866,0.41087934,0.18202855,0.04
438,-24.340786,1.0220854,7.129028,0.25672698,0.41142944,0.20489934,0.04
439,-24.329023,0.9677116,7.2662354,0.23777068,0.39842758,0.19665456,0.04
440,-24.338062,0.9686144,6.8425074,0.13510439,0.4046769,0.18172638,0.04
441,-24.37239,0.9776618,5.3613644,0.2519948,0.40428227,0.1970894,0.04
442,-24.307308,0.97975904,7.748344,0.29391333,0.4044553,0.19694278,0.04
443,-24.351067,0.9705096,6.2227974,0.3184881,0.40206704,0.1758677,0.04
444,-24.307003,0.9980281,6.477951,0.23130387,0.41646305,0.19062175,0.04
445,-24.304813,0.9071093,5.8064847,0.29117292,0.3778872,0.18284495,0.04
446,-24.332878,0.9751251,5.5672007,0.23741063,0.40657637,0.19518986,0.04
447,-24.324427,0.958628,6.417742,0.24025087,0.39495522,0.18650138,0.04
448,-24.313381,0.9652695,6.306782,0.21312523,0.39577058,0.18831702,0.04
449,-24.348667,0.9626208,5.5419927,0.22602028,0.39121628,0.20918293,0.04
450,-24.326225,0.9453561,5.6703076,0.20986317,0.39491135,0.16262479,0.04
451,-24.338495,0.9580479,5.957449,0.13776505,0.38982975,0.18601342,0.04
452,-24.300241,0.94881314,7.0828056,0.15433711,0.3866366,0.18695773,0.04
453,-24.35407,0.94576365,5.942937,0.14656743,0.39205238,0.19812164,0.04
454,-24.339983,0.9820508,5.262652,0.20279461,0.39831236,0.19149713,0.04
455,-24.358131,0.92415315,5.53233,0.27810577,0.38897747,0.19933577,0.04
456,-24.35061,0.93953794,5.180743,0.1981268,0.3768703,0.18127188,0.04
457,-24.315052,0.9467957,6.5886707,0.3132023,0.39121503,0.21696912,0.04
458,-24.331299,0.95463294,5.767822,0.20241396,0.39266184,0.17664622,0.04
459,-24.361816,0.920028,5.3619213,0.35526693,0.385841,0.20920895,0.04
460,-24.325628,0.94969493,6.400984,0.20150091,0.39123315,0.18236537,0.04
461,-24.333153,0.94544846,6.493237,0.33099642,0.39136812,0.19092879,0.04
462,-24.334074,0.94091225,6.1301312,0.18625098,0.39193416,0.16153137,0.04
463,-24.358,0.92655236,5.101393,0.17542373,0.38219395,0.17496565,0.04
464,-24.335888,0.92199963,6.2850046,0.2537544,0.38205445,0.17680362,0.04
465,-24.313515,0.93491966,5.864453,0.19209723,0.38265243,0.19966403,0.04
466,-24.348125,0.9209107,5.7813087,0.18681937,0.37993973,0.19453244,0.04
467,-24.362837,0.9373253,5.257723,0.17650348,0.38634092,0.17517443,0.04
468,-24.35245,0.9228541,5.752465,0.3771107,0.37975267,0.1879155,0.04
469,-24.340702,0.91588897,5.335861,0.20953286,0.37722254,0.19572231,0.04
470,-24.354242,0.92416006,5.0980277,0.20364411,0.37979075,0.16644947,0.04
471,-24.350357,0.93528676,5.413907,0.22138503,0.38720733,0.17528741,0.04
472,-24.326426,0.9126248,6.001214,0.26436874,0.3722314,0.16422187,0.04
473,-24.33509,0.9408925,5.5310035,0.19660583,0.39070383,0.19099662,0.04
474,-24.333946,0.8965488,4.9733787,0.20929016,0.3703524,0.18125841,0.04
475,-24.338182,0.9334845,5.286674,0.14087647,0.3821954,0.18422566,0.04
476,-24.334785,0.9182453,5.8639092,0.18679394,0.38167804,0.17986587,0.04
477,-24.365007,0.8905331,5.470431,0.16257083,0.36665627,0.17409308,0.04
478,-24.350452,0.90790176,5.4011726,0.21556476,0.37544098,0.16290109,0.04
479,-24.344181,0.9050548,6.5369835,0.20262368,0.36998114,0.16033567,0.04
480,-24.347935,0.88093007,4.7251277,0.2095159,0.36726755,0.16752958,0.04
481,-24.361996,0.8991538,4.8927426,0.199426,0.37187865,0.16965656,0.04
482,-24.331692,0.9232389,6.030351,0.1510513,0.3839627,0.17035666,0.04
483,-24.34028,0.91006917,6.363336,0.19998133,0.37845644,0.18218805,0.04
484,-24.35337,0.9126503,5.4828696,0.2374509,0.37802228,0.19779538,0.04
485,-24.361649,0.922023,4.717314,0.18538502,0.37631062,0.19042017,0.04
486,-24.35041,0.88985723,5.316644,0.21346626,0.3665783,0.1863108,0.04
487,-24.390358,0.8719407,4.415264,0.19662362,0.36249933,0.1747672,0.04
488,-24.345797,0.876113,5.453883,0.17654906,0.36289474,0.171569,0.04
489,-24.330877,0.8816104,6.769738,0.24229756,0.36680916,0.17765158,0.04
490,-24.373207,0.8944983,5.5207767,0.2952473,0.3730618,0.1951751,0.04
491,-24.374344,0.9033026,4.5843635,0.19734684,0.373185,0.1732889,0.04
492,-24.366049,0.86179596,5.0606456,0.22889201,0.35568225,0.17178677,0.04
493,-24.333366,0.9007843,6.212521,0.20221318,0.36769748,0.17842667,0.04
494,-24.37308,0.8822906,4.5855923,0.234973,0.36154994,0.17356387,0.04
495,-24.313683,0.8752975,6.3978033,0.23763418,0.36236814,0.16865252,0.04
496,-24.34482,0.86234075,5.5118575,0.21714278,0.35465986,0.19767264,0.04
497,-24.354364,0.87353253,5.039249,0.15862134,0.36058223,0.18060446,0.04
498,-24.347704,0.8894129,5.134466,0.23269841,0.36649543,0.17852102,0.04
499,-24.360794,0.90357196,5.367712,0.22793621,0.37273312,0.185186,0.04
500,-24.355694,0.888796,4.7781754,0.26297948,0.3704351,0.19790828,0.04
501,-24.376606,0.8418413,4.400431,0.24160141,0.34849724,0.17538711,0.04
502,-24.370344,0.8651247,4.6034703,0.19489628,0.35659787,0.1812148,0.04
503,-24.35321,0.8871956,4.6820307,0.23933955,0.36965713,0.1783391,0.04
504,-24.361448,0.8455449,4.7816124,0.16253775,0.3472332,0.1809855,0.04
505,-24.370329,0.84462464,4.5123525,0.19197729,0.3518905,0.1814021,0.04
506,-24.358265,0.83247536,5.218045,0.22330649,0.34488422,0.18910317,0.04
507,-24.378683,0.8711149,4.1306915,0.15054326,0.3610858,0.1672309,0.04
508,-24.366734,0.8493711,5.4614253,0.14666694,0.35554045,0.1810154,0.04
509,-24.340958,0.85880256,5.672448,0.2076273,0.35201538,0.17000097,0.04
510,-24.332165,0.8302295,5.243313,0.2095236,0.34235707,0.18168801,0.04
511,-24.349558,0.85881215,5.2547884,0.2953651,0.35487112,0.17052527,0.04
512,-24.366833,0.8705054,4.8168573,0.119840614,0.36025086,0.16538763,0.04
513,-24.352873,0.8374407,4.6889277,0.18749186,0.35008907,0.15809113,0.04
514,-24.372715,0.8269157,4.539047,0.29445764,0.3394663,0.1574107,0.04
515,-24.37675,0.85334474,4.8221154,0.1863779,0.35536015,0.16487023,0.04
516,-24.39291,0.8294834,3.2559917,0.17333752,0.34519932,0.15828685,0.04
517,-24.371988,0.8401823,5.561566,0.19643304,0.34465903,0.16489851,0.04
518,-24.363083,0.8598572,5.266283,0.18190849,0.3574767,0.15209404,0.04
519,-24.342402,0.8298033,5.488349,0.22237632,0.34157392,0.15278627,0.04
520,-24.38073,0.8244822,4.0560064,0.17619838,0.3352213,0.15436293,0.04
521,-24.365309,0.8338762,3.9832091,0.33640453,0.34529185,0.17900465,0.04
522,-24.375343,0.8282347,4.4293847,0.15109883,0.34356076,0.18959592,0.04
523,-24.335014,0.8651079,5.341797,0.13437678,0.35369334,0.17051989,0.04
524,-24.392042,0.85120666,4.4314585,0.1881858,0.34641773,0.17659251,0.04
525,-24.35296,0.83364564,5.0607285,0.16106857,0.34029165,0.15531737,0.04
526,-24.327919,0.8553694,5.562539,0.22523241,0.35554716,0.18153676,0.04
527,-24.384438,0.8518436,4.4097214,0.1931565,0.3538168,0.16147307,0.04
528,-24.370304,0.8225863,4.601824,0.15751031,0.34320045,0.16033697,0.04
529,-24.353024,0.80976,5.736922,0.18527213,0.33477816,0.14850007,0.04
530,-24.369673,0.8118997,5.0599246,0.15804,0.33808762,0.15549453,0.04
531,-24.346836,0.8184982,4.990612,0.13767523,0.3377071,0.16537319,0.04
532,-24.363132,0.83657783,4.279586,0.1712992,0.34498128,0.15976655,0.04
533,-24.376085,0.81635976,4.233931,0.19542584,0.3394411,0.14612922,0.04
534,-24.35555,0.8280005,4.619107,0.12662977,0.33856773,0.1648175,0.04
535,-24.370682,0.8122426,4.6416106,0.23632805,0.33679998,0.15195702,0.04
536,-24.382189,0.8413971,3.8337147,0.1627483,0.34736395,0.16142207,0.04
537,-24.296879,0.833568,6.126787,0.1002696,0.3451484,0.15021852,0.04
538,-24.34389,0.7963817,4.992003,0.16091582,0.32558623,0.16683175,0.04
539,-24.37455,0.8123835,3.5358894,0.2975569,0.33393243,0.16592911,0.04
540,-24.364428,0.8428864,4.9824667,0.21726663,0.34046683,0.15133344,0.04
541,-24.369759,0.8192079,4.5639253,0.15942988,0.33675438,0.17082405,0.04
542,-24.341055,0.83224946,5.1859736,0.18101273,0.34278652,0.16070426,0.04
543,-24.376677,0.7742766,4.128538,0.14699164,0.31697384,0.15181571,0.04
544,-24.364967,0.82557106,4.666065,0.15952797,0.34535158,0.1487928,0.04
545,-24.389126,0.8034062,3.9044962,0.1917569,0.3354347,0.14638317,0.04
546,-24.373878,0.8033908,4.4461946,0.1481156,0.33839417,0.15082534,0.04
547,-24.383863,0.81944853,3.8613296,0.23194939,0.34173608,0.15547037,0.04
548,-24.356937,0.8186208,5.1985054,0.19170639,0.33839002,0.15525974,0.04
549,-24.361063,0.8417338,5.6429,0.1778307,0.3436027,0.18394488,0.04
550,-24.384264,0.8147655,3.7305062,0.12835677,0.34081033,0.14608972,0.04
551,-24.38218,0.79697573,3.9233174,0.183913,0.3271183,0.16041344,0.04
552,-24.390505,0.84465104,3.994082,0.20599212,0.35049888,0.16991344,0.04
553,-24.389807,0.8079066,2.846232,0.15334338,0.33543187,0.14047626,0.04
554,-24.3738,0.8207699,3.586737,0.1481688,0.34443495,0.14735302,0.04
555,-24.360498,0.80784434,4.215504,0.14884733,0.32960913,0.16845836,0.04
556,-24.361712,0.8295414,4.807448,0.18974373,0.3388878,0.16908139,0.04
557,-24.36556,0.79271156,4.3480325,0.22758648,0.32918438,0.14945877,0.04
558,-24.3982,0.8089698,3.7967305,0.15770718,0.33524558,0.15336351,0.04
559,-24.383944,0.8251405,4.1971107,0.18232077,0.3450725,0.15185665,0.04
560,-24.367113,0.79349196,4.410861,0.21180135,0.3290921,0.15914983,0.04
561,-24.32902,0.7997732,5.6846037,0.14180763,0.3321284,0.1422162,0.04
562,-24.37597,0.78832036,4.295365,0.25520435,0.32425454,0.15035723,0.04
563,-24.378515,0.8098988,4.4849877,0.17384055,0.33684093,0.14121704,0.04
564,-24.377504,0.80100733,4.0826035,0.15263338,0.332288,0.14824808,0.04
565,-24.349882,0.7875107,5.365893,0.2245667,0.32709333,0.14588612,0.04
566,-24.390562,0.802463,3.1920245,0.20335542,0.32891622,0.16185796,0.04
567,-24.378931,0.76666886,3.920565,0.15063797,0.3175183,0.13537227,0.04
568,-24.352299,0.77737457,5.1189866,0.15673268,0.32182348,0.14202201,0.04
569,-24.364101,0.8068322,3.7933738,0.1266393,0.3375077,0.13899244,0.04
570,-24.372726,0.7665984,3.9531593,0.21999112,0.3248703,0.18046774,0.04
571,-24.372068,0.7890141,3.5502255,0.23628405,0.32553485,0.15184398,0.04
572,-24.355787,0.7823494,4.768523,0.21845624,0.32204175,0.15515044,0.04
573,-24.396172,0.77007973,3.62347,0.15560979,0.3185361,0.1400028,0.04
574,-24.365059,0.7895045,4.0939384,0.16315247,0.3279908,0.13844553,0.04
575,-24.368855,0.76640254,4.327245,0.18026489,0.3170354,0.14923355,0.04
576,-24.341309,0.8023529,5.1217365,0.17491263,0.33355644,0.16967224,0.04
577,-24.39282,0.7525003,3.4265761,0.17785682,0.3129306,0.14036752,0.04
578,-24.393684,0.7610168,3.263447,0.17418352,0.31431288,0.16620742,0.04
579,-24.36167,0.7811552,5.116129,0.13529946,0.31882867,0.14734691,0.04
580,-24.360672,0.7789108,4.193853,0.18220994,0.3238321,0.13012195,0.04
581,-24.390968,0.74625856,3.6196547,0.15805776,0.3150953,0.1411816,0.04
582,-24.378101,0.78348607,4.178582,0.16488619,0.32385793,0.16410136,0.04
583,-24.348137,0.81395453,4.986763,0.14229038,0.331656,0.16518286,0.04
584,-24.378738,0.7664574,3.023252,0.2677326,0.32059124,0.14591062,0.04
585,-24.378954,0.77864367,3.9756,0.18877803,0.32278696,0.16354983,0.04
586,-24.387356,0.7338162,3.7576323,0.14044322,0.31077877,0.13675015,0.04
587,-24.35302,0.77082855,4.8218236,0.13376553,0.3216484,0.14531183,0.04
588,-24.381567,0.7549117,4.1178517,0.25159603,0.31240898,0.15563205,0.04
589,-24.363054,0.7972876,4.943912,0.15447408,0.33090836,0.14838715,0.04
590,-24.383589,0.7433886,3.599073,0.13123053,0.30942196,0.13586265,0.04
591,-24.358082,0.7541,4.139028,0.12023834,0.31097746,0.15694235,0.04
592,-24.353777,0.803751,3.5537474,0.1300164,0.33331364,0.14085579,0.04
593,-24.36534,0.7777746,3.7495718,0.20721824,0.3231353,0.15184277,0.04
594,-24.38273,0.7454143,3.766222,0.13732806,0.31327975,0.14219883,0.04
595,-24.394434,0.75839585,3.8827097,0.15512723,0.31150043,0.16934824,0.04
596,-24.39777,0.7390915,2.8503945,0.14566687,0.30935368,0.14218402,0.04
597,-24.408863,0.76006746,2.4119606,0.14723383,0.3213449,0.14774372,0.04
598,-24.382023,0.745121,4.3301234,0.18611063,0.32296857,0.1426667,0.04
599,-24.378363,0.7450396,3.7674427,0.14778318,0.31044424,0.14005777,0.04
600,-24.35586,0.7447944,4.278069,0.18634059,0.30905956,0.1571113,0.04
601,-24.377039,0.7395781,3.3368156,0.19209762,0.30133176,0.13982502,0.04
602,-24.357925,0.7584295,4.114532,0.14699572,0.31661326,0.13871866,0.04
603,-24.381329,0.73130715,3.7784314,0.15562074,0.30010515,0.14882241,0.04
604,-24.383818,0.75971127,3.6809087,0.18779038,0.3141453,0.14997873,0.04
605,-24.387827,0.7360284,2.8309097,0.13765575,0.30268538,0.1621765,0.04
606,-24.385742,0.748979,3.830512,0.13351381,0.3077554,0.15486944,0.04
607,-24.40539,0.7418861,3.2454696,0.19689284,0.30821544,0.1593773,0.04
608,-24.359838,0.74576473,4.295062,0.17877239,0.3117794,0.14548618,0.04
609,-24.38283,0.7566777,3.4697888,0.16710435,0.31320408,0.15103029,0.04
610,-24.35419,0.76384425,4.5956697,0.20474836,0.31289393,0.121567406,0.04
611,-24.369968,0.7408202,3.7506433,0.218334,0.30881625,0.1395333,0.04
612,-24.378525,0.7465129,3.6905475,0.12371824,0.3088643,0.13965206,0.04
613,-24.3862,0.7426407,3.1716506,0.15192398,0.3113908,0.1379528,0.04
614,-24.369007,0.76771027,3.8321505,0.14162198,0.32146713,0.12985164,0.04
615,-24.370237,0.7455629,3.8536863,0.16383521,0.30972034,0.13256386,0.04
616,-24.403418,0.725213,3.0947654,0.15566847,0.30135602,0.1581606,0.04
617,-24.388094,0.7712905,4.3919325,0.17307569,0.32859638,0.13688418,0.04
618,-24.38094,0.7459985,3.5845208,0.170422,0.31217998,0.14047472,0.04
619,-24.379858,0.76118934,4.240511,0.1505009,0.30457956,0.13348253,0.04
620,-24.374144,0.79314536,3.8288667,0.1505766,0.3268843,0.1356514,0.04
621,-24.353287,0.7506794,4.963686,0.17686439,0.3026897,0.14027914,0.04
622,-24.392447,0.7282695,3.7490766,0.14619097,0.29707795,0.1532667,0.04
623,-24.399872,0.71714896,2.554213,0.1594605,0.29039788,0.13403706,0.04
624,-24.358376,0.74083275,4.2542634,0.14434408,0.3071596,0.14433475,0.04
625,-24.375322,0.72892654,4.243993,0.14811207,0.32170463,0.12785415,0.04
626,-24.372055,0.74108404,3.5143392,0.13336267,0.30327415,0.12703207,0.04
627,-24.394787,0.71430254,3.3191316,0.16168363,0.29922903,0.14635009,0.04
628,-24.37045,0.77212745,4.3200965,0.11841008,0.31057814,0.13746029,0.04
629,-24.354816,0.744695,4.2236924,0.10493705,0.30278876,0.13162121,0.04
630,-24.389761,0.77896726,2.795472,0.1364941,0.32500204,0.17562243,0.04
631,-24.404007,0.74485236,2.01992,0.23121263,0.31203803,0.14820412,0.04
632,-24.375908,0.7615987,3.6751149,0.14830065,0.31536868,0.17077748,0.04
633,-24.382904,0.75401247,3.789141,0.23116554,0.31436712,0.1445041,0.04
634,-24.381546,0.7107122,3.1383595,0.18827304,0.28901666,0.12845272,0.04
635,-24.35383,0.7327235,3.9387426,0.11415903,0.30880073,0.1483883,0.04
636,-24.372316,0.7288221,3.5201054,0.12321842,0.3036234,0.15741724,0.04
637,-24.371433,0.7551,4.0134244,0.20675617,0.31429353,0.13791746,0.04
638,-24.395756,0.734181,3.5822814,0.20285648,0.3009236,0.14805362,0.04
639,-24.38319,0.6948675,3.948838,0.14279403,0.2857868,0.12837702,0.04
640,-24.376337,0.7018045,3.3823283,0.22872475,0.28681564,0.1354757,0.04
641,-24.381157,0.72596896,3.0562139,0.16366397,0.30608553,0.13279513,0.04
642,-24.380383,0.7279367,3.7149,0.1669521,0.3008576,0.15121266,0.04
643,-24.387997,0.7472283,3.9316118,0.12260008,0.3105882,0.13852276,0.04
644,-24.36141,0.71844524,4.0718994,0.12353171,0.2963877,0.1257642,0.04
645,-24.377817,0.7235815,4.185066,0.18379167,0.29521954,0.12440699,0.04
646,-24.422459,0.74058133,2.101659,0.16389604,0.31025228,0.13875319,0.04
647,-24.359554,0.70993507,4.5069685,0.1566394,0.2913056,0.12357647,0.04
648,-24.37103,0.6888986,4.145198,0.12959237,0.28596696,0.13287605,0.04
649,-24.378736,0.7479142,2.9532819,0.1566305,0.31386906,0.13559312,0.04
650,-24.365767,0.74507785,4.0678368,0.15426897,0.30772665,0.13957533,0.04
651,-24.389208,0.68738604,3.1347425,0.12459949,0.27755308,0.13326983,0.04
652,-24.385406,0.6952699,3.5275843,0.1420651,0.2824146,0.1472701,0.04
653,-24.384832,0.7152877,3.0808833,0.10865198,0.29545352,0.13442428,0.04
654,-24.368773,0.705971,3.4480655,0.14300579,0.29571515,0.12461857,0.04
655,-24.405329,0.67612916,2.9395888,0.1219909,0.2832316,0.12340851,0.04
656,-24.389473,0.7063794,3.7589726,0.13989952,0.29377073,0.12707718,0.04
657,-24.390436,0.718297,3.0936034,0.1390244,0.3017853,0.12764265,0.04
658,-24.384981,0.7193566,3.5861182,0.14344297,0.29747435,0.1281576,0.04
659,-24.359795,0.7044278,4.23536,0.16117309,0.2911617,0.1346512,0.04
660,-24.358023,0.7032452,4.5119452,0.16502422,0.29697824,0.12800361,0.04
661,-24.382425,0.7176734,3.7316606,0.1804986,0.30211186,0.122981325,0.04
662,-24.397636,0.69603944,2.883842,0.14664607,0.28979796,0.13255306,0.04
663,-24.376442,0.7243649,3.815176,0.09544617,0.30307442,0.14108549,0.04
664,-24.350183,0.7058917,3.879661,0.1298678,0.28833473,0.12945111,0.04
665,-24.390343,0.694453,2.8110104,0.116292424,0.28611502,0.14839542,0.04
666,-24.40003,0.6950754,3.2152364,0.19037637,0.2844516,0.11720436,0.04
667,-24.384817,0.7243292,2.794772,0.12049577,0.3056335,0.123444356,0.04
668,-24.40745,0.70172524,2.2325337,0.1428135,0.28897077,0.11896224,0.04
669,-24.39061,0.7022744,2.9799817,0.23602584,0.28919497,0.12484995,0.04
670,-24.38171,0.70311844,4.0477247,0.10144801,0.28832725,0.13672687,0.04
671,-24.370457,0.67676026,3.924797,0.16548109,0.28334105,0.13426687,0.04
672,-24.39289,0.72122425,2.7835615,0.1599551,0.30069077,0.123654895,0.04
673,-24.405474,0.71266323,2.9202642,0.1243064,0.29708853,0.12199473,0.04
674,-24.3914,0.708776,3.2080173,0.101915725,0.2935212,0.12689278,0.04
675,-24.41025,0.692188,1.9637218,0.17164642,0.2903386,0.11833963,0.04
676,-24.391556,0.72052854,2.2894068,0.11865825,0.30670458,0.14420354,0.04
677,-24.391893,0.7012797,3.2183402,0.11299396,0.29017612,0.14442751,0.04
678,-24.371395,0.7076752,3.9803338,0.09637364,0.29228738,0.13042098,0.04
679,-24.382816,0.6943129,3.305839,0.18397082,0.28636074,0.12486523,0.04
680,-24.384989,0.68649805,3.9953923,0.15127748,0.28135318,0.13215281,0.04
681,-24.398205,0.6669327,3.4641895,0.15558371,0.27241874,0.13548619,0.04
682,-24.38096,0.7060902,3.78406,0.18699653,0.29053488,0.14460601,0.04
683,-24.418957,0.67033386,2.4753582,0.16393021,0.27310258,0.13447432,0.04
684,-24.372566,0.67735964,3.3122,0.17262806,0.27746984,0.13279651,0.04
685,-24.38228,0.71065855,3.3435214,0.11394429,0.29338607,0.12839437,0.04
686,-24.371716,0.69589245,3.7350833,0.11875098,0.28517866,0.12206218,0.04
687,-24.40374,0.674539,2.9796612,0.16153708,0.2742873,0.11923981,0.04
688,-24.388948,0.65876865,3.4209456,0.19623265,0.274564,0.12821855,0.04
689,-24.392206,0.6767944,3.0659475,0.16724406,0.28440076,0.12774734,0.04
690,-24.410217,0.67672235,1.9851754,0.11087668,0.28925428,0.11881651,0.04
691,-24.379723,0.68191457,3.5888667,0.15973906,0.27781102,0.118148744,0.04
692,-24.378046,0.6788753,3.6951327,0.14283286,0.28188267,0.12552842,0.04
693,-24.379343,0.6726337,3.5980608,0.14591943,0.279534,0.11785083,0.04
694,-24.382828,0.6772574,3.3642468,0.108231604,0.28341058,0.13161434,0.04
695,-24.377254,0.67552435,3.788514,0.1524187,0.2777935,0.1382741,0.04
696,-24.38836,0.6687431,3.2964761,0.14703888,0.27174196,0.12270399,0.04
697,-24.39861,0.65636724,3.3886607,0.084125765,0.26910475,0.11790551,0.04
698,-24.395039,0.6703372,2.8182652,0.12395081,0.28357378,0.12533388,0.04
699,-24.401608,0.6467053,2.982218,0.0875402,0.27208346,0.11367727,0.04
700,-24.417234,0.6699481,2.086214,0.23745486,0.28229675,0.11480101,0.04
701,-24.370316,0.6803905,4.3498545,0.11605331,0.31352898,0.13691172,0.04
702,-24.379274,0.6707635,2.863282,0.12141833,0.27293432,0.12254075,0.04
703,-24.404192,0.66947085,2.605593,0.117398106,0.28017268,0.12773952,0.04
704,-24.411602,0.6875197,2.255928,0.124977805,0.2844146,0.13508606,0.04
705,-24.409306,0.68724686,2.4425445,0.1031353,0.28306606,0.12774183,0.04
706,-24.392471,0.6637804,2.522911,0.10713077,0.2729259,0.122190766,0.04
707,-24.382694,0.6585183,3.3770938,0.13358063,0.27539986,0.12390108,0.04
708,-24.397282,0.68858993,2.664002,0.21218956,0.28228158,0.12797725,0.04
709,-24.402596,0.69963753,3.0417724,0.11766486,0.29068378,0.12285865,0.04
710,-24.422665,0.6837441,1.1820359,0.149289,0.285623,0.12649791,0.04
711,-24.394676,0.6806903,3.1414359,0.12682414,0.28505138,0.12714958,0.04
712,-24.402609,0.66183746,3.162644,0.29257363,0.27404147,0.13507314,0.04
713,-24.393118,0.7033221,2.8708785,0.15053034,0.29430157,0.11594566,0.04
714,-24.391312,0.6511582,2.9543927,0.11412772,0.26380977,0.12728389,0.04
715,-24.404383,0.6678323,2.416258,0.09912686,0.277818,0.119327135,0.04
716,-24.398901,0.6464562,2.3671825,0.12913443,0.26494753,0.13249013,0.04
717,-24.410688,0.6694462,2.4225328,0.1315103,0.2767089,0.1369225,0.04
718,-24.398132,0.65207607,3.4941068,0.15562664,0.2673756,0.12626413,0.04
719,-24.41001,0.66041917,2.4170063,0.10394967,0.2723827,0.12758932,0.04
720,-24.388813,0.6696577,3.4936447,0.1488554,0.27880868,0.11500271,0.04
721,-24.406172,0.6521424,2.660915,0.13776918,0.27122408,0.11606172,0.04
722,-24.398005,0.68366486,2.7911804,0.14454278,0.28507358,0.11628574,0.04
723,-24.388222,0.6756355,2.9150198,0.13612802,0.27557376,0.12899429,0.04
724,-24.404566,0.6698175,2.7429843,0.16022064,0.27377585,0.1306159,0.04
725,-24.417852,0.6415668,2.0083833,0.08009336,0.26624113,0.1213589,0.04
726,-24.423315,0.6446517,1.8753284,0.10247814,0.2644323,0.12329258,0.04
727,-24.368454,0.65905917,3.8548589,0.17175119,0.271607,0.11302218,0.04
728,-24.390507,0.6703155,3.234137,0.12755777,0.27742118,0.12024095,0.04
729,-24.41296,0.6596087,2.3356018,0.17926097,0.26821658,0.12088434,0.04
730,-24.39676,0.6783296,2.85491,0.1527674,0.27725613,0.1202041,0.04
731,-24.41589,0.6760477,2.5555134,0.15302351,0.27525192,0.118910834,0.04
732,-24.409842,0.6392808,2.1896098,0.1843102,0.26489893,0.1205049,0.04
733,-24.41138,0.6425077,2.312626,0.120103545,0.269387,0.11651833,0.04
734,-24.381851,0.62628394,3.1924422,0.11895843,0.25245684,0.1112671,0.04
735,-24.395065,0.66534114,3.1863623,0.11889933,0.2754436,0.12210696,0.04
736,-24.408115,0.6388098,2.6012928,0.1250492,0.2599175,0.10564,0.04
737,-24.390043,0.6587445,3.4192576,0.12326131,0.27546105,0.13431555,0.04
738,-24.390003,0.651926,2.6595662,0.12379425,0.26983643,0.12716757,0.04
739,-24.422039,0.65721536,1.759557,0.16823773,0.27512896,0.11448835,0.04
740,-24.399149,0.6328184,2.8074076,0.19158758,0.25895894,0.12466581,0.04
741,-24.408472,0.6281967,2.837644,0.19988465,0.2582232,0.10711114,0.04
742,-24.369934,0.64167374,3.870285,0.115124695,0.26373288,0.1181977,0.04
743,-24.383358,0.62091285,3.021565,0.21943432,0.25729853,0.1285468,0.04
744,-24.392933,0.6363745,2.508902,0.11309055,0.2633394,0.11786027,0.04
745,-24.370253,0.6443049,4.1535687,0.13104461,0.26547506,0.12361069,0.04
746,-24.415657,0.6111004,1.9946553,0.12535906,0.25276813,0.12769315,0.04
747,-24.382874,0.61732894,3.8038526,0.11061584,0.25171268,0.110899046,0.04
748,-24.391148,0.64517576,2.8723612,0.18709864,0.2699482,0.12723789,0.04
749,-24.398172,0.6510236,2.417225,0.16583587,0.26650468,0.121006005,0.04
750,-24.387045,0.64982957,3.8064544,0.17031674,0.2669508,0.13840422,0.04
751,-24.4042,0.62840515,2.9526725,0.10807255,0.2662785,0.10977123,0.04
752,-24.406898,0.64862585,2.58689,0.12664111,0.26807243,0.11657405,0.04
753,-24.376427,0.6282574,4.059788,0.10223344,0.2581669,0.09748229,0.04
754,-24.39601,0.6078805,2.9673266,0.080534466,0.25173527,0.12286946,0.04
755,-24.4058,0.6289041,2.7516418,0.14157446,0.25849995,0.105437,0.04
756,-24.40842,0.61649173,2.2942755,0.103878155,0.25646424,0.10504254,0.04
757,-24.399448,0.62950456,2.4329696,0.11463508,0.2600288,0.12336171,0.04
758,-24.420208,0.6162699,1.7458652,0.12960674,0.2515035,0.11369031,0.04
759,-24.424091,0.6335973,1.7156475,0.23355322,0.26142022,0.122601055,0.04
760,-24.407845,0.66403836,2.573498,0.15974434,0.2804224,0.11822901,0.04
761,-24.40867,0.6296398,2.2784207,0.09142695,0.26372984,0.109915905,0.04
762,-24.372068,0.6540547,3.6270175,0.12122306,0.26342055,0.12371345,0.04
763,-24.389843,0.6236272,3.560638,0.12393852,0.25823805,0.117361285,0.04
764,-24.391039,0.6401267,2.7083132,0.13884683,0.26710826,0.1251105,0.04
765,-24.390766,0.61239165,2.682666,0.16048254,0.25084153,0.11259029,0.04
766,-24.425207,0.6087513,2.1708205,0.12624428,0.25261113,0.120773345,0.04
767,-24.395197,0.6108663,2.9249823,0.11430708,0.24856894,0.11531917,0.04
768,-24.404137,0.6244685,2.299366,0.206527,0.25781155,0.10478463,0.04
769,-24.394886,0.62963384,2.582918,0.08086209,0.2600902,0.11498308,0.04
770,-24.367039,0.6151157,3.9888337,0.14067309,0.25118932,0.13971654,0.04
771,-24.415083,0.6177417,1.7420177,0.16608106,0.2530774,0.1358998,0.04
772,-24.40505,0.6263998,3.1363108,0.1479105,0.24980173,0.11747516,0.04
773,-24.390673,0.6246247,2.9223342,0.09541832,0.26056704,0.113366134,0.04
774,-24.382738,0.6196608,3.04931,0.19821145,0.25627193,0.10940324,0.04
775,-24.41764,0.6097393,2.1789238,0.1197049,0.25067103,0.12518038,0.04
776,-24.395676,0.63498867,2.152565,0.18577558,0.25977865,0.115135476,0.04
777,-24.39786,0.6078142,2.062409,0.08917343,0.2527032,0.12231997,0.04
778,-24.375483,0.6116629,3.3018477,0.12079947,0.24463148,0.10824907,0.04
779,-24.392143,0.63324183,3.105259,0.16843963,0.2597136,0.119850196,0.04
780,-24.395466,0.6178521,2.8580294,0.104742095,0.2557688,0.10774902,0.04
781,-24.389446,0.62594223,3.181015,0.15028752,0.26270247,0.11271572,0.04
782,-24.428349,0.6031704,1.8428032,0.12879825,0.25166714,0.118258685,0.04
783,-24.384628,0.62042594,3.4470682,0.08539746,0.25615796,0.11820839,0.04
784,-24.374273,0.6406315,3.716484,0.13734262,0.29447323,0.11180113,0.04
785,-24.388807,0.61496806,3.1923246,0.09224677,0.26434857,0.11216286,0.04
786,-24.394875,0.61647564,3.0397284,0.13659383,0.8797995,0.11751023,0.04
787,-24.420727,0.58802617,2.1509745,0.12168057,0.24216303,0.104105994,0.04
788,-24.397747,0.60260135,3.3717418,0.13602477,0.25103098,0.11643216,0.04
789,-24.399359,0.6127002,2.4888859,0.20388421,0.25313115,0.13971652,0.04
790,-24.411531,0.6184634,2.351401,0.11981465,0.25636822,0.11443542,0.04
791,-24.411652,0.597768,2.450164,0.16084014,0.24910295,0.116941445,0.04
792,-24.4294,0.59653693,2.1084754,0.14015985,0.24857041,0.102191284,0.04
793,-24.401402,0.59219825,2.291378,0.14717196,0.24463233,0.10896374,0.04
794,-24.400242,0.6130393,2.4164188,0.15504155,0.25517923,0.11771288,0.04
795,-24.412252,0.6013175,2.3887691,0.099210076,0.25016606,0.10278523,0.04
796,-24.422804,0.59668857,1.566363,0.084130645,0.24738179,0.1033946,0.04
797,-24.416418,0.5966196,2.230304,0.08756325,0.24370979,0.11823471,0.04
798,-24.36628,0.59083253,3.9218237,0.109339885,0.24305038,0.116907775,0.04
799,-24.418167,0.58440757,1.825223,0.113729544,0.24395034,0.11977366,0.04
800,-24.39156,0.58067805,3.4442084,0.19904177,0.24276248,0.1267945,0.04
801,-24.402578,0.58298826,2.3526475,0.2249412,0.24394628,0.12751113,0.04
802,-24.38857,0.56564385,3.2222009,0.14329813,0.23010105,0.10920641,0.04
803,-24.404797,0.5839386,2.0264,0.14138827,0.23731934,0.11689936,0.04
804,-24.39807,0.6055449,2.9574609,0.116651475,0.24987176,0.12949179,0.04
805,-24.421946,0.58494866,1.951093,0.12929614,0.23701485,0.11576106,0.04
806,-24.405539,0.6035642,2.045969,0.11510523,0.24929035,0.11447871,0.04
807,-24.432762,0.5856557,1.8957934,0.15384267,0.23955257,0.12066286,0.04
808,-24.383715,0.58360857,3.1429272,0.18960252,0.24358329,0.12729752,0.04
809,-24.418098,0.5888082,2.0140471,0.14972167,0.24256633,0.11848216,0.04
810,-24.39995,0.5972487,2.799593,0.093939334,0.24661526,0.10620811,0.04
811,-24.417957,0.5955986,1.47413,0.19005671,0.24066648,0.113890454,0.04
812,-24.385885,0.60559636,3.3492193,0.091264255,0.24468218,0.10627804,0.04
813,-24.412766,0.597318,2.4280388,0.14046589,0.24635948,0.11724784,0.04
814,-24.381407,0.58318645,3.0587642,0.12722605,0.23932372,0.12603708,0.04
815,-24.417261,0.57243294,2.6422021,0.16241781,0.23834096,0.10886147,0.04
816,-24.418428,0.5627424,1.9783696,0.14428708,0.2348319,0.10967093,0.04
817,-24.375938,0.59385043,3.7450821,0.099559695,0.24465908,0.10685973,0.04
818,-24.42532,0.59019166,1.8425503,0.1571535,0.24123494,0.11180711,0.04
819,-24.407238,0.57104033,2.4720836,0.09885475,0.23563379,0.10770869,0.04
820,-24.406223,0.6027556,2.3938437,0.21711418,0.28371298,0.11130496,0.04
821,-24.392717,0.5751506,3.1541262,0.10697737,0.24052463,0.10904511,0.04
822,-24.40173,0.57822126,2.7418413,0.12258607,0.23775466,0.10279014,0.04
823,-24.398062,0.5742942,2.73241,0.18217877,0.2328998,0.11932063,0.04
824,-24.410852,0.5886437,2.23229,0.10704771,0.247569,0.10273873,0.04
825,-24.400663,0.5801724,2.6132035,0.1195992,0.2364486,0.09959524,0.04
826,-24.405243,0.57395995,2.230361,0.09743881,0.2347051,0.10711114,0.04
827,-24.419973,0.56011164,2.2348316,0.10747548,0.22998528,0.117283165,0.04
828,-24.41139,0.5734764,2.185547,0.1067868,0.23415889,0.114267215,0.04
829,-24.390066,0.5629852,2.72068,0.10461821,0.23455586,0.11532441,0.04
830,-24.410414,0.5516726,2.5296018,0.12693731,0.22923034,0.10899001,0.04
831,-24.426449,0.57189864,1.5400329,0.10220919,0.23427805,0.10988957,0.04
832,-24.409395,0.5692549,2.5975406,0.15459107,0.23566546,0.11209293,0.04
833,-24.410515,0.58471787,2.3162014,0.10021772,0.23665956,0.11850815,0.04
834,-24.402777,0.53570116,2.9604487,0.11906864,0.2164606,0.12322147,0.04
835,-24.415977,0.57177347,2.45788,0.13450249,0.23483127,0.11214332,0.04
836,-24.4146,0.570923,2.3965557,0.12416662,0.23668191,0.11475859,0.04
837,-24.395124,0.55752724,3.116289,0.13148737,0.2684607,0.11364398,0.04
838,-24.406252,0.57763875,2.7623653,0.106787205,0.24022777,0.095661275,0.04
839,-24.41191,0.5534333,2.252035,0.12864083,0.22721842,0.11138971,0.04
840,-24.40435,0.56408674,2.2965205,0.123284884,0.23457648,0.120687746,0.04
841,-24.400013,0.55962,2.7015498,0.13126968,0.22832301,0.12329242,0.04
842,-24.40414,0.54088664,2.1651273,0.100565635,0.22261244,0.11961221,0.04
843,-24.391106,0.5854966,2.833938,0.14329703,0.24306393,0.11059865,0.04
844,-24.409672,0.5616932,1.5855193,0.120982975,0.23189667,0.113864675,0.04
845,-24.402317,0.5770971,2.227228,0.12120373,0.23358391,0.10846018,0.04
846,-24.414438,0.56817913,2.2221334,0.20954219,0.23149571,0.112954415,0.04
847,-24.413586,0.5542207,2.4152331,0.21124677,0.23015364,0.120706804,0.04
848,-24.393017,0.57394975,2.9994092,0.22237867,0.23695369,0.11352111,0.04
849,-24.395653,0.57464325,2.2272685,0.15386961,0.2327592,0.11804841,0.04
850,-24.414179,0.54970014,2.1434758,0.13709082,0.2263601,0.09564679,0.04
851,-24.396488,0.5529934,2.6627893,0.12390524,0.22434741,0.11585644,0.04
852,-24.400122,0.5271849,2.707961,0.06292713,0.21843606,0.092101514,0.04
853,-24.409586,0.52272815,2.477711,0.102222845,0.21618728,0.1137358,0.04
854,-24.395218,0.5665626,2.933694,0.0845132,0.23409432,0.09544944,0.04
855,-24.411472,0.5678955,1.9472436,0.12870565,0.23539701,0.10285289,0.04
856,-24.394295,0.5551105,2.7365952,0.13170706,0.22981311,0.11044979,0.04
857,-24.401964,0.54737353,2.4485183,0.11999225,0.224444,0.103663854,0.04
858,-24.402567,0.55376285,2.021554,0.12737907,0.23212703,0.10891264,0.04
859,-24.416407,0.52601147,1.5659959,0.14845763,0.2155281,0.10489645,0.04
860,-24.40877,0.5422398,2.0491724,0.21361029,0.22175007,0.107260525,0.04
861,-24.406094,0.53996766,2.4983149,0.102931745,0.22416955,0.109845646,0.04
862,-24.404917,0.52513206,2.3002505,0.13114457,0.21788874,0.110746175,0.04
863,-24.409994,0.56079835,2.1020103,0.09430042,0.2319443,0.10341794,0.04
864,-24.42089,0.53413486,2.0653982,0.13032672,0.21730696,0.100349195,0.04
865,-24.398785,0.535782,2.4322824,0.26976871,0.21885541,0.12582812,0.04
866,-24.394196,0.53984904,2.4106257,0.13910632,0.22183532,0.12118916,0.04
867,-24.401634,0.55224466,2.3770032,0.10886586,0.22379813,0.115297005,0.04
868,-24.390331,0.5420509,2.273093,0.13558704,0.22517288,0.10872429,0.04
869,-24.396406,0.5428726,2.4667215,0.09838122,0.22214839,0.10201123,0.04
870,-24.426107,0.53560096,1.8907887,0.10026486,0.22263077,0.099956766,0.04
871,-24.397066,0.5187377,2.6891127,0.072021075,0.21126029,0.08745595,0.04
872,-24.385014,0.5454762,2.767444,0.16380663,0.21880306,0.104593255,0.04
873,-24.399473,0.54046816,2.7985854,0.07024849,0.22567798,0.09662234,0.04
874,-24.394808,0.53319645,2.8816254,0.11001763,0.22010857,0.100684024,0.04
875,-24.409801,0.5317907,2.202789,0.15719984,0.21875913,0.09758604,0.04
876,-24.381851,0.52112895,3.6719954,0.13438489,0.21504109,0.097930245,0.04
877,-24.41486,0.5422386,1.7077395,0.16495867,0.22052939,0.11644476,0.04
878,-24.404846,0.53553647,2.916106,0.12873657,0.22169632,0.11688028,0.04
879,-24.407038,0.5184749,2.4653375,0.13469437,0.4587122,0.10727295,0.04
880,-24.416658,0.562286,2.0140822,0.099039935,0.2330963,0.110533044,0.04
881,-24.420477,0.5271363,2.1564302,0.08788834,0.23838447,0.09825149,0.04
882,-24.433249,0.53518087,1.2559842,0.1223964,0.21878082,0.10419951,0.04
883,-24.409573,0.51440126,2.3404114,0.11985507,0.2114618,0.1024621,0.04
884,-24.40297,0.53410774,1.8226064,0.1067269,0.21808292,0.085920565,0.04
885,-24.402328,0.53578025,2.1243978,0.08844013,0.22220106,0.1048135,0.04
886,-24.405602,0.52111053,2.4827814,0.13109618,0.21048099,0.105374016,0.04
887,-24.411655,0.5044038,2.1566849,0.12584728,0.20794837,0.10261736,0.04
888,-24.422781,0.5345602,1.6219736,0.0827472,0.22195044,0.107325725,0.04
889,-24.41716,0.5319025,1.788137,0.12909397,0.2167665,0.117762156,0.04
890,-24.399624,0.53184247,2.548621,0.08412384,0.22102429,0.10774465,0.04
891,-24.4203,0.51549643,1.6668742,0.13536502,0.21171573,0.11136992,0.04
892,-24.409838,0.5429974,2.3253396,0.13786516,0.22696726,0.11111479,0.04
893,-24.399124,0.5095942,2.3673573,0.09220954,0.20730302,0.104470134,0.04
894,-24.403397,0.51327497,2.034144,0.0708178,0.20941974,0.10180637,0.04
895,-24.423836,0.507965,1.7498931,0.08316751,0.21013278,0.101444535,0.04
896,-24.41807,0.53489006,1.5190994,0.11812035,0.21616837,0.09605247,0.04
897,-24.41573,0.5255188,1.6457572,0.121197306,0.21431734,0.11886193,0.04
898,-24.421618,0.5221392,1.727282,0.12094873,0.21481478,0.10288339,0.04
899,-24.405607,0.5513042,2.3336143,0.092155576,0.22286901,0.11578086,0.04
900,-24.38696,0.5200749,2.756988,0.09254224,0.21865642,0.10104208,0.04
901,-24.394081,0.5615823,2.3730183,0.1520229,0.22679865,0.10393322,0.04
902,-24.410122,0.5204867,1.730814,0.15013963,0.21094273,0.11458947,0.04
903,-24.408762,0.5084388,1.7372264,0.10893836,0.20619996,0.09760793,0.04
904,-24.406404,0.520124,1.8693942,0.17855716,0.2118504,0.10413998,0.04
905,-24.419195,0.5291595,1.7958373,0.099305294,0.21868862,0.10233311,0.04
906,-24.407415,0.51221484,2.0892098,0.12015015,0.20790723,0.0996934,0.04
907,-24.412434,0.5070398,1.8959761,0.13030809,0.20828366,0.098488234,0.04
908,-24.389368,0.52666897,3.0325139,0.18841554,0.21661563,0.1084178,0.04
909,-24.402441,0.50923735,2.4890614,0.12387632,0.20893426,0.099551864,0.04
910,-24.423918,0.5199765,1.3516351,0.12092766,0.2115647,0.11245007,0.04
911,-24.432758,0.50304276,1.3352444,0.08834989,0.20659514,0.10333756,0.04
912,-24.398188,0.51418793,2.585259,0.085746616,0.21504052,0.10323366,0.04
913,-24.419321,0.49753046,1.7604088,0.121090606,0.20944814,0.10413303,0.04
914,-24.40739,0.503574,2.0270429,0.09231338,0.20664865,0.11237605,0.04
915,-24.426273,0.50166124,1.8482656,0.17417409,0.20489675,0.11086493,0.04
916,-24.42054,0.50127786,1.9097571,0.10315089,0.20396148,0.10166113,0.04
917,-24.413563,0.51810753,1.8557533,0.11672381,0.21392944,0.100618586,0.04
918,-24.42432,0.5064324,1.084512,0.09629198,0.20887487,0.09783859,0.04
919,-24.39805,0.51534396,2.6005726,0.0954872,0.22318348,0.09084839,0.04
920,-24.422176,0.5011064,1.6074859,0.11386687,0.2074635,0.09848005,0.04
921,-24.41114,0.49734867,2.3966112,0.1368451,0.20444728,0.10402828,0.04
922,-24.409687,0.51636904,2.1989377,0.10301928,0.21059602,0.10103492,0.04
923,-24.414215,0.5224449,1.7912074,0.14333363,0.21294242,0.105341196,0.04
924,-24.410395,0.5238951,2.1579714,0.1076134,0.21341826,0.10367866,0.04
925,-24.422726,0.5191686,1.4501175,0.11534732,0.216263,0.12924221,0.04
926,-24.422337,0.52322954,1.9201012,0.081465945,0.21720129,0.102560245,0.04
927,-24.423145,0.4916816,1.6006361,0.13143687,0.1984821,0.100165926,0.04
928,-24.4012,0.49505892,2.4432762,0.08968667,0.19533077,0.09879026,0.04
929,-24.400692,0.49882638,2.276494,0.092327915,0.21529457,0.0994869,0.04
930,-24.402142,0.51108027,2.1462677,0.13284503,0.21162902,0.0996447,0.04
931,-24.403996,0.50744,2.110567,0.16305508,0.20687214,0.107516,0.04
932,-24.422075,0.4966735,1.3370874,0.20708132,0.19903737,0.10397548,0.04
933,-24.398933,0.52085465,1.9269371,0.14446312,0.21601586,0.115220726,0.04
934,-24.406391,0.5051051,1.5083802,0.09919814,0.20602705,0.11602162,0.04
935,-24.422155,0.5037873,1.4502058,0.11640463,0.20481904,0.12289635,0.04
936,-24.41786,0.5144332,1.9524571,0.12518245,0.2112906,0.10755492,0.04
937,-24.430138,0.47749826,1.150133,0.12469919,0.19785546,0.08661519,0.04
938,-24.39162,0.50807804,2.782111,0.13019994,0.2059105,0.101199746,0.04
939,-24.40639,0.5137097,1.9778321,0.118650906,0.2088835,0.10555345,0.04
940,-24.40661,0.49491954,2.0000718,0.09241564,0.20375954,0.10102509,0.04
941,-24.416859,0.48969424,2.1722465,0.07854942,0.1997008,0.095469214,0.04
942,-24.418808,0.5066031,1.6397736,0.09036717,0.20775147,0.10809645,0.04
943,-24.400387,0.51699674,2.0504165,0.11444766,0.2160234,0.10198554,0.04
944,-24.411077,0.49593803,2.1083329,0.11201547,0.20927519,0.08759958,0.04
945,-24.42634,0.49062192,1.0787851,0.098637216,0.21772718,0.10031041,0.04
946,-24.390562,0.48559153,2.8401914,0.186416,0.19537775,0.10664397,0.04
947,-24.41537,0.5064367,1.3949122,0.11837232,0.22017246,0.09715247,0.04
948,-24.400206,0.47910643,2.057227,0.1128646,0.19504692,0.11345555,0.04
949,-24.41214,0.48352054,1.9862503,0.15181851,0.207331,0.09870247,0.04
950,-24.42907,0.5004327,1.2884799,0.100921094,0.39985594,0.099466555,0.04
951,-24.404394,0.5014613,2.101453,0.1187554,0.20279793,0.10412668,0.04
952,-24.432743,0.49672034,1.453741,0.08990672,0.20475358,0.089988366,0.04
953,-24.405247,0.49173996,2.3296158,0.13165538,0.20012465,0.0906329,0.04
954,-24.406515,0.4916775,1.4572335,0.13189438,0.19670364,0.09225419,0.04
955,-24.426699,0.5006672,1.458633,0.089104496,0.2050994,0.09377616,0.04
956,-24.412169,0.5012587,1.671414,0.1413033,0.202579,0.099269934,0.04
957,-24.432621,0.49687693,0.76932174,0.1280659,0.20028715,0.09778511,0.04
958,-24.42082,0.4928341,1.4199839,0.090610325,0.2025027,0.11345425,0.04
959,-24.415882,0.4901512,1.6762974,0.09904688,0.20159324,0.087865956,0.04
960,-24.403507,0.5004633,2.0850277,0.103167206,0.23995638,0.09802152,0.04
961,-24.419243,0.47714865,2.0220468,0.078340925,0.19257434,0.095530674,0.04
962,-24.426332,0.50188524,1.4279808,0.13131411,0.2087194,0.106756784,0.04
963,-24.421059,0.48952222,1.681126,0.106838055,0.19806391,0.09625213,0.04
964,-24.407438,0.49358273,2.0574477,0.13424557,0.2016663,0.104758285,0.04
965,-24.424633,0.49743,1.1568221,0.14763224,0.19928072,0.10767665,0.04
966,-24.408754,0.50720346,1.8062472,0.0886664,0.20931704,0.09939101,0.04
967,-24.427917,0.46247497,1.1843364,0.11136942,0.19001004,0.09353758,0.04
968,-24.421238,0.48330864,1.288817,0.10848287,0.1984131,0.095363475,0.04
969,-24.414932,0.48550168,1.6431824,0.09966708,0.1982952,0.101863585,0.04
970,-24.430468,0.48028848,0.9347912,0.14500478,0.20187312,0.09916374,0.04
971,-24.396265,0.46485317,3.0187163,0.10529354,0.19030797,0.09192399,0.04
972,-24.414652,0.49359134,1.6479139,0.09332328,0.21065167,0.10602544,0.04
973,-24.415024,0.4767318,1.7576036,0.12868407,0.19770232,0.096431635,0.04
974,-24.40809,0.48291132,1.8389602,0.15553749,0.19901597,0.10374361,0.04
975,-24.398977,0.5148987,2.5807636,0.08835619,0.20884001,0.09802437,0.04
976,-24.429173,0.518111,1.3356749,0.09994435,0.2128209,0.10523812,0.04
977,-24.419437,0.46720377,1.7334571,0.17685114,0.18763737,0.09946524,0.04
978,-24.431715,0.4915569,0.8306622,0.09272138,0.20142044,0.09533319,0.04
979,-24.40896,0.48136982,2.0772557,0.14193654,0.19819392,0.10164131,0.04
980,-24.426132,0.49412933,1.029264,0.126855,0.19840802,0.111787796,0.04
981,-24.431253,0.4707206,0.9299111,0.15310133,0.1934359,0.10720603,0.04
982,-24.40726,0.49796936,2.0870771,0.089397915,0.20588052,0.09437495,0.04
983,-24.430328,0.5082748,1.3445067,0.10953663,0.4546185,0.1075516,0.04
984,-24.40402,0.5001927,2.2445104,0.12390747,0.21136351,0.09243747,0.04
985,-24.41152,0.49983907,1.8577086,0.15009703,0.20308016,0.09571587,0.04
986,-24.407097,0.4744483,1.8366787,0.08004518,0.19290467,0.10056831,0.04
987,-24.428003,0.50377494,0.89356095,0.1258443,0.20589727,0.10802361,0.04
988,-24.423315,0.49512288,1.6415316,0.08165579,0.20056765,0.10562815,0.04
989,-24.419184,0.48221412,1.3346969,0.12321689,0.19489893,0.096319966,0.04
990,-24.436956,0.4934752,1.2998633,0.12917995,0.20053081,0.10115856,0.04
991,-24.412107,0.48243988,2.0436895,0.124067865,0.2008311,0.091669574,0.04
992,-24.404453,0.4776782,2.1279807,0.10248469,0.19276184,0.10364529,0.04
993,-24.415247,0.5104434,1.621748,0.08756953,0.21260674,0.09692157,0.04
994,-24.406672,0.47340122,1.8847477,0.09565865,0.1907856,0.09264905,0.04
995,-24.434711,0.4991357,1.1128087,0.089310125,0.20334549,0.08562061,0.04
996,-24.417406,0.4768934,1.6184242,0.17110154,0.19132021,0.0946034,0.04
997,-24.418016,0.4883193,1.3175075,0.16013904,0.20150454,0.097269274,0.04
998,-24.417006,0.49391913,1.5512737,0.09315921,0.20192993,0.092601806,0.04
999,-24.416012,0.4984288,1.2962221,0.12726584,0.20279022,0.10497842,0.04
1000,-24.418476,0.48106936,1.3688204,0.10381012,0.20308143,0.090538286,0.04
1001,-24.408043,0.49214503,1.9173619,0.12452825,0.2070362,0.10030903,0.04
1002,-24.411415,0.49335235,1.900047,0.15518926,0.20408511,0.09796154,0.04
1003,-24.4122,0.48102865,1.8144232,0.10887943,0.19373678,0.09638425,0.04
1004,-24.412933,0.46384546,2.0144653,0.17317955,0.3890448,0.09872657,0.04
1005,-24.416157,0.47614986,1.6872425,0.19634025,0.19208881,0.103122815,0.04
1006,-24.420305,0.4932154,1.6985058,0.119343616,0.21283302,0.10157537,0.04
1007,-24.41139,0.50707686,1.9215764,0.15949339,0.20663783,0.09646555,0.04
1008,-24.39861,0.49218854,2.6225834,0.110276744,0.20153552,0.10142475,0.04
1009,-24.440447,0.47716832,0.8784318,0.08818968,0.19470952,0.09009997,0.04
1010,-24.424547,0.48902693,0.9275543,0.10371454,0.2006005,0.09247974,0.04
1011,-24.406815,0.45737514,1.6041061,0.17522794,0.18554081,0.10353069,0.04
1012,-24.417208,0.47339427,1.3373958,0.14912814,0.19498327,0.10822175,0.04
1013,-24.410023,0.507647,2.0511737,0.15623295,0.20689677,0.09234626,0.04
1014,-24.423605,0.47747406,1.3040642,0.08443621,0.19212073,0.084519766,0.04
1015,-24.410164,0.45398268,1.7290933,0.10573091,0.1869697,0.08325638,0.04
1016,-24.418419,0.47960424,1.4156986,0.13118096,0.19825725,0.0900659,0.04
1017,-24.424004,0.48679015,1.4177225,0.1481916,0.2013873,0.095264435,0.04
1018,-24.419598,0.4705235,1.5056748,0.12274412,0.19064842,0.105824165,0.04
1019,-24.426931,0.46789926,1.4302514,0.068227515,0.20189454,0.09174038,0.04
1020,-24.416586,0.48254773,1.3750858,0.09368297,0.195749,0.09170063,0.04
1021,-24.403414,0.48961854,2.2598674,0.10820358,0.2002988,0.089135416,0.04
1022,-24.395823,0.48919317,2.5775855,0.09245229,0.20095098,0.096937545,0.04
1023,-24.409977,0.47786346,1.967326,0.07387526,0.19422469,0.105657496,0.04
1024,-24.42911,0.48460746,1.1080464,0.08784671,0.19582994,0.09880127,0.04
1025,-24.402164,0.47762066,2.2541173,0.119393036,0.1975413,0.11174674,0.04
1026,-24.411871,0.4886183,1.3027011,0.085867606,0.19713673,0.09955668,0.04
1027,-24.416075,0.48975164,1.5760812,0.08657132,0.20067395,0.0952235,0.04
1028,-24.42419,0.464132,1.155154,0.11088743,0.18804376,0.09975006,0.04
1029,-24.411083,0.46576604,1.8813555,0.104721844,0.18780951,0.115937375,0.04
1030,-24.41457,0.4585843,1.7174052,0.11794964,0.18645963,0.09782087,0.04
1031,-24.435844,0.48053965,0.80244035,0.12888603,0.1919823,0.091161385,0.04
1032,-24.420008,0.45645472,1.4381796,0.06742067,0.1826139,0.08183111,0.04
1033,-24.427078,0.4632495,1.2958187,0.06794968,0.19035861,0.09777243,0.04
1034,-24.420134,0.46557888,1.6693834,0.119269036,0.18911323,0.098279074,0.04
1035,-24.418222,0.485664,1.7152914,0.13375854,0.19484095,0.12029216,0.04
1036,-24.427322,0.50233376,1.173643,0.09507196,0.8603609,0.10003167,0.04
1037,-24.401176,0.47529504,2.0390234,0.12795421,0.19107975,0.097865194,0.04
1038,-24.41357,0.4930488,1.4718306,0.16302861,0.19665527,0.100863725,0.04
1039,-24.400131,0.49785876,2.1778672,0.1183555,0.2061228,0.09556449,0.04
1040,-24.412848,0.4885424,1.9740181,0.095303535,0.23208785,0.12070024,0.04
1041,-24.42772,0.5137825,0.966726,0.11337746,0.21043332,0.090849325,0.04
1042,-24.43058,0.46988013,0.92027617,0.07335214,0.21588847,0.09127908,0.04
1043,-24.406544,0.4785802,2.079666,0.10583115,0.20070454,0.08735394,0.04
1044,-24.406794,0.4778195,2.1201568,0.11357605,0.19376947,0.09853898,0.04
1045,-24.404602,0.451623,2.1683652,0.2002659,0.18413319,0.09176361,0.04
1046,-24.418938,0.44206318,1.3920454,0.10481893,0.17546731,0.088907,0.04
1047,-24.416332,0.46724257,1.3936113,0.06406773,0.19796485,0.08566549,0.04
1048,-24.405882,0.49324697,2.2317662,0.08050054,0.20250262,0.09566883,0.04
1049,-24.416172,0.49213046,1.8286409,0.07405726,0.20111504,0.093729615,0.04
1050,-24.420366,0.47575736,1.6011952,0.10573542,2.5797973,0.10372801,0.04
1051,-24.405836,0.4928513,2.5709133,0.1155078,0.1959358,0.10947664,0.04
1052,-24.431482,0.48203972,1.1800864,0.16804662,0.19823122,0.09110571,0.04
1053,-24.410696,0.48471966,2.0529985,0.14475314,0.19899857,0.101047136,0.04
1054,-24.41434,0.48673105,2.2348242,0.087869056,0.20647241,0.08979711,0.04
1055,-24.42646,0.4863072,1.5273051,0.1076571,0.19985072,0.09077197,0.04
1056,-24.417732,0.50073224,1.8546013,0.18441953,0.4041876,0.09512838,0.04
1057,-24.426327,0.5029593,1.8907865,0.105839476,0.208484,0.08758826,0.04
1058,-24.412933,0.457806,2.3682632,0.09028151,0.18598327,0.09563217,0.04
1059,-24.403465,0.46825248,2.3369713,0.052395746,0.21934326,0.09725283,0.04
1060,-24.417906,0.49104333,1.8234082,0.058335725,0.19695474,0.095799774,0.04
1061,-24.409739,0.47381765,2.4977908,0.16344032,0.19605096,0.09537401,0.04
1062,-24.42006,0.47805703,1.5630435,0.09863449,0.1947321,0.11087914,0.04
1063,-24.418747,0.47750905,1.6193165,0.11375694,0.20937228,0.092537984,0.04
1064,-24.410398,0.47317353,1.6924366,0.084810466,0.21052626,0.08953758,0.04
1065,-24.421127,0.47092888,1.8670865,0.11839175,0.19045125,0.086564854,0.04
1066,-24.412054,0.45606974,2.095629,0.12125781,0.18918915,0.097479016,0.04
1067,-24.411861,0.47646865,2.1258478,0.09337879,0.19605862,0.09396602,0.04
1068,-24.416315,0.48427546,1.4260759,0.108197264,0.19668904,0.089289196,0.04
1069,-24.417053,0.49175274,1.8045433,0.13961442,0.20145789,0.07958502,0.04
1070,-24.400188,0.46318287,2.553854,0.08183081,0.1890847,0.09401877,0.04
1071,-24.415718,0.46745571,2.1331089,0.09703853,0.19392939,0.085271716,0.04
1072,-24.41271,0.47267145,1.845333,0.085985124,0.19458576,0.09905474,0.04
1073,-24.418997,0.4717656,1.7545434,0.11761952,0.20102473,0.08888729,0.04
1074,-24.408915,0.47728693,1.9384661,0.0930879,0.1970252,0.09137873,0.04
1075,-24.420519,0.45456237,1.7105463,0.10052532,0.19143727,0.085772656,0.04
1076,-24.399036,0.46515545,2.3388517,0.11644047,0.18952411,0.08397075,0.04
1077,-24.419874,0.48058665,1.4784101,0.09895449,0.19780143,0.09003228,0.04
1078,-24.410782,0.45049518,1.8756527,0.14579536,0.21455322,0.09323307,0.04
1079,-24.417582,0.45660862,1.532045,0.10945802,0.19937283,0.103143975,0.04
1080,-24.404495,0.46109438,1.7917804,0.11392846,0.18898961,0.09754398,0.04
1081,-24.420994,0.4896509,1.5416642,0.10912172,0.20047458,0.099899955,0.04
1082,-24.406973,0.4714004,2.1095185,0.13863645,0.19267118,0.110907964,0.04
1083,-24.431421,0.45221195,1.0872062,0.08702648,0.19142397,0.10010898,0.04
1084,-24.404495,0.4687224,2.4461005,0.059462406,0.2408388,0.09431544,0.04
1085,-24.406052,0.46193328,2.417897,0.08762192,0.1891455,0.09690267,0.04
1086,-24.384136,0.47067183,2.9127874,0.121645354,0.19147803,0.09319526,0.04
1087,-24.419918,0.464644,1.9015408,0.11276257,0.19636047,0.08977424,0.04
1088,-24.403017,0.46122283,2.1416695,0.08831358,0.19026794,0.10039227,0.04
1089,-24.41957,0.46802312,1.3986137,0.06576195,0.1936101,0.08075441,0.04
1090,-24.412605,0.4796104,1.7072185,0.09376872,0.19980107,0.09576733,0.04
1091,-24.416801,0.45774597,1.7350681,0.09536492,0.18650712,0.090711825,0.04
1092,-24.410961,0.46078125,1.8697326,0.17375107,0.19083549,0.0925733,0.04
1093,-24.420895,0.4482849,1.7492067,0.087519586,0.18508928,0.09055599,0.04
1094,-24.416668,0.4584218,1.8372539,0.10120365,0.18699236,0.089102514,0.04
1095,-24.414156,0.4608085,1.8746608,0.08427802,0.18838581,0.09304222,0.04
1096,-24.410572,0.46635646,1.9377437,0.12553774,0.19313039,0.0853378,0.04
1097,-24.429237,0.4641408,1.2813886,0.069249704,0.19053783,0.08421817,0.04
1098,-24.407465,0.46516624,2.1669421,0.11886495,0.1894553,0.082362235,0.04
1099,-24.415825,0.46213448,1.9693877,0.12052398,0.18631601,0.10562946,0.04
1100,-24.42303,0.4601834,1.8302956,0.09090217,0.1888659,0.08529023,0.04
1101,-24.420578,0.4751157,1.4020771,0.081714466,0.19709267,0.084890045,0.04
1102,-24.411482,0.46602547,1.4741443,0.10960589,0.19430208,0.09205172,0.04
1103,-24.418453,0.49847427,1.6146216,0.100057006,0.20517048,0.08440986,0.04
1104,-24.4196,0.47318786,1.7329015,0.10143119,0.19615489,0.08614662,0.04
1105,-24.402912,0.44253176,2.223782,0.074088916,0.1857226,0.08661828,0.04
1106,-24.421625,0.45181507,1.2030913,0.08968106,0.18564637,0.0992161,0.04
1107,-24.429453,0.4535054,0.9525262,0.081567295,0.18525372,0.087289706,0.04
1108,-24.40378,0.43343264,2.0727122,0.10139181,0.17310713,0.08185428,0.04
1109,-24.402405,0.437464,2.4784644,0.091862276,0.17594826,0.09413557,0.04
1110,-24.413708,0.46043625,1.6887038,0.116011485,0.19026543,0.086126626,0.04
1111,-24.432192,0.48478955,0.8192689,0.06700214,0.19985013,0.088047,0.04
0,-24.432241,0.4842198,0.8185489,0.06591855,0.19907452,0.08719179,0.04
1,-24.42534,0.44585383,1.4379493,0.059578676,0.18429162,0.083699755,0.04
2,-24.405167,0.46094155,2.4040508,0.1120659,0.1869808,0.09593485,0.04
3,-24.420576,0.45127094,1.7252566,0.14499047,0.18286438,0.08891913,0.04
4,-24.409441,0.4612128,1.7618383,0.11836063,0.1906821,0.088400714,0.04
5,-24.42575,0.46703538,1.3144054,0.08511582,0.192155,0.09207041,0.04
6,-24.430483,0.4640095,1.3723503,0.107595064,0.18983334,0.082977444,0.04
7,-24.439772,0.4613823,0.8398075,0.11565451,0.18819593,0.0892943,0.04
8,-24.427832,0.43668196,1.126734,0.087682165,0.18007834,0.09103563,0.04
9,-24.426302,0.43094933,1.1719787,0.07610478,0.17572375,0.08746211,0.04
10,-24.411419,0.43663967,1.7649791,0.07927124,0.17654917,0.08414543,0.04
11,-24.410486,0.45866933,2.1025767,0.076863036,0.1860813,0.087548874,0.04
12,-24.430841,0.4572328,1.2501702,0.09088317,0.18423611,0.081407055,0.04
13,-24.423468,0.44566455,1.5883826,0.12911627,0.18171674,0.09172444,0.04
14,-24.43162,0.44678277,1.3778995,0.14027755,0.18582913,0.09656957,0.04
15,-24.416079,0.4623809,2.0658689,0.07694402,0.18817772,0.08824893,0.04
16,-24.41077,0.46148154,1.7422816,0.09828685,0.1907798,0.086846575,0.04
17,-24.429066,0.44706014,1.3189733,0.080910765,0.18294686,0.08134812,0.04
18,-24.421087,0.4786432,1.5063626,0.10249315,0.19765572,0.1000946,0.04
19,-24.42509,0.4420367,1.155558,0.075930476,0.1766359,0.08259156,0.04
20,-24.423355,0.456897,1.3909171,0.06337932,0.18682426,0.08758023,0.04
21,-24.413916,0.4517542,1.9642527,0.09702293,0.18231578,0.07946569,0.04
22,-24.411686,0.4529858,2.031423,0.08623794,0.18560049,0.087037355,0.04
23,-24.440338,0.44298843,0.8386924,0.09706074,0.18129249,0.082828626,0.04
24,-24.434422,0.4503403,0.93171054,0.10585272,0.18601732,0.084545925,0.04
25,-24.4123,0.4688984,1.7876656,0.10728693,0.19009194,0.09746188,0.04
26,-24.416903,0.43465558,1.7951238,0.099081725,0.17778191,0.101373486,0.04
27,-24.411776,0.41975996,1.9905692,0.08545629,0.17308833,0.08130018,0.04
28,-24.416946,0.45141616,1.6361604,0.11516115,0.18262908,0.091416985,0.04
29,-24.406788,0.43857232,2.296616,0.09063563,0.17750221,0.08593156,0.04
30,-24.401697,0.44420668,2.0479295,0.07751795,0.18271668,0.08720784,0.04
31,-24.425304,0.47875202,1.4125608,0.12018446,0.19466615,0.08636463,0.04
32,-24.404453,0.44482568,1.8073816,0.082734026,0.18046652,0.085391104,0.04
33,-24.425676,0.46240824,1.3477889,0.10498125,0.18784717,0.086819544,0.04
34,-24.444572,0.43733105,0.97766274,0.09720739,0.17864254,0.08172852,0.04
35,-24.427738,0.45348638,1.4319746,0.090520754,0.18548836,0.08644838,0.04
36,-24.415142,0.43092576,1.6476165,0.09719013,0.17903395,0.08723802,0.04
37,-24.433992,0.45952466,1.1007844,0.1305544,0.1892673,0.0922575,0.04
38,-24.422316,0.44713134,1.1488329,0.10349573,0.18070583,0.090459965,0.04
39,-24.404959,0.4656345,2.4435976,0.17901677,0.19087362,0.08393514,0.04
40,-24.426113,0.46833616,1.6725166,0.09775219,0.18831931,0.090945914,0.04
41,-24.412636,0.4669432,1.7442546,0.12152394,0.19492733,0.082680024,0.04
42,-24.412523,0.4487391,1.5097694,0.09399143,0.18101695,0.08580048,0.04
43,-24.42949,0.47413012,0.98190594,0.1304133,0.19622236,0.076860055,0.04
44,-24.429422,0.4616963,1.3597094,0.09362444,0.18725693,0.09319415,0.04
45,-24.425993,0.44519344,1.6284591,0.085317664,0.18508893,0.090292454,0.04
46,-24.41016,0.4314146,1.7663548,0.10631388,0.17610347,0.08499156,0.04
47,-24.402657,0.45293885,2.2419221,0.1115339,0.18358393,0.09244512,0.04
48,-24.432297,0.44202134,1.0225947,0.09819193,0.1819724,0.090042815,0.04
49,-24.41405,0.45800444,1.8352933,0.09714458,0.18774998,0.08780266,0.04
50,-24.419102,0.4613828,1.6010787,0.067593336,0.18759362,0.0848353,0.04
51,-24.413937,0.4646176,1.757079,0.114086196,0.18609409,0.084249504,0.04
52,-24.423077,0.46355352,1.2067294,0.102987975,0.18988091,0.08543689,0.04
53,-24.42262,0.48232204,1.5770048,0.119791724,0.19570203,0.087742835,0.04
54,-24.43513,0.4673387,1.3521949,0.11819041,0.19015738,0.08817155,0.04
55,-24.41299,0.46037155,1.6340337,0.088277735,0.18733111,0.077754274,0.04
56,-24.413733,0.4477937,1.4662311,0.083866805,0.17951883,0.08075446,0.04
57,-24.428873,0.4418206,1.0792444,0.1380451,0.17738688,0.077548355,0.04
58,-24.42368,0.4546329,1.3194877,0.1357115,0.18582763,0.09990122,0.04
59,-24.419527,0.451181,1.3750666,0.076525025,0.18439688,0.0843562,0.04
60,-24.422802,0.48094925,1.4306641,0.08175953,0.19549184,0.08608489,0.04
61,-24.42934,0.46108276,1.2361577,0.08006522,0.18971755,0.09529282,0.04
62,-24.431774,0.47293553,1.2634238,0.09770809,0.18990903,0.09249334,0.04
63,-24.411837,0.4802508,2.1774876,0.10512805,0.19824424,0.0989275,0.04
64,-24.41532,0.4337645,1.5543479,0.07858344,0.17956425,0.084618025,0.04
65,-24.411137,0.45834407,1.6241095,0.057439506,0.1899757,0.0785661,0.04
66,-24.413363,0.45728904,1.9541886,0.10471464,0.18459731,0.07970307,0.04
67,-24.419863,0.46168727,1.4458807,0.061569557,0.18615186,0.081857696,0.04
68,-24.439812,0.44814974,0.7399486,0.118590936,0.18305948,0.08848456,0.04
69,-24.414268,0.45057714,1.6332083,0.117361456,0.18421921,0.09665508,0.04
70,-24.422602,0.44624794,1.3413887,0.0971925,0.1801178,0.08372336,0.04
71,-24.408073,0.4432271,1.8485202,0.10839262,0.18285744,0.09237391,0.04
72,-24.409836,0.45309785,2.2616024,0.11301196,0.18333113,0.09393524,0.04
73,-24.411982,0.45745668,1.9094113,0.08830265,0.18346407,0.10094862,0.04
74,-24.405443,0.4480692,1.6834813,0.08485096,0.18144011,0.085408874,0.04
75,-24.418512,0.45002422,1.5098618,0.06681384,0.18609838,0.086278096,0.04
76,-24.410212,0.45188498,1.387929,0.11963352,0.1868151,0.087185726,0.04
77,-24.421728,0.45325685,1.4175614,0.112911664,0.18523481,0.08603409,0.04
78,-24.427298,0.46246326,0.8969989,0.101644434,0.18934692,0.08013646,0.04
79,-24.409632,0.44062105,1.6736223,0.12075862,0.17599177,0.08782652,0.04
80,-24.414598,0.45441306,1.8310611,0.09031437,0.18525083,0.09238418,0.04
81,-24.407715,0.44815582,1.9886526,0.10045181,0.18539202,0.09085887,0.04
82,-24.42401,0.46456334,1.3084415,0.09922144,0.18897732,0.08174314,0.04
83,-24.414078,0.46716902,1.5289379,0.06948014,0.1898063,0.08434202,0.04
84,-24.41828,0.44367898,1.5773253,0.09971448,0.18191896,0.08047905,0.04
85,-24.415102,0.43863234,1.8614416,0.107018776,0.17819828,0.07943357,0.04
86,-24.428635,0.4546776,1.2489794,0.10091095,0.18927917,0.08056166,0.04
87,-24.421532,0.4370197,1.2307088,0.10171074,0.18206581,0.08824671,0.04
88,-24.426601,0.452855,1.1750777,0.11123148,0.18692523,0.08330552,0.04
89,-24.418339,0.43129563,1.5618311,0.08994261,0.17504,0.08637685,0.04
90,-24.418953,0.45095375,1.3616453,0.11013304,0.18488479,0.084189124,0.04
91,-24.42491,0.43766487,1.2570188,0.07658526,0.18025427,0.085632935,0.04
92,-24.42773,0.44961178,0.76555586,0.13839218,0.18232386,0.08926517,0.04
93,-24.418184,0.43314046,1.0097995,0.10180833,0.17788455,0.080156766,0.04
94,-24.423172,0.45003825,1.3163279,0.09534366,0.18381317,0.08434814,0.04
95,-24.426132,0.45700988,0.89806503,0.077381715,0.18547492,0.073645204,0.04
96,-24.422539,0.43733442,1.1560931,0.09742597,0.17753299,0.08741932,0.04
97,-24.435257,0.4513593,0.74633163,0.091417275,0.18556397,0.08222416,0.04
98,-24.420702,0.45828298,1.2737534,0.089877605,0.18819776,0.0944085,0.04
99,-24.402683,0.43637693,1.9884479,0.07927535,0.17640366,0.087671824,0.04
100,-24.416029,0.4300988,1.5596619,0.06276397,0.1759551,0.087347604,0.04
101,-24.415852,0.4617721,1.2433197,0.06630938,0.18692811,0.086209424,0.04
102,-24.426537,0.465591,0.95911145,0.11995312,0.19348747,0.08988581,0.04
103,-24.409748,0.44805107,1.6510967,0.081769675,0.18329293,0.10206878,0.04
104,-24.422369,0.43580058,1.4995586,0.13864067,0.17773761,0.08570727,0.04
105,-24.417597,0.42174667,1.3344141,0.090699226,0.17154714,0.086733386,0.04
106,-24.409388,0.43759462,1.9342684,0.102543384,0.1763429,0.08509624,0.04
107,-24.42935,0.456246,0.846804,0.08741626,0.1869444,0.08704176,0.04
108,-24.433464,0.433188,1.0048506,0.11762669,0.17558742,0.07387371,0.04
109,-24.408926,0.44221953,1.7749535,0.13712947,0.17997122,0.0945096,0.04
110,-24.41675,0.4428181,1.2417386,0.08854683,0.17900755,0.08062038,0.04
111,-24.417757,0.4394984,1.4552124,0.11200656,0.17528144,0.09079383,0.04
112,-24.410418,0.44158223,1.5168843,0.054220024,0.17960587,0.07591149,0.04
113,-24.414526,0.4530504,1.2753135,0.08396418,0.18676804,0.08470234,0.04
114,-24.426836,0.45029694,1.1941892,0.09151412,0.18301482,0.08221958,0.04
115,-24.42177,0.46422455,0.9069772,0.09061601,0.18867329,0.08161595,0.04
116,-24.409275,0.4696655,1.5668302,0.08755944,0.19409125,0.08989525,0.04
117,-24.432785,0.41938177,0.71772164,0.10524173,0.17234209,0.08120905,0.04
118,-24.428768,0.44795385,1.0006007,0.08430505,0.18512696,0.09380937,0.04
119,-24.42675,0.43800598,0.97356886,0.05743612,0.1790675,0.07584448,0.04
120,-24.415648,0.43229583,1.4414088,0.084031776,0.17725605,0.08238212,0.04
121,-24.422136,0.4701436,0.9840377,0.13717112,0.19144039,0.10128536,0.04
122,-24.416523,0.46061105,1.2889332,0.08156911,0.1873563,0.07774126,0.04
123,-24.421543,0.4180177,1.0040355,0.06882434,0.17160857,0.07847806,0.04
124,-24.407059,0.43779197,1.7848084,0.14510019,0.17795545,0.08998717,0.04
125,-24.434149,0.45892456,1.3061786,0.12940815,0.1844763,0.08947332,0.04
126,-24.411589,0.42220896,1.8836745,0.14022946,0.17084305,0.08780886,0.04
127,-24.409452,0.43990642,1.424282,0.076553404,0.17890374,0.08398484,0.04
128,-24.433691,0.44065994,0.65126634,0.10175228,0.18108322,0.078708544,0.04
129,-24.414316,0.43351093,1.7500294,0.06768388,0.17706557,0.08228905,0.04
130,-24.418802,0.43796968,1.5988758,0.12151925,0.18232267,0.089101434,0.04
131,-24.430902,0.43767157,1.2154183,0.108470276,0.17681882,0.08993806,0.04
132,-24.43663,0.4458752,0.65011024,0.10759866,0.18486804,0.08077545,0.04
133,-24.412813,0.44362524,1.7708663,0.072445355,0.1764706,0.08389939,0.04
134,-24.41602,0.4394061,1.3026954,0.08384151,0.18013546,0.089595824,0.04
135,-24.429558,0.4381554,1.2024864,0.07024586,0.18128161,0.078870654,0.04
136,-24.410076,0.45256966,2.0692012,0.10014753,0.1842161,0.07753918,0.04
137,-24.414331,0.44871444,1.4854453,0.07189229,0.18297268,0.07990208,0.04
138,-24.415672,0.4453982,1.2299492,0.096927516,0.17970733,0.078451134,0.04
139,-24.411163,0.45499295,1.7773522,0.074074835,0.18851127,0.08565621,0.04
140,-24.40691,0.45247096,1.609183,0.07469222,0.18618806,0.09936608,0.04
141,-24.425035,0.4415629,1.2731212,0.07413519,0.1790646,0.078164555,0.04
142,-24.40862,0.4459579,1.4331907,0.08518662,0.18019682,0.08265249,0.04
143,-24.397078,0.46157643,2.0530193,0.083309405,0.18889935,0.071419604,0.04
144,-24.411264,0.45700794,1.7784305,0.09263479,0.18573475,0.08024455,0.04
145,-24.421574,0.4245496,1.2984918,0.07688216,0.17397992,0.08643033,0.04
146,-24.416172,0.4374582,1.1943036,0.062456235,0.17976342,0.08718616,0.04
147,-24.435175,0.43585232,0.7727908,0.08110872,0.1786469,0.08001351,0.04
148,-24.43687,0.41877785,0.6585138,0.082313,0.17288665,0.07759749,0.04
149,-24.428215,0.44820502,1.2719028,0.115349226,0.18521026,0.07857128,0.04
150,-24.421957,0.43893325,1.2927653,0.087098114,0.18034874,0.084985025,0.04
151,-24.431377,0.4228415,0.83737934,0.093976215,0.17259483,0.079242185,0.04
152,-24.415506,0.42340335,1.8242339,0.110263035,0.17277332,0.08716813,0.04
153,-24.423159,0.4116418,1.1344036,0.072908886,0.16902378,0.07634625,0.04
154,-24.434332,0.4294371,1.0768566,0.085351266,0.17592625,0.07758625,0.04
155,-24.409895,0.45482874,1.9911543,0.114147566,0.18817273,0.09045189,0.04
156,-24.404459,0.4469611,1.7579786,0.058708712,0.18481298,0.084914565,0.04
157,-24.427622,0.43985477,0.88587356,0.07923002,0.18482381,0.07844401,0.04
158,-24.418089,0.4444433,1.4621112,0.103988834,0.1823106,0.07803127,0.04
159,-24.424603,0.43534338,0.9598333,0.119797535,0.17962047,0.08980811,0.04
160,-24.415377,0.44058985,1.8610119,0.0800649,0.18200025,0.07775287,0.04
161,-24.422644,0.44833776,1.3591185,0.08771495,0.18302737,0.079106204,0.04
162,-24.401766,0.42649993,1.9207153,0.09023701,0.17407969,0.09088631,0.04
163,-24.422108,0.4206509,1.3161844,0.09291172,0.17201202,0.0827186,0.04
164,-24.414145,0.42192945,1.5470988,0.0956385,0.17206123,0.07780942,0.04
165,-24.418085,0.42267448,1.4876915,0.12518446,0.172535,0.09325924,0.04
166,-24.42984,0.42730024,0.94228286,0.09246637,0.17306095,0.079736955,0.04
167,-24.413168,0.42451763,1.3642457,0.12663601,0.17430227,0.074068174,0.04
168,-24.434473,0.4344532,0.73958373,0.073044926,0.17848365,0.080147855,0.04
169,-24.417532,0.43572867,1.1608403,0.09401289,0.1774822,0.07434001,0.04
170,-24.427044,0.4518344,1.2905527,0.097608924,0.18845278,0.08120041,0.04
171,-24.411219,0.43045384,1.6065626,0.05670108,0.17718433,0.072254635,0.04
172,-24.425035,0.4284203,1.0736125,0.083352506,0.17217854,0.07302922,0.04
173,-24.422165,0.42965662,1.1300508,0.11083134,0.17349961,0.08942196,0.04
174,-24.433191,0.45649552,0.64189804,0.15218136,0.18509054,0.09941864,0.04
175,-24.421314,0.4226591,1.3620393,0.087705866,0.17945464,0.07611303,0.04
176,-24.421772,0.430782,1.2961783,0.089602746,0.18029234,0.08125263,0.04
177,-24.422062,0.43603843,1.2384915,0.08688047,0.1769992,0.08819656,0.04
178,-24.415329,0.43553537,1.5620492,0.11772539,0.18116705,0.075798474,0.04
179,-24.418972,0.42365396,1.570232,0.06894824,0.1754134,0.07047897,0.04
180,-24.433128,0.43136624,0.772529,0.074159406,0.17759374,0.08290039,0.04
181,-24.427984,0.43205684,0.94833213,0.091356926,0.17727366,0.073575385,0.04
182,-24.412066,0.4220999,1.6066939,0.11054983,0.17272258,0.08323233,0.04
183,-24.417562,0.42482945,1.9344838,0.06370159,0.17054595,0.081686325,0.04
184,-24.420637,0.42698985,1.3837239,0.090321645,0.1762165,0.08259028,0.04
185,-24.423265,0.42924157,1.1327252,0.08704348,0.17526379,0.08064609,0.04
186,-24.415506,0.43646258,1.7263826,0.08549175,0.17765272,0.08121738,0.04
187,-24.429827,0.42176986,0.8713871,0.09143397,0.17180964,0.08143258,0.04
188,-24.413551,0.42065933,1.6139835,0.12465684,0.17211364,0.0755645,0.04
189,-24.417355,0.44292104,1.6147624,0.09717356,0.18198633,0.080162376,0.04
190,-24.41296,0.42240682,1.5594846,0.056878433,0.17073569,0.075239725,0.04
191,-24.429068,0.4314061,0.9453638,0.08441357,0.17490281,0.08383422,0.04
192,-24.40477,0.45060903,1.9032861,0.06181236,0.18593007,0.08752995,0.04
193,-24.412298,0.41224778,1.6166319,0.10877987,0.1684133,0.07897366,0.04
194,-24.427643,0.45669538,1.2099558,0.09338038,0.18407674,0.086673714,0.04
195,-24.41466,0.4407741,1.5689738,0.0796023,0.18113036,0.076738685,0.04
196,-24.406734,0.42625695,1.8952365,0.13393417,0.17064519,0.08122667,0.04
197,-24.418812,0.42006055,1.1531785,0.076635435,0.17200392,0.07526982,0.04
198,-24.426119,0.44604716,1.0969217,0.09516688,0.17832568,0.08598562,0.04
199,-24.41,0.44751522,1.4410068,0.11205104,0.18074985,0.080383874,0.04
200,-24.410593,0.43783498,2.0240018,0.09609749,0.17398259,0.07633323,0.04
201,-24.42353,0.43024066,1.197865,0.07555632,0.17492908,0.08122847,0.04
202,-24.409279,0.42927012,1.5403075,0.0731281,0.174678,0.08237732,0.04
203,-24.427813,0.43213275,0.66331154,0.07074743,0.17835298,0.078099996,0.04
204,-24.438993,0.42996576,0.55483097,0.080381125,0.17650762,0.07392495,0.04
205,-24.408594,0.42957395,1.8501822,0.106186576,0.1718169,0.07255785,0.04
206,-24.42166,0.4242067,1.037303,0.06566194,0.17664185,0.07863226,0.04
207,-24.41291,0.42131072,1.4405185,0.07789823,0.17362382,0.07072315,0.04
208,-24.447659,0.42155343,0.3802153,0.0854019,0.17205803,0.07918663,0.04
209,-24.41491,0.42668825,1.6361803,0.077092,0.1729561,0.074369475,0.04
210,-24.415766,0.42454228,1.3095663,0.09411307,0.17288537,0.074569814,0.04
211,-24.396475,0.4205335,2.1789784,0.08752603,0.16907518,0.08217898,0.04
212,-24.411938,0.4530996,1.7174977,0.07139541,0.18748254,0.07794592,0.04
213,-24.412792,0.41147634,1.5432355,0.07908491,0.16495812,0.07685937,0.04
214,-24.435726,0.42530787,0.5667786,0.07357409,0.1726654,0.08482524,0.04
215,-24.411676,0.41425478,1.5274476,0.06468664,0.17047262,0.07636747,0.04
216,-24.40643,0.4208182,1.7919273,0.10230705,0.17059657,0.06846251,0.04
217,-24.40653,0.42132145,1.3206457,0.075610876,0.17464809,0.07434584,0.04
218,-24.415129,0.42468542,1.4591855,0.07273743,0.1712556,0.07724219,0.04
219,-24.423212,0.39687562,0.9545797,0.07972906,0.1633116,0.069888666,0.04
220,-24.416672,0.44771206,1.6035553,0.09600719,0.18369316,0.08043721,0.04
221,-24.422268,0.4121277,1.2818075,0.06509019,0.16641036,0.08054359,0.04
222,-24.426785,0.43694508,1.2758611,0.06792014,0.1793116,0.07272253,0.04
223,-24.411295,0.44531587,1.689476,0.10077528,0.18328698,0.07999586,0.04
224,-24.420809,0.42608306,1.1485683,0.052562807,0.17152646,0.07239378,0.04
225,-24.399584,0.42525244,2.1056457,0.07741152,0.17446995,0.079745725,0.04
226,-24.41852,0.42155713,1.2657099,0.066977665,0.17622916,0.078409836,0.04
227,-24.42532,0.43201956,1.0303085,0.11513236,0.1739279,0.08529005,0.04
228,-24.41595,0.4231511,1.4983509,0.071321666,0.17094679,0.080631785,0.04
229,-24.421833,0.41854876,1.5886261,0.07582648,0.1719501,0.0917177,0.04
230,-24.413074,0.43708462,1.6112221,0.08117894,0.18172432,0.07780067,0.04
231,-24.409487,0.42883676,1.7647502,0.086694755,0.1799134,0.07103493,0.04
232,-24.423061,0.40794402,1.1451373,0.05797971,0.16787103,0.0699283,0.04
233,-24.416197,0.42540386,0.9838055,0.07787102,0.1759343,0.08669189,0.04
234,-24.40973,0.4260739,1.641384,0.068076044,0.17323415,0.07855859,0.04
235,-24.439186,0.4278537,0.8334477,0.100066446,0.17551546,0.08232947,0.04
236,-24.418953,0.4125163,1.3693949,0.1097259,0.17049398,0.076012135,0.04
237,-24.427343,0.40603217,0.96782464,0.09092337,0.16862516,0.07413447,0.04
238,-24.419313,0.4087103,1.3402284,0.12762444,0.16934656,0.08555207,0.04
239,-24.419125,0.42084822,1.299401,0.11773698,0.17117955,0.072886705,0.04
240,-24.41008,0.4245357,1.5446814,0.10308104,0.1740978,0.07522886,0.04
241,-24.420338,0.42903733,0.8809176,0.08933461,0.17452031,0.07417441,0.04
242,-24.416481,0.45052502,1.5240659,0.07114949,0.19029047,0.06753804,0.04
243,-24.416483,0.42020464,1.052387,0.13261347,0.1734695,0.094608605,0.04
244,-24.436512,0.43575054,0.7019146,0.122433215,0.17838421,0.0747052,0.04
245,-24.44632,0.42018604,0.45798314,0.10153088,0.17086639,0.0840443,0.04
246,-24.410656,0.41900182,1.4478716,0.06111699,0.17208856,0.06831096,0.04
247,-24.427034,0.4140172,1.1280247,0.0887411,0.16859877,0.072329864,0.04
248,-24.429008,0.41624168,0.89855397,0.08306468,0.16851868,0.08122354,0.04
249,-24.426401,0.41497073,1.10364,0.08743606,0.17261988,0.073257715,0.04
250,-24.428402,0.44845456,1.1022289,0.072352916,0.18504407,0.085109405,0.04
251,-24.422726,0.43124712,1.2155299,0.076486394,0.17695889,0.078008145,0.04
252,-24.409855,0.43956304,1.2239492,0.058437146,0.18128249,0.06979663,0.04
253,-24.415007,0.43251523,1.4599138,0.1075001,0.17820989,0.07440039,0.04
254,-24.408184,0.41221792,1.8969711,0.09413712,0.16452499,0.06324443,0.04
255,-24.420841,0.42613825,1.0511974,0.08576061,0.17479526,0.076730445,0.04
256,-24.408539,0.43157062,2.1009164,0.084268585,0.17629106,0.07885718,0.04
257,-24.419996,0.41680962,1.2858411,0.07926228,0.17110844,0.07517482,0.04
258,-24.416172,0.4278923,1.6657908,0.11855926,0.17460313,0.07110035,0.04
259,-24.419989,0.43890315,1.5146564,0.12546462,0.18004313,0.086061284,0.04
260,-24.427837,0.4149517,1.2220857,0.07425717,0.16672449,0.07518684,0.04
261,-24.418844,0.45022428,1.1675013,0.107320935,0.18896298,0.078560434,0.04
262,-24.437883,0.4414684,0.5055819,0.09272464,0.18028127,0.08516372,0.04
263,-24.428255,0.40163663,1.0988543,0.0935186,0.16550425,0.08155043,0.04
264,-24.426521,0.42810225,1.2279552,0.066013284,0.17498453,0.084183656,0.04
265,-24.418924,0.41966304,1.6640761,0.057663143,0.17063925,0.07618556,0.04
266,-24.431234,0.42107624,1.094419,0.060393024,0.17074396,0.07513424,0.04
267,-24.408148,0.42746004,1.6919901,0.09339105,0.1754635,0.07234785,0.04
268,-24.425573,0.43118253,1.2153744,0.08607169,0.17367113,0.07590983,0.04
269,-24.405956,0.42036942,1.92959,0.08189141,0.16758472,0.075118296,0.04
270,-24.415117,0.41985303,1.4294742,0.15074164,0.17094585,0.0741411,0.04
271,-24.412298,0.4250595,1.3820068,0.044609122,0.17401391,0.07282631,0.04
272,-24.431879,0.4069478,0.6995367,0.10984001,0.16859826,0.07196438,0.04
273,-24.429882,0.42249158,0.6665135,0.08205653,0.17676502,0.07985672,0.04
274,-24.42413,0.40574086,1.2550782,0.07468937,0.16696163,0.07263443,0.04
275,-24.429024,0.410916,0.89467704,0.11530878,0.1676924,0.07638623,0.04
276,-24.406906,0.416678,1.6875288,0.06589555,0.1718017,0.07461421,0.04
277,-24.417639,0.42037934,1.1408776,0.05031295,0.16738924,0.07291036,0.04
278,-24.416962,0.4210813,1.5283324,0.10883429,0.17311792,0.072306454,0.04
279,-24.420658,0.42048916,1.4677335,0.08506146,0.17304023,0.08215432,0.04
280,-24.420168,0.43272957,1.348984,0.10178792,0.17415138,0.07746462,0.04
281,-24.423872,0.41693506,1.1627237,0.112102576,0.17063043,0.08133502,0.04
282,-24.420395,0.42077085,1.6192921,0.14049754,0.17148058,0.088159665,0.04
283,-24.418158,0.4291918,1.1127403,0.11849275,0.17243326,0.08146928,0.04
284,-24.432692,0.42836922,0.69954723,0.12910593,0.17352492,0.07860941,0.04
285,-24.428957,0.4119458,1.0365748,0.08165462,0.16754556,0.078441985,0.04
286,-24.418512,0.41073987,1.4356625,0.06305003,0.1715271,0.07744353,0.04
287,-24.435837,0.39663327,0.63617074,0.07872718,0.16221566,0.07587192,0.04
288,-24.428137,0.42383876,1.0033773,0.058168124,0.17564967,0.06977267,0.04
289,-24.429577,0.40245903,0.618861,0.0716064,0.16425018,0.06903096,0.04
290,-24.436153,0.4122913,0.5227986,0.055851508,0.1711851,0.069740385,0.04
291,-24.421608,0.41463256,1.4148809,0.07360487,0.17112246,0.0798754,0.04
292,-24.427412,0.42925182,0.7656503,0.084409244,0.17596048,0.077227786,0.04
293,-24.423395,0.4128728,1.0360432,0.12392065,0.17038289,0.07960296,0.04
294,-24.422674,0.4305978,1.1634624,0.11436893,0.17912413,0.073841974,0.04
295,-24.429314,0.41184318,1.0267365,0.07853488,0.17121667,0.07756784,0.04
296,-24.413235,0.4116626,1.4299183,0.109102026,0.16662101,0.08050418,0.04
297,-24.422808,0.4002489,1.0671759,0.064413324,0.16446187,0.07442288,0.04
298,-24.419426,0.41850698,1.2280686,0.10377436,0.17210154,0.08031316,0.04
299,-24.402546,0.42617628,1.5563335,0.08417886,0.17241785,0.07608339,0.04
300,-24.433289,0.42511985,0.6872722,0.08053356,0.17345439,0.075105205,0.04
301,-24.424446,0.42116126,1.017591,0.07637349,0.17444429,0.08352845,0.04
302,-24.437813,0.41844967,0.6039477,0.07437519,0.17210726,0.07059748,0.04
303,-24.421324,0.42056495,1.3039553,0.107529245,0.17401627,0.075562626,0.04
304,-24.43788,0.41747466,0.5936623,0.06321063,0.17118686,0.074405976,0.04
305,-24.4213,0.41570356,0.88956004,0.08411306,0.16813539,0.08704793,0.04
306,-24.424234,0.4135373,0.86371785,0.08423207,0.16575474,0.07276966,0.04
307,-24.410667,0.43663335,1.5974337,0.14102428,0.17985563,0.08150073,0.04
308,-24.416649,0.42537868,1.4392674,0.097502366,0.17468236,0.0719503,0.04
309,-24.416618,0.41953504,1.622984,0.061956063,0.17692646,0.0803955,0.04
310,-24.42073,0.4263831,1.3162955,0.092763506,0.1711772,0.086565815,0.04
311,-24.426159,0.42715448,1.0750188,0.07526374,0.175385,0.079371236,0.04
312,-24.42296,0.42439497,1.0630047,0.088976756,0.17214525,0.07437165,0.04
313,-24.413992,0.40307084,1.5620313,0.0560551,0.1653437,0.08364858,0.04
314,-24.422329,0.42576465,1.596349,0.11804357,0.1736302,0.082612164,0.04
315,-24.42384,0.4161651,0.8562138,0.09340764,0.16849597,0.07773923,0.04
316,-24.431484,0.42360067,0.8567197,0.06458406,0.17320798,0.063528806,0.04
317,-24.423086,0.42078778,1.2179124,0.08782054,0.17165744,0.06728859,0.04
318,-24.41944,0.43324566,1.1402245,0.07023017,0.17856288,0.07296475,0.04
319,-24.403574,0.42701393,1.6558498,0.09430727,0.17111696,0.07374168,0.04
320,-24.420937,0.42797017,1.244266,0.095038086,0.17385253,0.068871856,0.04
321,-24.40624,0.39781561,1.7708997,0.090284,0.16459125,0.071558736,0.04
322,-24.418648,0.41861102,1.4846516,0.059280515,0.17423974,0.082028046,0.04
323,-24.405935,0.4396228,2.008485,0.07434933,0.1745715,0.0787311,0.04
324,-24.437027,0.4118761,0.4109912,0.0843632,0.17088868,0.07522863,0.04
325,-24.422342,0.41549662,1.0744536,0.111348756,0.16934988,0.08477093,0.04
326,-24.416298,0.41110736,0.9479368,0.066817954,0.16642448,0.07021932,0.04
327,-24.41624,0.4391763,1.4812592,0.076640315,0.1776165,0.078552574,0.04
328,-24.417406,0.4394308,1.4340845,0.10521434,0.17787366,0.0782792,0.04
329,-24.422226,0.41658458,0.99111855,0.078100786,0.16940437,0.07830009,0.04
330,-24.421368,0.42806137,1.5249193,0.09200272,0.17724237,0.076038115,0.04
331,-24.430973,0.41345724,1.0370321,0.06889011,0.16661936,0.0702858,0.04
332,-24.421488,0.40045434,1.335773,0.11809523,0.16096152,0.08319608,0.04
333,-24.425327,0.39296117,1.0015047,0.05717828,0.1600772,0.0738885,0.04
334,-24.421394,0.43211907,1.1948619,0.08702221,0.17354497,0.081397,0.04
335,-24.422268,0.42515412,1.1220626,0.08698014,0.17226121,0.07383616,0.04
336,-24.427465,0.41517705,0.9198661,0.095098905,0.17013225,0.079303876,0.04
337,-24.431131,0.407465,0.83735824,0.09358942,0.16856313,0.07190493,0.04
338,-24.42438,0.41312602,1.060397,0.06502689,0.16893162,0.07714053,0.04
339,-24.418613,0.41152725,1.168932,0.07661808,0.16817309,0.07090715,0.04
340,-24.421926,0.43307102,1.0681579,0.08168961,0.17781939,0.07146264,0.04
341,-24.424608,0.39882007,1.0350851,0.078622006,0.16296375,0.06410908,0.04
342,-24.435118,0.4215914,0.54319185,0.11955115,0.17102942,0.077324204,0.04
343,-24.43703,0.4058561,0.65045536,0.10708356,0.16803752,0.06681186,0.04
344,-24.422525,0.41161197,1.1310858,0.07974813,0.16787528,0.07442595,0.04
345,-24.41606,0.40287587,1.350623,0.053502496,0.16450785,0.08137283,0.04
346,-24.42498,0.41138443,0.99371755,0.10531734,0.16935393,0.07191873,0.04
347,-24.409075,0.39859146,1.8126452,0.07149724,0.16411304,0.072158396,0.04
348,-24.412632,0.43333724,1.5123445,0.07796038,0.17993373,0.079557255,0.04
349,-24.411215,0.41821072,1.2986745,0.060004845,0.17455716,0.07576089,0.04
350,-24.413774,0.42350474,1.3152114,0.11899334,0.17382559,0.07915452,0.04
351,-24.408915,0.40360183,1.872757,0.06421479,0.1666155,0.07678596,0.04
352,-24.406406,0.42913476,1.9321072,0.119132295,0.17622647,0.08832574,0.04
353,-24.425026,0.40661374,1.3272827,0.055334724,0.16992515,0.070168905,0.04
354,-24.403946,0.42466167,1.6391068,0.07641794,0.17485267,0.072684,0.04
355,-24.401676,0.44171646,2.0069132,0.093536,0.18058605,0.07800997,0.04
356,-24.42306,0.4138068,1.4601244,0.084596,0.16981202,0.07314649,0.04
357,-24.41846,0.39532334,1.2300223,0.09673452,0.1623314,0.078406334,0.04
358,-24.43898,0.39127398,0.51613426,0.06575214,0.1631664,0.06667014,0.04
359,-24.440523,0.4310422,0.60185826,0.10646217,0.17435151,0.08145121,0.04
360,-24.42747,0.42868924,0.7815322,0.09930546,0.17516609,0.07472672,0.04
361,-24.435946,0.4094535,0.5881154,0.0649195,0.1689526,0.07769406,0.04
362,-24.433706,0.40271783,0.59440243,0.07075319,0.16665907,0.06736029,0.04
363,-24.414238,0.4287418,1.1561452,0.08258551,0.17883047,0.070253156,0.04
364,-24.407425,0.4026116,1.8273493,0.088646814,0.16134565,0.07756135,0.04
365,-24.420456,0.42189622,1.2099938,0.066313595,0.17349717,0.07457203,0.04
366,-24.437609,0.39688024,0.41081277,0.07094622,0.16397166,0.07823444,0.04
367,-24.428503,0.42304608,0.8988457,0.08873703,0.17065933,0.07597759,0.04
368,-24.426094,0.40747222,0.7945051,0.06197795,0.16652845,0.06417837,0.04
369,-24.419168,0.4435065,1.443005,0.065237805,0.18248025,0.06911405,0.04
370,-24.433802,0.40024227,0.7151414,0.07028683,0.1638689,0.06613982,0.04
371,-24.435188,0.4067698,0.5662843,0.06315934,0.16710372,0.07323994,0.04
372,-24.426374,0.42371616,1.162503,0.06184995,0.17488167,0.066378415,0.04
373,-24.430414,0.4204506,0.8961818,0.072146416,0.1735024,0.07505969,0.04
374,-24.422031,0.40820038,0.8417294,0.07904788,0.16775553,0.071043625,0.04
375,-24.434458,0.4256404,0.80183846,0.07782243,0.17669933,0.07182913,0.04
376,-24.397133,0.4236919,1.8056853,0.051123437,0.1732505,0.07218721,0.04
377,-24.416784,0.3984049,1.4253837,0.055756107,0.16401386,0.0635613,0.04
378,-24.419895,0.40660635,0.88770026,0.076729625,0.16826959,0.07008099,0.04
379,-24.443195,0.42328218,0.45586896,0.06710213,0.17468634,0.06999175,0.04
380,-24.414589,0.40340146,1.2957153,0.086911,0.16540414,0.07445086,0.04
381,-24.419455,0.40784615,1.1758915,0.06481794,0.16668583,0.076446205,0.04
382,-24.416443,0.41293317,1.3635412,0.095128864,0.17179629,0.07981735,0.04
383,-24.438208,0.40002686,0.54035276,0.13712482,0.15950851,0.07955895,0.04
384,-24.428936,0.42974302,1.0171123,0.08571529,0.17464867,0.08341869,0.04
385,-24.405998,0.42214847,1.8952209,0.09604878,0.170711,0.076253556,0.04
386,-24.419636,0.41748476,1.3130528,0.07150714,0.17420545,0.06624919,0.04
387,-24.424183,0.39592287,1.7511181,0.13364743,0.16000909,0.076548696,0.04
388,-24.421785,0.404318,1.7163554,0.060424462,0.16649748,0.0691229,0.04
389,-24.42193,0.41537958,1.0779707,0.065164745,0.1708124,0.076059,0.04
390,-24.423882,0.39873815,1.3051565,0.06634493,0.16214408,0.07024326,0.04
391,-24.422176,0.38766494,1.165798,0.086446576,0.15958112,0.07221573,0.04
392,-24.419893,0.40104437,1.0623378,0.11429386,0.16632839,0.07444729,0.04
393,-24.423471,0.427865,1.0822988,0.086280935,0.17896351,0.078115836,0.04
394,-24.423285,0.42630866,1.3225397,0.08400943,0.17783941,0.067324236,0.04
395,-24.428032,0.4101713,0.92573535,0.04849797,0.16814359,0.070292056,0.04
396,-24.415133,0.39553073,1.4688528,0.05600139,0.16284116,0.07097073,0.04
397,-24.41966,0.421512,1.7256918,0.10673593,0.17137453,0.071672164,0.04
398,-24.4156,0.42859897,1.6035454,0.06279447,0.17857672,0.07258419,0.04
399,-24.42209,0.4129265,1.0468335,0.05566877,0.16925892,0.06658534,0.04
400,-24.427086,0.4001519,0.89451206,0.08358347,0.16884078,0.06386073,0.04
401,-24.444853,0.40192425,0.3346056,0.07479996,0.16276087,0.08136084,0.04
402,-24.426777,0.40417504,0.8921502,0.09521459,0.16788954,0.08478219,0.04
403,-24.423449,0.40822855,0.9835828,0.101911075,0.16698405,0.08352556,0.04
404,-24.4372,0.4219739,0.8135658,0.07282265,0.16919293,0.073757105,0.04
405,-24.415825,0.42227125,1.2532843,0.09497651,0.17403176,0.06834927,0.04
406,-24.418156,0.40182766,1.2634004,0.102727085,0.16430421,0.077133186,0.04
407,-24.416092,0.41534084,1.2683424,0.115860924,0.17099749,0.068384625,0.04
408,-24.441439,0.42180866,0.36482435,0.07233709,0.17186588,0.07072586,0.04
409,-24.417767,0.4095229,1.44526,0.0495219,0.1663513,0.074416734,0.04
410,-24.418898,0.40575778,1.19362,0.08041734,0.165838,0.070823275,0.04
411,-24.429491,0.38934296,0.9404196,0.07922477,0.15728144,0.07504767,0.04
412,-24.42088,0.42128825,1.2269723,0.07869656,0.17271113,0.07624571,0.04
413,-24.42087,0.40663254,1.3127636,0.075262204,0.16895618,0.06842048,0.04
414,-24.425234,0.41735798,1.1721855,0.059767094,0.16908519,0.07565611,0.04
415,-24.426172,0.40997005,0.7623488,0.077169344,0.16874762,0.07557351,0.04
416,-24.427988,0.4177624,1.0734034,0.06509522,0.17143098,0.07618122,0.04
417,-24.4312,0.40829062,0.7538254,0.08147959,0.16821924,0.06159775,0.04
418,-24.441902,0.38612348,0.56987995,0.0724139,0.15697998,0.07390267,0.04
419,-24.431402,0.4039495,0.78102624,0.070742525,0.16942064,0.067912474,0.04
420,-24.420967,0.40977076,1.1318144,0.08867815,0.17083241,0.069654584,0.04
421,-24.412062,0.41113284,1.5625293,0.07482407,0.17252474,0.07452012,0.04
422,-24.40961,0.4247223,1.7730236,0.08311896,0.17371674,0.066160336,0.04
423,-24.417843,0.3941942,1.3380688,0.06555699,0.15987061,0.069727905,0.04
424,-24.411524,0.40260342,1.5940213,0.094951585,0.16634783,0.070694365,0.04
425,-24.429262,0.41598916,0.72635084,0.066833824,0.16806455,0.075908646,0.04
426,-24.43459,0.43470564,0.4999436,0.10015427,0.17721836,0.074050404,0.04
427,-24.413982,0.43553564,1.6104532,0.0659595,0.17778169,0.067136474,0.04
428,-24.436813,0.39722043,0.46013007,0.10402118,0.1630057,0.07637136,0.04
429,-24.427765,0.39224306,0.9962879,0.060925074,0.1602138,0.06509147,0.04
430,-24.410484,0.4018307,1.8167449,0.07371811,0.16616014,0.05945525,0.04
431,-24.413853,0.41937742,1.5417084,0.09337542,0.17151566,0.07187149,0.04
432,-24.426996,0.41115248,0.8735845,0.0844019,0.17111042,0.07145541,0.04
433,-24.432579,0.40174392,0.95444715,0.09977223,0.16847637,0.072713934,0.04
434,-24.422625,0.40885806,1.030047,0.07236409,0.16997182,0.06901531,0.04
435,-24.419981,0.3920842,1.1041652,0.075213246,0.1597065,0.07049239,0.04
436,-24.427546,0.3930658,0.9247723,0.08395213,0.16227141,0.06433952,0.04
437,-24.420519,0.40615582,1.348816,0.081007846,0.16803743,0.067141056,0.04
438,-24.42716,0.38769558,0.88124716,0.10670856,0.16192897,0.068289995,0.04
439,-24.420607,0.4416533,1.1884843,0.07816455,0.18146433,0.07203521,0.04
440,-24.43493,0.38912162,0.5570035,0.043897733,0.16058321,0.07170388,0.04
441,-24.421879,0.4003241,1.0945773,0.068708666,0.16301253,0.06893223,0.04
442,-24.414047,0.43145052,1.3129679,0.105956465,0.17439501,0.07750771,0.04
443,-24.419285,0.422311,1.2189214,0.07607281,0.17206731,0.072981864,0.04
444,-24.419996,0.42000255,1.3582883,0.11872207,0.17241782,0.069978155,0.04
445,-24.423906,0.4181405,0.9367312,0.062944695,0.17527382,0.06633611,0.04
446,-24.4183,0.4018426,1.1024269,0.13725492,0.1650157,0.063284494,0.04
447,-24.406273,0.41008946,1.4953396,0.109049596,0.1654008,0.07881433,0.04
448,-24.427313,0.39778805,0.8408518,0.09728326,0.15988882,0.076664604,0.04
449,-24.422476,0.4207177,1.2005863,0.062011696,0.17087053,0.07235477,0.04
450,-24.42658,0.40460503,0.9048849,0.07343013,0.16659452,0.07297223,0.04
451,-24.410976,0.42930058,1.4678266,0.06980793,0.17417023,0.06460826,0.04
452,-24.435457,0.4103384,0.50008017,0.06321479,0.16938639,0.07113471,0.04
453,-24.428608,0.40034294,0.7991649,0.0754766,0.16639303,0.06307273,0.04
454,-24.447268,0.3858989,0.26995364,0.113893695,0.1569555,0.063635424,0.04
455,-24.431097,0.39308643,0.6842215,0.07830036,0.16216652,0.06826846,0.04
456,-24.43017,0.39245573,0.9150692,0.08407247,0.16133079,0.07466394,0.04
457,-24.417578,0.40424523,1.3343667,0.10742475,0.16637614,0.06972113,0.04
458,-24.431631,0.39046946,0.6865026,0.07603236,0.15881175,0.07431158,0.04
459,-24.41473,0.39179555,1.4459237,0.079604365,0.16265808,0.06801668,0.04
460,-24.419296,0.40099388,1.1343725,0.083007924,0.16631961,0.07477118,0.04
461,-24.403698,0.42972302,2.1198888,0.05469165,0.1752803,0.07486911,0.04
462,-24.418629,0.39641643,1.4074478,0.08667014,0.16225077,0.07407941,0.04
463,-24.414892,0.4000379,1.6776222,0.09050516,0.16177794,0.08062178,0.04
464,-24.424412,0.410202,0.9476994,0.09965035,0.16848454,0.07298996,0.04
465,-24.41328,0.3978118,1.1886095,0.076947354,0.16523933,0.06527265,0.04
466,-24.427038,0.41252223,0.6789761,0.08094027,0.16906433,0.06616067,0.04
467,-24.42212,0.41030493,1.1595709,0.08937012,0.16860127,0.08199208,0.04
468,-24.422937,0.41232806,0.88911223,0.07048551,0.1729417,0.07252149,0.04
469,-24.423191,0.3843667,0.93281835,0.060485713,0.15757188,0.065792896,0.04
470,-24.413055,0.41439298,1.411994,0.09931318,0.17033882,0.07832734,0.04
471,-24.40791,0.39531335,1.7427541,0.12904954,0.16344689,0.07514914,0.04
472,-24.427835,0.41162533,1.0131537,0.06829885,0.16905655,0.07330211,0.04
473,-24.423105,0.40776932,0.85491437,0.09089297,0.16720584,0.07030057,0.04
474,-24.420788,0.4075478,1.0164031,0.09689304,0.16515456,0.076316155,0.04
475,-24.411322,0.40533218,1.5164844,0.07600497,0.16378526,0.06850174,0.04
476,-24.423862,0.4230453,1.1726669,0.08789564,0.1744671,0.088969536,0.04
477,-24.417023,0.40572858,1.5619818,0.08179124,0.16336474,0.079046845,0.04
478,-24.414568,0.39528006,1.4843429,0.10534067,0.16230088,0.07918849,0.04
479,-24.417528,0.3982124,1.4413434,0.08371855,0.16108212,0.071072325,0.04
480,-24.424273,0.37919998,1.1834556,0.07062501,0.15518326,0.065028474,0.04
481,-24.428293,0.3850616,0.7068334,0.065116584,0.15639745,0.06665476,0.04
482,-24.423357,0.41070977,1.080769,0.081833296,0.1667435,0.07276585,0.04
483,-24.43454,0.37999249,0.9085718,0.07460013,0.15473552,0.061423983,0.04
484,-24.436527,0.4169794,0.5873803,0.07438667,0.16891839,0.08198347,0.04
485,-24.421406,0.38827547,1.2260761,0.06883544,0.16238567,0.07055259,0.04
486,-24.426773,0.4180258,0.93722016,0.06632992,0.17148113,0.08540485,0.04
487,-24.421986,0.40356863,1.2786913,0.086087085,0.1656172,0.06823313,0.04
488,-24.404099,0.39465046,1.7949942,0.07825171,0.16157106,0.07600507,0.04
489,-24.430958,0.39260626,0.9315693,0.1057466,0.1635245,0.06886251,0.04
490,-24.434895,0.41156775,0.4896283,0.0603204,0.16462405,0.06197307,0.04
491,-24.416733,0.41341394,0.96556926,0.08437581,0.16795273,0.07295517,0.04
492,-24.412956,0.4101362,1.4594629,0.08280443,0.16622157,0.070226006,0.04
493,-24.42373,0.40700293,1.1044688,0.11107794,0.16855606,0.087197386,0.04
494,-24.410307,0.40398833,1.4040152,0.05606909,0.16431119,0.06728811,0.04
495,-24.414642,0.37627506,1.4930117,0.06397276,0.1526939,0.0672948,0.04
496,-24.434145,0.39736372,0.82904583,0.09350638,0.16475473,0.06810008,0.04
497,-24.427109,0.394607,0.8006068,0.07456363,0.15969628,0.0669086,0.04
498,-24.442263,0.4054111,0.36347646,0.08950892,0.16773328,0.070019655,0.04
499,-24.436255,0.3992049,0.35363397,0.10488043,0.1651022,0.0722319,0.04
500,-24.425932,0.39203206,0.903007,0.074806586,0.16157956,0.07156438,0.04
501,-24.436476,0.41318977,0.53095454,0.05232507,0.1710866,0.07264852,0.04
502,-24.412636,0.40201202,1.0828054,0.09557601,0.16647284,0.068670414,0.04
503,-24.434113,0.39323148,0.5746078,0.062317092,0.15959227,0.07802349,0.04
504,-24.42883,0.40760854,0.9839798,0.07135592,0.1672754,0.07983039,0.04
505,-24.41328,0.38769653,1.4745291,0.06330264,0.15949853,0.06693003,0.04
506,-24.43608,0.39882243,0.38898265,0.0575704,0.16323422,0.071976066,0.04
507,-24.42264,0.40443566,0.9087483,0.08686147,0.1640233,0.06953255,0.04
508,-24.41898,0.4119281,1.5478488,0.08976732,0.16459693,0.06273533,0.04
509,-24.418154,0.41041234,1.0716766,0.060803153,0.17021881,0.06583359,0.04
510,-24.405775,0.41900453,1.808213,0.06491008,0.1735276,0.07223223,0.04
511,-24.414177,0.40256202,1.3661865,0.08455588,0.16706102,0.07148444,0.04
512,-24.412277,0.4046499,1.5006741,0.08192048,0.16538066,0.06892183,0.04
513,-24.426657,0.40771818,0.73541605,0.07246559,0.16730677,0.06745715,0.04
514,-24.404188,0.4181621,1.576354,0.10261154,0.17219126,0.07119245,0.04
515,-24.432528,0.38043916,0.53310126,0.05278866,0.1558657,0.061034065,0.04
516,-24.437075,0.40184653,0.5959036,0.07293814,0.16472448,0.06746012,0.04
517,-24.414577,0.4037124,1.2971565,0.061707396,0.16516697,0.081446625,0.04
518,-24.416567,0.4078812,1.4661582,0.0791267,0.16927625,0.06882484,0.04
519,-24.416899,0.41103697,1.2400537,0.09662809,0.16921602,0.07475036,0.04
520,-24.421448,0.4041091,0.72718155,0.0757408,0.16593419,0.06593787,0.04
521,-24.435776,0.40061367,0.56160986,0.057260413,0.16564351,0.06944174,0.04
522,-24.417444,0.3972233,1.3208346,0.06569682,0.16388254,0.07699884,0.04
523,-24.430927,0.38557553,0.650524,0.08144571,0.16103044,0.07139555,0.04
524,-24.412445,0.4149259,1.5073192,0.08959416,0.17322168,0.084477134,0.04
525,-24.41791,0.40720227,1.3311557,0.0932698,0.16610269,0.08151218,0.04
526,-24.415483,0.4099962,1.4402866,0.074800976,0.16715649,0.064887226,0.04
527,-24.418163,0.4076684,1.2708504,0.05296349,0.16212727,0.069278,0.04
528,-24.434555,0.4007445,0.5280901,0.080098964,0.16632761,0.06920182,0.04
529,-24.407503,0.43441883,1.4856917,0.088413805,0.17677517,0.0713467,0.04
530,-24.437243,0.39154592,0.50163853,0.07500639,0.15979391,0.06989241,0.04
531,-24.427635,0.40602818,0.62164307,0.060910296,0.16831619,0.079082176,0.04
532,-24.425327,0.38418573,0.7418057,0.06621953,0.15789358,0.065149285,0.04
533,-24.425385,0.3940824,0.94324774,0.043815758,0.16266353,0.07118661,0.04
534,-24.42288,0.41129237,1.1027645,0.07395864,0.17120254,0.0658594,0.04
535,-24.438019,0.40855956,0.39766747,0.08679727,0.16972667,0.07251627,0.04
536,-24.423985,0.41333553,0.70961994,0.10176224,0.16853985,0.0732007,0.04
537,-24.419207,0.4083829,1.1147393,0.056774035,0.173056,0.059068844,0.04
538,-24.414255,0.40796772,1.3662976,0.083912075,0.16899154,0.06781366,0.04
539,-24.408031,0.39259094,1.9999617,0.068228625,0.16079652,0.07055888,0.04
540,-24.420973,0.42675748,1.0712737,0.117326595,0.1743925,0.07563893,0.04
541,-24.42002,0.40559456,1.0699873,0.11958671,0.16872911,0.080647916,0.04
542,-24.421118,0.38877073,1.2652442,0.051489774,0.15853657,0.07498474,0.04
543,-24.410131,0.40261286,1.3540763,0.08687049,0.16626757,0.06895998,0.04
544,-24.42463,0.40723836,0.79080576,0.09786448,0.16667032,0.07897506,0.04
545,-24.416998,0.41104943,0.94492763,0.08589118,0.16959509,0.06965842,0.04
546,-24.425901,0.39749384,1.2340975,0.07819702,0.15931763,0.06954016,0.04
547,-24.406977,0.3904619,1.7287847,0.09020565,0.15964304,0.06532064,0.04
548,-24.414766,0.3969317,1.1768541,0.062204912,0.16153719,0.07310563,0.04
549,-24.433401,0.39665115,0.80843794,0.046487562,0.16395806,0.062982865,0.04
550,-24.4287,0.38775596,0.7099136,0.060806423,0.16144106,0.060049284,0.04
551,-24.420343,0.40560946,1.3531232,0.08309687,0.16770968,0.06774242,0.04
552,-24.415667,0.40675858,1.3210816,0.05846955,0.16402717,0.06844212,0.04
553,-24.421398,0.4147905,0.84987974,0.07371709,0.17013071,0.073715635,0.04
554,-24.414639,0.39838326,0.99770105,0.052097525,0.16464847,0.061516017,0.04
555,-24.419207,0.40192592,0.9973786,0.11214172,0.1639223,0.06806097,0.04
556,-24.436758,0.40279028,0.45794162,0.072488114,0.16723594,0.07260846,0.04
557,-24.420914,0.39025164,1.1863168,0.09368618,0.16118616,0.06702777,0.04
558,-24.402998,0.41208953,1.6252778,0.08562747,0.16880241,0.069362074,0.04
559,-24.430515,0.38136157,0.658396,0.04521746,0.15716176,0.0625342,0.04
560,-24.418379,0.40166122,1.2010969,0.062007315,0.16178976,0.06325235,0.04
561,-24.432129,0.39609048,0.6038312,0.056161057,0.16151156,0.072201185,0.04
562,-24.438097,0.39612272,0.43736157,0.058585204,0.163316,0.06748297,0.04
563,-24.425957,0.39631504,1.0947995,0.07644295,0.16395581,0.07021973,0.04
564,-24.416262,0.41509485,1.3951226,0.06751303,0.16567476,0.06278565,0.04
565,-24.42003,0.39850962,1.0432023,0.057566572,0.16363859,0.07147033,0.04
566,-24.3972,0.42511693,1.649504,0.05969548,0.17323896,0.071809486,0.04
567,-24.401909,0.41288042,1.6788656,0.064097025,0.16918717,0.06815461,0.04
568,-24.414886,0.41304013,1.2586498,0.10157922,0.16745944,0.07196923,0.04
569,-24.431067,0.3895866,0.63927805,0.06264646,0.16031507,0.07259503,0.04
570,-24.428852,0.41280374,0.6281583,0.07576296,0.16981442,0.07600447,0.04
571,-24.427563,0.41693938,0.89915496,0.07358871,0.17188263,0.07094436,0.04
572,-24.423958,0.43808213,1.2289962,0.050991945,0.18023357,0.057925742,0.04
573,-24.439074,0.40340832,0.5199495,0.07575398,0.16335173,0.073179364,0.04
574,-24.428692,0.40067545,0.7649617,0.07208124,0.16504154,0.06371973,0.04
575,-24.430708,0.3911252,0.85917556,0.08547543,0.16004579,0.064803824,0.04
576,-24.441221,0.40608147,0.47182178,0.09784807,0.16782507,0.060761925,0.04
577,-24.421354,0.40423504,1.3621877,0.06842748,0.1677465,0.07110336,0.04
578,-24.42749,0.37214684,0.94013613,0.073019624,0.15475178,0.06650653,0.04
579,-24.427238,0.39055362,0.740572,0.08737396,0.16082498,0.07018129,0.04
580,-24.419785,0.42117685,1.3400702,0.08238895,0.17436288,0.07053968,0.04
581,-24.413008,0.38574758,1.4213784,0.061477598,0.156065,0.06849054,0.04
582,-24.417446,0.37811184,1.1373491,0.051818583,0.15234195,0.067377836,0.04
583,-24.425714,0.40764746,1.0332912,0.04772365,0.1669215,0.06108614,0.04
584,-24.41789,0.39106947,1.2239211,0.061389264,0.1601529,0.068416364,0.04
585,-24.421715,0.3936707,0.83908045,0.09604931,0.15980965,0.06707779,0.04
586,-24.42133,0.38698825,1.0106282,0.0798216,0.16019501,0.06973453,0.04
587,-24.41536,0.38418698,1.6566763,0.050849013,0.15998617,0.059579805,0.04
588,-24.42277,0.39371803,1.2602205,0.11071802,0.16245252,0.06526556,0.04
589,-24.424305,0.4123093,1.041796,0.07005136,0.17042205,0.058112334,0.04
590,-24.425632,0.37602508,0.8126832,0.07260162,0.15845346,0.06772315,0.04
591,-24.428125,0.39336666,0.8656197,0.0790183,0.1642832,0.06835123,0.04
592,-24.416128,0.39449966,1.1370438,0.084912516,0.16112068,0.070581,0.04
593,-24.4392,0.41796538,0.5142296,0.07517303,0.16897409,0.062144198,0.04
594,-24.415676,0.3983563,1.3710473,0.08139567,0.16334994,0.06322416,0.04
595,-24.409378,0.42228836,1.5170687,0.07547368,0.17287946,0.07102799,0.04
596,-24.423946,0.3828011,0.8063526,0.10924324,0.15541369,0.074053764,0.04
597,-24.423082,0.3918954,1.2748518,0.08056658,0.16038042,0.066509046,0.04
598,-24.428032,0.41056216,0.8885965,0.052532163,0.1669155,0.073237285,0.04
599,-24.430046,0.39240164,0.71887606,0.09052199,0.1653942,0.06398305,0.04
600,-24.428661,0.36730886,0.92384845,0.056998763,0.1511977,0.067905575,0.04
601,-24.42951,0.40385726,1.2123615,0.04692931,0.16704802,0.069871105,0.04
602,-24.413897,0.39268342,1.3302449,0.049630024,0.16003996,0.06954958,0.04
603,-24.422115,0.4008677,1.001114,0.082192935,0.16538711,0.0735792,0.04
604,-24.421368,0.37991625,1.0251086,0.078064784,0.15510444,0.06707606,0.04
605,-24.430586,0.39585906,0.717888,0.03755982,0.16443793,0.062256828,0.04
606,-24.429379,0.3867785,0.79178953,0.07669248,0.15719515,0.06902162,0.04
607,-24.431297,0.4009718,0.6776392,0.054468077,0.16513729,0.058087304,0.04
608,-24.429905,0.3809317,1.0416335,0.06894881,0.15515675,0.062802695,0.04
609,-24.425209,0.38872606,0.9145639,0.0709889,0.16170798,0.062881015,0.04
610,-24.413216,0.39148518,1.746483,0.07939317,0.16002196,0.058743734,0.04
611,-24.433037,0.37697145,0.6809543,0.14129676,0.15317962,0.060270116,0.04
612,-24.405008,0.41641536,1.6547843,0.08804793,0.169265,0.076868914,0.04
613,-24.4253,0.39816162,0.9440876,0.096704364,0.16211966,0.06254672,0.04
614,-24.420233,0.39292362,0.9107024,0.086909294,0.15789993,0.06830849,0.04
615,-24.429344,0.39565635,1.2204282,0.069672935,0.1606347,0.07111423,0.04
616,-24.424223,0.38472107,0.9127019,0.07983958,0.15673728,0.05750108,0.04
617,-24.410536,0.39015433,1.6205723,0.064744525,0.16153118,0.06317828,0.04
618,-24.42475,0.36988533,0.836612,0.070152156,0.15120012,0.06294419,0.04
619,-24.436026,0.3806335,0.4382725,0.071638465,0.15888317,0.06213059,0.04
620,-24.4283,0.40353435,0.75843996,0.07633794,0.16370994,0.075211346,0.04
621,-24.418522,0.39798805,1.3267032,0.06935734,0.16064678,0.061540794,0.04
622,-24.411652,0.40262094,1.6750853,0.09511099,0.16806144,0.061006892,0.04
623,-24.405792,0.39468855,1.6490917,0.06009702,0.16301362,0.060392093,0.04
624,-24.431059,0.39433149,0.9040313,0.04963254,0.16273233,0.06590924,0.04
625,-24.415926,0.4033921,1.0636979,0.06813166,0.1643917,0.066130675,0.04
626,-24.418077,0.3845467,1.463819,0.06624381,0.15805788,0.07286906,0.04
627,-24.444014,0.41498932,0.39278486,0.08715913,0.1704107,0.07909049,0.04
628,-24.434479,0.3737007,0.6444389,0.04275253,0.15279034,0.06541088,0.04
629,-24.421179,0.40138873,1.447422,0.08851516,0.16173096,0.07344752,0.04
630,-24.42129,0.42872772,1.3721646,0.06560599,0.17656271,0.078339934,0.04
631,-24.431429,0.39143455,0.89284384,0.06306894,0.16253963,0.06731696,0.04
632,-24.419165,0.39099154,1.209196,0.05592806,0.15678926,0.06477715,0.04
633,-24.414818,0.3761229,1.1670197,0.07188983,0.15713944,0.058477066,0.04
634,-24.421965,0.39899445,1.2071314,0.081588075,0.16465655,0.058251686,0.04
635,-24.420002,0.3974779,1.4833275,0.09554346,0.16094704,0.06156959,0.04
636,-24.43229,0.4147796,0.77455133,0.06929068,0.17014058,0.06567709,0.04
637,-24.431221,0.39392152,0.726872,0.048529148,0.16258529,0.07047656,0.04
638,-24.419958,0.39462048,1.2363708,0.06651595,0.15942061,0.072432674,0.04
639,-24.423702,0.39675894,0.93921924,0.06860236,0.16359071,0.0658405,0.04
640,-24.421001,0.39619172,1.4892569,0.11063979,0.15947896,0.077957,0.04
641,-24.423716,0.40410352,1.049915,0.085483715,0.16808918,0.073092125,0.04
642,-24.435648,0.3835968,0.74500257,0.058052875,0.15807521,0.06421301,0.04
643,-24.433672,0.38124463,1.1888542,0.06925696,0.15898737,0.069023825,0.04
644,-24.422832,0.3839462,1.0559112,0.066387266,0.16005863,0.05832584,0.04
645,-24.422758,0.39248893,0.97826356,0.056204807,0.16080162,0.06281952,0.04
646,-24.421934,0.38621718,1.2618123,0.06966428,0.16112098,0.071345165,0.04
647,-24.412043,0.39824837,1.3847444,0.05649465,0.16342172,0.0611786,0.04
648,-24.419903,0.3783982,1.0419434,0.06389583,0.1556862,0.06530433,0.04
649,-24.40994,0.40900367,1.6468635,0.093871325,0.16408631,0.06198973,0.04
650,-24.420208,0.3893436,1.3057153,0.08706186,0.15835255,0.0604476,0.04
651,-24.423439,0.39463413,1.1519526,0.084393926,0.1641062,0.054499358,0.04
652,-24.43525,0.4036608,0.6880613,0.06923056,0.16368648,0.060494978,0.04
653,-24.40779,0.38510403,1.924501,0.07833079,0.15761295,0.06948428,0.04
654,-24.419083,0.39998433,0.9610358,0.07305765,0.16279478,0.06381624,0.04
655,-24.414211,0.3999401,1.442086,0.05409082,0.1619069,0.06250115,0.04
656,-24.436747,0.4129665,0.43624982,0.07486778,0.17158435,0.060614724,0.04
657,-24.426125,0.40744734,1.2493744,0.08136917,0.16955784,0.067992784,0.04
658,-24.432245,0.39468023,1.0844653,0.055386603,0.16180463,0.064586535,0.04
659,-24.422077,0.39027634,1.2093889,0.09162819,0.16233358,0.06745712,0.04
660,-24.416655,0.38799486,1.0091531,0.052604213,0.16014409,0.066206016,0.04
661,-24.423698,0.39520234,1.0191404,0.068692304,0.16612262,0.06546887,0.04
662,-24.432833,0.38965878,0.6808072,0.084454775,0.16263048,0.06009961,0.04
663,-24.410057,0.40086648,1.4479265,0.079018205,0.16508976,0.057861976,0.04
664,-24.425873,0.39416006,0.9205774,0.073217645,0.16311328,0.067773625,0.04
665,-24.4267,0.39266208,0.8489122,0.08511057,0.165304,0.055128083,0.04
666,-24.41609,0.39201233,1.4096439,0.06829244,0.16357432,0.06318535,0.04
667,-24.416407,0.3985259,1.5157638,0.07678849,0.16037951,0.07796496,0.04
668,-24.420828,0.39051747,1.1088604,0.07768353,0.16214292,0.06866095,0.04
669,-24.424038,0.3887834,1.2339832,0.06346032,0.15718752,0.0574296,0.04
670,-24.434664,0.39749113,0.6942194,0.046250015,0.1603447,0.066315405,0.04
671,-24.417309,0.37849823,1.158572,0.05998506,0.15456778,0.075995445,0.04
672,-24.424498,0.39084554,0.84278256,0.07673675,0.16276322,0.06837196,0.04
673,-24.42558,0.38629332,0.88100624,0.050119843,0.1587586,0.062279787,0.04
674,-24.433275,0.4045562,0.6175378,0.0665038,0.1669903,0.06510506,0.04
675,-24.429047,0.38810167,0.6185776,0.09044246,0.15877098,0.061677586,0.04
676,-24.415058,0.39055413,1.2800305,0.07699426,0.15869235,0.06945121,0.04
677,-24.424694,0.4014025,0.9666212,0.047735613,0.16520816,0.062348563,0.04
678,-24.410496,0.39754802,1.9073483,0.0692194,0.16522592,0.06819659,0.04
679,-24.4287,0.39228848,0.73841584,0.05071784,0.1630529,0.06222546,0.04
680,-24.423374,0.41085675,0.9165596,0.102577895,0.16766897,0.08806972,0.04
681,-24.424505,0.38827547,0.998723,0.06046285,0.16232167,0.0667306,0.04
682,-24.415499,0.39787775,1.3949819,0.058914635,0.16378653,0.06195949,0.04
683,-24.421227,0.4153194,1.0116227,0.068598524,0.17007929,0.055862393,0.04
684,-24.422428,0.4021888,0.91068983,0.10045473,0.16534235,0.0709885,0.04
685,-24.42491,0.3901448,1.046883,0.05494417,0.15912148,0.05971289,0.04
686,-24.401598,0.4004916,1.9543811,0.11296382,0.1614672,0.07343351,0.04
687,-24.43529,0.41337353,0.66059405,0.04336457,0.17093848,0.06764301,0.04
688,-24.408323,0.38768598,1.543923,0.05691338,0.15768452,0.064115055,0.04
689,-24.422731,0.36530578,1.2098987,0.062561065,0.15118833,0.06807777,0.04
690,-24.404636,0.4006784,1.5768604,0.0861724,0.16423689,0.07168544,0.04
691,-24.42682,0.3974329,1.1138545,0.066599436,0.16593039,0.06730266,0.04
692,-24.438652,0.38404116,0.54868495,0.09036298,0.1622337,0.07074438,0.04
693,-24.425264,0.38791853,0.89268935,0.048976395,0.16012248,0.068336405,0.04
694,-24.426083,0.40005234,0.87739724,0.0927907,0.16516832,0.07386445,0.04
695,-24.439844,0.4072159,0.3574412,0.07944588,0.16951296,0.062103964,0.04
696,-24.434406,0.39972872,0.7344882,0.08693611,0.16437598,0.057030406,0.04
697,-24.443546,0.39002064,0.29622295,0.059647754,0.16019896,0.05917403,0.04
698,-24.415964,0.37770972,1.3272036,0.11674179,0.15132177,0.06879201,0.04
699,-24.426598,0.37713856,0.7548328,0.08239799,0.15386024,0.065175205,0.04
700,-24.432579,0.37381694,0.815463,0.07640357,0.15442295,0.07322521,0.04
701,-24.434454,0.39680597,0.6183944,0.0649453,0.16444157,0.066894144,0.04
702,-24.431646,0.40347975,0.7940822,0.074682355,0.1640138,0.07788224,0.04
703,-24.432583,0.38997844,0.9663819,0.13507704,0.1611875,0.06324733,0.04
704,-24.410145,0.36895946,1.3609394,0.050883375,0.15066737,0.06400091,0.04
705,-24.40694,0.39047632,1.566981,0.055377476,0.16056778,0.07552451,0.04
706,-24.43403,0.39469948,0.6750473,0.093344346,0.16383284,0.069795884,0.04
707,-24.42872,0.36999422,0.79779416,0.082518406,0.15549365,0.060937636,0.04
708,-24.424885,0.40329447,1.0894501,0.06348431,0.1647043,0.07433449,0.04
709,-24.410261,0.42099002,1.600348,0.0745783,0.17515539,0.06834788,0.04
710,-24.422316,0.3707877,0.82648087,0.06575201,0.15078059,0.06605587,0.04
711,-24.424131,0.39867043,0.8315472,0.054823946,0.16591394,0.061381463,0.04
712,-24.42259,0.3815522,0.8926211,0.053482622,0.15842952,0.06514399,0.04
713,-24.42291,0.39179567,1.0420184,0.0984983,0.16320251,0.065569095,0.04
714,-24.412792,0.4020252,1.1997126,0.09412143,0.16489959,0.11297477,0.04
715,-24.428114,0.4044415,0.7420965,0.087270625,0.16652158,0.06903873,0.04
716,-24.428339,0.40521255,1.1243048,0.06409532,0.16731557,0.061411012,0.04
717,-24.434324,0.38095206,0.5179099,0.08247013,0.1555403,0.06221656,0.04
718,-24.419178,0.3847478,1.0936737,0.06256878,0.15770434,0.05597581,0.04
719,-24.40566,0.39115727,1.6481066,0.076668076,0.16265383,0.06815601,0.04
720,-24.411625,0.384809,1.8215516,0.088263474,0.15831582,0.06305169,0.04
721,-24.428501,0.3932036,0.9359162,0.05748931,0.16206153,0.059890505,0.04
722,-24.417227,0.38857076,1.0108753,0.07875434,0.15481031,0.062117163,0.04
723,-24.433098,0.40539864,0.8614471,0.095914915,0.16314332,0.074504085,0.04
724,-24.428005,0.39453334,1.1513333,0.07588324,0.1600039,0.07357231,0.04
725,-24.430904,0.37810165,0.6044006,0.07039673,0.15436542,0.06840804,0.04
726,-24.420015,0.391147,1.3330684,0.06328409,0.16106023,0.058748864,0.04
727,-24.429237,0.42025393,0.7450522,0.053857848,0.1740724,0.05714055,0.04
728,-24.421644,0.39727712,0.96941954,0.09317989,0.16538636,0.06232666,0.04
729,-24.425196,0.38244137,0.70623475,0.062627584,0.15604961,0.06416538,0.04
730,-24.437613,0.4057759,0.433387,0.052389093,0.16887324,0.0644987,0.04
731,-24.43845,0.3797928,0.5693707,0.060457084,0.15596335,0.05531866,0.04
732,-24.436586,0.4011205,0.6311857,0.07450829,0.16213982,0.067796,0.04
733,-24.409288,0.39707047,1.4482439,0.071839266,0.16244665,0.060641248,0.04
734,-24.415773,0.3763804,1.2609693,0.04612061,0.15548964,0.05376168,0.04
735,-24.419825,0.38246086,1.4324149,0.10772507,0.15623906,0.06846244,0.04
736,-24.43241,0.39051026,0.81283045,0.10596563,0.16031992,0.06428278,0.04
737,-24.435051,0.40011898,0.7975002,0.068913825,0.16474102,0.060625885,0.04
738,-24.442442,0.3922571,0.5821039,0.05766588,0.16463955,0.075675145,0.04
739,-24.408136,0.39758724,1.7483296,0.07377595,0.16349165,0.0616508,0.04
740,-24.420816,0.37387714,1.0538551,0.06734198,0.15529081,0.0651931,0.04
741,-24.427671,0.39446786,0.7451307,0.04302206,0.15959573,0.061162442,0.04
742,-24.430153,0.3968425,0.82245594,0.061463024,0.16356772,0.05616498,0.04
743,-24.435474,0.37991804,0.4664917,0.07656435,0.15480241,0.06683818,0.04
744,-24.427664,0.38291028,0.8363434,0.057090998,0.15640822,0.06536477,0.04
745,-24.43129,0.38085046,0.8542523,0.09871176,0.15671976,0.07110114,0.04
746,-24.434978,0.38956904,0.6066491,0.062238697,0.16021883,0.06199499,0.04
747,-24.433788,0.38842407,0.77227575,0.05795724,0.15863465,0.06802026,0.04
748,-24.415798,0.39529017,1.1091716,0.05771145,0.16136223,0.06556867,0.04
749,-24.443867,0.37090603,0.52109057,0.06778192,0.15342537,0.066743314,0.04
750,-24.434074,0.39190617,0.7646796,0.10031828,0.1619419,0.061875284,0.04
751,-24.426037,0.4052975,0.9066737,0.060195304,0.16394418,0.06621919,0.04
752,-24.419985,0.37049654,1.0550809,0.054164175,0.1511928,0.063001394,0.04
753,-24.432373,0.35306907,0.6344876,0.04685281,0.14558958,0.056134935,0.04
754,-24.420774,0.3706995,1.2503822,0.11982233,0.1522975,0.060031906,0.04
755,-24.42339,0.39981556,1.0954819,0.064996734,0.1635622,0.060814165,0.04
756,-24.426441,0.385852,0.893102,0.08145782,0.15740412,0.06462668,0.04
757,-24.413443,0.40666485,1.5647889,0.050058924,0.16605228,0.05871489,0.04
758,-24.43372,0.39811823,0.57640886,0.071431674,0.16319187,0.06707176,0.04
759,-24.41641,0.41028208,1.254963,0.056213755,0.16884461,0.06442791,0.04
760,-24.425003,0.3845535,0.6897961,0.055134553,0.15783253,0.06513443,0.04
761,-24.420954,0.38149953,0.9549949,0.07567727,0.15942715,0.06306919,0.04
762,-24.44661,0.37590492,0.40735453,0.095202595,0.15394701,0.063352995,0.04
763,-24.427502,0.3940664,0.695858,0.07592842,0.16086313,0.06526143,0.04
764,-24.43353,0.39587384,0.5186741,0.06444199,0.16108552,0.055488568,0.04
765,-24.421864,0.3805545,1.2368616,0.07826055,0.15671618,0.057133637,0.04
766,-24.412642,0.3838581,1.5334095,0.09666832,0.15566084,0.055790387,0.04
767,-24.418488,0.370564,1.1836936,0.038080446,0.1502715,0.05478324,0.04
768,-24.425383,0.38422537,1.0810637,0.06548544,0.15488923,0.05481814,0.04
769,-24.439138,0.39584824,0.7877852,0.039117802,0.16072994,0.05288717,0.04
770,-24.421635,0.37447745,1.2268416,0.070417516,0.15437503,0.05803486,0.04
771,-24.42408,0.38990867,1.1753479,0.06789164,0.16133307,0.0597163,0.04
772,-24.426325,0.40194026,1.0549241,0.077097595,0.16604885,0.055287767,0.04
773,-24.415724,0.39827225,1.5451064,0.09333208,0.16309668,0.068016686,0.04
774,-24.413591,0.3911369,1.4942366,0.14656797,0.1606523,0.07943083,0.04
775,-24.42579,0.39357963,1.113786,0.06844665,0.16049372,0.0652255,0.04
776,-24.412127,0.3942526,1.7700036,0.06396933,0.16467889,0.06490072,0.04
777,-24.42827,0.36961275,0.8216693,0.07244452,0.1533497,0.060765672,0.04
778,-24.420116,0.3792079,1.5056736,0.061607316,0.15584508,0.06117411,0.04
779,-24.428629,0.40741512,0.86452246,0.07474422,0.16799305,0.07069407,0.04
780,-24.419624,0.3680005,1.142441,0.08311739,0.15341096,0.061787307,0.04
781,-24.432661,0.3781595,0.63468516,0.11777518,0.15534325,0.06931549,0.04
782,-24.42001,0.39192155,0.9667197,0.053704347,0.16127181,0.057870116,0.04
783,-24.424192,0.40545785,0.6174429,0.07725576,0.16702169,0.0647308,0.04
784,-24.42525,0.3966146,0.7077356,0.070017606,0.15731326,0.0737237,0.04
785,-24.423004,0.38010043,1.1942068,0.06581308,0.15630955,0.066847816,0.04
786,-24.411472,0.36152896,1.3829929,0.086070664,0.14519167,0.06258989,0.04
787,-24.427553,0.3897191,1.2320584,0.05428709,0.16076747,0.06090605,0.04
788,-24.422298,0.38847136,0.8535338,0.072692245,0.15702012,0.058904216,0.04
789,-24.425219,0.37573758,0.8997454,0.09078053,0.15277827,0.06257248,0.04
790,-24.42324,0.39432538,1.0114539,0.07577935,0.16620928,0.059438724,0.04
791,-24.405922,0.37802175,1.6608555,0.04436983,0.15269075,0.06295324,0.04
792,-24.418097,0.3939245,0.989164,0.080957435,0.16370153,0.05924854,0.04
793,-24.422657,0.38267967,1.1043918,0.080153935,0.15805738,0.06390212,0.04
794,-24.419231,0.39246398,1.2851166,0.07735323,0.16042504,0.05635229,0.04
795,-24.4315,0.39761478,0.7888477,0.057314426,0.16442569,0.06678464,0.04
796,-24.421608,0.3648275,1.2666802,0.07655396,0.15380089,0.06269024,0.04
797,-24.429518,0.39812165,0.7845966,0.099646606,0.16460304,0.07578272,0.04
798,-24.424969,0.39237964,0.9533446,0.045079596,0.1636769,0.05607116,0.04
799,-24.414898,0.38374475,1.3090318,0.08702201,0.1557418,0.059248723,0.04
800,-24.418531,0.3970145,1.4165403,0.08804466,0.16160645,0.062129058,0.04
801,-24.416265,0.41153586,1.482296,0.094114624,0.17116761,0.061715994,0.04
802,-24.43353,0.3814628,0.5982862,0.06709909,0.15617889,0.057201806,0.04
803,-24.421598,0.3905072,1.0039668,0.06015072,0.15932614,0.06499403,0.04
804,-24.419605,0.38924983,1.1290984,0.067581154,0.15977268,0.06347687,0.04
805,-24.421076,0.38661543,1.0550729,0.052522317,0.1592395,0.057540588,0.04
806,-24.43806,0.37487838,0.5044629,0.050728366,0.15608643,0.055902652,0.04
807,-24.425447,0.36912075,1.1372596,0.09692324,0.15289314,0.07144375,0.04
808,-24.412039,0.388884,1.6334791,0.092374645,0.15894693,0.061039306,0.04
809,-24.42534,0.38687983,1.2573646,0.0676293,0.15736851,0.06900008,0.04
810,-24.416668,0.41141197,1.2672905,0.05085439,0.16950104,0.06358297,0.04
811,-24.428602,0.40305907,0.88895184,0.053693336,0.16553754,0.05651421,0.04
812,-24.416103,0.37217355,1.2552067,0.04504855,0.15251021,0.06495563,0.04
813,-24.416687,0.3839321,1.1056035,0.04978946,0.1596719,0.05836122,0.04
814,-24.43762,0.3796613,0.39889154,0.0516905,0.15765166,0.055866666,0.04
815,-24.444948,0.41430512,0.3118168,0.053999692,0.17311068,0.06433516,0.04
816,-24.415699,0.39056644,1.3638489,0.063078985,0.16242601,0.06141045,0.04
817,-24.442904,0.38273188,0.4193662,0.07702715,0.15820168,0.06516314,0.04
818,-24.44305,0.38291463,0.3458652,0.07072335,0.15661147,0.06925189,0.04
