epoch,energy,energy_std,grad_amp_before,grad_phi_before,grad_amp_after,grad_phi_after,learning_rate
0,3.572548,5.147177,17.032635,17.91492,3.469243,4.8110127,0.04
1,3.0848246,5.2603507,19.744793,28.05221,3.3870797,4.688468,0.04
2,2.5723405,4.654833,13.942485,15.043669,3.0967152,4.288516,0.04
3,1.9894598,4.6554255,15.895622,12.896017,3.0305626,4.2696624,0.04
4,1.5207144,4.530401,14.427406,12.455312,3.126974,4.0966043,0.04
5,0.9940401,4.4339747,17.363401,17.877922,2.8675244,3.9609733,0.04
6,0.6361926,4.2751803,16.360134,14.5484295,2.8506162,3.8693452,0.04
7,0.31915063,4.3282228,17.007895,18.94165,2.7425017,3.8566606,0.04
8,-0.009507941,4.148573,13.88906,10.594045,2.6814742,3.8632033,0.04
9,-0.24614525,4.103721,14.290649,9.042048,2.73436,3.635005,0.04
10,-0.5741184,4.1515403,15.362617,13.643684,2.6786685,3.6881363,0.04
11,-0.7730497,4.215778,16.467846,15.884432,2.6702135,3.6919289,0.04
12,-1.0802555,3.890622,14.963257,9.903526,2.5398135,3.3814564,0.04
13,-1.1327748,3.9853802,16.00103,11.540044,2.5175376,3.5005782,0.04
14,-1.3146524,4.0853834,15.168292,11.555327,2.5276759,3.4917226,0.04
15,-1.1980646,3.997288,15.326451,9.058592,2.5225842,3.4408617,0.04
16,-1.4317522,3.900839,15.130647,8.655318,2.563662,3.4211044,0.04
17,-1.5360996,3.853448,14.333042,7.281292,2.491909,3.388577,0.04
18,-1.7318102,3.9774725,15.674348,11.132624,2.556865,3.4577863,0.04
19,-1.9487766,4.0727687,16.976606,15.5128145,2.4427497,3.3616676,0.04
20,-1.9787478,3.933877,16.328466,9.8303795,2.347806,3.3279612,0.04
21,-2.035473,3.915035,16.075388,9.541453,2.5193295,3.4246874,0.04
22,-2.167629,3.8264396,15.028052,7.7049994,2.395592,3.2874792,0.04
23,-2.157557,3.8590543,15.786997,8.595436,2.4385598,3.4125607,0.04
24,-2.3695273,4.0470133,15.924311,9.421937,2.5400894,3.5005684,0.04
25,-2.4685688,3.8398647,16.093233,7.9017897,2.4261389,3.325297,0.04
26,-2.4536393,3.8962963,17.01607,9.270668,2.4083047,3.3873904,0.04
27,-2.6752138,4.7752686,40.742355,72.24743,2.5736263,3.5987988,0.04
28,-2.7156868,3.9799993,15.860166,9.203775,2.5987177,3.421666,0.04
29,-2.7225678,4.0626416,18.2298,13.000452,2.6118464,3.516053,0.04
30,-3.0351808,3.8601313,16.35864,8.297717,2.4157214,3.3992257,0.04
31,-3.0145426,3.9376132,16.274265,9.961613,2.3852541,3.454263,0.04
32,-3.1990492,3.9630845,17.852695,8.587564,2.435185,3.4343433,0.04
33,-3.1686213,4.172608,17.881216,11.528895,2.5620399,3.5454862,0.04
34,-3.1335757,3.9200902,17.737211,9.17495,2.3951006,3.3193853,0.04
35,-3.25991,3.9825506,17.291986,11.938313,2.5088563,3.4029126,0.04
36,-3.4308817,3.9775662,18.781796,8.63477,2.4539576,3.3747776,0.04
37,-3.433501,4.038785,18.03453,9.607149,2.6025188,3.5027328,0.04
38,-3.5374599,4.090723,19.953905,15.867139,2.4915242,3.5196705,0.04
39,-3.6639628,3.9104292,17.598305,10.334668,2.5060048,3.4549108,0.04
40,-3.7708764,3.9968984,20.272919,10.367498,2.4682553,3.4113848,0.04
41,-3.9416726,4.063179,19.761662,8.945458,2.5676043,3.482917,0.04
42,-3.871847,3.9671512,19.49644,8.792552,2.422515,3.51698,0.04
43,-3.9848158,4.021669,20.410393,14.858407,2.4377298,3.424367,0.04
44,-4.050149,3.9803789,22.307798,10.628307,2.4579494,3.4041796,0.04
45,-4.1835585,4.036073,20.34665,10.6323,2.4112196,3.4071686,0.04
46,-4.3216496,4.209899,24.146368,12.391027,2.5447726,3.579226,0.04
47,-4.346427,3.9901516,20.23636,8.0843525,2.577651,3.5377772,0.04
48,-4.348064,4.193605,22.15556,16.97336,2.6685333,3.5473828,0.04
49,-4.4155345,4.0860977,23.597786,13.634019,2.4395585,3.445827,0.04
50,-4.470534,4.0188026,18.591589,9.330374,2.4893708,3.5026703,0.04
51,-4.586297,3.9217575,19.62193,7.3477945,2.5261505,3.53435,0.04
52,-4.5783606,3.9064794,20.06998,10.050355,2.5171094,3.4956536,0.04
53,-4.7912884,4.0700235,20.851723,11.052691,2.5519085,3.5106025,0.04
54,-4.8853607,4.1572213,25.933748,15.930942,2.6061761,3.4337628,0.04
55,-4.794277,4.0547876,21.61965,10.498694,2.5541027,3.4482555,0.04
56,-4.936447,4.0436344,21.296677,9.577008,2.5433238,3.4685252,0.04
57,-5.030636,4.24686,26.400005,17.805202,2.5188143,3.4844458,0.04
58,-5.088083,4.097916,23.014149,10.696686,2.496663,3.5787215,0.04
59,-5.200092,3.977513,20.369331,8.949299,2.6054776,3.6505103,0.04
60,-5.295365,4.091345,23.11039,9.100934,2.6525812,3.5628219,0.04
61,-5.337216,4.1448693,22.922747,12.396701,2.523281,3.6594284,0.04
62,-5.3686433,4.1710167,25.866943,22.091398,2.5378678,3.4446595,0.04
63,-5.3833222,4.018388,23.72144,8.908971,2.5200295,3.5384562,0.04
64,-5.628354,4.1470795,24.36183,9.670869,2.6606593,3.5564752,0.04
65,-5.571884,4.1025505,25.060783,14.909259,2.6532738,3.6282802,0.04
66,-5.8007874,4.0579205,24.655193,8.495634,2.5998528,3.5074742,0.04
67,-5.6862254,4.1881766,27.449604,9.485734,2.651161,3.5829067,0.04
68,-5.851921,4.098344,25.540462,7.6148825,2.5981746,3.558172,0.04
69,-5.877582,4.264515,25.922737,14.804733,2.6137795,3.474059,0.04
70,-5.9580927,4.1407957,27.420664,9.705266,2.6038213,3.5610275,0.04
71,-6.0775566,4.1126637,28.972183,9.411254,2.705778,3.603989,0.04
72,-6.14796,4.109827,26.483725,8.138016,2.6797829,3.5854053,0.04
73,-6.084044,4.0671654,26.250511,6.9363513,2.5733316,3.5647838,0.04
74,-6.288349,4.185829,30.596746,10.514489,2.6418545,3.5447571,0.04
75,-6.333426,4.117491,29.29176,9.647516,2.5075238,3.5524552,0.04
76,-6.4361825,4.1148214,26.48078,8.996518,2.689035,3.6093743,0.04
77,-6.5228076,4.2339163,32.272877,10.255435,2.60713,3.6495779,0.04
78,-6.47367,4.161788,29.362068,9.539585,2.5121574,3.6608508,0.04
79,-6.4909835,4.2083135,35.175594,8.244917,2.606033,3.5543895,0.04
80,-6.768222,4.1035223,34.408466,8.515328,2.5057561,3.5400226,0.04
81,-6.8281307,4.1584387,37.79759,8.233032,2.6723173,3.689623,0.04
82,-6.8217998,4.1444736,33.43407,7.576939,2.544493,3.5136406,0.04
83,-7.173116,4.369642,41.665367,9.974083,2.6509738,3.6780336,0.04
84,-7.0913353,4.1941185,35.37422,8.067137,2.611042,3.710433,0.04
85,-7.005105,4.30842,39.83172,9.056807,2.760855,3.7835112,0.04
86,-7.1797104,4.3101754,46.89343,8.158927,2.7345293,3.752439,0.04
87,-7.4239044,4.4709516,49.809696,10.548518,2.7839532,3.6520224,0.04
88,-7.3539424,4.439401,52.720695,11.62097,2.773666,3.6706111,0.04
89,-7.407711,4.4630427,55.192783,15.784165,2.7836587,3.8639336,0.04
90,-7.561692,4.172666,53.729855,9.349424,2.6962357,3.6128712,0.04
91,-7.603758,4.415447,58.500576,10.375909,2.7498293,3.63064,0.04
92,-7.738859,4.5748296,55.457977,11.502541,2.7520037,3.7386334,0.04
93,-7.8099246,4.6080766,61.529198,10.582455,2.9407215,4.0719085,0.04
94,-7.8035674,4.5228972,67.665375,9.664726,2.7289512,3.7002673,0.04
95,-7.8501883,4.514951,65.528175,12.519324,2.6895154,3.6330202,0.04
96,-8.100192,4.5252905,84.192184,14.712268,2.774695,3.8520265,0.04
97,-8.181974,4.4226027,82.847725,8.5264845,2.552824,3.6612103,0.04
98,-8.105447,4.475974,80.54408,14.004012,2.650799,3.6380134,0.04
99,-8.325819,4.475559,84.544426,8.052418,2.7012072,3.7045524,0.04
100,-8.313307,4.788798,79.456795,15.446593,2.8478258,3.9407792,0.04
101,-8.467158,4.5718365,83.521935,9.691573,2.736185,3.7482226,0.04
102,-8.602353,4.714913,101.86923,9.196847,2.6134112,3.7274995,0.04
103,-8.8951235,4.833366,121.508514,8.423974,2.6270423,3.6369154,0.04
104,-8.902778,4.87008,124.279816,11.052149,2.7659554,3.8747082,0.04
105,-8.742969,4.724985,128.57039,8.823862,2.62954,3.4650009,0.04
106,-8.921514,4.7004585,122.41774,8.798618,2.71278,3.7279778,0.04
107,-9.076459,4.856538,132.92819,9.434898,2.7772467,3.8486862,0.04
108,-9.161093,4.862459,136.1677,8.962034,2.7990246,3.7561593,0.04
109,-9.438055,5.0054564,154.55229,16.175821,2.723858,3.6372256,0.04
110,-9.431916,4.8998356,157.49654,7.419697,2.7481847,3.7466,0.04
111,-9.482772,4.981335,155.01341,10.44202,2.7870424,3.7215304,0.04
112,-9.461643,5.064027,163.73149,8.477704,2.797886,3.80236,0.04
113,-9.715043,5.03622,173.88254,10.385185,2.7463872,3.6145995,0.04
114,-9.884722,5.506597,180.00305,35.017757,2.7493193,3.8455114,0.04
115,-9.83664,5.407276,197.50903,7.9229555,2.924589,3.958912,0.04
116,-9.999893,5.4461975,213.2994,11.712872,2.7526789,3.7602344,0.04
117,-9.991623,5.161245,203.88597,7.412794,2.6872208,3.6738133,0.04
118,-10.354825,5.543827,233.2339,9.932266,2.781691,3.7692142,0.04
119,-10.455513,5.5375066,228.73462,19.583021,2.8646767,3.673421,0.04
120,-10.6220455,5.560748,257.47055,7.6424375,2.6711838,3.5592837,0.04
121,-10.926514,5.7032666,290.99533,10.970468,2.9445088,3.8503175,0.04
122,-10.9198265,5.700632,299.50558,9.290123,2.6860514,3.6490407,0.04
123,-11.144335,5.841467,307.29926,9.758272,3.0132685,3.9419656,0.04
124,-11.390935,5.942271,316.13596,10.544528,2.938712,3.7437406,0.04
125,-11.423407,5.9906983,325.857,9.684997,2.979219,3.8710868,0.04
126,-11.53315,5.9626083,347.32825,11.333727,3.0156689,3.939713,0.04
127,-11.775402,6.2719984,373.94168,18.293983,3.0263236,4.167634,0.04
128,-12.038054,6.16903,408.10425,12.385012,2.8592305,3.8270845,0.04
129,-12.150145,6.3296275,393.56256,12.491146,3.1661634,3.9539714,0.04
130,-12.410395,6.289563,406.56894,10.708532,2.8134916,3.6744802,0.04
131,-12.427748,6.2953243,407.69974,15.474394,2.9045148,3.821478,0.04
132,-12.631149,6.502682,405.22516,12.184292,3.2120943,4.6108336,0.04
133,-12.771086,6.3250875,421.67502,14.231733,2.888209,3.756133,0.04
134,-12.796926,6.457969,427.05386,17.342543,2.9641705,3.9442225,0.04
135,-13.023616,6.856695,435.0364,34.777035,3.2086327,4.047242,0.04
136,-13.216192,6.407304,454.1236,14.892147,2.8698916,3.6182492,0.04
137,-13.412319,6.7596617,447.8312,14.944155,2.9787352,4.077147,0.04
138,-13.632452,6.410097,446.62503,13.928498,2.9212046,3.6891167,0.04
139,-13.825137,6.683276,451.52185,10.995781,3.0865521,3.8654287,0.04
140,-14.180068,6.547982,444.01346,10.628053,2.9487457,3.7971022,0.04
141,-14.2443,6.599097,457.1284,12.027012,3.1015654,3.796959,0.04
142,-14.301507,6.650127,469.19528,9.8613,3.165895,3.754962,0.04
143,-14.453615,6.6421676,473.62222,8.737604,2.9592044,3.5187807,0.04
144,-14.369847,6.813568,458.6402,11.877745,3.1570528,3.8577847,0.04
145,-14.460568,6.728968,457.22882,9.761889,3.090648,3.8155336,0.04
146,-14.550666,6.717719,445.3106,8.966376,3.0440662,3.80232,0.04
147,-14.874747,6.9524884,474.92148,15.353346,3.0137372,3.7688885,0.04
148,-15.2789135,6.7932544,463.98007,10.220275,3.1281185,3.882123,0.04
149,-15.454105,6.815818,463.48047,9.893722,3.1305146,3.967292,0.04
150,-15.6715,6.9574213,460.8311,23.499796,3.3059893,4.1028066,0.04
151,-15.758681,6.7176886,460.70154,9.527041,3.2503588,3.851647,0.04
152,-15.958632,6.746441,463.31607,9.311656,2.9856827,3.712534,0.04
153,-16.07531,6.8331776,462.32962,11.282745,3.3010333,3.985097,0.04
154,-15.980053,6.7749395,449.6456,9.699769,3.2851982,3.9557583,0.04
155,-16.132643,6.7544928,444.69058,9.189587,3.3136125,3.9248676,0.04
156,-16.273525,6.935457,451.20923,19.735563,3.167635,3.9432766,0.04
157,-16.381119,6.745789,414.10126,12.827142,3.2259595,4.0153656,0.04
158,-16.326332,6.833722,438.53915,8.953335,3.1387122,3.722255,0.04
159,-16.883194,6.753841,418.2058,11.913627,3.1355615,3.8241832,0.04
160,-16.711645,6.7350316,413.94388,9.5613985,3.2495725,3.8921947,0.04
161,-16.697964,6.868556,431.78244,13.357287,3.4305415,4.0158925,0.04
162,-17.009195,6.9414015,420.77545,11.3668785,3.3042626,3.9216115,0.04
163,-17.048626,6.8377566,440.3525,9.771417,3.192718,3.6803513,0.04
164,-17.350597,6.8478513,399.0885,36.48519,3.0390222,3.9500182,0.04
165,-17.552988,6.617262,385.95114,11.05718,2.8499844,3.561248,0.04
166,-17.451548,6.7099295,377.6982,9.983201,3.2444377,3.832873,0.04
167,-17.580462,6.8599367,391.13687,11.011106,3.2544825,3.9758887,0.04
168,-17.70012,6.6505823,373.57617,10.015344,3.2119675,3.9152074,0.04
169,-17.768242,6.4736285,369.48434,8.497532,2.9067502,3.8716083,0.04
170,-17.772627,6.8647885,358.50104,10.174058,3.3970401,4.4552784,0.04
171,-17.936222,6.7359314,335.33325,11.418079,3.5277276,4.180917,0.04
172,-18.232761,6.4255333,331.48618,22.388702,3.0600345,3.9418004,0.04
173,-18.37429,6.428454,320.8028,9.522973,3.2584734,4.0402,0.04
174,-18.561527,6.2870574,327.91016,10.532836,3.091858,3.843697,0.04
175,-18.571592,6.2116284,297.0119,7.605178,3.124205,3.9359088,0.04
176,-18.631157,6.42753,313.3983,10.844486,3.2909944,4.0948095,0.04
177,-18.90325,6.1246166,302.8777,8.538944,3.1213937,3.6017833,0.04
178,-18.954105,6.5154943,290.7792,15.716169,3.5182042,4.372571,0.04
179,-19.009571,6.2013,274.86984,10.211491,3.536906,4.4500837,0.04
180,-19.019472,6.5451674,284.2125,11.40459,3.745308,4.3190894,0.04
181,-19.242182,6.1700277,257.33014,10.212075,3.4095185,4.136706,0.04
182,-19.299614,6.2150025,256.29294,14.821593,3.3550136,4.179809,0.04
183,-19.316383,6.1046195,237.11577,11.172366,3.6702168,4.3998017,0.04
184,-19.373348,7.4309587,276.92288,120.48809,3.5690274,4.1506276,0.04
185,-19.399128,6.1952643,238.54483,12.407374,3.5818572,4.270501,0.04
186,-19.417442,6.932411,231.55527,16.541552,3.8923197,4.5932665,0.04
187,-19.5454,6.190231,222.06207,9.680264,3.6790442,4.2641726,0.04
188,-19.747072,6.054466,209.09976,9.65018,3.8363469,4.6920624,0.04
189,-19.839977,5.897823,204.30557,7.1588597,3.8440113,4.3489213,0.04
190,-19.710012,6.0551834,214.7547,7.74451,3.8336103,4.548842,0.04
191,-19.782476,6.12551,195.93108,9.571167,3.8453913,4.513396,0.04
192,-19.772017,6.06077,186.27376,8.761071,3.8215902,4.6902223,0.04
193,-19.905415,6.0867214,176.58617,9.082264,3.74387,4.8139343,0.04
194,-19.654188,6.413673,182.31934,12.072009,3.8255694,4.8039913,0.04
195,-19.976562,6.1599984,173.75693,9.733432,3.7621715,4.640033,0.04
196,-19.933382,6.0864377,167.39568,8.281955,3.8641908,4.5440407,0.04
197,-19.791828,6.155885,166.20418,9.937982,3.7292151,4.470802,0.04
198,-20.051826,6.2231507,139.27364,19.16658,4.044514,4.683469,0.04
199,-20.068495,6.4699335,148.31229,11.230676,4.275568,5.141278,0.04
200,-20.011023,5.974026,138.19191,8.3467865,4.0587087,4.571316,0.04
201,-20.029255,6.2780232,129.49509,13.425492,4.2150764,4.9655643,0.04
202,-20.001253,6.08891,132.06305,8.505938,4.3309584,4.925308,0.04
203,-20.13417,6.104855,122.01231,6.927318,4.181565,4.918691,0.04
204,-20.083206,6.0199404,124.556984,7.461826,4.1041093,5.0932293,0.04
205,-20.303028,6.444538,104.32758,12.230908,4.449863,5.4922786,0.04
206,-19.925348,6.055605,110.744484,6.7217064,4.2305226,5.1382055,0.04
207,-20.095192,6.220538,97.44141,9.397551,4.498491,5.2037663,0.04
208,-20.069593,6.027398,89.26971,7.895465,4.613795,5.045484,0.04
209,-20.274168,6.1829967,73.014,10.735684,4.7868047,5.272715,0.04
210,-20.03144,6.5547247,81.58501,11.673786,5.085593,5.6063457,0.04
211,-20.101559,11.277824,271.37463,189.20035,4.9790945,5.51899,0.04
212,-20.172411,6.6277146,67.81823,12.40664,5.283764,5.7227993,0.04
213,-20.155445,7.35475,63.90109,14.566053,5.760933,6.1159244,0.04
214,-20.045454,8.007744,75.79333,33.731667,5.369377,6.1344104,0.04
215,-20.086048,6.788266,46.244408,11.407584,5.6181726,5.7920785,0.04
216,-20.05989,6.544897,40.292355,10.698279,5.1766863,5.9477654,0.04
217,-20.354723,6.7196946,32.642563,10.348264,5.7242513,5.922551,0.04
218,-20.304354,6.9018435,34.15396,12.3532295,5.759554,6.2244887,0.04
219,-20.4372,6.3975387,28.052422,8.065195,5.550069,6.1401935,0.04
220,-20.556618,6.59226,21.815432,11.883983,5.0852427,5.771304,0.04
221,-20.606562,6.185599,20.711351,8.748537,5.3152747,5.545308,0.04
222,-20.81281,6.5908294,18.725603,13.482115,5.703333,5.954759,0.04
223,-21.130312,6.0187674,16.3573,9.050858,4.601834,5.0300183,0.04
224,-21.20425,6.274422,17.489689,11.920156,4.8806715,5.3218017,0.04
225,-21.184162,5.68213,17.881847,7.8560085,4.407384,4.6238008,0.04
226,-21.571583,5.993578,15.089714,9.364486,4.8115325,5.055027,0.04
227,-21.587439,5.5158997,14.888381,7.853656,4.400786,4.512724,0.04
228,-21.443811,5.575839,16.19146,7.4443965,4.3469205,4.60099,0.04
229,-21.601276,5.4635262,15.062251,6.486516,4.3358526,4.452496,0.04
230,-21.726896,5.226861,15.435233,7.2523518,3.8725948,4.1334705,0.04
231,-21.89684,5.838528,16.118721,7.956064,4.8191085,4.913177,0.04
232,-21.814651,5.402101,14.282543,7.636349,4.088038,4.317357,0.04
233,-21.927195,5.0926785,14.427357,5.872789,3.8565526,4.022667,0.04
234,-22.082075,5.0765634,15.056437,5.2448773,3.8052435,3.91799,0.04
235,-22.219437,5.3540606,15.278568,5.716453,3.7364664,3.983645,0.04
236,-22.080324,5.1641045,14.2699175,6.5020633,3.9647567,3.9690437,0.04
237,-22.077028,4.999358,12.372596,5.6443167,3.9915583,3.8168063,0.04
238,-22.320429,4.89223,14.769274,5.116328,3.248058,3.4855566,0.04
239,-22.301247,4.6245155,11.5545845,6.633829,3.2617419,3.3147664,0.04
240,-22.180738,4.6476717,13.739963,5.148773,3.14014,3.3158157,0.04
241,-22.380814,4.4874973,13.778404,5.0501685,2.8278713,3.1572733,0.04
242,-22.498547,4.5463133,12.552422,5.3740344,3.0782182,3.1235688,0.04
243,-22.494215,4.3885837,13.338866,5.2828827,3.0376325,3.233056,0.04
244,-22.531527,4.3422303,10.906885,4.209807,2.8006208,3.0642145,0.04
245,-22.64366,4.357898,10.676366,5.25762,2.9288094,2.9644272,0.04
246,-22.666492,4.296913,12.808807,4.3939695,2.6116326,2.8508403,0.04
247,-22.797022,4.691565,14.338793,4.9938526,3.5569224,3.152209,0.04
248,-22.61168,4.041138,10.251153,4.0120425,2.5861454,2.6591802,0.04
249,-22.714195,4.3599763,13.048223,4.3448496,3.063692,2.9364848,0.04
250,-22.71626,4.1317387,13.995396,4.714759,2.7455065,2.7390754,0.04
251,-22.79884,3.9320478,10.78054,4.0557427,2.4498405,2.4904957,0.04
252,-22.862371,4.0099125,9.797611,3.8129892,2.5505173,2.7030547,0.04
253,-22.81959,3.876549,12.833708,3.1271276,2.6733224,2.593348,0.04
254,-22.972828,3.819675,11.889822,3.375107,2.287613,2.364506,0.04
255,-22.959576,3.8540573,10.805095,3.9778593,2.2906919,2.3603268,0.04
256,-23.022406,3.992327,9.560707,4.1137133,2.664965,2.626559,0.04
257,-23.003569,3.7900302,10.345774,3.48892,2.2989237,2.3959877,0.04
258,-23.03304,3.7310977,10.894046,3.7691517,2.4229774,2.3693821,0.04
259,-22.958065,3.6277173,12.915288,3.727379,2.1404505,2.1470013,0.04
260,-23.151146,3.7486415,15.022726,4.7432237,2.3425443,2.2668438,0.04
261,-23.075563,3.4751103,11.720273,3.7825036,2.0818582,2.0371332,0.04
262,-23.190355,3.5891094,10.921539,3.2801685,2.154221,2.237488,0.04
263,-23.110119,3.4139473,13.272332,3.1669095,1.9241979,1.8676312,0.04
264,-23.115671,3.2542038,10.599436,3.5049198,1.7995646,1.8744981,0.04
265,-23.112976,3.4397354,10.832947,3.4538295,2.2637491,2.2426069,0.04
266,-23.199121,3.3136811,11.59436,2.8742604,2.0342832,2.1305826,0.04
267,-23.204582,3.4428527,11.632136,3.9950757,2.1134102,2.2952774,0.04
268,-23.237673,3.301628,12.149849,3.624398,1.9300301,1.9644797,0.04
269,-23.283535,3.3975165,10.284622,3.0578191,2.0704718,2.0046215,0.04
270,-23.298552,3.1446443,11.370363,3.1320426,1.7936116,1.7389039,0.04
271,-23.244684,3.1252244,10.401083,3.1017118,1.6922858,1.6852133,0.04
272,-23.254246,3.1582115,9.210609,2.822778,1.8054763,1.7945138,0.04
273,-23.232023,3.0744302,11.102965,2.6886451,1.6827519,1.7138557,0.04
274,-23.344913,2.9344416,10.402841,1.9044212,1.5102034,1.6409432,0.04
275,-23.391922,3.0625064,10.160797,3.4421475,1.6902591,1.8935702,0.04
276,-23.365246,3.0488663,10.469771,2.5547607,1.7123586,1.7476808,0.04
277,-23.404135,2.991924,10.548715,2.1383224,1.6363192,1.6402588,0.04
278,-23.440855,2.9476285,10.637419,2.7829683,1.5077857,1.5847151,0.04
279,-23.424505,2.8932657,9.1840925,2.093911,1.5123409,1.5849179,0.04
280,-23.420242,2.884377,11.13638,2.1007009,1.4037138,1.5178638,0.04
281,-23.444387,2.9768813,10.234901,3.488712,1.5701444,1.6829544,0.04
282,-23.48997,2.7493107,10.363932,1.8116692,1.3768913,1.4301906,0.04
283,-23.521055,2.8165236,10.079964,2.3876956,1.3767434,1.4183662,0.04
284,-23.488916,2.877347,10.420431,3.0585017,1.4977586,1.5038146,0.04
285,-23.579508,2.8549354,11.307637,2.41478,1.4787282,1.4719291,0.04
286,-23.449371,2.734479,12.024374,2.1331902,1.5057986,1.458587,0.04
287,-23.505295,2.7182262,11.544438,1.713083,1.3897926,1.4019662,0.04
288,-23.571661,2.6537318,10.042644,2.0079932,1.3485262,1.41793,0.04
289,-23.555569,2.6343687,9.598702,1.6635684,1.3343894,1.3743865,0.04
290,-23.675407,2.7051575,8.575644,2.1376193,1.3579891,1.408351,0.04
291,-23.597403,2.629721,9.58309,1.8430402,1.3908267,1.3814087,0.04
292,-23.65086,2.8458796,10.383507,2.8007922,1.4637092,1.4649503,0.04
293,-23.685688,2.8686068,9.7517395,2.2818973,1.4151115,1.4336867,0.04
294,-23.564606,2.634683,12.098525,2.2168274,1.4644847,1.3693274,0.04
295,-23.642418,2.638432,10.2238,1.7749674,1.3443861,1.3651927,0.04
296,-23.613012,2.793467,12.850493,1.9372513,1.3906626,1.465391,0.04
297,-23.563992,2.6067936,12.328058,1.59022,1.2820473,1.3105812,0.04
298,-23.650167,2.4777656,10.119306,1.9520954,1.2232536,1.199368,0.04
299,-23.639603,2.588245,12.977719,1.7578001,1.336674,1.2963474,0.04
300,-23.592493,2.5123436,12.05176,1.6032414,1.3552325,1.2812153,0.04
301,-23.696068,2.4086576,12.751752,1.9500427,1.1826516,1.1496693,0.04
302,-23.677345,2.4655557,10.966178,1.8252605,1.3333604,1.2631303,0.04
303,-23.726067,2.4839015,11.238027,1.7652519,1.2209365,1.2167993,0.04
304,-23.751036,2.5672464,11.627769,1.7950974,1.2320714,1.1997162,0.04
305,-23.69336,2.410919,10.872545,2.0369468,1.2317232,1.1172488,0.04
306,-23.65602,2.468887,13.322816,2.1973743,1.2392844,1.2118958,0.04
307,-23.69917,2.3938656,12.6754465,1.8094343,1.1838666,1.2497582,0.04
308,-23.775059,2.4609182,11.342361,1.7574658,1.1898571,1.1755617,0.04
309,-23.759045,2.408805,10.689119,1.4008523,1.1628231,1.1357757,0.04
310,-23.744902,2.343327,12.138405,1.6112167,1.0749723,1.1899158,0.04
311,-23.723747,2.3223224,8.98498,1.4593488,1.0733845,1.0115995,0.04
312,-23.752512,2.342524,11.970687,1.6465049,1.078067,1.0805212,0.04
313,-23.796574,2.3987455,8.717533,1.647641,1.2414262,1.1896706,0.04
314,-23.822351,2.3398707,10.869987,1.3152018,1.237423,1.1782045,0.04
315,-23.832039,2.4233809,10.294151,2.0070183,1.1909548,1.1525719,0.04
316,-23.871832,2.3492205,8.476582,2.0587397,1.1730046,1.1722564,0.04
317,-23.756989,2.3962793,10.175974,1.3305912,1.2220414,1.1454018,0.04
318,-23.752466,2.3452084,10.409783,1.411365,1.1224678,1.1110821,0.04
319,-23.74575,2.2827287,11.138427,1.6323029,1.1364626,1.0570825,0.04
320,-23.88261,2.2273726,11.704475,1.4058653,1.0546142,1.0049709,0.04
321,-23.799397,2.2098377,10.709409,0.9938502,1.0647546,0.99050844,0.04
322,-23.814497,2.1958995,11.979086,1.2695907,1.0267457,1.0381979,0.04
323,-23.833117,2.3596437,11.917016,2.1354568,1.4386541,1.0805732,0.04
324,-23.847212,2.243346,12.180126,1.4692526,1.1392988,1.0536438,0.04
325,-23.85259,2.3042164,12.083709,1.3390929,1.133739,0.9954785,0.04
326,-23.87077,2.2837262,10.25429,1.3359926,1.3090602,1.0894953,0.04
327,-23.854757,2.2826638,10.472062,1.5219305,1.2213734,1.1137305,0.04
328,-23.896973,2.427576,9.4616785,1.9821768,1.4124523,1.3526253,0.04
329,-23.822552,2.305361,10.510122,1.7182264,1.251366,1.1312675,0.04
330,-23.823183,2.147437,11.388238,1.3761877,1.0562503,0.9623525,0.04
331,-23.930386,2.2335598,12.1197195,1.5350239,1.0515224,1.026128,0.04
332,-23.81407,2.1015787,11.439399,1.2363933,0.9855567,1.0050873,0.04
333,-23.877491,2.0854754,12.40708,1.4923476,0.9297592,0.88951457,0.04
334,-23.927336,2.1744788,12.559559,1.3225845,1.0332807,0.96207654,0.04
335,-23.920198,2.1171842,11.212386,1.7643037,1.0762224,1.0049407,0.04
336,-23.826366,2.030054,10.710095,0.98802847,1.0238924,0.8928643,0.04
337,-23.883678,2.0367615,11.735132,1.0881668,0.9376073,0.91644627,0.04
338,-23.983273,2.129947,10.962101,1.4068869,0.96082973,0.9129512,0.04
339,-23.83038,2.0152245,9.232691,1.326663,0.9890326,0.9271104,0.04
340,-23.84302,2.049061,11.571988,1.248996,1.0362263,0.97732043,0.04
341,-23.86816,2.0584035,9.717221,1.2473787,1.0065429,0.89504445,0.04
342,-23.90279,1.9752401,11.144486,1.2281382,0.9422146,0.9125626,0.04
343,-23.891645,2.1751728,10.518411,1.4965596,1.0588394,0.9895585,0.04
344,-23.93435,2.0693095,10.053142,1.1395118,1.116395,0.95461506,0.04
345,-24.032036,2.01554,11.877056,1.10856,1.0391996,0.8903231,0.04
346,-23.979351,2.0632818,10.39052,1.1548382,0.990587,0.87980515,0.04
347,-23.904602,1.9912581,11.89956,1.2808462,0.9026377,0.9226422,0.04
348,-23.929987,1.9706709,11.507841,1.162253,0.9803922,0.89299977,0.04
349,-23.969448,1.9821022,10.045025,1.6266886,1.0013299,0.94696635,0.04
350,-23.95207,2.0846486,13.61792,0.9891304,0.9984941,0.9136653,0.04
351,-23.929234,1.939626,11.598064,1.3541452,0.9934604,0.87565756,0.04
352,-23.938835,2.0082455,10.758209,1.1908702,0.9767684,0.845546,0.04
353,-23.968485,1.8881589,10.969969,0.7909846,0.8891134,0.811128,0.04
354,-23.990124,1.9241858,11.146167,1.0931538,0.94719446,0.84544456,0.04
355,-23.875536,1.9267263,12.618165,1.1593895,0.94580376,0.8766128,0.04
356,-23.979109,1.8757946,11.646633,1.4166356,0.8700813,0.82537526,0.04
357,-24.014648,2.0412552,10.515867,1.181321,0.9512607,0.8765135,0.04
358,-23.92665,1.8251647,10.436204,1.133579,0.8184904,0.74753267,0.04
359,-23.966343,1.9763699,9.914725,1.2754802,0.933718,0.8668478,0.04
360,-23.991133,2.012312,11.2116785,1.1391296,1.2585541,1.0326849,0.04
361,-23.993587,1.8794464,11.774015,1.4140856,0.8408513,0.7788995,0.04
362,-23.960587,1.8638914,11.426136,0.9549498,0.8973574,0.81506187,0.04
363,-24.036009,1.8371178,11.371709,1.0919107,0.8129474,0.8295363,0.04
364,-23.98055,1.8832194,11.824849,1.2970948,0.8685407,0.78077364,0.04
365,-24.041542,1.8582578,10.942698,1.4735663,0.8478727,0.75133485,0.04
366,-24.033274,1.8844638,10.465996,1.0848821,0.8735466,0.8263934,0.04
367,-24.034674,1.8470088,11.213389,1.033208,0.8593026,0.8196985,0.04
368,-24.004734,1.8949078,10.387171,0.90492237,0.95324725,0.8142379,0.04
369,-24.019348,1.8358691,11.510849,1.1928016,0.80663013,0.8438605,0.04
370,-24.032413,1.872905,12.574214,0.91933286,0.8385001,0.77861273,0.04
371,-24.05645,1.7928272,11.2718725,0.9582988,0.82604706,0.7252693,0.04
372,-24.12339,1.853456,10.498666,0.9957971,0.8694961,0.814056,0.04
373,-24.021503,1.7743205,11.429508,0.8423526,0.77326727,0.7114691,0.04
374,-24.009304,1.7388581,11.830541,1.0163442,0.7659057,0.7842049,0.04
375,-24.016743,1.6630341,11.176088,1.004327,0.7258378,0.70939755,0.04
376,-24.08835,1.8165538,9.531959,0.9957637,0.9383317,0.7883228,0.04
377,-24.107656,1.7371318,11.050732,1.2413248,0.8320431,0.7575035,0.04
378,-24.10244,1.8306534,10.684992,0.8529464,0.871072,0.82149553,0.04
379,-24.121885,1.8153306,10.009148,0.9945365,0.8230357,0.8011679,0.04
380,-24.096453,1.837495,10.472062,1.4432956,0.876559,0.7976336,0.04
381,-24.054203,1.7017281,9.740066,0.8132596,0.7395999,0.67179674,0.04
382,-24.123844,1.7823962,8.913555,0.9626643,0.82295454,0.7211828,0.04
383,-24.066807,1.6627884,9.608853,0.9397301,0.832796,0.7810101,0.04
384,-24.104145,1.7212298,10.200626,1.0903691,0.8556314,0.811719,0.04
385,-24.110462,1.786296,9.990937,0.9900105,0.95040816,0.742633,0.04
386,-24.120672,1.7789886,8.553445,0.8381079,0.8448623,0.76428396,0.04
387,-24.146055,1.8183801,9.196875,1.135313,0.77055556,0.7445989,0.04
388,-24.106667,1.6740873,10.627616,1.1578097,0.7970041,0.7110113,0.04
389,-24.143545,1.7549458,10.440307,1.0175415,0.87709737,0.8073715,0.04
390,-24.121876,1.7379688,11.285793,0.9350446,0.8289367,0.7428867,0.04
391,-24.06549,1.6862613,11.22643,0.7958735,0.77960205,0.686371,0.04
392,-24.10549,1.6906832,10.85156,0.9487848,0.8161385,0.68544835,0.04
393,-24.077723,1.681411,11.723976,0.7928981,0.7999897,0.68829966,0.04
394,-24.126877,1.625245,11.758863,0.73606753,0.7256262,0.7039933,0.04
395,-24.10864,1.6391647,11.23953,0.91305006,0.725554,0.66715443,0.04
396,-24.150143,1.6650608,10.986893,0.934226,0.8534356,0.7109693,0.04
397,-24.09116,1.638088,11.710478,0.91196465,0.7249982,0.6778272,0.04
398,-24.111038,1.5716591,10.397833,0.9125165,0.70374423,0.63359106,0.04
399,-24.081577,1.6765074,11.034987,1.4378424,0.792334,0.7157634,0.04
400,-24.129957,1.611362,10.765998,0.97246104,0.777099,0.6317779,0.04
401,-24.1301,1.5743295,11.760244,1.0001799,0.73892695,0.6797229,0.04
402,-24.136593,1.5541737,9.158802,0.7283381,0.7037437,0.67517555,0.04
403,-24.117384,1.4884298,11.674798,1.0817884,0.64273417,0.57897884,0.04
404,-24.173508,1.5888401,9.969239,0.90586716,0.76478076,0.67163455,0.04
405,-24.14745,1.5304475,11.515248,0.76216865,0.6706925,0.6567149,0.04
406,-24.114418,1.6172539,11.361288,1.2029969,0.7701125,0.69330436,0.04
407,-24.106411,1.5570383,10.598076,0.8583429,0.7153029,0.64981765,0.04
408,-24.121317,1.5001732,11.528856,0.8683872,0.63562286,0.58734965,0.04
409,-24.145445,1.5168402,12.073654,1.016216,0.6663318,0.60967976,0.04
410,-24.115795,1.4784808,10.774161,0.84802103,0.63741875,0.647992,0.04
411,-24.146637,1.5138634,11.183611,0.6715042,0.6773521,0.576605,0.04
412,-24.173925,1.5755955,10.369534,0.83091915,0.7183128,0.6626103,0.04
413,-24.147562,1.5807034,8.598652,0.8224658,0.75953543,0.7415569,0.04
414,-24.180695,1.4879903,11.0754595,0.81877244,0.6602609,0.5827107,0.04
415,-24.166721,1.4776734,10.939501,0.6570775,0.6203667,0.5744091,0.04
416,-24.220036,1.5553092,7.9120965,0.78547436,0.7358858,0.6350048,0.04
417,-24.187248,1.5040809,10.092763,0.9101316,0.6774496,0.62402886,0.04
418,-24.213594,1.484602,8.79882,0.6498953,0.6666028,0.57945347,0.04
419,-24.226217,1.567553,9.615412,0.87603027,0.7211125,0.68260026,0.04
420,-24.215124,1.3843169,9.720053,0.88991433,0.63136536,0.5815534,0.04
421,-24.197426,1.4318302,9.769857,0.8223078,0.65953696,0.58539295,0.04
422,-24.161234,1.4126431,10.382743,0.5739905,0.6433515,0.60634714,0.04
423,-24.160273,1.3968692,9.238028,0.7587998,0.66022277,0.6496312,0.04
424,-24.174175,1.3574986,9.818058,0.68996567,0.6021885,0.5526643,0.04
425,-24.207617,1.4599291,8.875678,0.79810905,0.71841574,0.6512036,0.04
426,-24.168863,1.3525522,10.955274,0.8248054,0.6715075,0.5746427,0.04
427,-24.204119,1.4092531,12.352085,0.90977746,0.63506293,0.5406045,0.04
428,-24.193476,1.3540598,11.958813,1.0607159,0.5963974,0.5208976,0.04
429,-24.196106,1.3380398,10.722999,0.87076557,0.56578135,0.5346341,0.04
430,-24.234785,1.3408085,8.957592,0.73982346,0.5564593,0.53827006,0.04
431,-24.22505,1.4171228,10.58763,0.8241756,0.661141,0.56022805,0.04
432,-24.24834,1.319901,10.081542,0.7093079,0.5726943,0.49343303,0.04
433,-24.217272,1.3528177,9.840553,0.735581,0.5664417,0.51151544,0.04
434,-24.22171,1.406992,10.683832,0.6997101,0.6415102,0.6221278,0.04
435,-24.230616,1.3864778,8.861601,0.663995,0.60050356,0.5265421,0.04
436,-24.21225,1.4060695,9.226198,0.9401198,0.7051174,0.5937846,0.04
437,-24.213116,1.3597741,9.162142,0.87533003,0.611851,0.6024712,0.04
438,-24.15404,1.3104036,10.10347,0.7369545,0.5641894,0.5103898,0.04
439,-24.209827,1.3445162,11.530036,0.96860486,0.6240918,0.5283759,0.04
440,-24.259192,1.4197851,9.209546,0.7819248,0.6266063,0.53061694,0.04
441,-24.21222,1.2856061,9.469467,0.62538356,0.5705084,0.51318187,0.04
442,-24.208216,1.2965337,10.378612,0.7109254,0.5652261,0.5252867,0.04
443,-24.23117,1.2348226,11.021866,0.69496804,0.54056585,0.51375026,0.04
444,-24.231476,1.3449332,11.212834,0.7263374,0.5982136,0.53794825,0.04
445,-24.22253,1.3091053,10.809324,1.0050582,0.56962836,0.5291929,0.04
446,-24.228308,1.3632935,8.983844,0.6638581,0.6059005,0.55558974,0.04
447,-24.238281,1.2824874,10.4915285,0.56138533,0.5451311,0.49877977,0.04
448,-24.248178,1.2044613,10.632042,0.6607013,0.50824463,0.4598674,0.04
449,-24.275072,1.214431,8.958792,0.5103407,0.50265825,0.44613966,0.04
450,-24.230923,1.2689258,9.67026,0.6662362,0.58312887,0.46824685,0.04
451,-24.212137,1.2577716,8.890895,0.7854159,0.55606055,0.4710201,0.04
452,-24.298664,1.2948576,8.446107,0.87892026,0.62672013,0.5344474,0.04
453,-24.252445,1.3171613,9.9193,0.8315612,0.60367787,0.5487148,0.04
454,-24.261246,1.2613559,9.2811,0.74518925,0.564186,0.55906063,0.04
455,-24.224323,1.2096165,11.486529,0.74511284,0.4982171,0.4993289,0.04
456,-24.268024,1.3290541,9.278061,0.66824365,0.5712242,0.5349763,0.04
457,-24.259289,1.1999016,9.457801,0.7277027,0.5225398,0.47754756,0.04
458,-24.236023,1.1876454,10.452012,0.55234355,0.5133443,0.4566915,0.04
459,-24.251326,1.2357501,9.542551,0.8581523,0.57886636,0.49226907,0.04
460,-24.25391,1.2229592,10.320619,0.707678,0.5632859,0.49702284,0.04
461,-24.224953,1.15309,10.065656,0.5943055,0.47101873,0.41602188,0.04
462,-24.241049,1.158248,9.957493,0.53056484,0.48483276,0.42528585,0.04
463,-24.264832,1.1413499,9.85376,0.8249956,0.47501168,0.4431638,0.04
464,-24.270243,1.225059,8.365223,0.64544106,0.54116416,0.511845,0.04
465,-24.271727,1.2035897,9.95968,0.58958554,0.5048555,0.4404787,0.04
466,-24.267914,1.1889771,9.967843,0.59031105,0.5221802,0.5036673,0.04
467,-24.226028,1.2024179,9.534864,0.5923502,0.51251733,0.46291113,0.04
468,-24.26732,1.1550508,9.159916,0.8577809,0.54708266,0.45520082,0.04
469,-24.272058,1.1776828,10.649346,0.6152504,0.5179227,0.49304253,0.04
470,-24.28289,1.1608385,8.86338,0.5650459,0.50317675,0.44068453,0.04
471,-24.297546,1.1849575,8.24614,0.78993934,0.58628315,0.49879536,0.04
472,-24.279718,1.1642143,9.402436,0.5655646,0.47590843,0.48742408,0.04
473,-24.240147,1.1470118,9.3813,0.5835144,0.49568358,0.44579956,0.04
474,-24.307955,1.1474859,8.407973,0.638061,0.49785212,0.41298386,0.04
475,-24.294706,1.1033627,9.376982,0.57219654,0.4888522,0.4342998,0.04
476,-24.241692,1.1549402,9.10425,0.470612,0.48164263,0.39734182,0.04
477,-24.289661,1.1068858,8.574811,0.47728515,0.4991291,0.4312636,0.04
478,-24.279081,1.149595,8.270506,0.43505886,0.4838118,0.43389618,0.04
479,-24.320549,1.1342782,9.397939,0.516545,0.48059243,0.4321907,0.04
480,-24.264355,1.1305635,8.113925,0.7722738,0.5036911,0.4320275,0.04
481,-24.283678,1.1153368,10.344163,0.6355505,0.46481097,0.47561997,0.04
482,-24.282991,1.1107439,7.893003,0.5420367,0.4740946,0.4563097,0.04
483,-24.285164,1.1364853,8.475927,0.52048445,0.5391348,0.47786725,0.04
484,-24.313757,1.0493777,8.399765,0.5021983,0.4478962,0.43060023,0.04
485,-24.284645,1.0656815,8.843144,0.40773445,0.44057083,0.40555564,0.04
486,-24.285473,1.0712713,8.318453,0.5229867,0.43075424,0.3803813,0.04
487,-24.321133,1.0837687,7.8107824,0.48506522,0.48029575,0.42954674,0.04
488,-24.315125,1.1034741,6.9647346,0.4642477,0.5089266,0.47098127,0.04
489,-24.291813,1.0843157,7.8637233,0.52722913,0.47807372,0.44746011,0.04
490,-24.262009,1.065305,7.6437945,0.6976235,0.5031004,0.446488,0.04
491,-24.264307,1.0461175,8.692121,0.7055725,0.4413303,0.3996128,0.04
492,-24.305548,1.2014874,8.986422,0.64076996,0.49465954,0.42274374,0.04
493,-24.325516,1.0953013,7.3241053,0.5832585,0.50424045,0.46953216,0.04
494,-24.28437,1.0534439,7.952437,0.4230354,0.45634177,0.4379643,0.04
495,-24.315918,1.0401765,9.425423,0.41132703,0.47016248,0.39640066,0.04
496,-24.308788,1.0485538,7.6965737,0.48598066,0.4425812,0.368687,0.04
497,-24.285725,0.99454474,8.572425,0.447366,0.41272074,0.40941668,0.04
498,-24.305239,1.0210488,8.697684,0.40981802,0.4371981,0.35065627,0.04
499,-24.303358,1.0608863,8.09144,0.4801739,0.473676,0.3927711,0.04
500,-24.322393,1.0225142,8.555756,0.49399212,0.429541,0.37308493,0.04
501,-24.315762,1.0662912,8.109044,0.62132674,0.43840694,0.4055048,0.04
502,-24.312147,1.0487341,6.768878,0.40465418,0.46128032,0.4358987,0.04
503,-24.297276,1.0228299,8.41758,0.48897967,0.45658338,0.3857557,0.04
504,-24.366726,1.0444887,5.9088464,0.37002158,0.4377962,0.3830126,0.04
505,-24.283457,0.99715745,9.470542,0.6167541,0.43223956,0.45132485,0.04
506,-24.353754,1.0942241,6.732848,0.69803214,0.47582597,0.37806275,0.04
507,-24.306131,0.99929416,8.304472,0.52416384,0.43882602,0.40391734,0.04
508,-24.342789,0.9918689,7.4658,0.42700216,0.39564583,0.39302418,0.04
509,-24.353039,1.078961,7.3038287,0.5556158,0.46121764,0.44477898,0.04
510,-24.289742,1.0131767,8.6812725,0.48221588,0.43177867,0.3493744,0.04
511,-24.295618,0.984635,8.211744,0.34672236,0.40408128,0.37453604,0.04
512,-24.346464,0.97748417,6.565733,0.50790536,0.41221026,0.37124637,0.04
513,-24.366674,1.0078024,5.719221,0.51375633,0.42232627,0.3921963,0.04
514,-24.28784,0.95967937,9.013151,0.5468654,0.38953355,0.3781371,0.04
515,-24.317312,0.9915032,7.416141,0.5136939,0.41123652,0.33689156,0.04
516,-24.30666,0.96904325,7.643732,0.40736684,0.39136618,0.34870133,0.04
517,-24.374367,1.0119243,6.443621,0.5035522,0.4306414,0.35339347,0.04
518,-24.341707,0.9795124,6.93239,0.3078852,0.41081667,0.37900814,0.04
519,-24.34998,0.9772342,6.616093,0.40986016,0.4385804,0.37745288,0.04
520,-24.347446,0.98206866,7.1222587,0.33989707,0.41808784,0.3297576,0.04
521,-24.340233,0.96116924,7.2235746,0.39520282,0.381005,0.32584825,0.04
522,-24.349096,1.0091949,7.172859,0.5735773,0.4680662,0.35449967,0.04
523,-24.31739,0.9406987,8.689523,0.4871913,0.37857792,0.3269553,0.04
524,-24.32875,0.9580872,7.5934343,0.51366365,0.41416395,0.33270028,0.04
525,-24.31374,0.94100714,8.780866,0.5226008,0.37912032,0.33753094,0.04
526,-24.326227,0.9308226,8.0990305,0.48822254,0.3884777,0.3353637,0.04
527,-24.34077,0.8081114,6.658945,0.38041222,0.32820445,0.2956442,0.04
528,-24.335947,0.9073771,7.1183867,0.4031447,0.38348138,0.33635217,0.04
529,-24.347958,0.93299794,7.389021,0.47980785,0.38793924,0.30277306,0.04
530,-24.327272,0.9236207,8.011675,0.38452753,0.38000163,0.32707468,0.04
531,-24.367691,0.8988623,6.4006,0.5122496,0.37663445,0.36795375,0.04
532,-24.35948,0.9302227,6.2286143,0.46107885,0.39398658,0.33867586,0.04
533,-24.324734,0.89265096,7.318526,0.43905744,0.37703454,0.3614967,0.04
534,-24.330976,0.92293936,7.2315893,0.40119612,0.3654429,0.3207686,0.04
535,-24.346033,0.918843,6.3021917,0.43751934,0.37105405,0.29266763,0.04
536,-24.32291,0.8948844,7.431702,0.65786356,0.39027458,0.3615261,0.04
537,-24.332787,0.85938025,7.129591,0.41936013,0.3537518,0.3481486,0.04
538,-24.347055,0.87188494,6.9000254,0.5348282,0.36318982,0.30284482,0.04
539,-24.318638,0.86867744,6.8733654,0.57258826,0.353194,0.34463608,0.04
540,-24.358398,0.9031188,5.6809516,0.35298896,0.36106253,0.34407234,0.04
541,-24.355558,0.86329484,6.588939,0.38448462,0.3347339,0.31597692,0.04
542,-24.34613,0.9030271,6.9953685,0.5230221,0.38025054,0.33945388,0.04
543,-24.381422,0.8544189,6.272825,0.5063412,0.365401,0.32569677,0.04
544,-24.375969,0.9013571,5.7932377,0.37497476,0.3729423,0.31836826,0.04
545,-24.35432,0.8297602,5.797704,0.3740646,0.33955353,0.29535285,0.04
546,-24.359934,0.865497,6.371864,0.27364865,0.34948424,0.2848142,0.04
547,-24.354298,0.85154814,6.4066167,0.3997408,0.34277976,0.28926715,0.04
548,-24.356543,0.85304743,6.8045163,0.34370276,0.3373105,0.2885158,0.04
549,-24.370005,0.8474813,6.226089,0.4968695,0.3521823,0.36053142,0.04
550,-24.39047,0.8270682,5.3173795,0.43758965,0.3388697,0.29425913,0.04
551,-24.35868,0.85630244,6.581238,0.3212937,0.3555923,0.29499078,0.04
552,-24.352911,0.9036367,6.66172,0.48390183,0.38280123,0.36199892,0.04
553,-24.32748,0.80581665,7.449009,0.4085025,0.33520445,0.3027802,0.04
554,-24.367287,0.8722391,6.1446757,0.39884263,0.3929526,0.32220194,0.04
555,-24.378723,0.81840956,5.7408924,0.2808841,0.32926273,0.28720915,0.04
556,-24.344395,0.8458053,6.397408,0.28761172,0.3466055,0.28337726,0.04
557,-24.350801,0.79566646,6.2223487,0.23021765,0.3298157,0.2772867,0.04
558,-24.353952,0.81705815,6.2761326,0.38996258,0.334279,0.28227502,0.04
559,-24.38342,0.7945977,5.098112,0.26474148,0.31739375,0.30484557,0.04
560,-24.387928,0.87412673,4.4000773,0.3348595,0.36297008,0.2927818,0.04
561,-24.365793,0.83818424,6.3159027,0.3510209,0.3395336,0.29148492,0.04
562,-24.342085,0.8241859,6.120361,0.33213073,0.3489937,0.30584946,0.04
563,-24.376577,0.8277937,5.3561854,0.26525304,0.37055385,0.31988168,0.04
564,-24.346169,0.8333194,6.9280596,0.42868435,0.3525219,0.3281942,0.04
565,-24.3738,0.7519044,5.281995,0.44475308,0.31334043,0.26025793,0.04
566,-24.369257,0.8066047,5.734127,0.36708957,0.33399028,0.26544443,0.04
567,-24.38587,0.8169179,6.208586,0.44740632,0.33638993,0.26383856,0.04
568,-24.358622,0.8205208,5.819243,0.37002388,0.33963042,0.28427488,0.04
569,-24.402979,0.8375239,5.165444,0.46631646,0.37576663,0.33341455,0.04
570,-24.39057,0.80134505,5.7152677,0.34222823,0.34198532,0.30078307,0.04
571,-24.384094,0.7710207,5.466893,0.27466363,0.31949925,0.28028217,0.04
572,-24.367922,0.7642785,6.077595,0.2489446,0.29800063,0.25842482,0.04
573,-24.366804,0.7601772,5.8604603,0.23415631,0.30693838,0.2564977,0.04
574,-24.348827,0.7522435,5.8204875,0.46215925,0.29586473,0.2880399,0.04
575,-24.370203,0.7382727,5.586476,0.35837826,0.29791903,0.23416826,0.04
576,-24.35954,0.794559,6.327384,0.34150016,0.32797214,0.27631024,0.04
577,-24.394094,0.7961256,5.2965927,0.39796102,0.334264,0.2922555,0.04
578,-24.382347,0.8101952,5.829923,0.29317507,0.33003536,0.27514574,0.04
579,-24.365986,0.7913818,5.4776506,0.22212958,0.31008458,0.23565008,0.04
580,-24.3702,0.7310172,5.2924643,0.2155608,0.28878838,0.21473588,0.04
581,-24.369673,0.74044275,5.6814528,0.27846882,0.3012965,0.2874311,0.04
582,-24.383316,0.7907245,4.841811,0.262776,0.32527065,0.27130532,0.04
583,-24.370487,0.74721396,5.26272,0.3227943,0.3140102,0.2940301,0.04
584,-24.378239,0.84320253,5.032687,0.3573584,0.38633022,0.30000356,0.04
585,-24.354494,0.74115056,6.0225296,0.2944065,0.31962574,0.29302382,0.04
586,-24.360443,0.7252859,5.9793806,0.21224435,0.29210386,0.24245515,0.04
587,-24.370329,0.7886164,5.5430164,0.40399924,0.3287881,0.29697993,0.04
588,-24.354988,0.7193742,5.5131626,0.33222616,0.28550977,0.23245585,0.04
589,-24.375957,0.7105747,6.3951163,0.24702922,0.28611216,0.2307624,0.04
590,-24.399267,0.74479765,4.3290057,0.28595683,0.3070072,0.2508879,0.04
591,-24.364508,0.74553114,5.480178,0.33417124,0.3050929,0.26601174,0.04
592,-24.360277,0.73332673,5.6293406,0.2972316,0.310789,0.2891492,0.04
593,-24.392899,0.7752753,4.074544,0.3188572,0.3201591,0.25166896,0.04
594,-24.364155,0.7285795,4.912107,0.339175,0.29057717,0.2647982,0.04
595,-24.364527,0.74522763,6.470795,0.24208593,0.3038292,0.2835131,0.04
596,-24.408707,0.7759399,4.206233,0.23126282,0.3263888,0.29894498,0.04
597,-24.402576,0.79434407,2.8649673,0.31550187,0.35027954,0.2821478,0.04
598,-24.36482,0.7148892,5.3582807,0.44129178,0.28534883,0.2758181,0.04
599,-24.36812,0.7219314,4.4337754,0.23254468,0.2915995,0.21197341,0.04
600,-24.371132,0.7194215,5.3088036,0.23150499,0.28171512,0.22735399,0.04
601,-24.392452,0.7248205,3.5981822,0.196101,0.28997937,0.24948959,0.04
602,-24.36773,0.7393509,4.297365,0.30445877,0.29928663,0.26278996,0.04
603,-24.379622,0.6907987,4.546226,0.30962616,0.27117577,0.24147315,0.04
604,-24.36198,0.7126496,4.809972,0.29682723,0.27948987,0.23790483,0.04
605,-24.393742,0.7301967,4.2590065,0.30678087,0.29624,0.22271699,0.04
606,-24.368744,0.7098695,5.469453,0.23169887,0.2941596,0.22074793,0.04
607,-24.389019,0.7152811,4.1370907,0.21409206,0.28636304,0.23716946,0.04
608,-24.38904,0.69925624,4.7270412,0.27022636,0.283395,0.21655484,0.04
609,-24.386328,0.70935965,4.3068852,0.26896408,0.2784512,0.20903678,0.04
610,-24.387033,0.73662424,3.9229813,0.33834141,0.35480863,0.23814207,0.04
611,-24.391174,0.7171718,3.9704676,0.26093146,0.3034553,0.23757775,0.04
612,-24.411688,0.68625027,3.220683,0.2521556,0.27290395,0.20830424,0.04
613,-24.384758,0.71837133,4.69792,0.2816115,0.2749011,0.21564461,0.04
614,-24.361464,0.67096084,5.435216,0.22485648,0.26215723,0.2069097,0.04
615,-24.383059,0.7308431,3.96157,0.24760312,0.29376838,0.2464309,0.04
616,-24.391651,0.6977863,3.4462862,0.22876492,0.27845418,0.23744704,0.04
617,-24.387695,0.70256877,4.0378337,0.2055722,0.28748903,0.20590928,0.04
618,-24.37042,0.66973746,4.5706563,0.3110244,0.26750097,0.22099121,0.04
619,-24.38486,0.7368897,3.6908705,0.31400582,0.32118148,0.24938376,0.04
620,-24.362516,0.69304794,4.7932167,0.26143155,0.2766229,0.22368877,0.04
621,-24.401594,0.73047125,3.4832008,0.31978035,0.30566064,0.24930066,0.04
622,-24.380535,0.7211521,4.677022,0.2631116,0.31368107,0.21927243,0.04
623,-24.381187,0.69082874,3.9026303,0.17530684,0.28281873,0.23686089,0.04
624,-24.369663,0.696649,3.7877185,0.3237208,0.28501907,0.2358189,0.04
625,-24.40864,0.75996464,3.447215,0.24157932,0.32967013,0.2646252,0.04
626,-24.397139,0.70778453,3.4755855,0.35263184,0.28382635,0.23706022,0.04
627,-24.380537,0.67899513,3.981317,0.24781963,0.27731854,0.23341508,0.04
628,-24.39935,0.6693802,3.3545659,0.1763954,0.2755818,0.230494,0.04
629,-24.37657,0.64688444,5.184842,0.21977682,0.25916204,0.21017481,0.04
630,-24.378786,0.66710985,3.6133437,0.17039774,0.2620642,0.21164435,0.04
631,-24.376629,0.68309426,4.3686213,0.22468941,0.27363318,0.20637453,0.04
632,-24.401834,0.6499445,3.7888336,0.21012504,0.2659077,0.19805837,0.04
633,-24.381592,0.7316856,4.0305223,0.21001565,0.29394224,0.233275,0.04
634,-24.367027,0.63534987,4.828535,0.2730147,0.24713199,0.19319867,0.04
635,-24.389557,0.66639745,3.3145816,0.24286288,0.27063772,0.2071303,0.04
636,-24.393293,0.66671896,3.3553028,0.22873414,0.26782247,0.20221807,0.04
637,-24.382475,0.6971944,3.2958248,0.28155556,0.29150632,0.23814316,0.04
638,-24.39964,0.6778355,3.1694736,0.25565338,0.27039593,0.21767467,0.04
639,-24.395086,0.6268302,3.2540684,0.2470552,0.25039715,0.20803234,0.04
640,-24.385824,0.64503944,3.6730938,0.23682125,0.25616208,0.19097087,0.04
641,-24.365055,0.6595887,4.3690553,0.23539536,0.26997846,0.19697599,0.04
642,-24.40259,0.64253235,4.299011,0.17508468,0.252916,0.20832396,0.04
643,-24.393892,0.6407402,3.5986955,0.2425652,0.25870144,0.22307365,0.04
644,-24.392653,0.6729179,3.0486643,0.23776531,0.26782358,0.21138082,0.04
645,-24.39578,0.69505805,3.5779958,0.28519377,0.2797791,0.21131761,0.04
646,-24.387383,0.6692308,4.146351,0.247967,0.25734043,0.21640766,0.04
647,-24.396534,0.6591355,3.3517718,0.3105995,0.26536372,0.20382048,0.04
648,-24.37748,0.64032364,4.5527425,0.20189485,0.25693005,0.19903862,0.04
649,-24.402887,0.66357183,2.7315652,0.27432677,0.26090363,0.16918126,0.04
650,-24.415863,0.65185726,3.3605607,0.32299685,0.25531656,0.21118003,0.04
651,-24.42126,0.68720084,2.5967083,0.24924883,0.2774671,0.20844445,0.04
652,-24.391632,0.65884227,4.196488,0.20354773,0.2610509,0.17936231,0.04
653,-24.40244,0.64838445,3.7625446,0.16421543,0.2510174,0.1596768,0.04
654,-24.401936,0.6745238,2.922891,0.23191912,0.2782979,0.17073299,0.04
655,-24.384598,0.62079537,3.9017117,0.17224531,0.23917462,0.1716774,0.04
656,-24.402637,0.60976106,2.790767,0.15867375,0.24114116,0.1670824,0.04
657,-24.41848,0.6494949,2.3086045,0.24264762,0.26198503,0.20536947,0.04
658,-24.390959,0.63735086,3.6227605,0.19787493,0.24612714,0.17720248,0.04
659,-24.399984,0.62204856,3.6934211,0.2832385,0.26659134,0.20590793,0.04
660,-24.409664,0.6355741,3.4021926,0.22183536,0.25561035,0.22620355,0.04
661,-24.407043,0.63629586,3.0079753,0.21468914,0.2588456,0.19854453,0.04
662,-24.40042,0.62059695,3.0603893,0.21288514,0.25034535,0.17974883,0.04
663,-24.40281,0.62125677,3.2002,0.17229162,0.24874458,0.15451649,0.04
664,-24.414524,0.59889984,3.5582936,0.19227399,0.24868493,0.18845081,0.04
665,-24.424166,0.60646856,2.0818188,0.16807006,0.24929573,0.1622804,0.04
666,-24.421736,0.6753668,2.5531096,0.16532259,0.2638413,0.1688871,0.04
667,-24.39187,0.6486904,3.0050075,0.24240352,0.3317246,0.21597068,0.04
668,-24.387142,0.6195716,3.0267346,0.18786041,0.25014997,0.17067203,0.04
669,-24.384668,0.61259806,4.102059,0.16674452,0.24592826,0.17986402,0.04
670,-24.404081,0.63934946,2.9260938,0.24062626,0.26328275,0.2016692,0.04
671,-24.389114,0.5934727,4.0979314,0.17535213,0.2299043,0.1680688,0.04
672,-24.408693,0.6084842,3.180675,0.14472298,0.244559,0.14211787,0.04
673,-24.371994,0.5922381,3.8738298,0.14881103,0.237627,0.14802495,0.04
674,-24.402012,0.62317276,3.3929484,0.22183229,0.24470733,0.18457632,0.04
675,-24.41218,0.61753863,2.5994003,0.23481226,0.24553907,0.15756784,0.04
676,-24.41154,0.61616755,3.3303704,0.23545304,0.24963629,0.20033891,0.04
677,-24.404854,0.62470233,3.095775,0.29581985,0.2539671,0.1991556,0.04
678,-24.402218,0.6303516,2.8826892,0.20696916,0.255449,0.21365502,0.04
679,-24.387598,0.62424237,2.8823738,0.15624401,0.2496653,0.16800617,0.04
680,-24.403957,0.6300314,3.4417725,0.22017096,0.25587747,0.18977292,0.04
681,-24.411995,0.58511055,2.71097,0.148549,0.23326473,0.19608092,0.04
682,-24.36535,0.59833467,4.473413,0.22556606,0.22729611,0.18570812,0.04
683,-24.411423,0.57921445,2.803977,0.16361238,0.22823006,0.12864357,0.04
684,-24.394299,0.60077137,3.1770782,0.15874732,0.23872727,0.14726831,0.04
685,-24.393808,0.5939737,3.5350149,0.19252253,0.23668467,0.1752498,0.04
686,-24.4007,0.59856427,3.3190212,0.20537041,0.23990233,0.15451683,0.04
687,-24.404081,0.5793421,2.8220532,0.17341127,0.23145083,0.1466476,0.04
688,-24.398073,0.6222072,2.940649,0.19510423,0.25370577,0.16777234,0.04
689,-24.418673,0.5838333,2.501337,0.20348457,0.23313874,0.17057069,0.04
690,-24.408789,0.5741366,2.8385322,0.1836731,0.22313793,0.14950532,0.04
691,-24.413048,0.57113224,2.5849137,0.144989,0.22155961,0.150695,0.04
692,-24.39795,0.5785712,3.6976135,0.1296478,0.22919458,0.15536457,0.04
693,-24.395847,0.58049977,3.6325245,0.16077907,0.22773091,0.14528899,0.04
694,-24.39595,0.6023076,3.1370063,0.18429966,0.24885853,0.15127018,0.04
695,-24.396929,0.6053429,2.7859497,0.12332773,0.23837066,0.1591071,0.04
696,-24.378475,0.5842909,3.7451694,0.1460007,0.22811323,0.14558204,0.04
697,-24.398691,0.57746595,2.945054,0.2408688,0.22840269,0.18193512,0.04
698,-24.392574,0.587885,3.5292888,0.13710314,0.24345112,0.16803896,0.04
699,-24.394547,0.59375083,2.9864428,0.20910966,0.24126802,0.15544434,0.04
700,-24.414581,0.592612,2.6030664,0.15959167,0.2383512,0.165995,0.04
701,-24.411238,0.59461576,2.5031967,0.19124961,0.23544477,0.16376257,0.04
702,-24.409948,0.57365894,2.798486,0.40582892,0.224221,0.20545456,0.04
703,-24.396767,0.61175936,2.7497504,0.21557921,0.2507932,0.19628851,0.04
704,-24.382486,0.59684443,3.3107023,0.21177122,0.24924083,0.18274525,0.04
705,-24.396595,0.5806735,2.8368733,0.16911072,0.22789536,0.13924105,0.04
706,-24.406073,0.5774988,2.059651,0.13424644,0.22931497,0.1658155,0.04
707,-24.408926,0.55816317,2.4980538,0.17624618,0.21579675,0.18246342,0.04
708,-24.42125,0.62914175,2.210398,0.20609088,0.25286472,0.22146258,0.04
709,-24.414442,0.53810334,2.140984,0.13884132,0.21104969,0.13900383,0.04
710,-24.415512,0.5831318,2.0637279,0.25640932,0.23682427,0.1860562,0.04
711,-24.391165,0.5891697,3.3587763,0.14538005,0.23053408,0.1436078,0.04
712,-24.395359,0.61525416,3.341084,0.20788768,0.2585166,0.21171537,0.04
713,-24.398308,0.58604753,2.787397,0.218047,0.23865402,0.18658264,0.04
714,-24.403801,0.5659403,2.752462,0.18440038,0.22332297,0.15420194,0.04
715,-24.405615,0.5857876,2.5916183,0.20915858,0.23742169,0.14732757,0.04
716,-24.402407,0.5786593,3.0043986,0.13774407,0.23200686,0.15765873,0.04
717,-24.415504,0.5676289,2.3603826,0.19107173,0.23078457,0.13270633,0.04
718,-24.417322,0.5668377,1.5267826,0.17676148,0.23843732,0.16936818,0.04
719,-24.40159,0.5858988,2.287076,0.18538454,0.23612888,0.15229243,0.04
720,-24.415993,0.627044,1.7531705,0.16038302,0.2517112,0.15798774,0.04
721,-24.418095,0.60740453,1.7699888,0.19848841,0.27706987,0.21970955,0.04
722,-24.409914,0.66059583,2.125521,0.24661018,0.36587796,0.25017655,0.04
723,-24.404028,0.543808,2.6429343,0.2087424,0.21690227,0.13848493,0.04
724,-24.391937,0.5748304,2.467538,0.21046197,0.23271015,0.14027199,0.04
725,-24.42643,0.56062484,1.6598129,0.1372224,0.22596826,0.16339976,0.04
726,-24.406607,0.5972537,2.1733925,0.15994924,0.24415794,0.16944426,0.04
727,-24.390211,0.5574908,2.8784745,0.18427195,0.22322965,0.16834784,0.04
728,-24.427284,0.7695864,1.4991621,0.30430558,0.4129242,0.25417626,0.04
729,-24.378723,0.54618317,3.2900612,0.20398189,0.21702343,0.14645025,0.04
730,-24.415554,0.5482565,3.108769,0.17030771,0.21526612,0.13579114,0.04
731,-24.407454,0.57537925,1.8831539,0.18737791,0.23227403,0.14834629,0.04
732,-24.39711,0.56668353,2.4031427,0.14866488,0.22778007,0.1472346,0.04
733,-24.393362,0.5576759,2.232258,0.1887847,0.21839535,0.15061425,0.04
734,-24.396692,0.57590127,2.9047277,0.13013266,0.23459722,0.16018556,0.04
735,-24.4154,0.5494536,2.4707446,0.115897946,0.22205387,0.12056836,0.04
736,-24.390852,0.53511393,3.0442564,0.09258729,0.2128898,0.1195583,0.04
737,-24.414265,0.5466868,2.1141005,0.13334888,0.21843083,0.13634762,0.04
738,-24.417578,0.54855114,2.224695,0.1898895,0.21354742,0.12939972,0.04
739,-24.403215,0.5457497,2.3989973,0.13128096,0.21897449,0.1452937,0.04
740,-24.418558,0.5578123,2.043845,0.1508097,0.22169597,0.12500688,0.04
741,-24.416933,0.55051714,1.901138,0.15491502,0.2204043,0.13560547,0.04
742,-24.406544,0.5446619,1.9508064,0.12945296,0.21347083,0.1302899,0.04
743,-24.398394,0.5590005,2.4392183,0.14487754,0.22799699,0.11149435,0.04
744,-24.423761,0.5362605,1.3215135,0.16069715,0.21212111,0.12427239,0.04
745,-24.400093,0.5648569,2.5243766,0.17162219,0.22228791,0.13854785,0.04
746,-24.375917,0.5492435,3.6795778,0.19201921,0.2118793,0.12923445,0.04
747,-24.414207,0.56920713,1.9122356,0.14212121,0.22706652,0.13037331,0.04
748,-24.415083,0.5108917,2.0609705,0.15562117,0.20316426,0.12893428,0.04
749,-24.406343,0.52322805,2.4573574,0.12026196,0.20925349,0.124450885,0.04
750,-24.422512,0.57399154,1.6221578,0.12248766,0.2295322,0.1425797,0.04
751,-24.402332,0.55706686,2.617794,0.16133289,0.22161697,0.13666107,0.04
752,-24.404812,0.53377724,2.437133,0.1464394,0.20936967,0.13833456,0.04
753,-24.426975,0.55078083,1.894315,0.10518897,0.22352225,0.12229474,0.04
754,-24.403913,0.54591435,2.7185948,0.19972052,0.22132297,0.15664928,0.04
755,-24.398602,0.54545826,2.5058756,0.19984524,0.21631931,0.13494423,0.04
756,-24.396748,0.5414673,2.2821748,0.16781572,0.21469595,0.124414146,0.04
757,-24.395927,0.552279,2.2505095,0.17118812,0.21785045,0.1299729,0.04
758,-24.392422,0.5300189,3.182033,0.15000948,0.20790324,0.1280139,0.04
759,-24.40221,0.5433996,2.153098,0.09865549,0.21387377,0.12333464,0.04
760,-24.41524,0.55479354,1.390402,0.16007517,0.2232275,0.12967327,0.04
761,-24.414644,0.58226144,2.0886145,0.15085362,0.23767191,0.17081371,0.04
762,-24.428879,0.5275695,1.1105638,0.13722822,0.21217866,0.1356771,0.04
763,-24.400637,0.5459577,2.2688367,0.12907796,0.21630375,0.14431731,0.04
764,-24.404016,0.54032034,2.4883897,0.14191736,0.21375069,0.13553223,0.04
765,-24.425732,0.5358296,1.6912007,0.17774035,0.21160051,0.13226242,0.04
766,-24.420485,0.5720745,1.7537985,0.10039067,0.22793145,0.11796058,0.04
767,-24.415586,0.5426404,1.8952413,0.16381957,0.2183431,0.1342275,0.04
768,-24.428677,0.54464895,1.7810621,0.14422886,0.21758848,0.12914324,0.04
769,-24.402802,0.5223781,2.6706817,0.09452873,0.20725663,0.12051987,0.04
770,-24.411085,0.5521259,2.190263,0.101783074,0.21689746,0.11588888,0.04
771,-24.403149,0.533718,2.7205708,0.09575428,0.21339984,0.10222196,0.04
772,-24.389214,0.5506887,3.181159,0.13571554,0.21808484,0.12704328,0.04
773,-24.409191,0.5615946,2.4046664,0.22047268,0.22282463,0.13965851,0.04
774,-24.399643,0.53477347,2.635591,0.16846932,0.21248697,0.12883998,0.04
775,-24.408203,0.5593671,1.9814237,0.13582043,0.22152787,0.13147353,0.04
776,-24.416594,0.5462277,2.1275594,0.1282035,0.21753724,0.1257069,0.04
777,-24.415054,0.5264144,1.737085,0.1492158,0.21047018,0.11500797,0.04
778,-24.411526,0.50234026,2.1392586,0.11890099,0.2004306,0.111433834,0.04
779,-24.39735,0.54390156,2.6627393,0.18742843,0.21918929,0.12404936,0.04
780,-24.400898,0.52075154,2.1326046,0.23300745,0.20760387,0.11587148,0.04
781,-24.395638,0.5202029,2.486267,0.09422804,0.2023757,0.11678547,0.04
782,-24.40724,0.5344581,2.3549485,0.088258415,0.21140495,0.12078572,0.04
783,-24.407719,0.5305358,2.4246275,0.14317997,0.21069823,0.12149427,0.04
784,-24.42183,0.5234432,1.829815,0.12142684,0.20450152,0.1154001,0.04
785,-24.427578,0.5439851,1.3312539,0.118880354,0.22039063,0.11524133,0.04
786,-24.395153,0.5353493,2.9899094,0.21642898,0.21467489,0.1544594,0.04
787,-24.429844,0.5346675,1.7245108,0.18842453,0.21251518,0.1580709,0.04
788,-24.408737,0.59707636,2.0158684,0.17072749,0.24836467,0.1813275,0.04
789,-24.420849,0.5363648,1.6781614,0.18323135,0.21190841,0.1313955,0.04
790,-24.413712,0.518568,1.402516,0.17452286,0.2069013,0.117909856,0.04
791,-24.417486,0.50142884,1.8751582,0.152961,0.19434631,0.122994654,0.04
792,-24.394133,0.5778699,2.7114449,0.22306818,0.3101918,0.16543792,0.04
793,-24.407873,0.53645825,2.4327488,0.15462351,0.21723244,0.13293591,0.04
794,-24.410309,0.528247,2.361413,0.13682099,0.20911455,0.12645227,0.04
795,-24.410772,0.5419011,1.6457214,0.14827146,0.21144618,0.119395025,0.04
796,-24.395706,0.5220944,2.752922,0.10711751,0.20772046,0.1503424,0.04
797,-24.413132,0.5308358,0.9199977,0.19932461,0.21356791,0.15877353,0.04
798,-24.406973,0.5422727,2.177128,0.10701671,0.2200241,0.13391787,0.04
799,-24.41927,0.5279599,1.4194852,0.11287412,0.21041642,0.11950615,0.04
800,-24.40582,0.51074916,1.8876022,0.16673271,0.1984654,0.112291075,0.04
801,-24.396578,0.5375539,2.6655366,0.15580301,0.20696302,0.17740801,0.04
802,-24.411074,0.5395212,1.7461759,0.24800916,0.22236788,0.15435204,0.04
803,-24.410778,0.5675619,1.6650608,0.31995982,0.2836376,0.19005746,0.04
804,-24.40419,0.5324293,2.3675094,0.2316055,0.21798673,0.17722556,0.04
805,-24.424576,0.51302564,1.4911464,0.20568193,0.2016497,0.15921792,0.04
806,-24.40779,0.5308531,1.7177933,0.13696429,0.20792271,0.13872586,0.04
807,-24.425713,0.5387114,1.1233608,0.19351165,0.20972557,0.13945928,0.04
808,-24.385023,0.56108636,2.8558338,0.26018158,0.25996488,0.17222321,0.04
809,-24.421688,0.5227781,0.8473226,0.14561334,0.20818919,0.13477309,0.04
810,-24.418795,0.52018553,0.99057066,0.15619887,0.20799738,0.12453662,0.04
811,-24.429808,0.5155753,0.9799584,0.10477183,0.20420796,0.115762286,0.04
812,-24.41205,0.518539,2.0982356,0.15030776,0.20509754,0.12618795,0.04
813,-24.419992,0.5164432,1.0992211,0.18664396,0.19989479,0.11624351,0.04
814,-24.411055,0.5207601,2.2302516,0.21469496,0.20484965,0.15311198,0.04
815,-24.422073,0.54286426,1.3064047,0.14428827,0.2482668,0.16773605,0.04
816,-24.436579,0.53131783,0.760649,0.1719176,0.21017689,0.1291048,0.04
817,-24.414036,0.51286185,1.4143026,0.15852788,0.20263301,0.12107112,0.04
818,-24.422497,0.548391,1.19713,0.16453856,0.21568604,0.13241066,0.04
819,-24.4085,0.50956726,1.9482992,0.12760489,0.20372756,0.134006,0.04
820,-24.412298,0.51804817,1.8503215,0.13065083,0.21125086,0.12610155,0.04
821,-24.409765,0.5255855,1.8323584,0.1889156,0.20976485,0.12986644,0.04
822,-24.408266,0.51769197,1.8371603,0.096500136,0.20239007,0.11637381,0.04
823,-24.409964,0.5339284,1.828055,0.25158933,0.2414928,0.1635864,0.04
824,-24.411108,0.50005156,2.1974711,0.15094687,0.1975412,0.10493968,0.04
825,-24.41956,0.53031117,1.3718631,0.110134974,0.21860589,0.11594841,0.04
826,-24.432375,0.5202576,1.6007742,0.12513906,0.20611618,0.10655441,0.04
827,-24.41425,0.52831024,1.6738006,0.14421454,0.21059012,0.12282104,0.04
828,-24.414696,0.49491078,1.8030915,0.15955833,0.19286159,0.12763268,0.04
829,-24.40666,0.5115112,2.146328,0.13968007,0.19894233,0.12668076,0.04
830,-24.399633,0.51986665,2.6997862,0.116735,0.20732383,0.11213608,0.04
831,-24.41409,0.4862586,1.3730768,0.15735391,0.19135371,0.12202083,0.04
832,-24.415968,0.4966746,1.9028538,0.21320884,0.19803877,0.11864235,0.04
833,-24.40501,0.47797766,1.914313,0.110775195,0.19422737,0.108635865,0.04
834,-24.414316,0.507755,1.5329664,0.120159745,0.20012051,0.12973179,0.04
835,-24.416124,0.48302728,1.6201111,0.10934214,0.19330913,0.096842825,0.04
836,-24.41282,0.50560194,1.9538229,0.09762576,0.19960172,0.10375326,0.04
837,-24.434103,0.52294296,1.0842437,0.15164284,0.21571037,0.11680989,0.04
838,-24.412758,0.49621952,1.5700706,0.101413675,0.19310434,0.097094506,0.04
839,-24.424816,0.48769894,1.0736071,0.08700428,0.19424534,0.11420436,0.04
840,-24.414686,0.51462424,1.3215983,0.13626567,0.2072328,0.12108718,0.04
841,-24.431726,0.49921465,1.3405024,0.15756449,0.19428685,0.11638328,0.04
842,-24.405258,0.53075296,1.7606694,0.11036407,0.21556069,0.12581895,0.04
843,-24.408928,0.47171536,1.7379547,0.09459629,0.18752848,0.11116062,0.04
844,-24.429184,0.5072608,1.1184633,0.12357729,0.2047506,0.09427631,0.04
845,-24.413343,0.49683332,1.3444202,0.13105465,0.20042714,0.114836484,0.04
846,-24.406023,0.5032013,1.715658,0.08650619,0.19335966,0.107333995,0.04
847,-24.430836,0.49002227,0.9949752,0.10608765,0.1994593,0.12315722,0.04
848,-24.432953,0.48451743,1.0649267,0.13834123,0.19071528,0.104993224,0.04
849,-24.429386,0.49379593,1.0544628,0.09766537,0.19503248,0.11010369,0.04
850,-24.404982,0.4989857,2.2940247,0.14333268,0.19831559,0.10929138,0.04
851,-24.404968,0.4982047,2.3324728,0.12313999,0.20104317,0.1283141,0.04
852,-24.420048,0.5184188,0.7682947,0.111137554,0.20730798,0.100212336,0.04
853,-24.410385,0.47922316,2.0814395,0.15509984,0.18832663,0.11621833,0.04
854,-24.420294,0.50773877,1.8284031,0.08384786,0.20238245,0.118640915,0.04
855,-24.422028,0.50283027,1.7494799,0.12720807,0.19728151,0.094832525,0.04
856,-24.424942,0.48834234,1.2852864,0.08879802,0.18832384,0.100496136,0.04
857,-24.404148,0.5178731,1.9772741,0.10097644,0.20875506,0.0984447,0.04
858,-24.403486,0.52026004,1.6202908,0.19170164,0.22358315,0.18333699,0.04
859,-24.40101,0.52677965,2.2936285,0.14444466,0.20781556,0.1383588,0.04
860,-24.424278,0.5236512,0.8007865,0.11686376,0.21523263,0.15203558,0.04
861,-24.422953,0.5372923,1.2715343,0.20314366,0.24335288,0.15777512,0.04
862,-24.41519,0.5482142,1.6776695,0.18549997,0.22967693,0.15598255,0.04
863,-24.413162,0.49994108,2.0385177,0.19418618,0.19715749,0.11573672,0.04
864,-24.39729,0.5447189,2.3685203,0.095688246,0.21234246,0.11721825,0.04
865,-24.416872,0.48866257,1.7652969,0.14815353,0.19579194,0.10105865,0.04
866,-24.421055,0.4965354,1.0898423,0.1351816,0.19559321,0.11263088,0.04
867,-24.413626,0.4991907,2.0114129,0.13039702,0.20016332,0.1109943,0.04
868,-24.408522,0.50446004,2.0868702,0.13722336,0.20299755,0.11632475,0.04
869,-24.405869,0.50482076,1.9635646,0.10801323,0.204635,0.093797036,0.04
870,-24.415003,0.4726371,1.8030474,0.076521546,0.19004695,0.104706414,0.04
871,-24.413515,0.537228,1.7106348,0.13958006,0.21630442,0.11302772,0.04
872,-24.40482,0.48904225,1.8283316,0.14374685,0.1940703,0.11103249,0.04
873,-24.41447,0.48516026,2.0522714,0.13976759,0.19014712,0.1119863,0.04
874,-24.438456,0.47196302,0.78789365,0.10968116,0.18803246,0.10945977,0.04
875,-24.416645,0.48068887,1.9863272,0.13529338,0.19086787,0.10199108,0.04
876,-24.404974,0.489929,2.0343444,0.14752594,0.19685543,0.107100286,0.04
877,-24.404081,0.49845365,2.1523635,0.15242249,0.19564664,0.09873423,0.04
878,-24.423203,0.5045822,0.79798615,0.077585384,0.19867729,0.09405,0.04
879,-24.418695,0.526253,1.4046127,0.22336687,0.21883748,0.15767008,0.04
880,-24.410925,0.50069684,1.3090405,0.09009905,0.1985708,0.099180736,0.04
881,-24.410873,0.48006034,1.1739069,0.15819894,0.18861799,0.102738634,0.04
882,-24.420197,0.47681674,1.5471859,0.12015213,0.18446122,0.10036542,0.04
883,-24.41477,0.5268123,1.5794468,0.17585588,0.21937351,0.12663014,0.04
884,-24.405289,0.5068523,1.2137434,0.17313199,0.20169818,0.119477674,0.04
885,-24.40089,0.4944687,2.2061727,0.121950954,0.19383666,0.113390885,0.04
886,-24.420502,0.51301986,1.4435465,0.12044717,0.20293732,0.12768114,0.04
887,-24.41596,0.48689026,1.430912,0.11585312,0.1958209,0.11155724,0.04
888,-24.385525,0.48447427,2.9065182,0.14377767,0.19442347,0.091681905,0.04
889,-24.424809,0.47619835,1.1926956,0.08808886,0.19054148,0.09392692,0.04
890,-24.418566,0.4986244,1.7171649,0.09117171,0.19598626,0.11066519,0.04
891,-24.432829,0.5019053,0.93774736,0.106733955,0.20179704,0.14299491,0.04
892,-24.419138,0.5316112,1.7184136,0.12641826,0.21920857,0.12565956,0.04
893,-24.389769,0.4821021,3.193517,0.08755298,0.19364463,0.09192013,0.04
894,-24.429783,0.5183632,0.9784021,0.14381506,0.21610565,0.110547654,0.04
895,-24.414375,0.50570476,1.844044,0.14517584,0.20189537,0.10822868,0.04
896,-24.429262,0.48774374,1.0285982,0.120193854,0.19646294,0.11462651,0.04
897,-24.41247,0.4762424,1.7915795,0.120132126,0.18985005,0.10876652,0.04
898,-24.400208,0.4793359,1.5632663,0.1447102,0.19337589,0.092600144,0.04
899,-24.417397,0.48872587,1.4814235,0.12047371,0.19567181,0.11257428,0.04
900,-24.398396,0.4800583,1.7749509,0.11060415,0.1889864,0.0957002,0.04
901,-24.44021,0.4692205,0.48239845,0.13041216,0.1934367,0.117162965,0.04
902,-24.422972,0.505266,1.2854147,0.16730374,0.19807884,0.1154437,0.04
903,-24.40779,0.46842688,1.4063071,0.14002708,0.1854217,0.09928686,0.04
904,-24.419567,0.49331245,0.8718456,0.14174436,0.19487837,0.10481402,0.04
905,-24.42376,0.5086649,1.3889282,0.12290632,0.20290145,0.11660265,0.04
906,-24.408104,0.50072086,1.9254216,0.11161639,0.19700767,0.09168405,0.04
907,-24.400566,0.50656116,2.1889875,0.09519488,0.20795687,0.10800569,0.04
908,-24.397322,0.50566006,2.6189647,0.12213747,0.19854203,0.13259946,0.04
909,-24.431074,0.50181687,0.95684254,0.1523702,0.20012826,0.12608378,0.04
910,-24.409004,0.4845485,2.1570055,0.1975973,0.19738285,0.105441764,0.04
911,-24.426418,0.46505827,1.0278971,0.14362022,0.18823765,0.10602662,0.04
912,-24.434319,0.47059163,0.8354954,0.10154821,0.1858735,0.09528181,0.04
913,-24.398235,0.46441302,2.0845773,0.12972298,0.18375187,0.106163986,0.04
914,-24.452047,0.5236498,0.4580024,0.1517124,0.20921268,0.15819366,0.04
915,-24.416838,0.48567295,1.2969573,0.07989697,0.19011849,0.0948602,0.04
916,-24.418457,0.48374188,1.3585652,0.083514825,0.18848036,0.094795495,0.04
917,-24.418274,0.48895413,1.0798185,0.11593855,0.19678394,0.11781806,0.04
918,-24.427324,0.4629856,0.8398001,0.10533727,0.18567947,0.12779923,0.04
919,-24.403313,0.48426974,2.3906012,0.14009418,0.18664142,0.10179049,0.04
920,-24.415758,0.479357,1.9366001,0.1260891,0.18513715,0.1221026,0.04
921,-24.428112,0.49181345,1.2835879,0.13230316,0.19385557,0.11289796,0.04
922,-24.408003,0.48251843,1.5273808,0.10498303,0.19013554,0.09799323,0.04
923,-24.415638,0.46866482,1.109942,0.10248765,0.18556827,0.08826733,0.04
924,-24.40776,0.49321604,2.1547592,0.10443216,0.19199315,0.094498,0.04
925,-24.414434,0.485938,1.3586838,0.12395586,0.19277306,0.1296692,0.04
926,-24.420254,0.49519143,1.2268137,0.30175865,0.19985628,0.14712031,0.04
927,-24.422632,0.48499334,1.0777934,0.12941624,0.19302557,0.10541704,0.04
928,-24.416462,0.48028383,1.0893642,0.16371402,0.18877621,0.104411386,0.04
929,-24.412312,0.4775886,1.4285898,0.15887445,0.18860015,0.11054487,0.04
930,-24.411379,0.47853914,1.7892092,0.08437708,0.19174007,0.09927693,0.04
931,-24.424685,0.48669118,1.3422861,0.13321859,0.19099003,0.107646935,0.04
932,-24.410402,0.4841276,1.7556685,0.09232942,0.18859519,0.105528034,0.04
933,-24.41064,0.5028046,1.7325357,0.15128328,0.2047533,0.13859384,0.04
934,-24.427858,0.4744577,0.91684425,0.17766428,0.1868608,0.1270053,0.04
935,-24.422367,0.48702943,1.6332239,0.06688664,0.19460595,0.101288915,0.04
936,-24.417475,0.46320462,1.4852282,0.089865446,0.18801102,0.11407877,0.04
937,-24.403332,0.48357737,2.3233263,0.127998,0.19158486,0.13085099,0.04
938,-24.419107,0.46832085,0.9171179,0.11885826,0.185461,0.09942467,0.04
939,-24.426624,0.47972006,0.8510958,0.12871508,0.18890537,0.0944683,0.04
940,-24.430574,0.51780915,0.71346074,0.12227694,0.20690522,0.12014669,0.04
941,-24.410414,0.47962806,1.8959081,0.12709242,0.18986022,0.104057595,0.04
942,-24.42249,0.48420626,1.0506086,0.17926648,0.20534542,0.14561576,0.04
943,-24.409494,0.47773638,1.4881493,0.12643993,0.18799554,0.09553853,0.04
944,-24.440184,0.47538543,0.35400715,0.17231008,0.18817727,0.095381066,0.04
945,-24.422535,0.48229015,1.2923595,0.12321602,0.18756932,0.08862315,0.04
946,-24.39632,0.49248138,2.1406553,0.15412714,0.1979932,0.11461185,0.04
947,-24.410984,0.47510317,1.4994423,0.10665925,0.18477778,0.10189919,0.04
948,-24.419731,0.47275904,1.128047,0.113805585,0.191332,0.10752465,0.04
949,-24.406277,0.46410254,1.0733491,0.10422265,0.1831282,0.0867379,0.04
950,-24.413137,0.47345972,1.845093,0.11259876,0.18798067,0.08720881,0.04
951,-24.412094,0.48625088,1.326178,0.12084534,0.19574031,0.09751614,0.04
952,-24.425636,0.47729108,0.6201066,0.12879844,0.18901424,0.1110209,0.04
953,-24.408297,0.48134157,1.498566,0.098962076,0.19017883,0.09159395,0.04
954,-24.419075,0.46506056,0.9006509,0.12360763,0.1829339,0.112335935,0.04
955,-24.420406,0.46534917,1.0380704,0.09861686,0.18348205,0.09666631,0.04
956,-24.427269,0.483242,0.9129261,0.18350953,0.19427279,0.11989421,0.04
957,-24.404678,0.49065432,1.3175215,0.08828349,0.19150968,0.1066083,0.04
958,-24.421667,0.48650095,1.1193784,0.18098047,0.20434429,0.16410463,0.04
959,-24.413403,0.45354456,1.3012276,0.102092505,0.17796366,0.09620075,0.04
960,-24.426521,0.4803405,1.0402125,0.116202645,0.191658,0.08543209,0.04
961,-24.422663,0.49493244,1.4971883,0.1874203,0.19510762,0.09579646,0.04
962,-24.432468,0.46444726,0.671045,0.098386645,0.18031195,0.09993689,0.04
963,-24.426542,0.4744331,0.6036518,0.11709712,0.18975797,0.10072037,0.04
964,-24.423769,0.48596874,1.6444806,0.11328675,0.19547223,0.095412776,0.04
965,-24.419874,0.4805027,1.2394046,0.08398552,0.19066647,0.08945957,0.04
966,-24.419329,0.48697093,1.0482285,0.11781601,0.19273585,0.09627103,0.04
967,-24.427908,0.4723457,0.64790076,0.10699918,0.18666314,0.11551091,0.04
968,-24.389605,0.47659644,2.4232712,0.09820038,0.18766193,0.09098128,0.04
969,-24.43765,0.47942355,0.58816606,0.107160494,0.18646187,0.08652248,0.04
970,-24.400318,0.45963576,1.9014189,0.12595366,0.17976047,0.09885609,0.04
971,-24.414118,0.46400627,1.1754065,0.148084,0.18157715,0.08633679,0.04
972,-24.398657,0.4730356,1.501642,0.16325028,0.18728831,0.10400119,0.04
973,-24.415043,0.45275822,1.6521255,0.10151823,0.17760515,0.09584677,0.04
974,-24.41823,0.47804445,1.3539361,0.094108336,0.1945381,0.09239851,0.04
975,-24.422215,0.5077506,1.3919313,0.16597949,0.22093748,0.1495023,0.04
976,-24.40569,0.47486067,1.9309111,0.112163715,0.18885507,0.11501825,0.04
977,-24.432262,0.4806567,1.1981093,0.13335752,0.19268547,0.1215801,0.04
978,-24.426638,0.46286687,0.81387824,0.10916298,0.18336734,0.1005977,0.04
979,-24.411797,0.47584882,1.7059069,0.10579556,0.18955109,0.0976871,0.04
980,-24.423012,0.4677915,0.9912383,0.078665905,0.19111764,0.103417836,0.04
981,-24.411322,0.47237173,1.6155435,0.122313544,0.18884996,0.09880366,0.04
982,-24.428356,0.46591222,1.0992167,0.15313238,0.18295819,0.1076395,0.04
983,-24.413273,0.45672604,1.6030949,0.09937249,0.18298155,0.08726846,0.04
984,-24.416136,0.46871415,1.3609655,0.12464406,0.18713722,0.087744,0.04
985,-24.405672,0.48102987,1.7841071,0.1409536,0.1921412,0.09898378,0.04
986,-24.411577,0.47329065,1.2928079,0.09241998,0.18547158,0.100595914,0.04
987,-24.41466,0.4677098,1.2435454,0.14767204,0.18518911,0.10066859,0.04
988,-24.41289,0.4710375,1.7964228,0.11412581,0.1869234,0.09308669,0.04
989,-24.422117,0.47429103,0.6001428,0.10531923,0.19355863,0.10945744,0.04
990,-24.420359,0.45138422,1.3050989,0.09373862,0.17882493,0.086607575,0.04
991,-24.41083,0.48114738,1.4179193,0.15608996,0.1901903,0.09731403,0.04
992,-24.41693,0.46913013,0.85580486,0.1543559,0.1832813,0.08750031,0.04
993,-24.42539,0.45566148,1.0707554,0.08795232,0.18287577,0.093273915,0.04
994,-24.425793,0.46587932,0.7859262,0.08761248,0.18156745,0.111013345,0.04
995,-24.415897,0.47252694,1.3205535,0.12095769,0.19195804,0.08764799,0.04
996,-24.415552,0.47271028,1.2618232,0.07932821,0.18491732,0.08421462,0.04
997,-24.429108,0.47405025,0.61875784,0.12710248,0.18701771,0.10629112,0.04
998,-24.425652,0.45896825,0.83341515,0.11772993,0.18216679,0.1120034,0.04
999,-24.414555,0.44974363,1.7413903,0.079388484,0.17807594,0.098173544,0.04
1000,-24.424484,0.45662096,0.9162646,0.1188731,0.18088597,0.09401966,0.04
1001,-24.42406,0.41734463,0.85407466,0.118671775,0.16688219,0.07554148,0.04
1002,-24.410078,0.47856182,1.1378496,0.1128063,0.20014495,0.10547544,0.04
1003,-24.428986,0.42666736,1.1870571,0.1448227,0.16813914,0.09048941,0.04
1004,-24.412413,0.474569,1.6449531,0.10561963,0.1893542,0.09092288,0.04
1005,-24.42264,0.46579635,0.9278014,0.09208724,0.18540367,0.09313876,0.04
1006,-24.411125,0.4381037,1.0751907,0.07703728,0.17281759,0.082243785,0.04
1007,-24.421566,0.4471905,1.2296833,0.11509219,0.17470275,0.105898134,0.04
1008,-24.42245,0.47190055,1.0926285,0.09238981,0.18542334,0.101456806,0.04
1009,-24.39566,0.45201662,1.9330689,0.101774886,0.18121445,0.11341204,0.04
1010,-24.410486,0.46794817,1.3680899,0.096817374,0.18709636,0.09735422,0.04
1011,-24.434813,0.46027526,0.5565177,0.14509837,0.17996551,0.102288835,0.04
1012,-24.41886,0.47842875,1.0971588,0.09942586,0.18770067,0.09094416,0.04
1013,-24.41978,0.4581408,0.62459,0.07617911,0.17884247,0.08904296,0.04
1014,-24.415808,0.4626825,1.3568848,0.15303499,0.18542306,0.103090405,0.04
1015,-24.406828,0.469334,1.6527808,0.16633686,0.1834167,0.0926546,0.04
1016,-24.402285,0.47600412,1.625071,0.0792113,0.18854246,0.095885605,0.04
1017,-24.438223,0.46294725,0.45275995,0.09913532,0.18299401,0.08051893,0.04
1018,-24.4165,0.48752385,1.055222,0.14869846,0.1947245,0.12088826,0.04
1019,-24.410862,0.46885484,1.4411436,0.12089393,0.18343115,0.085700035,0.04
1020,-24.417606,0.44061026,1.4729992,0.080574915,0.17387323,0.08265517,0.04
1021,-24.40055,0.43441004,1.6201873,0.11808383,0.16989245,0.08553394,0.04
1022,-24.41206,0.46610126,1.2017126,0.12771669,0.18558514,0.08759551,0.04
1023,-24.429413,0.4525968,0.6022099,0.11095368,0.17990759,0.106577374,0.04
1024,-24.434977,0.4662649,0.3527429,0.084047034,0.1826026,0.0991847,0.04
1025,-24.42198,0.4566392,0.813504,0.14416726,0.18258551,0.10355688,0.04
1026,-24.421648,0.4730415,0.8082507,0.11541697,0.18536282,0.10256301,0.04
1027,-24.403446,0.4719017,1.3292722,0.11003051,0.18977381,0.09877339,0.04
1028,-24.413374,0.44951066,1.1962228,0.13088514,0.18021454,0.10732083,0.04
1029,-24.406296,0.46940884,1.6276133,0.09039263,0.18328619,0.092189334,0.04
1030,-24.414837,0.45522404,0.86143667,0.13431394,0.18034728,0.08880677,0.04
1031,-24.407412,0.47432783,1.4706467,0.104095004,0.18442814,0.09596267,0.04
1032,-24.405527,0.45443484,1.7552559,0.10492916,0.18205228,0.086651556,0.04
1033,-24.394688,0.4615691,1.6341008,0.10311983,0.17995411,0.07973165,0.04
1034,-24.416925,0.4425508,1.0283262,0.104914226,0.17769004,0.11515002,0.04
1035,-24.417782,0.4413635,0.9732474,0.12912472,0.17585336,0.1006803,0.04
1036,-24.416363,0.45318085,0.93743396,0.0944926,0.18282989,0.10287775,0.04
1037,-24.396702,0.47246328,1.9296693,0.10905249,0.18617757,0.09696946,0.04
1038,-24.439833,0.4433578,0.3928894,0.06724824,0.17531924,0.08958187,0.04
1039,-24.413355,0.4404122,0.99787486,0.10471985,0.1746924,0.083713554,0.04
1040,-24.414902,0.43206486,1.0175583,0.09599898,0.16809992,0.0879895,0.04
1041,-24.440792,0.43542325,0.2622537,0.07442588,0.17442085,0.08099649,0.04
1042,-24.405252,0.46758738,1.6592064,0.14514591,0.19187371,0.12669589,0.04
1043,-24.420507,0.46789733,1.2286105,0.088366784,0.18428488,0.096930325,0.04
1044,-24.426584,0.46451515,0.6360495,0.09696517,0.1838214,0.09310229,0.04
1045,-24.419369,0.47689605,0.80342764,0.099739514,0.1885584,0.09404152,0.04
1046,-24.418606,0.48065013,0.7364729,0.18407764,0.19883099,0.12677582,0.04
1047,-24.418242,0.46943125,0.88461864,0.100309834,0.18592662,0.09279417,0.04
1048,-24.420467,0.45035422,0.8540371,0.10822442,0.17986567,0.09106489,0.04
1049,-24.420973,0.45009792,0.9050533,0.10795715,0.17784902,0.10654785,0.04
1050,-24.4019,0.4543805,1.3100104,0.080046184,0.18245025,0.08345193,0.04
1051,-24.421293,0.4541872,0.9276139,0.112944715,0.18095307,0.08548595,0.04
1052,-24.418676,0.43179828,1.0256492,0.098082855,0.17075843,0.08512856,0.04
1053,-24.409359,0.44581267,1.3498013,0.08530994,0.17510353,0.08871635,0.04
1054,-24.408278,0.44663113,1.1654232,0.097433716,0.17558339,0.10074358,0.04
1055,-24.432035,0.44664973,0.427281,0.09976992,0.17901704,0.08448872,0.04
1056,-24.401257,0.43478942,1.9643501,0.13824227,0.1727314,0.081281915,0.04
1057,-24.431944,0.44607264,0.31652036,0.08981727,0.17783383,0.1068054,0.04
1058,-24.395912,0.44242373,1.6996233,0.10280483,0.17541035,0.082199216,0.04
1059,-24.409027,0.4451175,1.5456982,0.1677777,0.17710792,0.114734225,0.04
1060,-24.413235,0.47331163,1.1480018,0.14449796,0.18853588,0.1053634,0.04
1061,-24.414242,0.4742117,1.1759412,0.09360261,0.1893532,0.111231424,0.04
1062,-24.40949,0.44715324,1.6958789,0.10281308,0.17920852,0.09615352,0.04
1063,-24.403585,0.45692697,1.3886645,0.11447478,0.1817241,0.09490615,0.04
1064,-24.433586,0.45692694,0.42553028,0.08500565,0.17871872,0.10204537,0.04
1065,-24.417738,0.46339267,1.2967436,0.11458879,0.18015113,0.08881414,0.04
1066,-24.417656,0.4628023,0.7226049,0.102052696,0.18276685,0.09512613,0.04
1067,-24.436672,0.44574645,0.29920933,0.09094516,0.17807367,0.07476408,0.04
1068,-24.417454,0.45460942,0.7699925,0.09227264,0.17972635,0.08442628,0.04
1069,-24.424416,0.45631322,0.8882036,0.08301972,0.17903702,0.0910434,0.04
1070,-24.420378,0.44012317,0.91867685,0.09567676,0.17498659,0.11067819,0.04
1071,-24.423656,0.46545967,0.6298464,0.16926137,0.18297102,0.116321854,0.04
1072,-24.413956,0.43826795,1.596182,0.10037822,0.17247863,0.08608787,0.04
1073,-24.417639,0.45145822,0.6542391,0.10660413,0.17737699,0.09813718,0.04
1074,-24.39702,0.4317834,1.8568792,0.05882169,0.1676977,0.08476352,0.04
1075,-24.425156,0.46785507,0.72711205,0.1495712,0.18675077,0.10348318,0.04
1076,-24.432163,0.43150172,0.33326918,0.08188921,0.17024261,0.08815701,0.04
1077,-24.42608,0.46016377,0.82422173,0.12979999,0.18305013,0.10916901,0.04
1078,-24.433962,0.47307044,0.7254119,0.15927765,0.18821523,0.12444539,0.04
1079,-24.435438,0.4548145,0.43968037,0.10674848,0.18078154,0.117232345,0.04
1080,-24.419851,0.44235367,0.7698855,0.07579327,0.17516196,0.087432764,0.04
1081,-24.412754,0.45683798,1.2670097,0.0884438,0.18027376,0.096233875,0.04
1082,-24.426811,0.46910673,0.74636686,0.10330324,0.19169183,0.12559535,0.04
1083,-24.419748,0.4508376,0.9707551,0.07950967,0.17621899,0.10071053,0.04
1084,-24.401922,0.43461534,1.5014095,0.0612177,0.17221479,0.08523259,0.04
1085,-24.418907,0.44158334,1.3726193,0.1247211,0.17304777,0.09309031,0.04
1086,-24.412739,0.458635,1.2881781,0.09857374,0.1830282,0.088508524,0.04
1087,-24.404085,0.45168775,1.7506813,0.11274195,0.17920195,0.1085608,0.04
1088,-24.41908,0.44396856,1.0319545,0.096526414,0.17523742,0.08912085,0.04
1089,-24.430798,0.469348,0.5231608,0.10844291,0.20064661,0.14926025,0.04
1090,-24.44743,0.4581567,0.37660182,0.14079857,0.18666129,0.1292071,0.04
1091,-24.41759,0.43331343,1.0108598,0.13025309,0.16768213,0.08917751,0.04
1092,-24.416735,0.4515567,1.2728281,0.06622257,0.17532484,0.08317307,0.04
1093,-24.426304,0.4355949,1.0652406,0.111439526,0.17117101,0.0838252,0.04
1094,-24.410988,0.4272014,1.5166361,0.084081404,0.1702048,0.081503786,0.04
1095,-24.417315,0.44556266,1.154937,0.104020715,0.173311,0.098488174,0.04
1096,-24.41536,0.4300835,0.96288437,0.08184563,0.17225446,0.097635955,0.04
1097,-24.40377,0.4437867,1.2803016,0.08930229,0.17702906,0.09007963,0.04
1098,-24.41377,0.44588575,1.4797423,0.09688412,0.1751331,0.07767456,0.04
1099,-24.42591,0.46005467,0.78010064,0.07746817,0.18482848,0.095837094,0.04
1100,-24.425215,0.44741026,0.45459297,0.08499292,0.17456906,0.10198425,0.04
1101,-24.404385,0.4425355,1.4303228,0.09888265,0.17327794,0.07816694,0.04
1102,-24.440645,0.43479827,0.63797265,0.07093274,0.16865517,0.09896084,0.04
1103,-24.397554,0.46498543,1.8205878,0.12179144,0.18273485,0.08348622,0.04
1104,-24.397684,0.4704198,1.8944643,0.11277495,0.18239106,0.10887106,0.04
1105,-24.409073,0.43528503,1.8404909,0.10797045,0.16870537,0.098329656,0.04
1106,-24.422895,0.4401371,0.62346876,0.10670186,0.17433003,0.0751237,0.04
1107,-24.41161,0.45227328,1.0385581,0.13368815,0.17688856,0.100052066,0.04
1108,-24.424704,0.4293578,0.79957414,0.088167876,0.17234637,0.09574658,0.04
1109,-24.425829,0.46095216,0.6540414,0.09255811,0.18134588,0.07462955,0.04
1110,-24.393227,0.45092815,2.1927433,0.10572906,0.17540272,0.092523895,0.04
1111,-24.441551,0.44519877,0.37592915,0.12669215,0.17708974,0.10640952,0.04
1112,-24.439165,0.43538368,0.55884266,0.088652536,0.1732102,0.08419998,0.04
1113,-24.425041,0.44756785,0.88887966,0.07735788,0.17847188,0.07627271,0.04
1114,-24.437393,0.46582234,0.3829679,0.14545387,0.1870797,0.13900293,0.04
1115,-24.428736,0.43923527,0.43536273,0.19327572,0.17886443,0.15330414,0.04
1116,-24.46031,0.4428769,1.2601789,0.08657583,0.17447197,0.09593747,0.04
1117,-24.426918,0.4516098,0.6378818,0.09838401,0.17616619,0.078557365,0.04
1118,-24.426668,0.46895826,0.4786724,0.09533661,0.18448773,0.08276651,0.04
1119,-24.431118,0.44319582,0.5567191,0.13837805,0.17586595,0.082657486,0.04
1120,-24.419626,0.44199726,0.61352587,0.09704416,0.17598526,0.0824096,0.04
1121,-24.407764,0.44946852,1.8164144,0.11070717,0.17443985,0.0847966,0.04
1122,-24.408466,0.42041206,1.6803699,0.11359286,0.16415255,0.09073725,0.04
1123,-24.41965,0.4433005,0.8501165,0.060584787,0.17505735,0.08095285,0.04
1124,-24.411184,0.44253084,1.0158595,0.11747671,0.1719646,0.094237,0.04
1125,-24.423113,0.42990056,1.0846279,0.1022567,0.16663964,0.07971664,0.04
1126,-24.418844,0.4390306,0.93099034,0.088532604,0.17296347,0.07707264,0.04
1127,-24.411512,0.4399629,1.6102437,0.10801515,0.16799672,0.10811348,0.04
1128,-24.436724,0.4605011,0.4690797,0.14609154,0.17896304,0.107953876,0.04
1129,-24.40761,0.43547365,1.5249568,0.084345706,0.17152916,0.0909157,0.04
1130,-24.426758,0.43907803,0.91293746,0.07195726,0.17177491,0.0803832,0.04
1131,-24.410082,0.42924702,1.7759591,0.07267826,0.17046762,0.07293716,0.04
1132,-24.417515,0.44144177,1.3592772,0.089254946,0.17005111,0.07851565,0.04
1133,-24.431652,0.43159333,0.4641229,0.071633324,0.17428477,0.07940447,0.04
1134,-24.406254,0.4380717,1.7417747,0.091802284,0.17008397,0.09029538,0.04
1135,-24.418211,0.43790287,1.2034531,0.10372539,0.17233208,0.07921976,0.04
1136,-24.42106,0.44092634,1.0200138,0.07346102,0.17369641,0.07489852,0.04
1137,-24.42717,0.44455108,0.90942127,0.093737,0.17503732,0.091877885,0.04
1138,-24.404377,0.41739142,1.5135509,0.060185563,0.16254628,0.08083972,0.04
1139,-24.417194,0.4341001,0.81349456,0.09275488,0.16678195,0.09587708,0.04
1140,-24.435984,0.45257673,0.34355208,0.116563424,0.17530687,0.12196399,0.04
1141,-24.41633,0.4357686,0.72520614,0.08032308,0.17088689,0.08963107,0.04
1142,-24.425137,0.44328544,0.59938425,0.09373017,0.16768233,0.09459952,0.04
1143,-24.419542,0.46898326,0.8249846,0.12323377,0.19468428,0.12165205,0.04
1144,-24.419329,0.4473611,1.2298483,0.101723365,0.17273991,0.08646829,0.04
1145,-24.409124,0.44846958,1.7457902,0.08716093,0.17666382,0.09329841,0.04
1146,-24.430466,0.44346496,0.32936928,0.11078494,0.16876401,0.121150926,0.04
1147,-24.426355,0.45217347,0.9669017,0.122652136,0.17648017,0.097306475,0.04
1148,-24.429214,0.4345571,0.38661864,0.088315845,0.17165275,0.09229569,0.04
1149,-24.433233,0.42713338,0.7623663,0.061820205,0.17061983,0.07589164,0.04
1150,-24.420437,0.44685835,1.0618857,0.08481797,0.17225836,0.08364475,0.04
1151,-24.397787,0.42329684,1.643378,0.10603711,0.16481452,0.0827012,0.04
1152,-24.430723,0.42282555,0.34526095,0.09082882,0.16721042,0.08068708,0.04
1153,-24.425274,0.4407223,0.76875126,0.078378595,0.17310344,0.08057345,0.04
1154,-24.427347,0.4431409,0.8433514,0.1895916,0.17904167,0.15057006,0.04
1155,-24.43664,0.43793544,0.5692374,0.11148828,0.17367195,0.096920766,0.04
1156,-24.417082,0.41651374,1.2393388,0.08437109,0.1609332,0.09273415,0.04
1157,-24.412548,0.42028022,1.2833143,0.111837775,0.16765147,0.08286445,0.04
1158,-24.40861,0.43517295,1.310131,0.11020913,0.17037737,0.07295961,0.04
1159,-24.426828,0.43948045,0.46964356,0.11584998,0.17577107,0.0886843,0.04
1160,-24.418528,0.4375791,0.7168139,0.06516469,0.16974758,0.08207235,0.04
1161,-24.411331,0.43721578,1.5971339,0.09373312,0.16966349,0.078810886,0.04
1162,-24.431347,0.44481245,0.5347825,0.102975555,0.17611612,0.094423,0.04
1163,-24.423672,0.4477255,0.51478904,0.090456024,0.17339717,0.09790885,0.04
1164,-24.414371,0.44538063,0.85754174,0.0770152,0.17561266,0.098729834,0.04
1165,-24.41547,0.4369514,0.8140739,0.07462024,0.16803889,0.0808911,0.04
1166,-24.425999,0.4350577,0.44339275,0.0901424,0.16936451,0.08371372,0.04
1167,-24.413897,0.4429388,1.603839,0.06453553,0.1767067,0.06779249,0.04
1168,-24.426989,0.4398462,0.4064121,0.117940105,0.17257696,0.080270514,0.04
1169,-24.435999,0.43149805,0.4379374,0.06635134,0.17406264,0.06999974,0.04
1170,-24.422235,0.42859805,0.7114606,0.09172251,0.17430653,0.080998525,0.04
1171,-24.440817,0.43534544,0.3787081,0.07736712,0.17091256,0.06743232,0.04
1172,-24.431234,0.42763713,0.7128561,0.096123785,0.17311566,0.1127391,0.04
1173,-24.415073,0.45850417,1.3197366,0.1634239,0.17894463,0.100089155,0.04
1174,-24.424402,0.45558178,0.5817809,0.08267497,0.18211097,0.097508155,0.04
1175,-24.405397,0.4461709,1.7288142,0.09677054,0.17813756,0.12266032,0.04
1176,-24.417791,0.42398757,1.0984533,0.14383982,0.16656707,0.0779606,0.04
1177,-24.43405,0.43523145,0.34915337,0.103364855,0.17234224,0.09859039,0.04
1178,-24.403742,0.449519,1.9778566,0.07822134,0.17197838,0.0803451,0.04
1179,-24.4148,0.4457206,1.0208255,0.10381461,0.17705475,0.09235421,0.04
1180,-24.417234,0.4370539,0.96256566,0.100678585,0.17030954,0.09336161,0.04
1181,-24.427853,0.44167316,0.5166938,0.12670356,0.17325327,0.10834594,0.04
1182,-24.417688,0.44767222,1.231931,0.06887596,0.1741556,0.07687773,0.04
1183,-24.425594,0.43994457,0.6500826,0.089225136,0.17236324,0.08163166,0.04
1184,-24.431122,0.4390713,0.3532817,0.110662006,0.17697413,0.08016679,0.04
1185,-24.426239,0.42666018,0.777714,0.08029943,0.17050622,0.07123504,0.04
1186,-24.411509,0.4306281,1.4908465,0.1289694,0.1693148,0.09952009,0.04
1187,-24.425848,0.4480192,0.8077069,0.070268534,0.17642456,0.078171454,0.04
1188,-24.419468,0.43611377,0.9651821,0.1011779,0.17508265,0.083167024,0.04
1189,-24.432592,0.41457313,0.51249814,0.109828666,0.16183142,0.08268055,0.04
1190,-24.40704,0.42257524,1.2381288,0.11784054,0.16725563,0.09151156,0.04
1191,-24.421495,0.44657114,1.1286108,0.10976205,0.17432025,0.08893843,0.04
1192,-24.440777,0.42792416,0.31244323,0.109326966,0.17071515,0.07110725,0.04
1193,-24.435152,0.43044996,0.38979998,0.10344505,0.16664432,0.08055893,0.04
1194,-24.410719,0.43847638,1.2880105,0.09254791,0.17304705,0.07572318,0.04
1195,-24.437613,0.48341265,0.4768603,0.17277288,0.18852758,0.13416468,0.04
1196,-24.421442,0.4089712,1.0527457,0.076006405,0.15964876,0.07715769,0.04
1197,-24.422289,0.43077266,1.0673846,0.095881015,0.16828234,0.068409465,0.04
1198,-24.424398,0.4436596,0.97293854,0.077470005,0.17319547,0.083017305,0.04
1199,-24.407726,0.42924845,1.5097945,0.100942306,0.17190343,0.07473127,0.04
1200,-24.409801,0.44717073,1.6947584,0.08344744,0.17376728,0.086419225,0.04
1201,-24.43841,0.4412824,0.4247849,0.13090049,0.17197677,0.08562798,0.04
1202,-24.41136,0.4182123,1.1377201,0.11087213,0.16388655,0.08515976,0.04
1203,-24.417036,0.40136242,1.181346,0.08032271,0.15887468,0.07604632,0.04
1204,-24.407114,0.4270094,1.4773464,0.09630904,0.16897294,0.08475744,0.04
1205,-24.409132,0.43394774,1.1560745,0.10070631,0.16766714,0.07847496,0.04
1206,-24.433153,0.40730387,0.36695364,0.0692635,0.15426382,0.0948271,0.04
1207,-24.431055,0.41947648,0.54236954,0.0997635,0.16387187,0.07596716,0.04
1208,-24.425201,0.43696213,0.66417646,0.12993467,0.16912064,0.10257725,0.04
1209,-24.423687,0.42762646,0.65861493,0.10720627,0.16685303,0.07689,0.04
1210,-24.421215,0.4342019,1.0929527,0.08017886,0.17249279,0.06777374,0.04
1211,-24.417118,0.4350937,1.2339944,0.077679545,0.17330141,0.09206472,0.04
1212,-24.410149,0.43492603,1.4993486,0.11353951,0.17358764,0.08034138,0.04
1213,-24.411217,0.41123125,1.239645,0.10915244,0.16260837,0.07905897,0.04
1214,-24.421242,0.47147024,0.59407383,0.07613955,0.18229517,0.0847516,0.04
1215,-24.413097,0.43560612,1.0618775,0.07507693,0.17061882,0.06931126,0.04
1216,-24.429121,0.42074612,0.81960493,0.082045585,0.16702625,0.07068843,0.04
1217,-24.416971,0.44281566,1.1648835,0.08893645,0.1731634,0.09524858,0.04
1218,-24.423746,0.43587536,0.6978466,0.09303912,0.17333065,0.07103606,0.04
1219,-24.419094,0.42114583,0.9338605,0.08098383,0.16504589,0.08266715,0.04
1220,-24.411354,0.42858496,1.3093657,0.0990119,0.1675192,0.07787033,0.04
1221,-24.413742,0.43761545,1.1351404,0.13591261,0.17173707,0.117039114,0.04
1222,-24.429308,0.44829983,0.5238284,0.09631023,0.17777051,0.12259739,0.04
1223,-24.419172,0.42345503,0.68430674,0.109178744,0.1674578,0.11137758,0.04
1224,-24.420101,0.4451837,0.94913423,0.112116955,0.17125991,0.0997566,0.04
1225,-24.42391,0.4119923,0.74565727,0.10596702,0.16098332,0.08404991,0.04
1226,-24.425808,0.4096224,0.6896676,0.09104586,0.16235887,0.066734895,0.04
1227,-24.428534,0.42625654,0.61651826,0.10520742,0.16762343,0.07053211,0.04
1228,-24.441021,0.40150177,0.38954082,0.101290606,0.15359542,0.07615967,0.04
1229,-24.413668,0.42230874,0.9166199,0.0899482,0.1669097,0.08107662,0.04
1230,-24.410532,0.41885307,1.2687708,0.07226641,0.16731857,0.075117275,0.04
1231,-24.415743,0.41936773,1.1084849,0.08805593,0.16399612,0.06924193,0.04
1232,-24.421917,0.41499063,0.49306813,0.070565656,0.15992835,0.08488913,0.04
1233,-24.40978,0.4637585,1.4801131,0.09328511,0.19002238,0.12388184,0.04
1234,-24.421309,0.43304884,0.73947215,0.11308753,0.17170265,0.096650906,0.04
1235,-24.430622,0.43704808,0.70019984,0.14851534,0.175722,0.119334765,0.04
1236,-24.427023,0.44293386,0.6073869,0.14509381,0.17792372,0.097098485,0.04
1237,-24.426153,0.42867973,0.79053813,0.13708648,0.16647646,0.10545381,0.04
1238,-24.426567,0.4301619,0.8066487,0.11051142,0.16682275,0.09009524,0.04
0,-24.426567,0.4301619,0.8066332,0.11051171,0.16681585,0.09009506,0.04
1,-24.404781,0.430796,1.1404381,0.096538894,0.16831967,0.0827252,0.04
2,-24.414215,0.4258297,1.1523064,0.097837016,0.16650501,0.073424056,0.04
3,-24.433857,0.42995644,0.45656306,0.06342299,0.16506504,0.08023324,0.04
4,-24.430145,0.42956638,0.5878147,0.0644337,0.1693358,0.083625264,0.04
5,-24.406555,0.4397724,1.5694454,0.089255296,0.17100586,0.07999473,0.04
6,-24.434935,0.40941006,0.4606975,0.06324471,0.15886033,0.07586478,0.04
7,-24.430197,0.44801793,0.4851493,0.09449288,0.17569248,0.09096075,0.04
8,-24.413649,0.43429515,1.227843,0.0642402,0.16753237,0.069609694,0.04
9,-24.410173,0.4174196,1.0452777,0.095755376,0.164476,0.07003506,0.04
10,-24.433384,0.4192234,0.7090466,0.063155614,0.16522163,0.07189171,0.04
11,-24.43268,0.43130574,0.52185684,0.07549292,0.16848363,0.08330345,0.04
12,-24.411406,0.4268674,0.9410429,0.12828152,0.1637272,0.09537799,0.04
13,-24.42107,0.4319538,0.924683,0.09160629,0.1697755,0.08235952,0.04
14,-24.423712,0.4109026,0.79090357,0.09058301,0.1614368,0.094963275,0.04
15,-24.417921,0.41705507,1.2038804,0.07093881,0.1622463,0.06715395,0.04
16,-24.418562,0.4436911,0.90758616,0.10278888,0.17565246,0.08836499,0.04
17,-24.436024,0.39070296,0.25225276,0.077891685,0.1532761,0.07087115,0.04
18,-24.415356,0.4175414,1.3709388,0.11637331,0.1611045,0.08038884,0.04
19,-24.435766,0.41517964,0.6527657,0.061297294,0.16495846,0.07148128,0.04
20,-24.429794,0.4398518,0.4544706,0.06810684,0.17069982,0.09087386,0.04
21,-24.421602,0.45959666,1.1477181,0.106487766,0.18616433,0.14674746,0.04
22,-24.432903,0.42711976,0.5844427,0.1139629,0.17004018,0.08996714,0.04
23,-24.436377,0.4240162,0.4592575,0.09253055,0.16650912,0.0779435,0.04
24,-24.416653,0.43515062,1.427519,0.08583214,0.17206508,0.07210502,0.04
25,-24.41948,0.43747708,1.1114655,0.097804375,0.17193136,0.082973965,0.04
26,-24.422594,0.4343325,0.94019717,0.097097754,0.16971101,0.074565805,0.04
27,-24.41578,0.42162406,1.1962692,0.07614435,0.16747059,0.067202605,0.04
28,-24.414211,0.43230712,1.0916457,0.09881191,0.16823356,0.07980227,0.04
29,-24.408245,0.4226859,1.6037295,0.11685081,0.16568695,0.08575159,0.04
30,-24.418516,0.46175757,1.3027645,0.06617512,0.17388661,0.07134912,0.04
31,-24.411335,0.41989836,0.96714616,0.07876262,0.16552696,0.08360044,0.04
32,-24.41118,0.42975608,1.0847546,0.100574695,0.16628943,0.09558024,0.04
33,-24.435387,0.4073242,0.32296562,0.1203791,0.15928817,0.072990276,0.04
34,-24.418457,0.40177718,0.8697208,0.057337195,0.15631635,0.06078182,0.04
35,-24.41729,0.42876545,1.030682,0.14491703,0.16879722,0.091188565,0.04
36,-24.429054,0.46494958,0.83453566,0.104564756,0.18002719,0.08189729,0.04
37,-24.43005,0.4272949,0.3772767,0.10051852,0.17053004,0.0713354,0.04
38,-24.422993,0.4325567,0.920449,0.06565967,0.16357793,0.07052718,0.04
39,-24.40005,0.42776158,1.8216454,0.100329824,0.16500124,0.075314276,0.04
40,-24.431421,0.43868032,0.83467925,0.1256184,0.17090108,0.097074695,0.04
41,-24.435816,0.41941255,0.41447225,0.095207945,0.16438924,0.07541539,0.04
42,-24.424034,0.42555887,0.6025998,0.08410493,0.16203956,0.085212775,0.04
43,-24.424555,0.43871242,0.81641316,0.09793791,0.16941467,0.084972635,0.04
44,-24.424328,0.4191525,0.77415454,0.10018928,0.16451132,0.07618883,0.04
45,-24.410933,0.43215403,1.4186856,0.07213151,0.1695205,0.06852341,0.04
46,-24.417719,0.4689206,1.0329674,0.1074866,0.18741262,0.08656633,0.04
47,-24.44522,0.41875017,0.36770052,0.05752618,0.16441248,0.0704034,0.04
48,-24.418098,0.42300996,1.210138,0.054500934,0.16454427,0.074649505,0.04
49,-24.42386,0.424091,1.049179,0.08490964,0.16511731,0.092132755,0.04
50,-24.415009,0.40369335,0.8865591,0.07869701,0.15854171,0.08175152,0.04
51,-24.423164,0.41538936,0.7576497,0.068093315,0.16222288,0.07943263,0.04
52,-24.422169,0.4306142,1.0025082,0.074805856,0.1698281,0.08893614,0.04
53,-24.42243,0.40626416,0.7073959,0.0853615,0.15959165,0.08399636,0.04
54,-24.435934,0.44146547,0.45575196,0.12999523,0.17521165,0.10820167,0.04
55,-24.410183,0.41242394,1.5390927,0.12145527,0.15974987,0.09692366,0.04
56,-24.430986,0.4165591,0.63834816,0.11861568,0.16157798,0.09912376,0.04
57,-24.420124,0.40659174,0.57853824,0.09663323,0.16054244,0.0774801,0.04
58,-24.425207,0.41472834,0.81156296,0.09147442,0.16080825,0.06997873,0.04
59,-24.437798,0.43296248,0.35163426,0.08333192,0.17397137,0.08378317,0.04
60,-24.41569,0.40239322,1.2399783,0.07682265,0.15966956,0.071924016,0.04
61,-24.418795,0.41317815,1.1105644,0.09315514,0.15942784,0.093443535,0.04
62,-24.419336,0.42892703,0.85478336,0.06681364,0.16795208,0.08140434,0.04
63,-24.413895,0.42030925,0.94722426,0.09553919,0.16393207,0.08145308,0.04
64,-24.439524,0.44186732,0.36726668,0.081251994,0.17354178,0.073653854,0.04
65,-24.435766,0.43652007,0.33880186,0.12852067,0.1690973,0.08182263,0.04
66,-24.419136,0.4340393,0.81832314,0.09879141,0.17130573,0.073945045,0.04
67,-24.427546,0.42812368,0.62044203,0.06972522,0.1674321,0.07632853,0.04
68,-24.433481,0.42039672,0.37114754,0.090661034,0.16732103,0.07259385,0.04
69,-24.41691,0.4315324,1.3335215,0.10154993,0.17038848,0.07398664,0.04
70,-24.426125,0.40506938,0.9022334,0.07515748,0.15556875,0.077649914,0.04
71,-24.417679,0.44097102,0.9913227,0.097154096,0.17260548,0.08316214,0.04
72,-24.423899,0.42760012,0.9552945,0.102304175,0.1707241,0.06848072,0.04
73,-24.425747,0.4226732,0.8237094,0.074458055,0.16327822,0.06856854,0.04
74,-24.41306,0.4181317,1.0970929,0.104598165,0.16278039,0.08214683,0.04
75,-24.418152,0.41630673,1.2665693,0.07478621,0.16212909,0.07314462,0.04
76,-24.41964,0.4009842,0.7858298,0.07749955,0.15731283,0.086157225,0.04
77,-24.432634,0.41472152,0.6080391,0.0971196,0.16006546,0.09256483,0.04
78,-24.416016,0.42966858,0.9711483,0.0900995,0.1666894,0.08634717,0.04
79,-24.41871,0.43042436,1.0799842,0.11615039,0.16862822,0.108641535,0.04
80,-24.435648,0.43881994,0.26690608,0.08124942,0.16989389,0.092335574,0.04
81,-24.413698,0.4227034,0.9843667,0.123026736,0.16540243,0.08533311,0.04
82,-24.410534,0.40223104,1.3157142,0.11059066,0.1583831,0.0855552,0.04
83,-24.434643,0.3942983,0.38874364,0.06631252,0.15626252,0.07280407,0.04
84,-24.438412,0.41684723,0.5296867,0.12300568,0.16473535,0.09169704,0.04
85,-24.411816,0.42667177,1.0783347,0.11982143,0.16375858,0.09661684,0.04
86,-24.431446,0.41543984,0.5192928,0.08172422,0.16229598,0.06366386,0.04
87,-24.40993,0.42366695,1.3656646,0.12128997,0.16342643,0.084997825,0.04
88,-24.427614,0.42416692,0.9445132,0.07082568,0.1686168,0.07044428,0.04
89,-24.416285,0.4193766,1.0889032,0.09539577,0.16396356,0.08019362,0.04
90,-24.417141,0.401418,1.0920788,0.07764625,0.1590855,0.06967888,0.04
91,-24.407873,0.43044797,1.2574711,0.05751706,0.16978572,0.07426991,0.04
92,-24.43389,0.41865543,0.7660098,0.106262796,0.16357166,0.070488684,0.04
93,-24.419983,0.46393546,0.73214877,0.07799724,0.18268147,0.12878178,0.04
94,-24.41384,0.42622086,1.1879586,0.09212331,0.16250373,0.084357046,0.04
95,-24.423552,0.41074795,0.8244886,0.08259065,0.16229784,0.09167808,0.04
96,-24.439566,0.42196143,0.5371152,0.09008188,0.16766691,0.0872623,0.04
97,-24.415476,0.41777354,1.37107,0.075332955,0.16603771,0.07601518,0.04
98,-24.441204,0.4142116,0.27814198,0.08383611,0.16842902,0.07084963,0.04
99,-24.426441,0.41529512,0.90374476,0.08405791,0.16278665,0.06643989,0.04
100,-24.429562,0.4378011,0.33028328,0.07462762,0.17406243,0.07965779,0.04
101,-24.424995,0.4088753,0.6094254,0.06555213,0.16118217,0.07459187,0.04
102,-24.438398,0.41433522,0.3399622,0.079158716,0.1595964,0.07379114,0.04
103,-24.423422,0.4025149,1.16484,0.08036658,0.15592304,0.06949226,0.04
104,-24.425573,0.41277468,0.9244342,0.09139866,0.16164678,0.0611425,0.04
105,-24.420258,0.4222622,1.0751541,0.074567735,0.16820596,0.0645142,0.04
106,-24.41884,0.42951584,1.2515553,0.12125098,0.17313588,0.08853538,0.04
107,-24.422915,0.4144918,0.798257,0.10343906,0.15787561,0.07578619,0.04
108,-24.419695,0.42702925,0.72673994,0.07903003,0.16987836,0.07118277,0.04
109,-24.41184,0.42722166,1.3833796,0.1094159,0.17298187,0.093747325,0.04
110,-24.432255,0.42689654,0.46842054,0.07892215,0.16589269,0.07305099,0.04
111,-24.42522,0.40650335,0.6944963,0.07512972,0.16217607,0.07372184,0.04
112,-24.422958,0.39991638,0.85318536,0.059569348,0.15924205,0.06885063,0.04
113,-24.431007,0.4276458,0.9453555,0.107238725,0.17164782,0.10345421,0.04
114,-24.426552,0.41830182,0.9924128,0.09470574,0.16330919,0.11464108,0.04
115,-24.421883,0.41046867,1.2318864,0.092310935,0.16483149,0.07090512,0.04
116,-24.418188,0.42513785,1.4745923,0.085553035,0.167677,0.062434725,0.04
117,-24.416122,0.43246034,1.1546079,0.079598464,0.16950497,0.08294887,0.04
118,-24.437574,0.4282466,0.43602377,0.12752506,0.16695498,0.081230104,0.04
119,-24.429657,0.4321541,0.81842774,0.08273022,0.16335584,0.06774832,0.04
120,-24.42809,0.4190079,0.5863554,0.08115554,0.16724838,0.08246666,0.04
121,-24.43167,0.42888135,0.48867044,0.15522155,0.16875252,0.10286243,0.04
122,-24.413113,0.43768156,1.5522863,0.07266633,0.17382675,0.083778106,0.04
123,-24.424622,0.39787117,0.66331226,0.079331726,0.15566717,0.07187365,0.04
124,-24.418312,0.40509978,1.0361421,0.06926646,0.15956816,0.076781236,0.04
125,-24.421585,0.40957266,0.85783195,0.07453487,0.15982427,0.08213745,0.04
126,-24.427412,0.40549996,0.5424193,0.06003178,0.15688981,0.08461994,0.04
127,-24.423906,0.39962497,0.87663364,0.09658791,0.15663157,0.09337004,0.04
128,-24.407984,0.4168638,1.8372136,0.057292894,0.16093235,0.07209503,0.04
129,-24.414446,0.43449327,1.1511236,0.046973992,0.1683859,0.06678297,0.04
130,-24.429445,0.41476512,0.6932219,0.07012216,0.16227685,0.09602755,0.04
131,-24.426561,0.41808888,0.68623763,0.08481195,0.16389367,0.0645857,0.04
132,-24.42609,0.41679683,0.78476644,0.07141087,0.16732341,0.063555755,0.04
133,-24.415306,0.43007967,1.289801,0.124965206,0.1691426,0.077074006,0.04
134,-24.42518,0.4243033,0.68617904,0.109424636,0.16718525,0.078457594,0.04
135,-24.422106,0.41667968,0.8066623,0.08837219,0.1625378,0.07252313,0.04
136,-24.432234,0.44110486,0.5224355,0.06362134,0.17447984,0.07792895,0.04
137,-24.416039,0.41608196,1.2426133,0.09072783,0.1644698,0.10091032,0.04
138,-24.421177,0.4224288,0.74020976,0.08218524,0.16455702,0.0831614,0.04
139,-24.413391,0.41313154,1.18876,0.07545596,0.16072229,0.074234106,0.04
140,-24.419039,0.40910065,1.1127031,0.07023109,0.16045319,0.06597427,0.04
141,-24.426378,0.4066608,0.61281073,0.10853626,0.16121846,0.083501376,0.04
142,-24.41107,0.39895603,1.4655386,0.0827946,0.1560251,0.060313627,0.04
143,-24.425652,0.4237779,0.8546343,0.13119666,0.16887836,0.10723799,0.04
144,-24.421152,0.41841024,0.88975495,0.091804974,0.16403595,0.0814234,0.04
145,-24.436363,0.41037756,0.3547509,0.07281137,0.16167614,0.07310437,0.04
146,-24.423977,0.43389982,0.9478718,0.09456836,0.1774931,0.13560362,0.04
147,-24.426304,0.39795563,1.129323,0.0700754,0.15524103,0.066951506,0.04
148,-24.407066,0.4090764,1.2974705,0.08900328,0.15844005,0.07622715,0.04
149,-24.439587,0.38928124,0.67133826,0.057249155,0.1513747,0.068349324,0.04
150,-24.423906,0.41151455,0.910997,0.07914988,0.16145922,0.076799646,0.04
151,-24.425938,0.42829695,0.64733297,0.08159626,0.16999684,0.07038344,0.04
152,-24.41426,0.42221633,1.1189826,0.09081324,0.17223284,0.06423619,0.04
153,-24.414036,0.41068953,1.0709362,0.16102777,0.15889062,0.07139488,0.04
154,-24.430094,0.42453212,0.8502832,0.09641229,0.16861974,0.08525248,0.04
155,-24.423855,0.41048026,0.7897129,0.058328763,0.16045178,0.06107693,0.04
156,-24.419228,0.41978517,1.1875532,0.10655881,0.16080397,0.08034311,0.04
157,-24.399714,0.40418914,1.9497758,0.09740394,0.1583928,0.072813265,0.04
158,-24.420172,0.40027726,1.0036285,0.096039645,0.15608718,0.08530418,0.04
159,-24.422169,0.41375896,0.5410216,0.0708262,0.16470794,0.06979039,0.04
160,-24.42529,0.4229555,0.82184845,0.1555138,0.16492969,0.094145626,0.04
161,-24.420229,0.42488876,0.86181736,0.123305574,0.1648073,0.087891966,0.04
162,-24.413723,0.41593537,1.2806406,0.07850101,0.16321924,0.08046146,0.04
163,-24.43158,0.41561705,0.6745777,0.064466745,0.1598264,0.07928591,0.04
164,-24.420918,0.40701875,0.83969486,0.09510327,0.1571277,0.074059546,0.04
165,-24.416779,0.41819382,1.1648701,0.08065027,0.16056508,0.06867675,0.04
166,-24.41918,0.45562065,0.82307416,0.099480525,0.19073799,0.1168381,0.04
167,-24.41546,0.40539327,1.4563564,0.09557128,0.15431085,0.07882535,0.04
168,-24.434372,0.4050285,0.5091307,0.12204402,0.15372925,0.09235576,0.04
169,-24.41216,0.4172563,1.0843928,0.0947149,0.1650627,0.087631054,0.04
170,-24.443192,0.42093688,0.5648856,0.10312759,0.16491967,0.0892882,0.04
171,-24.432806,0.40246168,0.38921127,0.106350034,0.15742214,0.074103035,0.04
172,-24.441309,0.4257048,0.3631574,0.110348366,0.16407292,0.08338478,0.04
173,-24.429747,0.4164638,0.55674917,0.10514858,0.16367899,0.06651642,0.04
174,-24.425104,0.40018585,0.8331066,0.06490614,0.15761633,0.061550535,0.04
175,-24.425632,0.39662653,0.53671736,0.1097434,0.15492104,0.0686406,0.04
176,-24.418936,0.40536177,1.0570543,0.086587206,0.15792613,0.075268164,0.04
177,-24.421242,0.40985778,1.1111866,0.07008029,0.1612287,0.06987983,0.04
178,-24.412985,0.40493107,1.4413744,0.086739324,0.15622701,0.06759058,0.04
179,-24.425934,0.42558786,1.041415,0.08043959,0.1653518,0.08048252,0.04
180,-24.424446,0.41998756,1.1491073,0.07329527,0.16345957,0.07596642,0.04
181,-24.419777,0.40792367,0.63000697,0.07078943,0.16110498,0.0693797,0.04
182,-24.419409,0.41439077,0.9160135,0.0696273,0.16433106,0.07145085,0.04
183,-24.414682,0.4074132,1.4469423,0.056212615,0.16171935,0.07042233,0.04
184,-24.432196,0.41419438,0.4783645,0.079469636,0.16512698,0.06948224,0.04
185,-24.41426,0.40489364,1.3568228,0.089714624,0.16201088,0.07768683,0.04
186,-24.421446,0.40408936,1.2200899,0.11186893,0.15295501,0.088854864,0.04
187,-24.423878,0.41747937,0.84103227,0.1171881,0.16250901,0.08796453,0.04
188,-24.415237,0.38718435,1.1704371,0.10668927,0.15493402,0.07396966,0.04
189,-24.418499,0.39713135,0.7617855,0.10258227,0.15377127,0.06692604,0.04
190,-24.4253,0.4010149,0.61634785,0.07296861,0.15671471,0.067151316,0.04
191,-24.42206,0.40001303,0.5665035,0.06670899,0.15777299,0.05608229,0.04
192,-24.429394,0.42113343,0.48984003,0.08945671,0.16550614,0.094743185,0.04
193,-24.41584,0.42272612,1.2702326,0.07744979,0.1672114,0.07956756,0.04
194,-24.413141,0.41263098,1.3199427,0.078499794,0.1633798,0.06378448,0.04
195,-24.432173,0.40274918,0.43000844,0.121491686,0.15632646,0.06251366,0.04
196,-24.423292,0.42434415,0.6862679,0.14503044,0.1647993,0.10079247,0.04
197,-24.427,0.40293422,0.8776903,0.099748775,0.15629712,0.06719942,0.04
198,-24.409807,0.41925845,1.2547637,0.077852316,0.16211316,0.06854671,0.04
199,-24.420168,0.40638325,0.48760948,0.07428016,0.15663381,0.057008907,0.04
200,-24.4253,0.42205286,0.48549291,0.058598384,0.16786362,0.076866984,0.04
201,-24.404203,0.40682274,1.4373124,0.07314775,0.15943883,0.06282953,0.04
202,-24.431229,0.41446692,0.36136013,0.050454944,0.16241898,0.056072142,0.04
203,-24.429497,0.4082797,0.4681232,0.06266874,0.15903427,0.062696524,0.04
204,-24.420734,0.46704924,0.6384287,0.28652152,0.19927391,0.2032658,0.04
205,-24.415028,0.4020573,0.9579365,0.1514781,0.1583181,0.09327827,0.04
206,-24.424925,0.41593125,0.61047196,0.11930354,0.16326083,0.09154021,0.04
207,-24.428024,0.39796937,0.8026773,0.08370252,0.1573653,0.08267149,0.04
208,-24.411612,0.41625908,1.333353,0.10310547,0.16214643,0.081896715,0.04
209,-24.414642,0.3923457,0.88361305,0.07428448,0.15261379,0.058756936,0.04
210,-24.420527,0.40656254,0.83354133,0.0703709,0.15897866,0.06374592,0.04
211,-24.431332,0.42706904,0.9825139,0.05709632,0.16719663,0.074245,0.04
212,-24.41776,0.42196244,1.2654095,0.08610149,0.16545187,0.064705715,0.04
213,-24.419783,0.41212294,0.8603075,0.10706311,0.15820256,0.07045508,0.04
214,-24.424864,0.40949002,0.6429926,0.0813777,0.16248189,0.0676658,0.04
215,-24.408028,0.43501407,1.3148428,0.048464663,0.1688071,0.06427404,0.04
216,-24.43529,0.4246916,0.3719179,0.064897045,0.16782089,0.066625684,0.04
217,-24.419771,0.42172328,1.2553002,0.08542594,0.16104995,0.062903166,0.04
218,-24.405056,0.41825554,1.5589567,0.07481278,0.16284268,0.08823661,0.04
219,-24.411993,0.42814368,1.1888564,0.07542957,0.16683319,0.06758022,0.04
220,-24.41464,0.40270096,1.1848776,0.10786861,0.15495436,0.09332692,0.04
221,-24.43223,0.40692168,0.5444013,0.08632961,0.16398427,0.06242552,0.04
222,-24.42946,0.40769204,0.4813443,0.10951256,0.1610096,0.08430862,0.04
223,-24.425894,0.40707815,0.72626567,0.070855476,0.15774122,0.06920936,0.04
224,-24.40962,0.4078906,1.6013634,0.09352823,0.15993936,0.0757514,0.04
225,-24.43801,0.405966,0.70470744,0.09135631,0.1585045,0.070263594,0.04
226,-24.427048,0.39283845,0.5131133,0.051389247,0.15461293,0.061442476,0.04
227,-24.435331,0.39971986,0.4881268,0.072744414,0.15327924,0.08034928,0.04
228,-24.416973,0.3941213,1.1157341,0.10140415,0.15173668,0.06937687,0.04
229,-24.44488,0.4101405,0.2991055,0.07893058,0.16179356,0.09221093,0.04
230,-24.433,0.3896424,0.37483692,0.08393706,0.15429127,0.078296006,0.04
231,-24.424114,0.39603555,1.0982059,0.08303558,0.15470578,0.07872033,0.04
232,-24.413069,0.41172987,0.92204213,0.09458375,0.15857415,0.08449761,0.04
233,-24.417015,0.42984354,1.7382402,0.093579456,0.17051645,0.08695613,0.04
234,-24.420605,0.39775583,0.9773041,0.08091406,0.15643775,0.067193486,0.04
235,-24.429852,0.40521973,0.7788794,0.0890177,0.15759219,0.07637306,0.04
236,-24.426281,0.41791072,0.657742,0.07164704,0.16304931,0.070218086,0.04
237,-24.401394,0.40529668,1.6050351,0.0748854,0.15421408,0.067234755,0.04
238,-24.42908,0.41152793,0.57387644,0.12967303,0.16639894,0.08945742,0.04
239,-24.424826,0.416676,0.7517294,0.0546265,0.16731912,0.06844204,0.04
240,-24.423758,0.39342153,0.93566555,0.07909676,0.15688434,0.06670232,0.04
241,-24.431547,0.4181028,0.35381344,0.103026986,0.16563971,0.074746616,0.04
242,-24.4299,0.38665974,0.6104131,0.1259453,0.1501369,0.095102824,0.04
243,-24.425861,0.40225577,0.7461807,0.08681806,0.15708795,0.08971694,0.04
244,-24.426113,0.40665346,0.6491248,0.11447446,0.15925208,0.08261112,0.04
245,-24.414919,0.4275279,1.3259659,0.085735016,0.16446821,0.08017332,0.04
246,-24.426472,0.4051039,0.96457213,0.09243193,0.15631898,0.06851769,0.04
247,-24.426594,0.41446665,0.75378317,0.094705366,0.16309564,0.06811234,0.04
248,-24.414577,0.40981114,1.1919438,0.13935009,0.15839517,0.0928617,0.04
249,-24.4161,0.40798736,1.0394633,0.0779193,0.16110915,0.06530341,0.04
250,-24.42353,0.39667618,0.69233,0.07426954,0.15752704,0.06803405,0.04
251,-24.428108,0.43901473,0.7055155,0.12399933,0.16919805,0.100697,0.04
252,-24.430897,0.39432156,0.5519645,0.0747618,0.1545498,0.06736782,0.04
253,-24.407845,0.39893126,1.6586285,0.09728717,0.15847242,0.08517774,0.04
254,-24.426926,0.41047567,0.45076326,0.08211373,0.16016299,0.07606462,0.04
255,-24.432215,0.42218953,0.9859302,0.11201494,0.17281124,0.10995705,0.04
256,-24.446295,0.4016485,0.2778595,0.050681327,0.15850161,0.067992784,0.04
257,-24.42868,0.4149789,0.5852424,0.09180178,0.16075358,0.07835009,0.04
258,-24.409557,0.4064034,1.5301826,0.075855,0.15947445,0.05813299,0.04
259,-24.419182,0.37838775,0.78515,0.092849106,0.14485464,0.072734475,0.04
260,-24.414438,0.38921675,1.2583905,0.08829174,0.15108804,0.08399258,0.04
261,-24.423536,0.41341212,0.9553083,0.08246984,0.15947846,0.06680871,0.04
262,-24.43798,0.41983497,0.56171197,0.0747577,0.16426139,0.06792753,0.04
263,-24.40411,0.41715056,1.7793432,0.07541223,0.16239013,0.065459065,0.04
264,-24.446926,0.38984045,0.3270161,0.07935217,0.1514093,0.060821727,0.04
265,-24.428612,0.39922345,0.52172816,0.067919545,0.15841459,0.07049359,0.04
266,-24.426573,0.42336863,0.66279167,0.06869172,0.16467427,0.06329677,0.04
267,-24.431046,0.4080468,0.85993546,0.09655746,0.1613398,0.08420032,0.04
268,-24.418118,0.41152054,0.93900317,0.061993897,0.15984416,0.07291079,0.04
269,-24.42492,0.39852017,1.1821551,0.09804357,0.15217873,0.07491563,0.04
270,-24.440094,0.40288496,0.27909175,0.06647413,0.15723266,0.06571615,0.04
271,-24.43784,0.38629794,0.4158488,0.0719315,0.15134673,0.069373995,0.04
272,-24.413189,0.41786426,1.681606,0.05851668,0.16360521,0.07299845,0.04
273,-24.420681,0.40462452,0.9218112,0.093293004,0.15654099,0.08093585,0.04
274,-24.418438,0.41264015,0.94634795,0.07825651,0.16219465,0.081674665,0.04
275,-24.409002,0.42843315,1.7468643,0.06567855,0.1665309,0.06755931,0.04
276,-24.429165,0.43853647,1.1105016,0.087320894,0.17297912,0.08986446,0.04
277,-24.434671,0.41181752,0.34127802,0.06861952,0.16045529,0.0678281,0.04
278,-24.42113,0.38966575,0.9516843,0.080603346,0.15548478,0.064132534,0.04
279,-24.43119,0.40623286,0.6940956,0.091313906,0.15920661,0.053941257,0.04
280,-24.42025,0.40278468,0.8074381,0.10459253,0.15854836,0.060440414,0.04
281,-24.427023,0.39684692,0.6000905,0.070195995,0.15732357,0.06278162,0.04
282,-24.424347,0.3906993,1.1953115,0.074724585,0.15429986,0.07383843,0.04
283,-24.433876,0.39548752,0.76342696,0.10839646,0.15496856,0.08425661,0.04
284,-24.443317,0.39848602,0.311896,0.08653777,0.15844592,0.06960214,0.04
285,-24.424799,0.42144743,0.94513303,0.08642734,0.16147186,0.06727962,0.04
286,-24.430832,0.3961092,0.6835056,0.058707047,0.1560718,0.06597722,0.04
287,-24.417645,0.3985059,0.96183753,0.07903086,0.1551621,0.065123186,0.04
288,-24.423662,0.3807836,1.0560298,0.062755555,0.14558521,0.06458516,0.04
289,-24.421146,0.40196383,0.8265519,0.09020465,0.160472,0.06706825,0.04
290,-24.429012,0.39245284,0.502138,0.049560886,0.15197867,0.066717744,0.04
291,-24.420809,0.41731223,0.9692568,0.0829892,0.16436636,0.081847444,0.04
292,-24.443312,0.40910554,0.51545686,0.071786314,0.1634468,0.066016145,0.04
293,-24.418676,0.4150111,0.9202003,0.10262096,0.17122817,0.1407416,0.04
294,-24.42996,0.40957043,0.5595752,0.080490574,0.16316125,0.07705754,0.04
295,-24.430105,0.39573827,0.80077016,0.06838276,0.15561485,0.06236614,0.04
296,-24.421324,0.39029106,1.1716399,0.07095834,0.15052657,0.062221333,0.04
297,-24.431328,0.40183452,0.45299566,0.06951089,0.15857361,0.06479189,0.04
298,-24.423645,0.39031142,1.0798692,0.07068587,0.15357241,0.055613805,0.04
299,-24.416782,0.41609076,1.2496161,0.0729356,0.15730345,0.054647185,0.04
300,-24.4355,0.4178497,0.5126839,0.07051017,0.16401553,0.059807062,0.04
301,-24.418028,0.40153545,1.1280273,0.0910312,0.15159798,0.07830655,0.04
302,-24.432714,0.4000373,0.72003484,0.08730216,0.1577905,0.07166854,0.04
303,-24.409306,0.39948767,1.370395,0.108891435,0.15760626,0.082130976,0.04
304,-24.426508,0.41936207,0.73328334,0.123956636,0.16673444,0.07461611,0.04
305,-24.422577,0.4205374,1.3665383,0.14176178,0.16465215,0.06856443,0.04
306,-24.436613,0.3974381,0.38729498,0.10432269,0.15746276,0.08215389,0.04
307,-24.407139,0.41595018,1.7576692,0.08045352,0.16565661,0.104489185,0.04
308,-24.402641,0.40648574,1.7232766,0.09657363,0.15991224,0.07339167,0.04
309,-24.423777,0.40871197,0.916358,0.06432076,0.16008416,0.059171062,0.04
310,-24.427944,0.38363305,0.56293887,0.07586592,0.148149,0.06612255,0.04
311,-24.418491,0.38764215,0.7875323,0.06165601,0.15004453,0.077153414,0.04
312,-24.423649,0.37936306,0.9621181,0.08204302,0.14837842,0.07058704,0.04
313,-24.436274,0.4078955,0.3893252,0.076262936,0.16059017,0.05599637,0.04
314,-24.43032,0.3901242,0.5796369,0.041450176,0.15330274,0.060949672,0.04
315,-24.424742,0.41978508,0.70577604,0.084650874,0.16284283,0.08472113,0.04
316,-24.433054,0.41043848,0.55491495,0.07144717,0.16196053,0.058727454,0.04
317,-24.427029,0.40267134,0.687714,0.06512583,0.16120829,0.06003137,0.04
318,-24.417168,0.40756872,1.3236386,0.109113455,0.1556464,0.061181266,0.04
319,-24.43441,0.40960294,0.38244116,0.07394931,0.15863739,0.07846383,0.04
320,-24.43064,0.40650243,0.47820598,0.08042858,0.16179498,0.067413464,0.04
321,-24.432598,0.40696576,0.43623227,0.09509115,0.16000491,0.07166092,0.04
322,-24.42529,0.38997042,0.6471998,0.08102708,0.15347387,0.059435293,0.04
323,-24.419132,0.44380936,1.2244871,0.0896616,0.1694784,0.07006641,0.04
324,-24.434359,0.39452344,0.31676242,0.097822316,0.1522367,0.08013703,0.04
325,-24.428406,0.40217328,0.4090023,0.07216099,0.15891922,0.06357301,0.04
326,-24.42921,0.4008604,0.811734,0.069374375,0.15484083,0.06021232,0.04
327,-24.417,0.39698258,1.4570724,0.08783372,0.16368029,0.13266946,0.04
328,-24.423344,0.41097832,0.74540347,0.08725143,0.16443998,0.09693867,0.04
329,-24.429829,0.40245304,0.8385098,0.082361445,0.15472114,0.08005933,0.04
330,-24.417416,0.3912593,1.1129992,0.06743894,0.15677558,0.062295403,0.04
331,-24.41568,0.39914042,1.4653146,0.073662005,0.15413806,0.065802634,0.04
332,-24.428448,0.39618936,0.82552737,0.0738986,0.15460753,0.06932599,0.04
333,-24.41867,0.38969293,1.472399,0.05900067,0.14862172,0.06533038,0.04
334,-24.424126,0.39115396,1.0347764,0.11687314,0.15365781,0.09107662,0.04
335,-24.434645,0.3994195,0.2878438,0.078530245,0.15993768,0.0683353,0.04
336,-24.43512,0.39436144,0.6895843,0.08767953,0.15512478,0.080236405,0.04
337,-24.403057,0.40263492,1.7573824,0.07518249,0.15889674,0.06353117,0.04
338,-24.433968,0.40125722,0.41551745,0.0817447,0.15750906,0.06472182,0.04
339,-24.421217,0.41148424,0.604697,0.11316793,0.16172509,0.06832135,0.04
340,-24.427109,0.40399817,0.6438938,0.064092875,0.15516864,0.08053061,0.04
341,-24.4312,0.40017685,0.706033,0.08537955,0.15525284,0.075196825,0.04
342,-24.422453,0.39039162,0.94814694,0.068248585,0.1492059,0.061813727,0.04
343,-24.437925,0.40118453,0.50672525,0.06922291,0.15631217,0.055881143,0.04
344,-24.426258,0.406203,0.7112367,0.057395466,0.15800154,0.0766715,0.04
345,-24.424477,0.38389248,0.7439051,0.08115234,0.15031448,0.06976803,0.04
346,-24.409285,0.39600834,1.5402284,0.07316207,0.15604492,0.06036633,0.04
347,-24.424,0.39167628,0.7206254,0.064686514,0.15536511,0.059838597,0.04
348,-24.431309,0.3835683,0.38827637,0.08818992,0.14632091,0.06575691,0.04
349,-24.411026,0.3850189,1.4058571,0.05836475,0.14921819,0.05774803,0.04
350,-24.421804,0.38194382,1.1788437,0.08544814,0.15104377,0.056563076,0.04
351,-24.4283,0.366648,0.94585466,0.05794575,0.14291576,0.05312849,0.04
352,-24.427544,0.39097407,1.223924,0.07342588,0.14818184,0.06809806,0.04
353,-24.417711,0.39434996,1.3450191,0.10108774,0.15239617,0.08020733,0.04
354,-24.422464,0.3938165,0.84912735,0.09047977,0.15303807,0.0708064,0.04
355,-24.438139,0.39049348,0.48689362,0.05541583,0.15449059,0.057037327,0.04
356,-24.428127,0.39446753,0.9905929,0.06457632,0.149675,0.06368553,0.04
357,-24.42744,0.37790504,0.92263335,0.072128065,0.14685015,0.0715117,0.04
358,-24.429968,0.3900027,0.8746457,0.0739293,0.15305544,0.07427199,0.04
359,-24.40963,0.37379363,1.4791201,0.04973489,0.14843206,0.05945661,0.04
360,-24.424664,0.38949206,0.7234748,0.106141105,0.15190127,0.086788334,0.04
361,-24.408604,0.40534687,1.512081,0.12231883,0.15734267,0.10095559,0.04
362,-24.432222,0.40576673,0.64912975,0.08293482,0.16014864,0.074914426,0.04
363,-24.4217,0.4032473,0.8875679,0.10050935,0.15893497,0.077396914,0.04
364,-24.416525,0.39867648,1.093429,0.0790218,0.15208718,0.06212811,0.04
365,-24.415646,0.3950166,1.3649327,0.0719784,0.15369856,0.05987679,0.04
366,-24.41127,0.39668417,1.4433733,0.09537627,0.15520649,0.0705964,0.04
367,-24.430807,0.39697105,1.021669,0.059092835,0.15874499,0.060342357,0.04
368,-24.422441,0.40761292,1.0637989,0.08002223,0.16140576,0.07376358,0.04
369,-24.41921,0.39064503,0.7881772,0.08832509,0.15467508,0.06075291,0.04
370,-24.433165,0.40560687,0.56980276,0.085600205,0.15765524,0.08133964,0.04
371,-24.421131,0.3942718,0.9643293,0.080298655,0.15385135,0.066388905,0.04
372,-24.414051,0.3958473,1.8581315,0.07546102,0.15578999,0.060157686,0.04
373,-24.411274,0.41157985,1.3426815,0.07969492,0.15988204,0.06316493,0.04
374,-24.399128,0.417821,1.9964913,0.072832674,0.16018197,0.066404216,0.04
375,-24.428959,0.40026903,1.0976447,0.105784886,0.15850633,0.09262573,0.04
376,-24.423594,0.3890004,0.75859606,0.08775032,0.15188336,0.07035909,0.04
377,-24.411762,0.40027198,1.1780422,0.09151818,0.15376616,0.07349915,0.04
378,-24.414537,0.41587645,1.0417627,0.103898816,0.15430444,0.07790458,0.04
379,-24.428535,0.40772158,0.6734286,0.059084967,0.1609213,0.07334758,0.04
380,-24.436888,0.41029495,0.70280814,0.13900484,0.15510753,0.08886299,0.04
381,-24.428118,0.39849126,0.65725434,0.058198787,0.15542279,0.07349082,0.04
382,-24.416079,0.37962395,1.0281798,0.07548538,0.14921083,0.06604383,0.04
383,-24.427988,0.4207415,0.53852797,0.06599408,0.16275102,0.08884186,0.04
384,-24.431755,0.399558,0.5250564,0.05975785,0.15465038,0.06645878,0.04
385,-24.421885,0.39077204,1.2357789,0.07158935,0.15573113,0.05502382,0.04
386,-24.42136,0.38957468,0.92906386,0.09347083,0.15349191,0.05779678,0.04
387,-24.414043,0.39432406,1.57542,0.0632641,0.15809967,0.062632844,0.04
388,-24.434048,0.39570025,0.34661025,0.099496596,0.15656327,0.08646312,0.04
389,-24.421047,0.39760792,0.86264676,0.08118546,0.15838654,0.07142604,0.04
390,-24.429218,0.393493,0.78242445,0.098939225,0.1521222,0.07108453,0.04
391,-24.43734,0.38784516,0.34848928,0.08813895,0.15257289,0.064060144,0.04
392,-24.435486,0.38589603,0.30447894,0.050775103,0.14952838,0.06599774,0.04
393,-24.423746,0.39785388,0.7544219,0.09125156,0.15638486,0.06650088,0.04
394,-24.414398,0.3899353,1.3027216,0.09091336,0.15263163,0.06083044,0.04
395,-24.436749,0.3843587,0.40880382,0.10510117,0.15152504,0.08025655,0.04
396,-24.412996,0.3874274,1.0797505,0.09591282,0.14905794,0.07197438,0.04
397,-24.416166,0.40022007,1.3028396,0.08312659,0.15686977,0.08029892,0.04
398,-24.413893,0.39011177,0.9184674,0.09479155,0.15179232,0.074511155,0.04
399,-24.422586,0.39909995,0.7966286,0.072206095,0.15520874,0.0683716,0.04
400,-24.423811,0.38976264,0.48129115,0.07644235,0.15069856,0.08664022,0.04
401,-24.42418,0.40963843,0.85507774,0.093389526,0.15758725,0.08280495,0.04
402,-24.42016,0.42035723,0.9785702,0.058569726,0.16665381,0.07678671,0.04
403,-24.441343,0.3862823,0.2959458,0.093275815,0.15141723,0.06217765,0.04
404,-24.427954,0.39231768,0.50730467,0.06429259,0.15661488,0.07235052,0.04
405,-24.428637,0.37962198,0.572832,0.049350865,0.14419383,0.062565655,0.04
406,-24.428335,0.39336553,0.4003955,0.08037683,0.15570205,0.060040656,0.04
407,-24.421144,0.46857387,1.1952729,0.24855547,0.19372788,0.19394593,0.04
408,-24.41982,0.40295815,0.98595965,0.13357638,0.1570071,0.09793179,0.04
409,-24.426735,0.39054012,0.8632808,0.102441296,0.15561438,0.08456589,0.04
410,-24.438972,0.39800727,0.3199341,0.11325768,0.15793209,0.071513824,0.04
411,-24.426403,0.39664093,0.933897,0.072815225,0.15717079,0.06224369,0.04
412,-24.419662,0.3896416,0.85977215,0.048835803,0.15332812,0.064650685,0.04
413,-24.431463,0.37822288,0.71747524,0.06552603,0.14729626,0.056602888,0.04
414,-24.426128,0.39227453,0.7717003,0.05651712,0.15359665,0.057341997,0.04
415,-24.421062,0.40833867,0.9425229,0.08484925,0.15765958,0.0720288,0.04
416,-24.431684,0.38693303,0.4244189,0.08017224,0.14656518,0.079274274,0.04
417,-24.419765,0.40664032,0.86218405,0.0690108,0.15727195,0.07063795,0.04
418,-24.437395,0.40422654,0.38415417,0.09180473,0.1582301,0.06411747,0.04
419,-24.443375,0.39783317,0.429598,0.048558623,0.15370427,0.06451674,0.04
420,-24.437168,0.39553958,0.71753585,0.059911486,0.15367226,0.082752965,0.04
421,-24.40623,0.40286008,1.4571978,0.092592254,0.15361921,0.08251139,0.04
422,-24.430614,0.40419197,0.65874183,0.057255402,0.15979297,0.06488595,0.04
423,-24.423567,0.40077436,0.9860586,0.09366856,0.15599222,0.054802258,0.04
424,-24.413942,0.39350283,1.4884408,0.06766989,0.1550092,0.058114447,0.04
425,-24.425722,0.39018756,0.41830903,0.0980525,0.14955461,0.077950425,0.04
426,-24.428398,0.38904658,0.8845609,0.065201044,0.15539852,0.056200653,0.04
427,-24.441797,0.38130614,0.34002537,0.0676968,0.14731087,0.059427466,0.04
428,-24.424948,0.38574836,0.6691049,0.085085794,0.1508151,0.066772476,0.04
429,-24.429113,0.39495733,0.8036613,0.11522866,0.16300863,0.1282187,0.04
430,-24.431482,0.38355535,0.5717496,0.06705544,0.14644164,0.08417146,0.04
431,-24.438913,0.3945744,0.2947644,0.08228515,0.15756916,0.06331982,0.04
432,-24.4248,0.41835073,0.63702154,0.1034282,0.1675901,0.08047466,0.04
433,-24.425428,0.3901295,1.1455745,0.11529616,0.14935166,0.083152324,0.04
434,-24.412497,0.38581756,1.4516752,0.06602138,0.14725533,0.063896656,0.04
435,-24.425293,0.36785972,0.81660664,0.060407158,0.14343607,0.06371631,0.04
436,-24.429134,0.3939973,0.71147686,0.0734474,0.15303302,0.07440322,0.04
437,-24.427097,0.38012487,0.81664443,0.09218541,0.15040073,0.06284748,0.04
438,-24.43707,0.38994166,0.49520347,0.066320896,0.15333267,0.06278554,0.04
439,-24.411673,0.39295205,1.5693436,0.09052148,0.15629503,0.059104443,0.04
440,-24.423502,0.39486122,1.1791353,0.05300968,0.15539108,0.060404327,0.04
441,-24.43341,0.38169914,0.65368754,0.06253294,0.14841393,0.055974267,0.04
442,-24.415888,0.3971583,1.6546448,0.053582788,0.15581514,0.057391822,0.04
443,-24.442558,0.3878651,0.36927447,0.06793792,0.15244903,0.07073897,0.04
444,-24.423552,0.39211076,0.75518847,0.0712964,0.15445764,0.061461095,0.04
445,-24.422182,0.40720516,0.6994024,0.08345173,0.15710078,0.09039301,0.04
446,-24.428696,0.39706928,0.7805126,0.10436524,0.15529075,0.07404279,0.04
447,-24.431276,0.3863478,0.57945323,0.07920914,0.15292534,0.06853413,0.04
448,-24.420387,0.38248232,1.0662721,0.07405878,0.14948441,0.052323867,0.04
449,-24.422176,0.3776295,1.0940995,0.07124774,0.14741512,0.079397745,0.04
450,-24.419687,0.38283497,1.3992711,0.05989385,0.14943141,0.06190345,0.04
451,-24.44195,0.3875199,0.45078737,0.06163434,0.15276244,0.059843898,0.04
452,-24.413918,0.3766832,1.7908652,0.04871752,0.14845514,0.06176685,0.04
453,-24.439795,0.38713723,0.30716112,0.07982998,0.15245447,0.06604795,0.04
454,-24.434202,0.38792092,0.53900343,0.10212894,0.15351956,0.07172699,0.04
455,-24.440313,0.3892283,0.27359942,0.0934634,0.15275292,0.0640227,0.04
456,-24.426146,0.40677014,0.51930493,0.12746145,0.1585143,0.08817548,0.04
457,-24.425434,0.3871627,0.92255723,0.06038248,0.14921346,0.06269023,0.04
458,-24.44246,0.37401715,0.25922903,0.064361505,0.14573184,0.05431109,0.04
459,-24.432926,0.39357308,0.404846,0.061381202,0.15432684,0.074277885,0.04
460,-24.422504,0.3722855,0.8966017,0.08513737,0.14251022,0.074410714,0.04
461,-24.436861,0.40406734,0.34103975,0.10347839,0.16219659,0.084948756,0.04
462,-24.438816,0.3957375,0.35204142,0.10068648,0.15977502,0.107813224,0.04
463,-24.42651,0.39552516,0.64760095,0.10134167,0.15337743,0.07163505,0.04
464,-24.437077,0.4130696,0.34167713,0.10978264,0.1678285,0.11650517,0.04
465,-24.41717,0.41693205,1.0737394,0.0586808,0.1642554,0.06134491,0.04
466,-24.413172,0.41763103,1.2484632,0.0615519,0.16080163,0.07247445,0.04
467,-24.404203,0.3863488,1.359079,0.08578034,0.14793757,0.063406,0.04
468,-24.424809,0.4078014,0.981393,0.07277289,0.15900981,0.05871529,0.04
469,-24.40577,0.38056183,1.418101,0.08048981,0.14846008,0.05428147,0.04
470,-24.399706,0.38535485,2.1350968,0.08068448,0.1511009,0.06607176,0.04
471,-24.412886,0.40785012,1.5751426,0.115935504,0.16881523,0.12013411,0.04
472,-24.429132,0.40993673,0.91950417,0.080978684,0.15981343,0.08269597,0.04
473,-24.425608,0.38631228,0.8946026,0.07780331,0.14853793,0.06882524,0.04
474,-24.42479,0.3836821,1.2393169,0.061113082,0.14757542,0.06845546,0.04
475,-24.402664,0.4031765,1.7854171,0.101811185,0.15654047,0.0786741,0.04
476,-24.43625,0.37159622,0.32332093,0.064303406,0.14836301,0.06266937,0.04
477,-24.444304,0.3910269,0.4821812,0.07481383,0.15231468,0.07743368,0.04
478,-24.435413,0.39626613,0.45536652,0.08078917,0.15458816,0.057663053,0.04
479,-24.41864,0.4063354,0.9657922,0.058683295,0.15604079,0.07834824,0.04
480,-24.431746,0.39792603,0.6420482,0.084270254,0.16151775,0.06501261,0.04
481,-24.430277,0.39951444,0.48597267,0.09808583,0.15528505,0.06680011,0.04
482,-24.415165,0.40156513,1.2332804,0.06750172,0.15936139,0.058711074,0.04
483,-24.407015,0.38037917,1.430491,0.07723206,0.14896882,0.060222838,0.04
484,-24.435305,0.37805006,0.44356158,0.080021806,0.14522372,0.060753565,0.04
485,-24.422674,0.3810296,1.1321018,0.057149027,0.14698896,0.054431487,0.04
486,-24.439325,0.37116063,0.4807668,0.08083459,0.14419226,0.059306152,0.04
487,-24.409454,0.3947542,1.5919728,0.054594293,0.15108801,0.052550506,0.04
488,-24.41549,0.41180867,1.4158605,0.11375462,0.16120745,0.05582471,0.04
489,-24.434103,0.38578513,0.71176106,0.05783649,0.14888035,0.05338823,0.04
490,-24.413038,0.3947625,1.188099,0.056599848,0.15515357,0.063464485,0.04
491,-24.42218,0.41434276,0.972569,0.05720304,0.1648555,0.05585832,0.04
492,-24.420008,0.39912957,0.9430782,0.06451042,0.15483941,0.0695712,0.04
493,-24.419151,0.4114571,1.0801685,0.08826872,0.16348897,0.09576089,0.04
494,-24.419327,0.38458917,1.084913,0.12710422,0.15091182,0.073909074,0.04
495,-24.41606,0.41617283,1.3821701,0.10591632,0.16418552,0.07279538,0.04
496,-24.418043,0.3960938,0.9445556,0.11653848,0.1535555,0.08010511,0.04
497,-24.4258,0.36574927,0.741192,0.08199249,0.14039688,0.06227513,0.04
498,-24.433075,0.39220548,0.4878188,0.06266913,0.15510301,0.060664825,0.04
499,-24.439556,0.38287842,0.28686363,0.06280772,0.15137477,0.05816526,0.04
500,-24.422756,0.3765468,0.992108,0.07179889,0.14564437,0.060206436,0.04
501,-24.434578,0.40565532,0.39258516,0.067144364,0.16334125,0.057358623,0.04
502,-24.41695,0.3809387,0.8394378,0.046400506,0.14778206,0.058567856,0.04
503,-24.419764,0.40173095,1.1203501,0.05035832,0.15941621,0.056177747,0.04
504,-24.430498,0.3875887,0.9094167,0.0701193,0.15057507,0.047393356,0.04
505,-24.432726,0.3811179,0.40697196,0.057294615,0.14984979,0.061514992,0.04
506,-24.416637,0.36967966,1.2419735,0.07348785,0.14262229,0.054239865,0.04
507,-24.419739,0.38964173,0.90436554,0.06182404,0.15335171,0.055231966,0.04
508,-24.430836,0.38098165,0.6239816,0.07684175,0.14813243,0.067213796,0.04
509,-24.422375,0.37855724,0.8119584,0.08634441,0.14811005,0.060482997,0.04
510,-24.442598,0.40500963,0.294416,0.059982393,0.16264786,0.07015103,0.04
511,-24.414753,0.4089064,0.9306635,0.07810171,0.16139719,0.059430152,0.04
512,-24.437447,0.42342964,0.30325758,0.110652134,0.16750056,0.09269072,0.04
513,-24.428226,0.40184096,0.53600395,0.06917926,0.15391815,0.063143305,0.04
514,-24.425758,0.39928523,0.8597399,0.058435645,0.1540795,0.057532195,0.04
515,-24.424984,0.38225237,0.9892618,0.103987396,0.1502943,0.067303285,0.04
516,-24.428793,0.37493476,0.7937986,0.05980969,0.14067744,0.071157664,0.04
517,-24.424675,0.39023513,0.91285264,0.089729145,0.15510981,0.05688905,0.04
518,-24.436522,0.37869614,0.32688674,0.06303153,0.14990976,0.064321965,0.04
519,-24.423845,0.38827795,0.7461353,0.07222181,0.15181962,0.062803365,0.04
520,-24.43162,0.3858624,0.87250406,0.07543902,0.14561595,0.060416356,0.04
521,-24.429928,0.39821383,0.75530857,0.06431566,0.15626813,0.0752204,0.04
522,-24.431269,0.39991763,0.50829816,0.08368729,0.15958484,0.1012734,0.04
523,-24.435171,0.37265566,0.38044843,0.07089297,0.14203815,0.06723838,0.04
524,-24.439337,0.38545167,0.27537298,0.09650834,0.15151988,0.05800333,0.04
525,-24.427565,0.37441856,0.56743306,0.06473786,0.14654578,0.062768094,0.04
526,-24.414812,0.37785986,1.2433784,0.0882488,0.14899772,0.06573643,0.04
527,-24.430828,0.38880315,1.1521126,0.06784675,0.15177114,0.06522706,0.04
528,-24.422655,0.38352552,1.0322928,0.050119933,0.14812347,0.060128268,0.04
529,-24.418781,0.39507225,1.1390015,0.058946233,0.15884958,0.055077594,0.04
530,-24.4301,0.37873533,0.84005797,0.074604884,0.14441666,0.07989448,0.04
531,-24.412395,0.40030974,0.95680887,0.065099366,0.1561671,0.060371406,0.04
532,-24.420122,0.39765617,1.097949,0.06342931,0.15921107,0.058110207,0.04
533,-24.408186,0.38114178,2.0185447,0.054647464,0.14849001,0.053600308,0.04
534,-24.420359,0.40507582,1.0496637,0.063698314,0.1583695,0.061375223,0.04
535,-24.421097,0.3862311,0.75141215,0.047435377,0.14982098,0.062580034,0.04
536,-24.43204,0.3896325,0.8447321,0.093168795,0.15478054,0.07201773,0.04
537,-24.436657,0.3947321,0.57739395,0.07842049,0.1512061,0.06258075,0.04
538,-24.420273,0.39980954,1.4192692,0.07785024,0.1511268,0.09267037,0.04
539,-24.420671,0.37577078,0.86915064,0.047242507,0.14768352,0.057695754,0.04
540,-24.401999,0.39510405,1.8748169,0.073685065,0.15800728,0.054586772,0.04
541,-24.447332,0.37565705,0.49043795,0.05031976,0.14563285,0.05200754,0.04
542,-24.427086,0.3865425,0.6492555,0.067266405,0.15152879,0.057269838,0.04
543,-24.418951,0.36719102,1.4077609,0.047086738,0.14463001,0.055867493,0.04
544,-24.438019,0.3803745,0.35492668,0.0717167,0.14788996,0.053387344,0.04
545,-24.42341,0.40562737,1.0662663,0.059004094,0.15455921,0.07293718,0.04
546,-24.440956,0.38420948,0.40754443,0.08563218,0.14961421,0.080439225,0.04
547,-24.429052,0.3836547,0.87515706,0.059517857,0.14922607,0.059342973,0.04
548,-24.43062,0.37162852,0.6474146,0.116483375,0.14509153,0.089050196,0.04
549,-24.412008,0.39851812,1.257253,0.09960806,0.15658435,0.08761148,0.04
550,-24.419853,0.3832779,1.2334473,0.09881258,0.14727904,0.08086946,0.04
551,-24.415297,0.4062839,1.3803352,0.09706693,0.15714793,0.070006765,0.04
552,-24.423231,0.4049451,0.9984704,0.05271254,0.16014466,0.06097719,0.04
553,-24.405237,0.38507357,1.7356068,0.06789215,0.15054111,0.067442656,0.04
554,-24.416836,0.39113227,1.2949146,0.09039706,0.15304063,0.0703926,0.04
555,-24.425976,0.3948889,0.5765236,0.11238322,0.15280813,0.080640756,0.04
556,-24.411655,0.3868051,1.660584,0.06898228,0.15372199,0.062354174,0.04
557,-24.42875,0.41217333,0.9758462,0.085285865,0.15969785,0.0778099,0.04
558,-24.413603,0.38720807,1.0934176,0.056605197,0.14994605,0.07350089,0.04
559,-24.426035,0.37757424,0.6309436,0.058449287,0.14684607,0.074347354,0.04
560,-24.41952,0.37853613,1.6316257,0.09261523,0.14838004,0.06451072,0.04
561,-24.430325,0.38532063,0.739841,0.08139903,0.14846118,0.060964372,0.04
562,-24.42298,0.3914645,0.8281611,0.0643289,0.15352897,0.054416876,0.04
563,-24.439333,0.38973144,0.5456359,0.060546756,0.1516983,0.07107443,0.04
564,-24.413773,0.40441105,1.4395725,0.07169806,0.15940839,0.0597836,0.04
565,-24.432371,0.38323066,0.47901735,0.11034372,0.14722826,0.07414762,0.04
566,-24.425077,0.3849702,0.89769924,0.11642197,0.14988023,0.09079348,0.04
567,-24.418081,0.3788567,0.9011067,0.07825599,0.15119761,0.080490455,0.04
568,-24.417507,0.39197746,1.1386229,0.07611739,0.15365033,0.07980303,0.04
569,-24.429415,0.37482706,0.62514067,0.076984845,0.14582671,0.059785802,0.04
570,-24.426672,0.38050348,0.99345595,0.092663005,0.14855897,0.06503741,0.04
571,-24.43316,0.37944034,0.4957251,0.0932864,0.14745475,0.06653802,0.04
572,-24.414295,0.39947975,0.9194647,0.058153067,0.15896837,0.05379606,0.04
573,-24.426943,0.3810817,0.8778568,0.09019469,0.14699839,0.07777463,0.04
574,-24.422281,0.38353813,1.4405034,0.054425452,0.1488955,0.059176315,0.04
575,-24.429836,0.38287613,0.79474026,0.07158615,0.14985342,0.062243786,0.04
576,-24.42113,0.3792439,0.7749325,0.07019874,0.14787267,0.06506224,0.04
577,-24.43431,0.39474922,0.6473707,0.05164291,0.15673766,0.05493093,0.04
578,-24.428356,0.37910315,0.54116225,0.090985425,0.14689884,0.07872891,0.04
579,-24.424324,0.39035502,0.7443388,0.052265532,0.1534188,0.060511414,0.04
580,-24.403095,0.38784927,2.1061268,0.056803595,0.15183772,0.05232351,0.04
581,-24.412235,0.38757706,1.3471054,0.064835034,0.15085939,0.066014186,0.04
582,-24.415937,0.38974366,1.2926834,0.08485458,0.15575288,0.07940924,0.04
583,-24.426243,0.40519583,0.72610116,0.049357556,0.1591547,0.054002948,0.04
584,-24.413673,0.37925434,1.4360596,0.055911753,0.14952789,0.062241055,0.04
585,-24.426792,0.368184,0.7263611,0.056309618,0.14559688,0.049874697,0.04
586,-24.423895,0.38664207,1.0072253,0.0793631,0.1518882,0.061841797,0.04
587,-24.419968,0.38882136,1.1367451,0.07687211,0.15239319,0.06097493,0.04
588,-24.427702,0.37521568,0.5519534,0.089069836,0.14509214,0.081499554,0.04
589,-24.419653,0.39417556,1.1928319,0.06491011,0.15271142,0.06269846,0.04
590,-24.426949,0.38365376,0.6770068,0.055497777,0.15006384,0.057058472,0.04
591,-24.41331,0.4047881,1.1790056,0.066484675,0.16057031,0.05597688,0.04
592,-24.420921,0.38848406,1.3471966,0.096991144,0.1539162,0.11027905,0.04
593,-24.413078,0.38226956,1.1051893,0.07474503,0.1502261,0.06564193,0.04
594,-24.429482,0.39368698,0.86161065,0.09520445,0.15035814,0.06326857,0.04
595,-24.42361,0.37414718,1.0279757,0.0639058,0.14573228,0.05433814,0.04
596,-24.425453,0.37864783,0.8905029,0.05668969,0.1495985,0.050606668,0.04
597,-24.425707,0.39196235,0.6309812,0.06584241,0.15441872,0.04909244,0.04
598,-24.423931,0.4000997,0.9500779,0.06942243,0.15347788,0.057798762,0.04
599,-24.436934,0.38004592,0.6510203,0.072979465,0.14935152,0.05476425,0.04
600,-24.42986,0.40197235,0.70933396,0.07658959,0.15674049,0.06495802,0.04
601,-24.431545,0.40008295,0.67033476,0.13296753,0.15685809,0.08362901,0.04
602,-24.430191,0.39511472,0.63023525,0.06603934,0.15559594,0.06551374,0.04
603,-24.437418,0.38762242,0.3005301,0.08677003,0.15294744,0.053744085,0.04
604,-24.417454,0.40924,1.2822602,0.056875013,0.15748803,0.06940948,0.04
605,-24.428799,0.37656793,0.6794352,0.059827797,0.14684679,0.05910115,0.04
606,-24.419582,0.36094493,1.0318196,0.050974187,0.14249556,0.04960529,0.04
607,-24.436735,0.3754091,0.40518296,0.0448573,0.14553623,0.050891645,0.04
608,-24.427505,0.3712107,0.89948696,0.045642003,0.14570752,0.05852633,0.04
609,-24.432318,0.369726,0.5294535,0.073243015,0.14789437,0.063904695,0.04
610,-24.416336,0.3645445,1.4357151,0.06499627,0.14442562,0.054043386,0.04
611,-24.436117,0.3892904,0.56384814,0.067726664,0.15104331,0.05774908,0.04
612,-24.413593,0.38291577,1.5253996,0.06440004,0.14905307,0.05718872,0.04
613,-24.423233,0.39918864,0.91667324,0.07978569,0.15642038,0.085015744,0.04
614,-24.441992,0.3799513,0.49281755,0.06714704,0.14600651,0.052821957,0.04
615,-24.409925,0.41732895,1.5727767,0.06639685,0.162209,0.047380425,0.04
616,-24.429796,0.40236577,0.5708435,0.12432472,0.15691508,0.088251635,0.04
617,-24.416843,0.3651927,1.2981666,0.07642677,0.14273866,0.067209,0.04
618,-24.422337,0.40273267,0.80714166,0.06664411,0.15274993,0.057813194,0.04
619,-24.403425,0.3784053,1.6555774,0.07993285,0.14960551,0.05796604,0.04
620,-24.416471,0.3869048,1.3262193,0.07798232,0.1477465,0.06852677,0.04
621,-24.425192,0.39390978,0.86323076,0.093459,0.14938338,0.07441473,0.04
622,-24.425676,0.37495366,0.47368696,0.042312704,0.1459194,0.0566456,0.04
623,-24.42754,0.3824325,0.5987924,0.07103058,0.14872286,0.06414588,0.04
624,-24.42949,0.38278598,0.6497236,0.07157285,0.14804591,0.058801964,0.04
625,-24.436531,0.37976128,0.4017625,0.07010752,0.15197958,0.053970292,0.04
626,-24.415356,0.3781801,1.2942495,0.07053578,0.14809574,0.055320397,0.04
627,-24.431377,0.3669597,0.85013366,0.06777807,0.14005573,0.053305954,0.04
628,-24.449697,0.38795236,0.36064154,0.068071164,0.15184714,0.06421614,0.04
629,-24.424738,0.38030985,0.914506,0.05969382,0.14773431,0.05555006,0.04
630,-24.441633,0.39463165,0.3366383,0.07132211,0.15573855,0.06491438,0.04
631,-24.438911,0.39362985,0.60570043,0.09490629,0.14935987,0.057038777,0.04
632,-24.423954,0.36573732,0.9438582,0.076042995,0.14284313,0.054682072,0.04
633,-24.429754,0.3849805,0.82750803,0.06573241,0.1517078,0.047749426,0.04
634,-24.42544,0.36969733,1.0070667,0.07971703,0.1399469,0.05432065,0.04
635,-24.447502,0.3822556,0.3769316,0.04022883,0.14829953,0.055025544,0.04
636,-24.428667,0.3920137,0.5496411,0.076170854,0.15494582,0.060800023,0.04
637,-24.422787,0.38315523,0.7120471,0.072169624,0.15154912,0.056405146,0.04
638,-24.424726,0.38359895,0.7242141,0.061575577,0.15249717,0.055543464,0.04
639,-24.422068,0.3771737,0.8571179,0.06500235,0.14955515,0.04661583,0.04
640,-24.43433,0.3746764,0.76684123,0.079222694,0.14749688,0.07376529,0.04
641,-24.430567,0.38184482,0.6015618,0.062363114,0.1477495,0.060384378,0.04
642,-24.419884,0.3645313,0.59801066,0.06250395,0.14147419,0.054233212,0.04
643,-24.423761,0.3814429,1.1343315,0.09489282,0.15397327,0.0678623,0.04
644,-24.432926,0.3994937,0.7992569,0.11007665,0.15563215,0.0768002,0.04
645,-24.428574,0.37556157,0.9157643,0.08470895,0.14615539,0.061195258,0.04
646,-24.421402,0.3792417,0.9266523,0.06760747,0.1478997,0.05825054,0.04
647,-24.444153,0.39261442,0.37935743,0.06954345,0.15671721,0.049390938,0.04
648,-24.417408,0.3943513,1.3737909,0.056832287,0.1527648,0.053480152,0.04
649,-24.434433,0.38571185,0.45509994,0.058234535,0.15274578,0.05390808,0.04
650,-24.41359,0.39847562,1.6289725,0.08798433,0.1548171,0.062323507,0.04
651,-24.41461,0.3794132,1.4648564,0.06948136,0.14489056,0.062062718,0.04
652,-24.421495,0.40037602,1.0732251,0.052935563,0.15549943,0.054002363,0.04
653,-24.40637,0.37799174,1.6927587,0.04440005,0.14931826,0.05208432,0.04
654,-24.416803,0.4002119,1.1809186,0.076282755,0.15866546,0.09001668,0.04
655,-24.430347,0.38345748,0.4872519,0.059798136,0.15209582,0.072847575,0.04
656,-24.427746,0.39308622,0.6033411,0.12185865,0.15253927,0.096622154,0.04
657,-24.421282,0.3949779,0.74305344,0.06939969,0.15543485,0.07549549,0.04
658,-24.407785,0.39817294,1.2776899,0.07289991,0.15655331,0.051614754,0.04
659,-24.429718,0.364409,0.6159361,0.064722866,0.14242907,0.052287795,0.04
660,-24.418833,0.38749254,1.1076089,0.069111824,0.15069607,0.05634273,0.04
661,-24.437254,0.38717794,0.57145274,0.09855012,0.14959404,0.103548765,0.04
662,-24.438782,0.37261114,0.262445,0.08575058,0.14564554,0.076464914,0.04
663,-24.422413,0.39388642,1.023561,0.071685225,0.15331596,0.059341997,0.04
664,-24.434126,0.37495342,0.9470691,0.046998408,0.14796045,0.050799828,0.04
665,-24.435606,0.38133475,0.41795018,0.07200003,0.15018655,0.052274823,0.04
666,-24.424711,0.37127167,1.0436076,0.053033,0.14411558,0.055539794,0.04
667,-24.433907,0.38414907,0.45633307,0.062388286,0.14746043,0.067841314,0.04
668,-24.436834,0.38434106,0.3455683,0.041910984,0.15137424,0.049502026,0.04
669,-24.430023,0.38469183,0.6214613,0.050406422,0.15167232,0.05484331,0.04
670,-24.42789,0.39504984,0.5991109,0.084288076,0.15318222,0.06836029,0.04
671,-24.435303,0.38841474,0.47991577,0.11333021,0.1543095,0.070935786,0.04
672,-24.437634,0.36636788,0.53050566,0.061213486,0.14295663,0.05565156,0.04
673,-24.411999,0.38824883,1.7250224,0.082274176,0.15237196,0.0504376,0.04
674,-24.429445,0.36594358,0.5011358,0.069515906,0.1434119,0.061871253,0.04
675,-24.418652,0.40464184,1.204321,0.061290573,0.159321,0.054669257,0.04
676,-24.419851,0.3709541,0.84871644,0.06108611,0.14631505,0.052530993,0.04
677,-24.415462,0.38253105,0.98859894,0.0674305,0.14977029,0.06637954,0.04
678,-24.42524,0.38484734,0.5549597,0.05480533,0.14952609,0.05163473,0.04
679,-24.433254,0.3770551,0.3715782,0.09024198,0.1489208,0.06306368,0.04
680,-24.414528,0.38557303,1.2310576,0.086042814,0.15152347,0.058899578,0.04
681,-24.4368,0.38256994,0.43386427,0.06372461,0.14565945,0.06347781,0.04
682,-24.41694,0.38082072,1.1415277,0.08028232,0.15047449,0.057284385,0.04
683,-24.43096,0.3702505,0.46741945,0.06448845,0.14805202,0.077041924,0.04
684,-24.421137,0.3974687,0.7811655,0.08309347,0.15408047,0.091398306,0.04
685,-24.43334,0.36844763,0.5962294,0.06074656,0.14283544,0.05681232,0.04
686,-24.409412,0.3911787,1.8032774,0.07795846,0.15288228,0.06765905,0.04
687,-24.421629,0.37373677,1.0780089,0.053629298,0.14629413,0.058936346,0.04
688,-24.421036,0.39193368,0.98723644,0.07903961,0.14945808,0.055827804,0.04
689,-24.432703,0.38787276,0.70602787,0.05600435,0.15229428,0.051836718,0.04
690,-24.42416,0.39650747,0.7313484,0.10413326,0.1570593,0.075365335,0.04
691,-24.414223,0.39143345,1.3723263,0.0646852,0.1515527,0.06246673,0.04
692,-24.418285,0.38928786,1.4291701,0.053128213,0.15053383,0.053310134,0.04
693,-24.432775,0.39498317,0.3784012,0.06352496,0.15189953,0.056008175,0.04
694,-24.426643,0.37826195,0.7144553,0.08379203,0.14493851,0.055894524,0.04
695,-24.433008,0.39761943,0.7054732,0.091324165,0.1541799,0.10688541,0.04
696,-24.415955,0.40216586,1.6861122,0.056050096,0.15212919,0.06436309,0.04
697,-24.430164,0.40170628,0.64595425,0.07058708,0.15873753,0.054417197,0.04
698,-24.409443,0.39025515,1.1235284,0.056670446,0.1509481,0.07286041,0.04
699,-24.433271,0.3885461,0.8682178,0.068950854,0.14837207,0.05413571,0.04
700,-24.41498,0.38096634,1.4401459,0.06274455,0.14898178,0.05764573,0.04
701,-24.420387,0.3962945,1.4192013,0.10295349,0.15652236,0.060080167,0.04
702,-24.418644,0.37401134,1.1349028,0.07805979,0.14636728,0.063536994,0.04
703,-24.429573,0.3901531,0.7875574,0.07129382,0.1501928,0.05825135,0.04
704,-24.424473,0.38552892,1.03279,0.05818332,0.15112308,0.059274413,0.04
705,-24.421446,0.39565083,1.0093939,0.08210502,0.1549701,0.064979926,0.04
706,-24.421904,0.39433244,0.606714,0.09098151,0.15400405,0.06912858,0.04
707,-24.425594,0.36321977,0.6330469,0.052433226,0.13974041,0.050898243,0.04
708,-24.433962,0.37060854,0.5911302,0.06628689,0.1438842,0.06338659,0.04
709,-24.419035,0.39064458,1.6439993,0.050545886,0.15176804,0.05340633,0.04
710,-24.431602,0.38659528,0.6055834,0.09334429,0.15197878,0.07843701,0.04
711,-24.438784,0.40794986,0.38293296,0.04800546,0.16297373,0.049232107,0.04
712,-24.424885,0.38795972,0.98423976,0.06359119,0.15014249,0.058786254,0.04
713,-24.437347,0.38587177,0.48150963,0.07637247,0.15239446,0.05216512,0.04
714,-24.417442,0.37145343,0.8471236,0.07388328,0.14740144,0.048750233,0.04
715,-24.432648,0.37940624,0.9762168,0.06860002,0.14846267,0.06971602,0.04
716,-24.415531,0.38270232,1.0289665,0.07360474,0.14871573,0.07538659,0.04
717,-24.431381,0.3923772,0.54021233,0.05084796,0.15363842,0.060995456,0.04
718,-24.41156,0.37538168,1.5195197,0.061151896,0.14603841,0.04975573,0.04
719,-24.43656,0.37325126,0.6884121,0.054288786,0.14466609,0.059453193,0.04
720,-24.42422,0.3824561,0.86087227,0.067004934,0.14963116,0.06262504,0.04
721,-24.432709,0.3836182,0.6250336,0.052859727,0.14828075,0.050711904,0.04
722,-24.438047,0.37077272,0.4181671,0.06850443,0.14385337,0.048743475,0.04
723,-24.429008,0.3717083,0.8129499,0.067180976,0.14624602,0.073786244,0.04
724,-24.424417,0.38868228,0.8749672,0.070646115,0.15554468,0.06473277,0.04
725,-24.42148,0.4033519,0.8714485,0.057292275,0.15701993,0.06845113,0.04
726,-24.415173,0.39715752,1.0756706,0.046052232,0.15493459,0.05342611,0.04
727,-24.4294,0.39091262,0.9893044,0.078610145,0.15222923,0.05983739,0.04
728,-24.424723,0.41164848,0.8228332,0.07412878,0.16247757,0.06653787,0.04
729,-24.42305,0.37537977,0.86488456,0.06677453,0.14853759,0.06264855,0.04
730,-24.417246,0.3831413,0.83699936,0.05251709,0.14668639,0.075395495,0.04
731,-24.42221,0.3779798,0.94135237,0.08275301,0.1476241,0.06204918,0.04
732,-24.446056,0.37501216,0.39947715,0.06159515,0.14459153,0.052132014,0.04
733,-24.425394,0.35826272,0.9597786,0.09248006,0.14059263,0.06498076,0.04
734,-24.431543,0.36116686,0.5929223,0.07846032,0.13929115,0.053787146,0.04
735,-24.427246,0.3826849,0.6075765,0.093235314,0.14988387,0.059031133,0.04
736,-24.416586,0.39011866,1.0974749,0.04864358,0.15079162,0.056188412,0.04
737,-24.411121,0.36866355,1.3167541,0.082244664,0.14420104,0.06643447,0.04
738,-24.438406,0.38216364,0.5416852,0.07151608,0.15400787,0.06500913,0.04
739,-24.417105,0.3788618,0.7978866,0.09500796,0.14678085,0.06859144,0.04
740,-24.41694,0.38480106,0.6633789,0.06626085,0.15032883,0.060349464,0.04
741,-24.429796,0.37274328,0.8597036,0.06375465,0.14545435,0.052200206,0.04
742,-24.409012,0.3950952,1.1437389,0.07517114,0.15631469,0.069057204,0.04
743,-24.428452,0.36529407,0.67050254,0.06763796,0.1434967,0.056433026,0.04
744,-24.415579,0.35673636,1.1752751,0.07781088,0.14194345,0.06352787,0.04
745,-24.429903,0.37360856,0.5414861,0.050591037,0.14749025,0.056808505,0.04
746,-24.429598,0.3659801,0.61075,0.0570596,0.14478825,0.049876742,0.04
747,-24.428438,0.39998102,0.6391388,0.0961936,0.15722902,0.10005528,0.04
748,-24.414898,0.3834264,1.4489163,0.08653772,0.1530196,0.06899189,0.04
749,-24.427269,0.3678941,0.90888476,0.057874776,0.14104521,0.06821792,0.04
750,-24.43002,0.38040677,0.37663352,0.054030158,0.15103197,0.05687336,0.04
751,-24.426361,0.37962145,0.51342314,0.051695958,0.14775391,0.057007235,0.04
752,-24.422287,0.38400832,0.99973387,0.08962342,0.15772265,0.11958324,0.04
753,-24.421936,0.37244567,0.55726236,0.07438383,0.14958088,0.06253943,0.04
754,-24.428942,0.39111456,0.49582234,0.060715016,0.15381537,0.06316428,0.04
755,-24.413681,0.38763985,1.4839107,0.09288934,0.14998303,0.05727096,0.04
756,-24.419083,0.38793036,1.200481,0.06132773,0.15385048,0.058476135,0.04
757,-24.423933,0.3682675,1.0004677,0.06496517,0.14340617,0.06583636,0.04
758,-24.429787,0.37642756,0.6909609,0.07385378,0.1477958,0.06191079,0.04
759,-24.424908,0.38907197,0.8197372,0.06918311,0.15453064,0.082863934,0.04
760,-24.430653,0.35979417,0.40882373,0.059013054,0.14280406,0.05688317,0.04
761,-24.426832,0.37285647,0.6660823,0.072319776,0.15097688,0.051589597,0.04
762,-24.428997,0.3906649,1.2614588,0.09548995,0.15136355,0.058919795,0.04
763,-24.41455,0.41700175,1.14599,0.070195064,0.16305771,0.05525217,0.04
764,-24.4456,0.39609882,0.40644217,0.092731126,0.15625557,0.06733234,0.04
765,-24.414604,0.3758718,0.6966383,0.070617415,0.14807928,0.062564544,0.04
766,-24.411707,0.3895789,1.4940742,0.07626757,0.15118043,0.0675764,0.04
767,-24.43332,0.3816399,0.97853833,0.07606875,0.14929004,0.050175924,0.04
768,-24.432076,0.3789615,0.5960935,0.06696391,0.14831272,0.04998953,0.04
769,-24.422325,0.38327438,1.0226504,0.06393199,0.15007211,0.056188565,0.04
770,-24.430355,0.3787003,0.51462144,0.06705114,0.14762868,0.052821197,0.04
771,-24.440527,0.3605807,0.49319142,0.0690147,0.1388703,0.04980712,0.04
772,-24.422918,0.3724475,0.9078044,0.074991174,0.14408058,0.044163052,0.04
773,-24.428396,0.3695523,0.5604864,0.08349936,0.1468584,0.059667043,0.04
774,-24.418655,0.36381692,0.9797977,0.055010684,0.14276174,0.05119349,0.04
775,-24.421898,0.38514656,0.87268114,0.037718482,0.15047364,0.055710807,0.04
776,-24.426653,0.3972737,0.68127424,0.06081208,0.1563004,0.060551923,0.04
777,-24.424274,0.37076485,0.74956834,0.05852299,0.15022762,0.060631808,0.04
778,-24.41361,0.3670206,1.1023828,0.041063856,0.14117084,0.05541705,0.04
779,-24.435778,0.38024172,0.33479145,0.07637944,0.14602065,0.06550014,0.04
780,-24.42964,0.36998883,0.6637918,0.059128534,0.14681919,0.05185847,0.04
781,-24.443214,0.3844645,0.32909694,0.057769336,0.15093413,0.044752438,0.04
782,-24.420753,0.3843807,1.0283128,0.06377584,0.15140145,0.05189388,0.04
783,-24.414698,0.40040258,1.5638185,0.05071531,0.15783815,0.057112563,0.04
784,-24.423605,0.3574877,1.0122058,0.06502336,0.1390034,0.06008076,0.04
785,-24.429602,0.38288927,0.61780363,0.047363468,0.14978978,0.05578214,0.04
786,-24.423262,0.37753484,0.70946175,0.05900335,0.14852795,0.04527477,0.04
787,-24.420036,0.38753915,1.2350122,0.051295176,0.15216035,0.05238738,0.04
788,-24.43391,0.37710842,0.83348626,0.047028173,0.14825353,0.05474482,0.04
789,-24.427649,0.38328364,0.7238153,0.082159646,0.14860234,0.07389009,0.04
790,-24.425173,0.38569656,1.0361098,0.060906883,0.15363963,0.058957025,0.04
791,-24.4177,0.3763648,1.0989907,0.1002732,0.15005201,0.077487715,0.04
792,-24.40927,0.38443053,1.6229683,0.08870977,0.15230446,0.06412252,0.04
793,-24.428574,0.36979708,0.6302133,0.09581817,0.14158745,0.052662957,0.04
794,-24.415518,0.3726604,1.2660431,0.06092162,0.14355084,0.05291918,0.04
795,-24.441647,0.38453963,0.25352484,0.057694152,0.15258771,0.05171944,0.04
796,-24.429312,0.36757356,1.156729,0.06524394,0.14291197,0.046340745,0.04
797,-24.44396,0.3682869,0.48919716,0.08245288,0.1449407,0.06177129,0.04
798,-24.41596,0.3666987,1.9400179,0.07780786,0.14384212,0.058753584,0.04
799,-24.42189,0.36585936,0.82709247,0.07559607,0.14458334,0.05560297,0.04
800,-24.415817,0.37228012,1.5693084,0.049206544,0.14499025,0.049956717,0.04
801,-24.434156,0.3967948,0.5652615,0.06310783,0.15692991,0.054737408,0.04
802,-24.42379,0.3749358,1.0714486,0.09664477,0.14828502,0.05577593,0.04
803,-24.428667,0.36930645,0.7446117,0.07186181,0.1446097,0.058128163,0.04
804,-24.420639,0.37782326,1.0296023,0.05886163,0.14678024,0.054026324,0.04
805,-24.424885,0.3654796,0.6496076,0.055182688,0.14166136,0.055212755,0.04
806,-24.438152,0.37283587,0.35043594,0.043646123,0.14200209,0.06542254,0.04
807,-24.433266,0.36444724,0.6554227,0.062271144,0.14046532,0.05944287,0.04
808,-24.433243,0.3923674,0.44259766,0.06796893,0.15010926,0.08515668,0.04
